uniprot_id,gene,resname,resseq,sasa,plddt
A0A075B6S6,IGKV2D-30,SER,18,102.26,61.53
A0A075B6S6,IGKV2D-30,SER,19,117.81,63.19
A0A075B6S6,IGKV2D-30,THR,25,83.94,98.25
A0A075B6S6,IGKV2D-30,SER,27,63.4,98.56
A0A075B6S6,IGKV2D-30,SER,30,95.08,97.81
A0A075B6S6,IGKV2D-30,THR,34,92.88,98.19
A0A075B6S6,IGKV2D-30,SER,40,53.04,98.62
A0A075B6S6,IGKV2D-30,SER,42,54.7,98.75
A0A075B6S6,IGKV2D-30,SER,46,73.85,96.0
A0A075B6S6,IGKV2D-30,SER,48,53.17,95.5
A0A075B6S6,IGKV2D-30,TYR,51,105.68,93.88
A0A075B6S6,IGKV2D-30,SER,52,110.85,93.06
A0A075B6S6,IGKV2D-30,THR,56,17.19,96.88
A0A075B6S6,IGKV2D-30,TYR,57,59.15,96.31
A0A075B6S6,IGKV2D-30,SER,68,89.46,97.19
A0A075B6S6,IGKV2D-30,TYR,74,69.87,98.19
A0A075B6S6,IGKV2D-30,LYS,75,87.99,97.62
A0A075B6S6,IGKV2D-30,SER,77,56.03,98.38
A0A075B6S6,IGKV2D-30,SER,81,99.64,97.62
A0A075B6S6,IGKV2D-30,SER,88,42.69,98.69
A0A075B6S6,IGKV2D-30,SER,90,59.75,98.56
A0A075B6S6,IGKV2D-30,SER,92,82.39,97.06
A0A075B6S6,IGKV2D-30,THR,94,46.07,97.88
A0A075B6S6,IGKV2D-30,THR,97,41.07,98.81
A0A075B6S6,IGKV2D-30,LYS,99,94.62,98.75
A0A075B6S6,IGKV2D-30,SER,101,51.89,98.56
A0A075B6S6,IGKV2D-30,TYR,111,20.71,98.5
A0A075B6S6,IGKV2D-30,TYR,112,85.92,98.06
A0A075B6S6,IGKV2D-30,CYS,113,12.15,98.19
A0A087WVF3,TBC1D3D,SER,9,75.15,81.0
A0A087WVF3,TBC1D3D,LYS,21,70.03,92.25
A0A087WVF3,TBC1D3D,LYS,24,114.61,89.0
A0A087WVF3,TBC1D3D,LYS,34,155.32,52.69
A0A087WVF3,TBC1D3D,LYS,37,184.07,49.47
A0A087WVF3,TBC1D3D,SER,41,59.23,44.84
A0A087WVF3,TBC1D3D,TYR,42,84.0,54.16
A0A087WVF3,TBC1D3D,THR,55,100.14,78.19
A0A087WVF3,TBC1D3D,THR,61,71.31,81.75
A0A087WVF3,TBC1D3D,LYS,66,107.49,85.44
A0A087WVF3,TBC1D3D,SER,73,75.04,88.38
A0A087WVF3,TBC1D3D,LYS,75,65.89,89.56
A0A087WVF3,TBC1D3D,SER,76,65.9,90.62
A0A087WVF3,TBC1D3D,LYS,77,100.8,92.75
A0A087WVF3,TBC1D3D,LYS,87,135.49,91.25
A0A087WVF3,TBC1D3D,TYR,88,35.02,90.19
A0A087WVF3,TBC1D3D,LYS,89,91.76,87.12
A0A087WVF3,TBC1D3D,SER,90,106.64,84.0
A0A087WVF3,TBC1D3D,SER,91,23.25,89.88
A0A087WVF3,TBC1D3D,LYS,93,134.06,92.75
A0A087WVF3,TBC1D3D,TYR,99,12.14,93.0
A0A087WVF3,TBC1D3D,LYS,100,87.14,91.56
A0A087WVF3,TBC1D3D,SER,112,19.47,93.69
A0A087WVF3,TBC1D3D,LYS,121,64.86,92.06
A0A087WVF3,TBC1D3D,LYS,123,135.85,92.81
A0A087WVF3,TBC1D3D,TYR,128,11.34,95.62
A0A087WVF3,TBC1D3D,LYS,132,23.85,95.44
A0A087WVF3,TBC1D3D,LYS,134,105.35,94.12
A0A087WVF3,TBC1D3D,LYS,136,29.9,93.88
A0A087WVF3,TBC1D3D,SER,138,53.68,91.0
A0A087WVF3,TBC1D3D,SER,150,40.22,90.19
A0A087WVF3,TBC1D3D,LYS,155,153.77,82.69
A0A087WVF3,TBC1D3D,TYR,163,15.82,91.5
A0A087WVF3,TBC1D3D,THR,165,80.65,91.56
A0A087WVF3,TBC1D3D,LYS,166,43.78,93.06
A0A087WVF3,TBC1D3D,TYR,180,63.0,90.56
A0A087WVF3,TBC1D3D,TYR,186,14.09,82.56
A0A087WVF3,TBC1D3D,CYS,187,49.8,82.56
A0A087WVF3,TBC1D3D,TYR,200,43.07,93.19
A0A087WVF3,TBC1D3D,SER,216,28.36,72.0
A0A087WVF3,TBC1D3D,SER,220,17.14,57.44
A0A087WVF3,TBC1D3D,SER,226,54.68,28.45
A0A087WVF3,TBC1D3D,THR,231,104.27,33.53
A0A087WVF3,TBC1D3D,THR,245,109.05,38.72
A0A087WVF3,TBC1D3D,SER,246,52.38,37.91
A0A087WVF3,TBC1D3D,LYS,249,206.17,33.62
A0A087WVF3,TBC1D3D,THR,250,136.6,36.66
A0A087WVF3,TBC1D3D,LYS,256,174.92,31.55
A0A087WVF3,TBC1D3D,LYS,257,199.84,28.61
A0A087WVF3,TBC1D3D,CYS,260,82.41,31.41
A0A087WVF3,TBC1D3D,CYS,263,45.58,41.12
A0A087WVF3,TBC1D3D,SER,264,26.52,53.66
A0A087WVF3,TBC1D3D,CYS,268,34.31,54.22
A0A087WVF3,TBC1D3D,SER,278,52.31,79.94
A0A087WVF3,TBC1D3D,LYS,306,97.15,76.69
A0A087WVF3,TBC1D3D,LYS,310,59.41,61.44
A0A087WVF3,TBC1D3D,THR,313,47.46,56.19
A0A087WVF3,TBC1D3D,LYS,314,92.52,49.22
A0A087WVF3,TBC1D3D,THR,315,111.91,48.72
A0A087WVF3,TBC1D3D,SER,316,80.9,42.78
A0A087WVF3,TBC1D3D,CYS,318,135.32,34.56
A0A087WVF3,TBC1D3D,CYS,325,15.15,31.38
A0A087WVF3,TBC1D3D,THR,331,62.69,38.59
A0A087WVF3,TBC1D3D,THR,338,25.54,85.75
A0A087WVF3,TBC1D3D,LYS,341,138.15,90.56
A0A087WVF3,TBC1D3D,SER,346,44.47,88.06
A0A087WVF3,TBC1D3D,LYS,348,117.09,87.88
A0A087WVF3,TBC1D3D,LYS,349,139.88,86.0
A0A087WVF3,TBC1D3D,THR,351,94.18,79.5
A0A087WVF3,TBC1D3D,LYS,353,145.99,71.06
A0A087WVF3,TBC1D3D,LYS,362,185.89,34.97
A0A087WVF3,TBC1D3D,SER,367,94.33,36.62
A0A087WVF3,TBC1D3D,SER,368,103.51,34.09
A0A087WVF3,TBC1D3D,SER,370,119.35,31.56
A0A087WVF3,TBC1D3D,SER,376,118.71,38.56
A0A087WVF3,TBC1D3D,LYS,380,204.29,34.97
A0A087WVF3,TBC1D3D,THR,381,146.7,36.62
A0A087WVF3,TBC1D3D,CYS,383,135.35,35.28
A0A087WVF3,TBC1D3D,LYS,384,190.26,34.44
A0A087WVF3,TBC1D3D,SER,403,85.7,25.84
A0A087WVF3,TBC1D3D,SER,405,102.52,28.27
A0A087WVF3,TBC1D3D,SER,412,98.91,29.12
A0A087WVF3,TBC1D3D,SER,413,104.33,29.03
A0A087WVF3,TBC1D3D,THR,414,127.57,29.31
A0A087WVF3,TBC1D3D,CYS,416,130.66,28.48
A0A087WVF3,TBC1D3D,THR,425,97.04,23.47
A0A087WVF3,TBC1D3D,TYR,426,195.6,26.56
A0A087WVF3,TBC1D3D,THR,430,127.57,26.83
A0A087WVF3,TBC1D3D,SER,435,109.51,26.81
A0A087WVF3,TBC1D3D,SER,446,67.37,38.31
A0A087WVF3,TBC1D3D,SER,454,77.48,31.16
A0A087WVF3,TBC1D3D,THR,460,137.89,31.11
A0A087WVF3,TBC1D3D,TYR,472,53.35,31.55
A0A087WVF3,TBC1D3D,SER,477,19.19,34.59
A0A087WVF3,TBC1D3D,CYS,478,46.39,34.28
A0A087WVF3,TBC1D3D,SER,484,66.25,31.59
A0A087WVF3,TBC1D3D,CYS,492,108.69,24.19
A0A087WVF3,TBC1D3D,SER,504,115.87,26.86
A0A087WVF3,TBC1D3D,SER,510,97.21,30.61
A0A087WVF3,TBC1D3D,THR,511,136.5,35.56
A0A087WVF3,TBC1D3D,SER,513,94.13,36.25
A0A087WVF3,TBC1D3D,THR,517,139.18,34.28
A0A087WVF3,TBC1D3D,CYS,527,135.87,29.34
A0A087WVF3,TBC1D3D,THR,530,135.44,33.16
A0A087WVF3,TBC1D3D,SER,531,119.82,31.52
A0A087WVF3,TBC1D3D,CYS,534,115.11,24.56
A0A087WVF3,TBC1D3D,CYS,536,122.17,24.75
A0A087WVF3,TBC1D3D,SER,542,111.31,29.27
A0A087WVF3,TBC1D3D,SER,543,97.34,26.84
A0A0B4J263,TRAV39,LYS,2,184.42,69.5
A0A0B4J263,TRAV39,LYS,3,178.56,74.31
A0A0B4J263,TRAV39,SER,17,98.54,65.75
A0A0B4J263,TRAV39,LYS,21,116.65,91.44
A0A0B4J263,TRAV39,SER,30,114.1,94.38
A0A0B4J263,TRAV39,LYS,35,114.96,97.75
A0A0B4J263,TRAV39,TYR,37,36.85,97.94
A0A0B4J263,TRAV39,THR,38,34.32,98.44
A0A0B4J263,TRAV39,TYR,40,90.51,98.69
A0A0B4J263,TRAV39,TYR,43,14.29,96.81
A0A0B4J263,TRAV39,SER,44,89.42,94.75
A0A0B4J263,TRAV39,THR,45,26.75,93.25
A0A0B4J263,TRAV39,THR,46,117.94,92.62
A0A0B4J263,TRAV39,SER,47,11.99,93.69
A0A0B4J263,TRAV39,TYR,51,39.31,98.44
A0A0B4J263,TRAV39,TYR,53,56.9,98.5
A0A0B4J263,TRAV39,LYS,59,119.79,97.69
A0A0B4J263,TRAV39,SER,60,81.39,97.62
A0A0B4J263,TRAV39,SER,63,80.1,97.81
A0A0B4J263,TRAV39,SER,69,60.3,96.5
A0A0B4J263,TRAV39,LYS,74,107.66,98.69
A0A0B4J263,TRAV39,SER,82,35.52,98.75
A0A0B4J263,TRAV39,LYS,86,181.48,96.75
A0A0B4J263,TRAV39,THR,91,27.32,98.75
A0A0B4J263,TRAV39,THR,95,56.48,98.0
A0A0B4J263,TRAV39,SER,102,64.74,95.06
A0A0B4J263,TRAV39,THR,104,70.89,97.31
A0A0B4J263,TRAV39,TYR,105,14.87,97.94
A0A1B0GV85,REELD1,CYS,12,71.1,85.81
A0A1B0GV85,REELD1,THR,13,78.65,81.0
A0A1B0GV85,REELD1,THR,14,76.71,79.88
A0A1B0GV85,REELD1,CYS,16,66.19,80.88
A0A1B0GV85,REELD1,SER,19,69.52,68.12
A0A1B0GV85,REELD1,CYS,20,83.84,60.88
A0A1B0GV85,REELD1,SER,21,83.76,55.88
A0A1B0GV85,REELD1,SER,22,76.83,52.75
A0A1B0GV85,REELD1,SER,25,24.2,70.69
A0A1B0GV85,REELD1,SER,29,55.49,91.38
A0A1B0GV85,REELD1,THR,30,87.83,92.62
A0A1B0GV85,REELD1,CYS,33,13.87,95.75
A0A1B0GV85,REELD1,LYS,39,103.71,87.88
A0A1B0GV85,REELD1,SER,50,50.55,91.31
A0A1B0GV85,REELD1,THR,54,86.76,96.75
A0A1B0GV85,REELD1,THR,60,106.4,96.06
A0A1B0GV85,REELD1,SER,61,55.39,97.19
A0A1B0GV85,REELD1,LYS,67,120.46,98.0
A0A1B0GV85,REELD1,THR,71,42.53,98.25
A0A1B0GV85,REELD1,SER,74,14.23,97.06
A0A1B0GV85,REELD1,SER,75,78.83,95.69
A0A1B0GV85,REELD1,SER,89,87.71,97.12
A0A1B0GV85,REELD1,THR,96,33.47,98.5
A0A1B0GV85,REELD1,SER,104,16.29,96.75
A0A1B0GV85,REELD1,LYS,105,78.45,96.62
A0A1B0GV85,REELD1,THR,108,69.22,96.81
A0A1B0GV85,REELD1,CYS,109,33.83,96.88
A0A1B0GV85,REELD1,SER,119,41.19,95.19
A0A1B0GV85,REELD1,LYS,121,109.94,91.94
A0A1B0GV85,REELD1,SER,122,39.65,93.31
A0A1B0GV85,REELD1,LYS,124,12.57,96.31
A0A1B0GV85,REELD1,SER,128,62.76,98.25
A0A1B0GV85,REELD1,LYS,132,83.86,98.38
A0A1B0GV85,REELD1,LYS,142,53.71,98.19
A0A1B0GV85,REELD1,SER,150,46.84,91.38
A0A1B0GV85,REELD1,TYR,151,108.62,85.69
A0A1B0GV85,REELD1,SER,161,73.2,97.38
A0A1B0GV85,REELD1,SER,164,47.42,97.81
A0A1B0GV85,REELD1,THR,167,111.11,81.75
A0A1B0GV85,REELD1,SER,169,96.51,50.03
A0A1B0GV85,REELD1,SER,170,99.02,44.5
A0A1B0GV85,REELD1,SER,173,100.62,44.19
A0A1B0GV85,REELD1,THR,202,123.01,44.69
A0A1B0GV85,REELD1,THR,205,124.39,38.38
A0A1B0GV85,REELD1,THR,211,123.56,36.34
A0A1B0GV85,REELD1,SER,233,96.92,33.91
A0A1B0GV85,REELD1,THR,237,91.56,37.41
A0A1B0GV85,REELD1,LYS,238,189.04,30.22
A0A1B0GV85,REELD1,THR,245,99.9,35.12
A0A1B0GV85,REELD1,SER,247,97.46,36.31
A0A1B0GV85,REELD1,SER,250,89.27,39.31
A0A1B0GV85,REELD1,SER,251,92.41,43.19
A0A1B0GV85,REELD1,THR,253,124.26,40.16
A0A1B0GV85,REELD1,THR,255,116.72,36.34
A0A1B0GV85,REELD1,SER,258,107.9,37.75
A0A1B0GV85,REELD1,SER,264,120.12,38.62
A0A1B0GV85,REELD1,SER,267,102.48,44.91
A0A1B0GV85,REELD1,THR,270,132.63,35.62
A0A1B0GV85,REELD1,SER,274,100.93,34.0
A0A1B0GV85,REELD1,LYS,287,205.04,35.75
A0A1B0GV85,REELD1,SER,290,116.09,31.41
A0A1B0GV85,REELD1,SER,291,117.43,34.56
A0A1B0GV85,REELD1,SER,293,94.73,37.09
A0A1B0GV85,REELD1,SER,296,115.56,31.12
A0A1B0GV85,REELD1,SER,297,102.33,37.12
A0A1B0GV85,REELD1,SER,299,100.75,38.25
A0A1B0GV85,REELD1,THR,300,118.67,32.12
A0A1B0GV85,REELD1,THR,304,103.28,31.73
A0A1B0GV85,REELD1,SER,309,95.66,30.31
A0A1B0GV85,REELD1,SER,312,99.95,30.58
A0A1B0GV85,REELD1,THR,315,91.72,33.03
A0A1B0GV85,REELD1,CYS,316,139.76,29.45
A0A1B0GV85,REELD1,SER,318,111.19,28.98
A0A1B0GV85,REELD1,SER,319,120.8,35.34
A0A1B0GV85,REELD1,LYS,326,174.07,37.91
A0A1B0GV85,REELD1,THR,327,106.24,37.69
A0A1B0GV85,REELD1,LYS,328,189.77,34.09
A0A1B0GV85,REELD1,SER,330,114.97,33.81
A0A1B0GV85,REELD1,THR,333,121.6,30.19
A0A1B0GV85,REELD1,THR,335,121.2,32.16
A0A1B0GV85,REELD1,SER,340,99.18,27.62
A0A1B0GV85,REELD1,THR,341,130.69,32.25
A0A1B0GV85,REELD1,THR,345,127.22,27.38
A0A1B0GV85,REELD1,TYR,346,169.68,34.66
A0A1B0GV85,REELD1,CYS,349,132.14,31.42
A0A1B0GV85,REELD1,SER,352,94.17,29.83
A0A1B0GV85,REELD1,SER,353,85.69,33.81
A0A1B0GV85,REELD1,THR,355,120.4,34.81
A0A1B0GV85,REELD1,THR,357,141.75,34.72
A0A1B0GV85,REELD1,SER,364,111.0,39.03
A0A1B0GV85,REELD1,THR,372,135.34,39.06
A0A1B0GV85,REELD1,SER,373,109.18,35.09
A0A1B0GV85,REELD1,THR,375,139.82,35.72
A0A1B0GV85,REELD1,SER,376,105.32,37.28
A0A1B0GV85,REELD1,SER,385,115.68,36.88
A0A1B0GV85,REELD1,SER,388,113.67,36.56
A0A1B0GV85,REELD1,SER,391,116.14,31.95
A0A1B0GV85,REELD1,SER,393,116.62,34.19
A0A1B0GV85,REELD1,SER,398,117.05,47.47
A0A1B0GV85,REELD1,LYS,399,196.87,34.56
A0A1B0GV85,REELD1,LYS,401,191.24,43.44
A0A1B0GV85,REELD1,LYS,407,219.37,37.38
A0A1B0GV85,REELD1,TYR,416,217.16,39.75
A0A1B0GV85,REELD1,THR,420,124.5,41.88
A0A1B0GV85,REELD1,THR,441,117.68,63.94
A0A1B0GV85,REELD1,CYS,449,77.8,86.94
A0A1B0GV85,REELD1,SER,451,46.48,88.75
A0A1B0GV85,REELD1,THR,453,77.47,89.25
A0A1B0GV85,REELD1,TYR,464,143.43,85.25
A0A1B0GV85,REELD1,THR,467,84.63,78.69
A0A1B0GV85,REELD1,TYR,469,140.97,74.5
A0A1B0GV85,REELD1,CYS,470,51.98,70.56
A0A1B0GV85,REELD1,THR,474,109.58,42.19
A0A1B0GV85,REELD1,SER,477,96.14,32.5
A0A1B0GV85,REELD1,SER,479,99.85,38.78
A0A1B0GV85,REELD1,SER,483,111.58,47.84
A0A1B0GV85,REELD1,SER,489,52.33,54.78
A0A1B0GV85,REELD1,SER,491,88.26,55.84
A0A1B0GV85,REELD1,THR,494,61.44,52.84
A0A1B0GV85,REELD1,LYS,499,166.58,48.16
A0A1B0GV85,REELD1,SER,504,49.39,40.84
A0A1B0GV85,REELD1,TYR,512,160.14,35.03
A0A1B0GV85,REELD1,THR,516,86.66,37.84
A0A1B0GV85,REELD1,SER,518,105.81,35.56
A0A1B0GV85,REELD1,SER,521,104.81,42.09
A0A1B0GV85,REELD1,LYS,522,205.53,41.97
A0A1B0GV85,REELD1,LYS,523,196.0,46.25
A0A1B0GV85,REELD1,THR,524,114.76,47.94
A0A578,TRBV5-1,SER,3,92.38,70.81
A0A578,TRBV5-1,CYS,7,72.65,79.19
A0A578,TRBV5-1,CYS,12,97.28,77.25
A0A578,TRBV5-1,LYS,20,191.85,71.62
A0A578,TRBV5-1,THR,24,90.87,97.25
A0A578,TRBV5-1,THR,26,80.4,98.19
A0A578,TRBV5-1,TYR,29,196.71,96.75
A0A578,TRBV5-1,LYS,32,105.11,97.62
A0A578,TRBV5-1,THR,33,95.02,97.81
A0A578,TRBV5-1,THR,39,57.66,98.44
A0A578,TRBV5-1,SER,41,30.21,98.69
A0A578,TRBV5-1,SER,43,37.12,98.12
A0A578,TRBV5-1,SER,46,114.96,95.12
A0A578,TRBV5-1,SER,52,12.49,98.44
A0A578,TRBV5-1,TYR,54,54.04,98.19
A0A578,TRBV5-1,THR,57,32.08,96.19
A0A578,TRBV5-1,TYR,68,23.36,98.75
A0A578,TRBV5-1,SER,70,38.3,97.06
A0A578,TRBV5-1,THR,72,87.56,98.31
A0A578,TRBV5-1,LYS,76,140.25,97.62
A0A578,TRBV5-1,SER,84,57.58,97.81
A0A578,TRBV5-1,SER,89,101.27,97.31
A0A578,TRBV5-1,SER,91,20.81,97.88
A0A578,TRBV5-1,SER,98,52.93,98.19
A0A578,TRBV5-1,THR,99,67.42,98.25
A0A578,TRBV5-1,SER,105,83.91,97.25
A0A578,TRBV5-1,TYR,108,25.27,98.19
A0A578,TRBV5-1,CYS,110,11.72,98.06
A0A578,TRBV5-1,SER,112,26.02,97.31
A0A578,TRBV5-1,SER,113,55.41,96.56
A0A5B9,TRBC2,LYS,3,104.45,90.88
A0A5B9,TRBC2,LYS,9,158.51,98.5
A0A5B9,TRBC2,SER,16,64.93,94.38
A0A5B9,TRBC2,SER,21,79.83,92.88
A0A5B9,TRBC2,THR,23,54.14,97.19
A0A5B9,TRBC2,LYS,25,97.33,97.38
A0A5B9,TRBC2,THR,27,29.7,98.44
A0A5B9,TRBC2,THR,33,44.6,98.5
A0A5B9,TRBC2,TYR,36,53.51,97.06
A0A5B9,TRBC2,SER,43,22.95,98.56
A0A5B9,TRBC2,LYS,49,155.9,98.5
A0A5B9,TRBC2,SER,53,102.18,98.12
A0A5B9,TRBC2,SER,56,65.52,98.38
A0A5B9,TRBC2,THR,57,50.03,98.31
A0A5B9,TRBC2,LYS,63,73.92,97.31
A0A5B9,TRBC2,TYR,73,34.76,97.94
A0A5B9,TRBC2,CYS,74,28.8,98.12
A0A5B9,TRBC2,SER,76,11.59,98.44
A0A5B9,TRBC2,SER,82,55.24,97.69
A0A5B9,TRBC2,THR,84,105.72,94.5
A0A5B9,TRBC2,TYR,100,92.51,98.0
A0A5B9,TRBC2,SER,103,55.06,95.38
A0A5B9,TRBC2,THR,109,121.39,94.19
A0A5B9,TRBC2,LYS,114,52.29,96.31
A0A5B9,TRBC2,THR,117,68.41,97.75
A0A5B9,TRBC2,SER,121,50.77,98.5
A0A5B9,TRBC2,CYS,130,106.99,70.31
A0A5B9,TRBC2,THR,133,28.53,75.44
A0A5B9,TRBC2,SER,134,40.14,76.56
A0A5B9,TRBC2,SER,136,46.43,78.94
A0A5B9,TRBC2,TYR,137,130.89,79.88
A0A5B9,TRBC2,SER,143,56.92,94.19
A0A5B9,TRBC2,THR,145,67.54,96.25
A0A5B9,TRBC2,TYR,148,140.83,97.25
A0A5B9,TRBC2,LYS,154,136.19,97.69
A0A5B9,TRBC2,THR,156,79.17,97.75
A0A5B9,TRBC2,TYR,158,150.47,97.81
A0A5B9,TRBC2,SER,163,54.74,96.5
A0A5B9,TRBC2,LYS,172,160.09,88.0
A0A5B9,TRBC2,LYS,174,166.94,80.62
A0A5B9,TRBC2,SER,176,92.1,67.81
A1A5C7,SLC22A23,SER,26,93.52,37.72
A1A5C7,SLC22A23,SER,35,114.41,38.94
A1A5C7,SLC22A23,SER,65,100.26,33.22
A1A5C7,SLC22A23,CYS,66,132.81,27.16
A1A5C7,SLC22A23,CYS,67,109.42,28.64
A1A5C7,SLC22A23,SER,68,120.07,28.08
A1A5C7,SLC22A23,SER,74,28.29,60.25
A1A5C7,SLC22A23,SER,83,29.54,69.38
A1A5C7,SLC22A23,TYR,95,26.35,83.19
A1A5C7,SLC22A23,LYS,97,93.23,85.19
A1A5C7,SLC22A23,THR,98,71.79,88.12
A1A5C7,SLC22A23,SER,118,42.89,84.5
A1A5C7,SLC22A23,CYS,128,18.88,82.75
A1A5C7,SLC22A23,LYS,133,180.99,40.16
A1A5C7,SLC22A23,THR,135,119.87,37.19
A1A5C7,SLC22A23,THR,141,121.27,28.61
A1A5C7,SLC22A23,THR,142,142.41,33.66
A1A5C7,SLC22A23,THR,143,146.79,32.56
A1A5C7,SLC22A23,THR,153,122.83,31.05
A1A5C7,SLC22A23,SER,154,114.36,35.09
A1A5C7,SLC22A23,THR,157,96.79,28.05
A1A5C7,SLC22A23,THR,158,136.82,32.34
A1A5C7,SLC22A23,THR,162,138.58,31.22
A1A5C7,SLC22A23,SER,172,107.83,37.09
A1A5C7,SLC22A23,SER,174,106.75,36.41
A1A5C7,SLC22A23,SER,175,121.32,34.81
A1A5C7,SLC22A23,THR,182,121.65,35.31
A1A5C7,SLC22A23,SER,187,94.29,39.34
A1A5C7,SLC22A23,LYS,191,192.68,46.34
A1A5C7,SLC22A23,SER,196,74.46,61.66
A1A5C7,SLC22A23,CYS,198,48.94,78.31
A1A5C7,SLC22A23,CYS,200,32.25,75.88
A1A5C7,SLC22A23,TYR,205,42.3,78.31
A1A5C7,SLC22A23,SER,217,18.63,82.75
A1A5C7,SLC22A23,LYS,218,65.18,86.75
A1A5C7,SLC22A23,CYS,223,37.81,82.31
A1A5C7,SLC22A23,LYS,228,63.53,87.62
A1A5C7,SLC22A23,LYS,233,50.15,87.25
A1A5C7,SLC22A23,SER,235,13.13,93.62
A1A5C7,SLC22A23,CYS,249,46.51,93.81
A1A5C7,SLC22A23,THR,273,44.12,95.38
A1A5C7,SLC22A23,THR,281,97.64,92.25
A1A5C7,SLC22A23,SER,284,14.76,93.0
A1A5C7,SLC22A23,THR,285,70.58,95.69
A1A5C7,SLC22A23,TYR,302,22.57,94.69
A1A5C7,SLC22A23,LYS,313,107.66,85.62
A1A5C7,SLC22A23,SER,322,41.15,92.56
A1A5C7,SLC22A23,CYS,339,16.24,87.12
A1A5C7,SLC22A23,CYS,351,49.79,92.38
A1A5C7,SLC22A23,SER,361,100.7,88.06
A1A5C7,SLC22A23,SER,378,32.21,87.75
A1A5C7,SLC22A23,LYS,380,49.83,86.81
A1A5C7,SLC22A23,LYS,389,104.43,81.94
A1A5C7,SLC22A23,LYS,399,165.95,56.19
A1A5C7,SLC22A23,LYS,407,140.31,79.69
A1A5C7,SLC22A23,SER,410,104.5,72.88
A1A5C7,SLC22A23,LYS,414,124.67,75.62
A1A5C7,SLC22A23,LYS,415,126.67,77.69
A1A5C7,SLC22A23,CYS,417,52.78,79.12
A1A5C7,SLC22A23,LYS,420,136.02,82.62
A1A5C7,SLC22A23,THR,424,12.77,85.56
A1A5C7,SLC22A23,LYS,429,77.67,91.56
A1A5C7,SLC22A23,CYS,435,22.83,96.19
A1A5C7,SLC22A23,TYR,442,39.56,93.81
A1A5C7,SLC22A23,SER,451,13.95,80.75
A1A5C7,SLC22A23,LYS,458,205.8,42.16
A1A5C7,SLC22A23,TYR,466,68.29,81.56
A1A5C7,SLC22A23,TYR,469,20.5,86.19
A1A5C7,SLC22A23,TYR,470,83.57,90.38
A1A5C7,SLC22A23,THR,471,39.59,89.19
A1A5C7,SLC22A23,THR,472,33.35,87.81
A1A5C7,SLC22A23,SER,474,44.37,93.12
A1A5C7,SLC22A23,CYS,484,14.68,93.62
A1A5C7,SLC22A23,LYS,519,156.46,64.06
A1A5C7,SLC22A23,TYR,520,131.12,59.25
A1A5C7,SLC22A23,SER,521,86.11,57.16
A1A5C7,SLC22A23,SER,526,58.88,55.53
A1A5C7,SLC22A23,SER,529,38.34,65.75
A1A5C7,SLC22A23,SER,531,53.4,71.75
A1A5C7,SLC22A23,LYS,533,48.67,73.56
A1A5C7,SLC22A23,LYS,535,142.17,82.31
A1A5C7,SLC22A23,SER,553,28.1,93.69
A1A5C7,SLC22A23,SER,578,11.1,96.56
A1A5C7,SLC22A23,LYS,595,194.29,68.0
A1A5C7,SLC22A23,TYR,597,31.4,79.56
A1A5C7,SLC22A23,CYS,606,67.52,94.31
A1A5C7,SLC22A23,CYS,607,32.55,95.06
A1A5C7,SLC22A23,CYS,614,27.71,92.62
A1A5C7,SLC22A23,SER,631,60.48,76.12
A1A5C7,SLC22A23,TYR,636,38.26,70.5
A1A5C7,SLC22A23,THR,637,80.87,64.81
A1A5C7,SLC22A23,LYS,645,179.16,37.94
A1A5C7,SLC22A23,LYS,646,217.66,36.81
A1A5C7,SLC22A23,THR,654,93.06,39.19
A1A5C7,SLC22A23,LYS,659,161.73,37.66
A1A5C7,SLC22A23,TYR,661,163.65,41.53
A1A5C7,SLC22A23,SER,662,61.97,43.28
A1A5C7,SLC22A23,THR,673,140.08,34.69
A1A5C7,SLC22A23,THR,679,135.57,39.75
A1A5C7,SLC22A23,LYS,684,185.37,35.31
A6NJY1,SLC9B1P1,TYR,8,34.69,75.06
A6NJY1,SLC9B1P1,THR,16,73.0,83.81
A6NJY1,SLC9B1P1,SER,22,15.14,83.44
A6NJY1,SLC9B1P1,SER,23,45.67,82.44
A6NJY1,SLC9B1P1,THR,31,32.83,82.12
A6NJY1,SLC9B1P1,THR,35,35.49,81.88
A6NJY1,SLC9B1P1,CYS,36,76.01,86.94
A6NJY1,SLC9B1P1,SER,38,15.14,79.88
A6NJY1,SLC9B1P1,TYR,42,102.46,72.62
A6NJY1,SLC9B1P1,SER,43,131.69,60.44
A6NJY1,SLC9B1P1,CYS,58,64.29,87.88
A6NJY1,SLC9B1P1,TYR,73,138.05,82.06
A6NJY1,SLC9B1P1,SER,76,62.94,71.88
A6NJY1,SLC9B1P1,LYS,80,187.64,69.5
A6NJY1,SLC9B1P1,LYS,81,160.0,75.75
A6NJY1,SLC9B1P1,THR,83,22.27,80.69
A6NJY1,SLC9B1P1,LYS,85,94.27,85.25
A6NJY1,SLC9B1P1,THR,93,10.64,90.38
A6NJY1,SLC9B1P1,SER,96,63.14,89.12
A6NJY1,SLC9B1P1,SER,109,12.1,74.75
A6NJY1,SLC9B1P1,THR,114,19.9,88.25
A6NJY1,SLC9B1P1,THR,123,81.69,82.75
A6NJY1,SLC9B1P1,LYS,124,70.13,79.75
A6NJY1,SLC9B1P1,SER,126,88.67,71.0
A6NJY1,SLC9B1P1,LYS,129,36.58,78.69
A6NJY1,SLC9B1P1,LYS,131,122.93,83.94
A6NJY1,SLC9B1P1,LYS,134,141.6,86.19
A6NJY1,SLC9B1P1,THR,137,52.24,89.12
A6NJY1,SLC9B1P1,SER,156,52.04,80.0
A6NJY1,SLC9B1P1,SER,158,107.76,74.62
A6NJY1,SLC9B1P1,SER,162,99.67,81.94
A6NJY1,SLC9B1P1,SER,170,70.85,91.31
A6NJY1,SLC9B1P1,THR,171,80.04,90.06
A6NJY1,SLC9B1P1,SER,173,53.06,89.44
A6NJY1,SLC9B1P1,CYS,177,80.89,91.19
A6NJY1,SLC9B1P1,TYR,184,62.57,89.56
A6NJY1,SLC9B1P1,CYS,188,53.72,87.25
A6NJY1,SLC9B1P1,SER,193,57.9,87.56
A6NJY1,SLC9B1P1,LYS,195,119.3,87.75
A6NJY1,SLC9B1P1,LYS,197,31.27,89.25
A6NJY1,SLC9B1P1,LYS,207,107.97,67.56
A6NJY1,SLC9B1P1,THR,209,45.08,80.31
A6NJY1,SLC9B1P1,SER,225,52.03,82.56
A6NJY1,SLC9B1P1,THR,226,29.0,84.69
A6NJY1,SLC9B1P1,THR,231,93.93,86.5
A6NJY1,SLC9B1P1,TYR,232,147.85,88.0
A6NJY1,SLC9B1P1,LYS,234,75.94,88.0
A6NJY1,SLC9B1P1,THR,238,13.59,86.44
A6NJY1,SLC9B1P1,LYS,261,157.32,84.38
A6NJY1,SLC9B1P1,THR,264,80.69,77.19
A6NJY1,SLC9B1P1,TYR,267,108.94,63.97
A6NJY1,SLC9B1P1,SER,270,68.79,57.41
A6NJY1,SLC9B1P1,LYS,271,139.99,52.84
A6NJY1,SLC9B1P1,LYS,273,164.43,53.72
A6NJY1,SLC9B1P1,SER,277,49.72,52.28
A6NJY1,SLC9B1P1,THR,278,79.78,52.88
A6NM10,AQP12B,SER,9,70.68,82.88
A6NM10,AQP12B,THR,16,80.83,85.31
A6NM10,AQP12B,SER,25,17.33,88.31
A6NM10,AQP12B,LYS,26,115.93,87.44
A6NM10,AQP12B,THR,62,68.27,87.44
A6NM10,AQP12B,THR,74,38.93,69.06
A6NM10,AQP12B,SER,79,21.04,84.75
A6NM10,AQP12B,SER,95,67.09,93.25
A6NM10,AQP12B,CYS,114,28.86,83.38
A6NM10,AQP12B,THR,115,55.22,86.25
A6NM10,AQP12B,SER,126,17.12,77.5
A6NM10,AQP12B,SER,133,30.82,75.19
A6NM10,AQP12B,SER,138,95.52,73.81
A6NM10,AQP12B,CYS,139,41.51,84.31
A6NM10,AQP12B,SER,140,58.91,86.44
A6NM10,AQP12B,THR,145,38.22,95.88
A6NM10,AQP12B,SER,146,66.06,96.81
A6NM10,AQP12B,CYS,160,53.44,98.06
A6NM10,AQP12B,THR,164,31.38,95.44
A6NM10,AQP12B,SER,171,32.29,90.5
A6NM10,AQP12B,TYR,175,134.3,88.19
A6NM10,AQP12B,SER,176,23.01,90.81
A6NM10,AQP12B,THR,185,21.84,93.19
A6NM10,AQP12B,THR,187,14.09,95.75
A6NM10,AQP12B,TYR,189,148.24,93.44
A6NM10,AQP12B,THR,190,75.41,95.81
A6NM10,AQP12B,SER,196,46.13,91.69
A6NM10,AQP12B,SER,206,25.65,87.25
A6NM10,AQP12B,CYS,211,13.02,88.5
A6NM10,AQP12B,SER,212,80.08,90.0
A6NM10,AQP12B,THR,215,78.45,95.06
A6NM10,AQP12B,THR,229,58.79,98.06
A6NM10,AQP12B,TYR,252,138.65,67.44
A6NM10,AQP12B,LYS,255,185.42,49.12
A6NM10,AQP12B,LYS,257,193.64,50.66
A6NM10,AQP12B,TYR,258,199.27,45.59
A6NM10,AQP12B,LYS,264,193.9,37.09
A6NM10,AQP12B,SER,269,105.48,41.22
A6NM10,AQP12B,THR,272,116.19,31.53
A6NM10,AQP12B,THR,274,123.72,37.31
A6NM10,AQP12B,LYS,277,208.14,32.38
A6NM10,AQP12B,SER,279,110.21,34.59
A6NM10,AQP12B,SER,280,104.89,32.47
A6NM10,AQP12B,SER,287,106.52,37.94
A6NM10,AQP12B,SER,294,110.7,46.97
A6NM10,AQP12B,SER,295,178.44,50.94
A6NMU1,OR52A4P,THR,6,105.03,50.09
A6NMU1,OR52A4P,THR,9,77.52,77.31
A6NMU1,OR52A4P,THR,17,31.11,93.69
A6NMU1,OR52A4P,SER,26,108.72,77.75
A6NMU1,OR52A4P,CYS,29,67.4,86.5
A6NMU1,OR52A4P,CYS,36,28.94,90.88
A6NMU1,OR52A4P,THR,38,15.23,85.94
A6NMU1,OR52A4P,TYR,39,39.88,89.81
A6NMU1,OR52A4P,SER,47,36.4,93.94
A6NMU1,OR52A4P,LYS,54,170.76,92.12
A6NMU1,OR52A4P,SER,55,81.04,92.81
A6NMU1,OR52A4P,SER,58,82.03,85.94
A6NMU1,OR52A4P,TYR,64,35.69,88.75
A6NMU1,OR52A4P,THR,69,21.02,95.38
A6NMU1,OR52A4P,SER,76,34.87,95.81
A6NMU1,OR52A4P,SER,78,21.48,91.81
A6NMU1,OR52A4P,THR,79,62.88,94.75
A6NMU1,OR52A4P,SER,80,14.6,93.62
A6NMU1,OR52A4P,LYS,84,27.61,93.12
A6NMU1,OR52A4P,TYR,97,127.98,96.25
A6NMU1,OR52A4P,CYS,131,19.22,91.56
A6NMU1,OR52A4P,TYR,132,114.7,91.0
A6NMU1,OR52A4P,THR,141,59.97,90.69
A6NMU1,OR52A4P,THR,146,77.16,94.06
A6NMU1,OR52A4P,TYR,147,136.55,97.06
A6NMU1,OR52A4P,THR,153,51.62,97.0
A6NMU1,OR52A4P,CYS,163,12.05,93.12
A6NMU1,OR52A4P,LYS,168,81.77,93.94
A6NMU1,OR52A4P,CYS,169,81.86,92.88
A6NMU1,OR52A4P,LYS,172,59.63,91.88
A6NMU1,OR52A4P,THR,176,39.72,91.12
A6NMU1,OR52A4P,LYS,177,83.25,91.81
A6NMU1,OR52A4P,TYR,180,122.54,87.06
A6NMU1,OR52A4P,LYS,191,151.88,90.38
A6NMU1,OR52A4P,THR,194,60.84,91.38
A6NMU1,OR52A4P,TYR,198,144.0,93.88
A6NMU1,OR52A4P,LYS,201,130.17,91.12
A6NMU1,OR52A4P,TYR,203,98.5,92.69
A6NMU1,OR52A4P,THR,220,55.52,94.69
A6NMU1,OR52A4P,TYR,223,13.6,93.81
A6NMU1,OR52A4P,THR,229,35.51,92.31
A6NMU1,OR52A4P,LYS,236,147.82,88.25
A6NMU1,OR52A4P,LYS,241,116.25,85.75
A6NMU1,OR52A4P,THR,245,42.74,83.56
A6NMU1,OR52A4P,TYR,251,81.49,88.88
A6NMU1,OR52A4P,TYR,257,31.53,85.88
A6NMU1,OR52A4P,TYR,266,122.55,59.47
A6NMU1,OR52A4P,SER,267,40.28,53.03
A6NMU1,OR52A4P,TYR,273,61.42,50.72
A6NMU1,OR52A4P,CYS,277,50.66,48.03
A6NMU1,OR52A4P,THR,278,47.91,47.28
A6NMU1,OR52A4P,TYR,279,97.02,44.12
A6NMU1,OR52A4P,SER,284,88.9,41.88
A6NMU1,OR52A4P,THR,287,116.25,28.25
A6NMU1,OR52A4P,THR,290,102.31,29.77
A6NMU1,OR52A4P,TYR,296,144.12,32.16
A6NMU1,OR52A4P,LYS,300,118.52,33.94
A6NMU1,OR52A4P,THR,303,102.64,34.78
O00501,CLDN5,SER,3,31.16,72.38
O00501,CLDN5,CYS,25,13.51,93.69
O00501,CLDN5,THR,33,12.03,86.62
O00501,CLDN5,THR,42,89.05,59.88
O00501,CLDN5,THR,45,27.27,84.38
O00501,CLDN5,THR,46,30.06,88.81
O00501,CLDN5,LYS,48,69.36,92.06
O00501,CLDN5,SER,53,25.12,91.0
O00501,CLDN5,SER,58,91.96,79.12
O00501,CLDN5,THR,59,105.86,82.38
O00501,CLDN5,CYS,64,67.81,92.88
O00501,CLDN5,LYS,65,132.97,91.38
O00501,CLDN5,TYR,67,58.47,86.75
O00501,CLDN5,SER,69,56.94,76.5
O00501,CLDN5,SER,74,57.66,80.25
O00501,CLDN5,THR,75,109.64,86.81
O00501,CLDN5,SER,86,42.02,95.75
O00501,CLDN5,CYS,104,108.04,72.56
O00501,CLDN5,THR,105,42.03,76.81
O00501,CLDN5,THR,106,129.39,75.62
O00501,CLDN5,CYS,107,98.46,78.81
O00501,CLDN5,LYS,114,18.77,84.5
O00501,CLDN5,THR,120,72.01,93.06
O00501,CLDN5,CYS,137,54.09,96.0
O00501,CLDN5,TYR,148,168.82,89.0
O00501,CLDN5,SER,151,93.14,89.88
O00501,CLDN5,SER,155,65.7,75.19
O00501,CLDN5,LYS,157,26.16,87.38
O00501,CLDN5,TYR,158,24.87,88.81
O00501,CLDN5,TYR,165,119.66,96.75
O00501,CLDN5,CYS,179,59.34,94.88
O00501,CLDN5,CYS,182,19.49,91.5
O00501,CLDN5,CYS,183,70.79,89.44
O00501,CLDN5,CYS,188,42.52,69.81
O00501,CLDN5,THR,189,39.55,69.0
O00501,CLDN5,SER,195,84.36,46.69
O00501,CLDN5,LYS,199,173.93,40.5
O00501,CLDN5,TYR,200,193.48,49.59
O00501,CLDN5,SER,201,100.07,52.62
O00501,CLDN5,THR,207,80.54,58.09
O00501,CLDN5,THR,209,118.01,66.19
O00501,CLDN5,TYR,212,175.52,60.28
O00501,CLDN5,LYS,214,164.8,61.19
O00501,CLDN5,LYS,215,177.03,58.78
O00501,CLDN5,TYR,217,191.49,47.78
O14493,CLDN4,SER,3,77.64,72.25
O14493,CLDN4,CYS,25,10.88,94.88
O14493,CLDN4,SER,38,123.31,58.75
O14493,CLDN4,THR,42,70.81,70.88
O14493,CLDN4,SER,43,50.7,77.06
O14493,CLDN4,THR,45,40.26,87.69
O14493,CLDN4,SER,58,90.71,81.69
O14493,CLDN4,THR,59,108.33,81.94
O14493,CLDN4,CYS,64,73.79,92.81
O14493,CLDN4,LYS,65,123.98,91.25
O14493,CLDN4,TYR,67,36.95,87.44
O14493,CLDN4,SER,69,60.64,76.5
O14493,CLDN4,LYS,103,71.2,74.06
O14493,CLDN4,CYS,104,104.18,72.12
O14493,CLDN4,THR,105,31.83,77.12
O14493,CLDN4,CYS,107,84.25,78.25
O14493,CLDN4,SER,112,54.93,83.25
O14493,CLDN4,LYS,114,22.06,85.81
O14493,CLDN4,LYS,116,128.68,88.19
O14493,CLDN4,THR,117,23.87,91.25
O14493,CLDN4,SER,137,37.35,95.5
O14493,CLDN4,TYR,148,169.66,90.31
O14493,CLDN4,SER,154,98.05,76.62
O14493,CLDN4,LYS,157,62.38,82.94
O14493,CLDN4,TYR,165,132.26,96.25
O14493,CLDN4,CYS,182,40.44,90.31
O14493,CLDN4,CYS,183,75.83,85.25
O14493,CLDN4,CYS,185,88.63,63.56
O14493,CLDN4,THR,189,118.52,50.88
O14493,CLDN4,LYS,191,169.52,44.16
O14493,CLDN4,TYR,193,219.5,44.28
O14493,CLDN4,SER,194,75.02,48.22
O14493,CLDN4,LYS,196,189.14,49.12
O14493,CLDN4,TYR,197,207.93,58.53
O14493,CLDN4,SER,198,100.92,61.59
O14493,CLDN4,SER,202,110.61,59.97
O14493,CLDN4,SER,206,90.93,56.59
O14493,CLDN4,TYR,208,198.27,49.91
O14788,TNFSF11,SER,5,116.13,39.94
O14788,TNFSF11,TYR,8,191.29,43.62
O14788,TNFSF11,THR,9,115.8,47.22
O14788,TNFSF11,LYS,10,189.84,48.12
O14788,TNFSF11,TYR,11,200.77,46.56
O14788,TNFSF11,SER,15,104.66,45.25
O14788,TNFSF11,SER,45,52.43,67.38
O14788,TNFSF11,SER,47,78.51,76.38
O14788,TNFSF11,CYS,62,77.87,94.88
O14788,TNFSF11,SER,63,62.56,93.19
O14788,TNFSF11,TYR,69,128.32,88.38
O14788,TNFSF11,SER,80,65.1,57.62
O14788,TNFSF11,THR,84,58.19,68.88
O14788,TNFSF11,TYR,88,154.85,77.5
O14788,TNFSF11,THR,102,138.22,33.88
O14788,TNFSF11,THR,103,126.06,34.78
O14788,TNFSF11,SER,106,89.65,43.28
O14788,TNFSF11,THR,109,110.41,53.72
O14788,TNFSF11,LYS,110,191.73,55.78
O14788,TNFSF11,SER,115,79.38,71.88
O14788,TNFSF11,LYS,120,60.53,80.06
O14788,TNFSF11,LYS,129,151.98,80.69
O14788,TNFSF11,SER,137,56.34,58.81
O14788,TNFSF11,LYS,144,197.28,45.78
O14788,TNFSF11,SER,150,61.83,49.12
O14788,TNFSF11,LYS,156,169.46,46.25
O14788,TNFSF11,SER,158,64.86,39.94
O14788,TNFSF11,LYS,159,189.07,40.19
O14788,TNFSF11,THR,173,115.7,94.81
O14788,TNFSF11,SER,177,107.14,94.69
O14788,TNFSF11,SER,179,61.59,94.88
O14788,TNFSF11,LYS,181,118.74,97.69
O14788,TNFSF11,SER,183,60.99,97.38
O14788,TNFSF11,SER,185,65.62,97.38
O14788,TNFSF11,SER,186,16.89,98.0
O14788,TNFSF11,TYR,188,50.08,98.38
O14788,TNFSF11,LYS,195,105.69,98.0
O14788,TNFSF11,SER,197,22.01,97.69
O14788,TNFSF11,THR,200,60.27,97.56
O14788,TNFSF11,SER,202,45.04,95.88
O14788,TNFSF11,LYS,205,55.34,97.06
O14788,TNFSF11,TYR,215,82.4,98.75
O14788,TNFSF11,TYR,217,46.7,98.88
O14788,TNFSF11,THR,227,116.66,96.88
O14788,TNFSF11,SER,228,85.64,95.06
O14788,TNFSF11,THR,233,67.2,95.94
O14788,TNFSF11,TYR,235,166.92,97.5
O14788,TNFSF11,TYR,241,41.99,98.62
O14788,TNFSF11,LYS,244,41.81,97.31
O14788,TNFSF11,THR,245,19.24,95.06
O14788,TNFSF11,SER,246,27.99,84.69
O14788,TNFSF11,LYS,248,182.69,80.94
O14788,TNFSF11,SER,251,46.19,82.62
O14788,TNFSF11,SER,252,60.46,89.12
O14788,TNFSF11,THR,254,75.9,97.56
O14788,TNFSF11,LYS,257,131.53,98.5
O14788,TNFSF11,SER,260,42.08,98.44
O14788,TNFSF11,THR,261,103.15,98.38
O14788,TNFSF11,LYS,262,65.92,98.06
O14788,TNFSF11,TYR,263,115.57,97.88
O14788,TNFSF11,SER,265,21.07,94.06
O14788,TNFSF11,SER,268,52.33,94.19
O14788,TNFSF11,TYR,273,36.98,98.62
O14788,TNFSF11,SER,274,55.47,98.62
O14788,TNFSF11,LYS,282,96.38,97.5
O14788,TNFSF11,SER,285,62.1,95.25
O14788,TNFSF11,SER,294,13.89,98.38
O14788,TNFSF11,SER,297,64.2,97.62
O14788,TNFSF11,TYR,307,45.12,98.81
O14788,TNFSF11,LYS,312,10.72,98.19
O14920,IKBKB,SER,2,113.58,53.0
O14920,IKBKB,SER,4,71.05,69.19
O14920,IKBKB,SER,6,69.01,67.62
O14920,IKBKB,THR,8,99.48,60.12
O14920,IKBKB,THR,9,64.97,75.88
O14920,IKBKB,THR,11,72.79,90.56
O14920,IKBKB,CYS,12,15.94,91.12
O14920,IKBKB,LYS,18,60.52,94.69
O14920,IKBKB,THR,23,84.21,74.81
O14920,IKBKB,THR,37,96.41,96.56
O14920,IKBKB,LYS,44,16.4,91.88
O14920,IKBKB,SER,51,58.7,83.31
O14920,IKBKB,CYS,59,53.95,88.06
O14920,IKBKB,THR,69,117.88,95.94
O14920,IKBKB,TYR,98,39.71,96.94
O14920,IKBKB,CYS,99,10.84,96.88
O14920,IKBKB,LYS,106,113.73,95.94
O14920,IKBKB,TYR,107,42.5,97.56
O14920,IKBKB,CYS,114,25.35,96.44
O14920,IKBKB,SER,127,45.46,98.06
O14920,IKBKB,SER,131,32.98,98.31
O14920,IKBKB,TYR,135,40.86,97.81
O14920,IKBKB,LYS,147,28.25,94.0
O14920,IKBKB,LYS,163,17.17,98.56
O14920,IKBKB,TYR,169,54.35,69.56
O14920,IKBKB,LYS,171,67.59,70.31
O14920,IKBKB,SER,177,47.54,47.19
O14920,IKBKB,THR,180,91.76,49.66
O14920,IKBKB,SER,181,32.01,56.88
O14920,IKBKB,THR,185,43.55,68.81
O14920,IKBKB,LYS,198,134.38,85.44
O14920,IKBKB,THR,200,46.87,92.19
O14920,IKBKB,THR,202,10.11,96.56
O14920,IKBKB,SER,233,69.28,94.81
O14920,IKBKB,LYS,234,55.45,96.0
O14920,IKBKB,LYS,238,18.97,97.62
O14920,IKBKB,SER,239,51.12,97.44
O14920,IKBKB,SER,246,31.17,95.25
O14920,IKBKB,THR,252,72.65,94.88
O14920,IKBKB,LYS,254,75.8,96.69
O14920,IKBKB,SER,256,43.35,97.75
O14920,IKBKB,SER,257,38.22,97.62
O14920,IKBKB,SER,258,56.38,97.38
O14920,IKBKB,TYR,261,90.74,94.81
O14920,IKBKB,SER,267,73.53,94.69
O14920,IKBKB,LYS,275,107.97,97.94
O14920,IKBKB,THR,290,48.37,98.06
O14920,IKBKB,THR,293,111.49,97.5
O14920,IKBKB,TYR,294,88.52,97.56
O14920,IKBKB,LYS,301,118.75,97.81
O14920,IKBKB,LYS,310,77.44,93.88
O14920,IKBKB,THR,319,61.95,94.31
O14920,IKBKB,THR,321,66.19,94.44
O14920,IKBKB,THR,324,14.7,97.19
O14920,IKBKB,TYR,325,11.25,97.38
O14920,IKBKB,THR,328,87.93,95.12
O14920,IKBKB,SER,332,47.6,96.38
O14920,IKBKB,SER,335,46.29,97.0
O14920,IKBKB,LYS,337,38.97,98.0
O14920,IKBKB,THR,344,28.18,96.69
O14920,IKBKB,LYS,365,102.94,94.25
O14920,IKBKB,THR,368,19.68,93.81
O14920,IKBKB,SER,372,64.09,83.19
O14920,IKBKB,LYS,375,157.18,72.38
O14920,IKBKB,THR,381,33.09,83.0
O14920,IKBKB,SER,393,75.55,93.44
O14920,IKBKB,LYS,394,69.64,93.88
O14920,IKBKB,THR,396,85.15,93.81
O14920,IKBKB,THR,399,43.05,85.5
O14920,IKBKB,SER,402,105.07,80.94
O14920,IKBKB,SER,409,19.35,93.0
O14920,IKBKB,SER,411,42.27,93.62
O14920,IKBKB,CYS,412,36.1,93.12
O14920,IKBKB,LYS,418,153.43,95.75
O14920,IKBKB,LYS,428,81.74,94.19
O14920,IKBKB,THR,439,16.99,94.94
O14920,IKBKB,LYS,441,50.25,94.25
O14920,IKBKB,SER,463,55.74,94.25
O14920,IKBKB,CYS,464,62.54,93.62
O14920,IKBKB,SER,466,25.65,94.69
O14920,IKBKB,LYS,467,126.89,95.44
O14920,IKBKB,LYS,469,29.23,94.44
O14920,IKBKB,SER,471,62.47,95.69
O14920,IKBKB,SER,474,50.21,95.94
O14920,IKBKB,SER,476,15.57,96.38
O14920,IKBKB,LYS,480,93.89,94.62
O14920,IKBKB,LYS,482,76.04,95.0
O14920,IKBKB,LYS,487,72.3,94.44
O14920,IKBKB,THR,488,82.1,95.38
O14920,IKBKB,SER,489,23.02,95.88
O14920,IKBKB,LYS,496,111.11,90.56
O14920,IKBKB,TYR,497,16.45,89.44
O14920,IKBKB,SER,498,68.08,87.69
O14920,IKBKB,THR,501,69.89,79.31
O14920,IKBKB,THR,506,85.1,79.94
O14920,IKBKB,SER,507,36.99,85.25
O14920,IKBKB,LYS,509,178.2,89.75
O14920,IKBKB,CYS,524,20.77,86.69
O14920,IKBKB,LYS,531,127.84,95.69
O14920,IKBKB,THR,542,81.34,94.81
O14920,IKBKB,SER,550,34.85,72.62
O14920,IKBKB,LYS,555,172.62,50.88
O14920,IKBKB,THR,559,90.08,86.44
O14920,IKBKB,LYS,577,79.23,94.25
O14920,IKBKB,THR,583,90.92,93.88
O14920,IKBKB,SER,600,11.83,93.44
O14920,IKBKB,LYS,603,152.05,92.31
O14920,IKBKB,LYS,604,49.31,91.5
O14920,IKBKB,THR,610,60.23,93.5
O14920,IKBKB,SER,613,14.6,95.81
O14920,IKBKB,LYS,614,117.95,95.0
O14920,IKBKB,LYS,619,14.47,94.62
O14920,IKBKB,LYS,621,81.09,95.44
O14920,IKBKB,LYS,628,88.6,96.19
O14920,IKBKB,SER,634,64.94,96.31
O14920,IKBKB,LYS,641,92.44,95.44
O14920,IKBKB,THR,642,36.74,94.62
O14920,IKBKB,LYS,649,98.02,94.81
O14920,IKBKB,LYS,652,116.69,94.25
O14920,IKBKB,LYS,659,135.47,86.94
O14920,IKBKB,CYS,662,71.78,80.25
O14920,IKBKB,SER,663,78.93,80.19
O14920,IKBKB,LYS,664,151.59,68.31
O14920,IKBKB,SER,670,112.25,40.81
O14920,IKBKB,SER,672,115.36,36.16
O14920,IKBKB,SER,675,86.72,39.16
O14920,IKBKB,SER,679,95.14,36.66
O14920,IKBKB,SER,682,98.55,36.91
O14920,IKBKB,SER,689,93.57,35.97
O14920,IKBKB,SER,692,98.66,39.0
O14920,IKBKB,THR,693,133.52,40.0
O14920,IKBKB,SER,695,94.19,37.91
O14920,IKBKB,SER,697,94.27,38.44
O14920,IKBKB,LYS,703,118.78,50.75
O14920,IKBKB,LYS,704,150.3,51.84
O14920,IKBKB,SER,705,56.16,53.31
O14920,IKBKB,CYS,716,73.58,79.44
O14920,IKBKB,THR,717,71.34,82.0
O14920,IKBKB,THR,726,64.92,70.25
O14920,IKBKB,SER,733,63.24,50.34
O14920,IKBKB,THR,735,118.65,53.16
O14920,IKBKB,SER,740,77.68,52.03
O14920,IKBKB,THR,744,107.9,40.81
O14920,IKBKB,SER,750,82.7,36.84
O14920,IKBKB,CYS,751,95.66,34.53
O14920,IKBKB,SER,756,168.71,32.31
O15244,SLC22A2,THR,3,24.15,57.97
O15244,SLC22A2,THR,4,55.47,68.06
O15244,SLC22A2,LYS,20,117.29,88.44
O15244,SLC22A2,THR,32,24.63,88.62
O15244,SLC22A2,TYR,37,23.2,87.0
O15244,SLC22A2,THR,46,59.72,80.94
O15244,SLC22A2,CYS,51,14.53,86.06
O15244,SLC22A2,SER,53,19.12,85.69
O15244,SLC22A2,SER,60,11.35,86.0
O15244,SLC22A2,CYS,63,27.15,85.56
O15244,SLC22A2,SER,66,47.07,84.5
O15244,SLC22A2,TYR,73,32.35,78.5
O15244,SLC22A2,THR,74,11.62,76.81
O15244,SLC22A2,SER,85,50.59,53.31
O15244,SLC22A2,CYS,89,48.55,83.25
O15244,SLC22A2,TYR,92,12.37,82.62
O15244,SLC22A2,SER,99,96.37,64.94
O15244,SLC22A2,THR,100,102.92,69.69
O15244,SLC22A2,CYS,103,52.67,79.44
O15244,SLC22A2,SER,109,76.32,71.06
O15244,SLC22A2,THR,112,139.0,69.5
O15244,SLC22A2,SER,115,103.52,71.38
O15244,SLC22A2,CYS,122,19.62,84.0
O15244,SLC22A2,TYR,128,41.04,86.44
O15244,SLC22A2,THR,130,50.63,78.5
O15244,SLC22A2,SER,133,31.41,87.38
O15244,SLC22A2,THR,137,24.47,87.5
O15244,SLC22A2,CYS,143,33.43,83.12
O15244,SLC22A2,SER,146,16.48,84.12
O15244,SLC22A2,SER,164,24.79,87.31
O15244,SLC22A2,SER,166,43.37,86.75
O15244,SLC22A2,TYR,169,144.4,85.06
O15244,SLC22A2,LYS,177,39.01,91.81
O15244,SLC22A2,THR,182,61.82,94.38
O15244,SLC22A2,THR,199,62.66,92.88
O15244,SLC22A2,TYR,200,26.26,91.38
O15244,SLC22A2,THR,201,86.19,93.44
O15244,SLC22A2,LYS,215,34.56,89.69
O15244,SLC22A2,TYR,222,81.44,89.5
O15244,SLC22A2,THR,226,19.19,85.94
O15244,SLC22A2,TYR,233,80.88,82.12
O15244,SLC22A2,THR,236,61.2,82.44
O15244,SLC22A2,TYR,245,21.02,91.44
O15244,SLC22A2,THR,246,10.7,91.38
O15244,SLC22A2,TYR,257,156.95,90.31
O15244,SLC22A2,THR,268,52.11,92.88
O15244,SLC22A2,TYR,279,14.38,88.88
O15244,SLC22A2,TYR,280,125.59,87.62
O15244,SLC22A2,CYS,282,57.3,86.94
O15244,SLC22A2,SER,292,58.38,82.0
O15244,SLC22A2,LYS,295,99.58,86.31
O15244,SLC22A2,LYS,304,90.37,86.31
O15244,SLC22A2,LYS,308,172.69,87.0
O15244,SLC22A2,LYS,309,74.03,86.0
O15244,SLC22A2,LYS,312,88.87,80.5
O15244,SLC22A2,SER,313,105.13,75.88
O15244,SLC22A2,SER,317,53.3,62.88
O15244,SLC22A2,THR,327,134.92,43.59
O15244,SLC22A2,LYS,329,196.7,41.88
O15244,SLC22A2,LYS,330,190.52,51.28
O15244,SLC22A2,SER,334,56.0,76.25
O15244,SLC22A2,THR,341,21.0,81.5
O15244,SLC22A2,LYS,346,71.72,89.56
O15244,SLC22A2,TYR,353,56.77,95.5
O15244,SLC22A2,TYR,377,56.88,87.81
O15244,SLC22A2,TYR,382,97.9,90.12
O15244,SLC22A2,THR,397,27.29,86.75
O15244,SLC22A2,TYR,405,122.34,93.0
O15244,SLC22A2,LYS,432,55.18,87.31
O15244,SLC22A2,SER,436,15.65,89.25
O15244,SLC22A2,CYS,437,17.82,91.19
O15244,SLC22A2,THR,444,12.64,92.06
O15244,SLC22A2,TYR,447,46.49,91.19
O15244,SLC22A2,CYS,451,50.42,87.0
O15244,SLC22A2,THR,460,70.4,79.75
O15244,SLC22A2,SER,471,27.76,87.69
O15244,SLC22A2,SER,472,19.23,88.88
O15244,SLC22A2,CYS,474,10.47,93.06
O15244,SLC22A2,TYR,486,15.71,82.31
O15244,SLC22A2,THR,489,22.6,81.25
O15244,SLC22A2,LYS,518,84.37,80.06
O15244,SLC22A2,LYS,520,100.53,76.94
O15244,SLC22A2,THR,525,68.87,78.25
O15244,SLC22A2,LYS,537,190.56,39.81
O15244,SLC22A2,LYS,539,190.14,42.69
O15244,SLC22A2,LYS,541,187.8,40.12
O15244,SLC22A2,TYR,544,189.88,45.78
O15244,SLC22A2,LYS,549,182.02,43.91
O15403,SLC16A6,THR,2,134.66,36.88
O15403,SLC16A6,LYS,5,155.41,39.22
O15403,SLC16A6,LYS,7,209.44,33.53
O15403,SLC16A6,CYS,9,110.65,43.5
O15403,SLC16A6,SER,10,56.91,50.53
O15403,SLC16A6,LYS,11,189.52,54.0
O15403,SLC16A6,TYR,15,64.86,64.44
O15403,SLC16A6,THR,16,104.47,60.84
O15403,SLC16A6,TYR,39,51.63,91.94
O15403,SLC16A6,LYS,43,35.08,89.88
O15403,SLC16A6,SER,55,57.78,92.75
O15403,SLC16A6,SER,59,47.41,93.56
O15403,SLC16A6,SER,61,21.2,92.19
O15403,SLC16A6,THR,75,10.08,92.62
O15403,SLC16A6,THR,82,13.37,86.12
O15403,SLC16A6,THR,103,79.42,97.81
O15403,SLC16A6,SER,115,51.14,93.94
O15403,SLC16A6,TYR,118,25.94,97.06
O15403,SLC16A6,THR,138,25.29,85.38
O15403,SLC16A6,SER,141,18.73,83.25
O15403,SLC16A6,LYS,146,187.3,78.75
O15403,SLC16A6,SER,149,18.04,80.88
O15403,SLC16A6,SER,156,12.07,90.25
O15403,SLC16A6,THR,157,12.25,92.56
O15403,SLC16A6,LYS,174,20.21,90.12
O15403,SLC16A6,TYR,181,144.67,94.5
O15403,SLC16A6,SER,210,95.03,34.31
O15403,SLC16A6,LYS,212,161.75,41.12
O15403,SLC16A6,LYS,220,110.18,60.59
O15403,SLC16A6,TYR,224,149.69,68.44
O15403,SLC16A6,LYS,230,158.8,62.62
O15403,SLC16A6,THR,231,67.14,54.41
O15403,SLC16A6,THR,233,94.89,43.31
O15403,SLC16A6,SER,234,61.77,48.22
O15403,SLC16A6,SER,237,89.55,38.06
O15403,SLC16A6,SER,240,111.17,35.88
O15403,SLC16A6,THR,245,120.28,25.94
O15403,SLC16A6,THR,246,129.33,27.38
O15403,SLC16A6,SER,247,100.63,22.55
O15403,SLC16A6,LYS,249,184.02,23.41
O15403,SLC16A6,THR,253,105.54,21.92
O15403,SLC16A6,THR,255,107.93,23.72
O15403,SLC16A6,LYS,262,213.85,24.06
O15403,SLC16A6,LYS,271,184.41,25.62
O15403,SLC16A6,THR,272,114.56,28.94
O15403,SLC16A6,SER,273,91.8,28.78
O15403,SLC16A6,SER,277,94.62,36.81
O15403,SLC16A6,LYS,279,194.74,38.03
O15403,SLC16A6,LYS,280,191.2,44.47
O15403,SLC16A6,SER,287,55.4,83.12
O15403,SLC16A6,LYS,290,170.95,87.06
O15403,SLC16A6,LYS,292,144.07,91.38
O15403,SLC16A6,CYS,296,15.82,96.06
O15403,SLC16A6,THR,305,18.37,91.44
O15403,SLC16A6,SER,312,13.01,86.94
O15403,SLC16A6,SER,321,69.68,91.31
O15403,SLC16A6,THR,335,14.58,92.5
O15403,SLC16A6,LYS,358,60.68,87.44
O15403,SLC16A6,TYR,360,89.47,91.38
O15403,SLC16A6,THR,370,16.39,96.25
O15403,SLC16A6,THR,377,22.64,91.06
O15403,SLC16A6,THR,380,91.33,89.62
O15403,SLC16A6,SER,387,69.27,96.12
O15403,SLC16A6,CYS,388,16.84,95.62
O15403,SLC16A6,LYS,417,91.2,81.94
O15403,SLC16A6,SER,419,60.89,74.94
O15403,SLC16A6,SER,420,18.1,80.94
O15403,SLC16A6,SER,447,40.61,89.62
O15403,SLC16A6,LYS,448,158.05,86.25
O15403,SLC16A6,TYR,450,36.75,91.56
O15403,SLC16A6,SER,451,18.31,91.06
O15403,SLC16A6,TYR,455,76.15,93.75
O15403,SLC16A6,SER,456,40.36,92.75
O15403,SLC16A6,CYS,467,14.03,96.62
O15403,SLC16A6,CYS,474,27.07,89.56
O15403,SLC16A6,LYS,475,83.59,85.75
O15403,SLC16A6,CYS,479,98.76,36.59
O15403,SLC16A6,SER,484,96.7,31.58
O15403,SLC16A6,THR,487,114.25,27.73
O15403,SLC16A6,LYS,488,188.81,25.69
O15403,SLC16A6,SER,491,81.86,26.34
O15403,SLC16A6,LYS,495,155.7,31.16
O15403,SLC16A6,THR,496,111.86,28.94
O15403,SLC16A6,LYS,511,197.39,29.06
O15554,KCNN4,LYS,16,135.07,85.69
O15554,KCNN4,LYS,23,53.65,89.62
O15554,KCNN4,SER,24,55.63,91.81
O15554,KCNN4,THR,35,64.61,92.81
O15554,KCNN4,CYS,52,57.05,63.41
O15554,KCNN4,SER,53,96.48,65.56
O15554,KCNN4,TYR,57,81.7,82.19
O15554,KCNN4,LYS,62,16.19,88.19
O15554,KCNN4,CYS,63,30.33,90.88
O15554,KCNN4,THR,64,62.8,91.25
O15554,KCNN4,SER,66,25.72,91.69
O15554,KCNN4,CYS,74,58.72,96.62
O15554,KCNN4,LYS,82,47.48,91.19
O15554,KCNN4,THR,89,40.45,85.19
O15554,KCNN4,THR,101,70.51,87.44
O15554,KCNN4,CYS,127,54.28,50.69
O15554,KCNN4,THR,136,126.12,33.12
O15554,KCNN4,SER,137,67.93,29.73
O15554,KCNN4,TYR,161,65.56,90.25
O15554,KCNN4,SER,171,38.67,79.5
O15554,KCNN4,SER,178,64.27,79.31
O15554,KCNN4,TYR,179,88.52,78.56
O15554,KCNN4,SER,181,68.39,76.5
O15554,KCNN4,LYS,197,148.76,85.25
O15554,KCNN4,TYR,199,51.3,82.88
O15554,KCNN4,THR,202,62.36,85.62
O15554,KCNN4,THR,212,24.61,93.0
O15554,KCNN4,THR,218,32.51,91.94
O15554,KCNN4,THR,219,24.42,91.94
O15554,KCNN4,THR,234,139.0,45.97
O15554,KCNN4,SER,238,75.18,85.31
O15554,KCNN4,THR,247,26.7,94.56
O15554,KCNN4,THR,250,87.94,94.5
O15554,KCNN4,TYR,253,147.85,91.12
O15554,KCNN4,THR,260,21.96,85.94
O15554,KCNN4,LYS,264,99.28,91.62
O15554,KCNN4,CYS,267,17.46,92.62
O15554,KCNN4,CYS,269,75.64,94.31
O15554,KCNN4,CYS,276,75.04,94.06
O15554,KCNN4,THR,278,53.58,93.38
O15554,KCNN4,LYS,288,142.29,87.69
O15554,KCNN4,LYS,293,162.89,87.44
O15554,KCNN4,LYS,296,103.51,90.38
O15554,KCNN4,TYR,307,34.7,95.94
O15554,KCNN4,THR,308,49.63,95.56
O15554,KCNN4,LYS,309,137.03,97.38
O15554,KCNN4,LYS,312,144.75,96.81
O15554,KCNN4,SER,314,10.2,96.62
O15554,KCNN4,TYR,326,125.32,94.88
O15554,KCNN4,LYS,327,67.17,95.88
O15554,KCNN4,THR,329,73.03,94.5
O15554,KCNN4,LYS,332,191.19,90.25
O15554,KCNN4,SER,334,67.92,90.06
O15554,KCNN4,LYS,343,105.95,96.69
O15554,KCNN4,LYS,357,108.07,95.0
O15554,KCNN4,LYS,360,135.58,93.88
O15554,KCNN4,SER,367,54.94,83.38
O15554,KCNN4,SER,372,67.54,82.5
O15554,KCNN4,LYS,373,114.88,87.25
O15554,KCNN4,TYR,379,140.21,93.25
O15554,KCNN4,SER,386,38.78,94.81
O15554,KCNN4,SER,387,60.83,95.44
O15554,KCNN4,SER,388,63.15,94.94
O15554,KCNN4,LYS,394,140.64,95.69
O15554,KCNN4,THR,398,86.53,95.94
O15554,KCNN4,LYS,402,137.83,94.19
O15554,KCNN4,THR,407,86.43,90.88
O15554,KCNN4,SER,411,67.41,85.62
O15554,KCNN4,THR,412,92.7,84.69
O15554,KCNN4,SER,423,112.18,46.56
O15554,KCNN4,SER,426,115.04,48.38
O15554,KCNN4,LYS,427,272.68,38.72
O42043,ERVK-18,THR,3,31.44,87.25
O42043,ERVK-18,THR,6,15.27,93.0
O42043,ERVK-18,TYR,15,15.66,87.62
O42043,ERVK-18,SER,19,59.28,70.06
O42043,ERVK-18,THR,26,59.32,73.88
O42043,ERVK-18,CYS,30,27.01,66.38
O42043,ERVK-18,LYS,33,72.92,64.06
O42043,ERVK-18,SER,44,69.44,87.62
O42043,ERVK-18,TYR,47,17.73,87.19
O42043,ERVK-18,TYR,49,78.16,87.62
O42043,ERVK-18,CYS,60,10.08,89.5
O42043,ERVK-18,THR,74,64.65,74.88
O42043,ERVK-18,SER,76,40.03,68.44
O42043,ERVK-18,SER,79,10.9,68.75
O42043,ERVK-18,THR,82,11.39,83.88
O42043,ERVK-18,TYR,83,11.24,84.62
O42043,ERVK-18,CYS,97,76.96,51.44
O42043,ERVK-18,SER,102,14.75,71.56
O42043,ERVK-18,TYR,103,20.28,71.56
O42043,ERVK-18,LYS,108,177.87,86.19
O42043,ERVK-18,LYS,112,215.6,85.44
O42043,ERVK-18,LYS,114,129.15,91.25
O42043,ERVK-18,THR,115,81.03,90.62
O42043,ERVK-18,CYS,116,17.41,89.06
O42043,ERVK-18,LYS,118,179.68,83.38
O42043,ERVK-18,LYS,122,144.06,81.25
O42043,ERVK-18,SER,124,55.29,66.44
O42043,ERVK-18,LYS,125,125.02,60.88
O42043,ERVK-18,THR,127,66.18,56.75
O42043,ERVK-18,SER,139,38.37,81.62
O42043,ERVK-18,THR,150,10.2,89.62
O42043,ERVK-18,TYR,161,49.23,74.12
O42043,ERVK-18,CYS,164,22.81,69.62
O42043,ERVK-18,SER,165,102.49,65.56
O42043,ERVK-18,THR,168,146.29,50.84
O42043,ERVK-18,SER,170,105.22,57.0
O42043,ERVK-18,CYS,171,43.94,58.94
O42043,ERVK-18,SER,173,99.79,48.88
O42043,ERVK-18,SER,177,19.75,31.61
O42043,ERVK-18,SER,182,50.07,36.53
O42043,ERVK-18,THR,185,93.55,47.38
O42043,ERVK-18,SER,187,14.64,50.06
O42043,ERVK-18,LYS,190,130.88,62.38
O42043,ERVK-18,LYS,192,153.32,77.0
O42043,ERVK-18,LYS,194,46.28,79.25
O42043,ERVK-18,LYS,195,110.18,82.94
O42043,ERVK-18,SER,198,10.24,82.38
O42043,ERVK-18,TYR,200,53.33,79.44
O42043,ERVK-18,LYS,207,55.25,81.69
O42043,ERVK-18,THR,211,14.52,89.56
O42043,ERVK-18,LYS,215,47.04,93.44
O42043,ERVK-18,SER,218,23.08,87.75
O42043,ERVK-18,SER,221,53.8,90.25
O42043,ERVK-18,SER,242,26.06,86.94
O42043,ERVK-18,THR,246,39.6,87.06
O42043,ERVK-18,THR,249,111.54,85.12
O42043,ERVK-18,TYR,251,184.02,86.31
O42043,ERVK-18,LYS,253,128.58,83.81
O42043,ERVK-18,TYR,256,27.03,84.25
O42043,ERVK-18,SER,262,28.06,85.5
O42043,ERVK-18,THR,265,50.82,85.12
O42043,ERVK-18,LYS,273,56.83,79.75
O42043,ERVK-18,TYR,276,42.05,87.25
O42043,ERVK-18,LYS,286,99.51,88.44
O42043,ERVK-18,SER,289,46.31,85.31
O42043,ERVK-18,THR,291,16.77,89.31
O42043,ERVK-18,THR,293,40.3,91.38
O42043,ERVK-18,THR,301,10.39,88.88
O42043,ERVK-18,CYS,302,10.58,89.5
O42043,ERVK-18,SER,305,31.42,82.0
O42043,ERVK-18,THR,306,123.73,81.19
O42043,ERVK-18,SER,327,52.9,80.94
O42043,ERVK-18,THR,328,48.04,79.25
O42043,ERVK-18,SER,335,29.8,72.31
O42043,ERVK-18,SER,337,73.42,67.25
O42043,ERVK-18,THR,342,65.1,68.62
O42043,ERVK-18,LYS,346,157.12,68.06
O42043,ERVK-18,SER,352,44.05,65.25
O42043,ERVK-18,LYS,353,118.38,61.09
O42043,ERVK-18,THR,358,81.1,67.88
O42043,ERVK-18,THR,370,128.71,38.5
O42043,ERVK-18,THR,372,135.63,38.19
O42043,ERVK-18,SER,382,58.73,46.19
O42043,ERVK-18,SER,383,32.86,53.72
O42043,ERVK-18,SER,386,50.42,67.56
O42043,ERVK-18,TYR,392,156.12,64.0
O42043,ERVK-18,LYS,395,98.24,63.62
O42043,ERVK-18,SER,397,16.08,57.28
O42043,ERVK-18,THR,398,32.79,60.28
O42043,ERVK-18,SER,403,19.55,50.62
O42043,ERVK-18,SER,405,50.23,49.66
O42043,ERVK-18,SER,406,87.61,46.66
O42043,ERVK-18,LYS,410,157.22,44.81
O42043,ERVK-18,SER,413,70.16,44.75
O42043,ERVK-18,THR,421,19.77,54.97
O42043,ERVK-18,THR,431,47.35,59.0
O42043,ERVK-18,CYS,440,37.07,80.06
O42043,ERVK-18,THR,444,26.12,69.75
O42043,ERVK-18,SER,445,112.6,64.12
O42043,ERVK-18,CYS,448,29.29,79.56
O42043,ERVK-18,THR,450,20.4,84.38
O42043,ERVK-18,TYR,454,65.16,83.25
O42043,ERVK-18,SER,457,108.48,80.62
O42043,ERVK-18,THR,476,82.06,59.38
O42043,ERVK-18,SER,480,65.09,72.75
O42043,ERVK-18,LYS,481,104.88,77.81
O42043,ERVK-18,LYS,483,78.76,77.5
O42043,ERVK-18,LYS,491,99.36,72.75
O42043,ERVK-18,THR,500,106.96,42.09
O42043,ERVK-18,THR,517,75.72,57.59
O42043,ERVK-18,LYS,520,153.9,57.03
O42043,ERVK-18,THR,521,90.13,55.62
O42043,ERVK-18,SER,524,62.76,58.25
O42043,ERVK-18,THR,525,71.74,62.75
O42043,ERVK-18,CYS,536,66.54,83.75
O42043,ERVK-18,CYS,539,63.69,83.88
O42043,ERVK-18,CYS,544,67.51,77.5
O42043,ERVK-18,CYS,546,71.87,77.19
O42043,ERVK-18,THR,547,76.16,74.12
O42043,ERVK-18,SER,554,62.01,57.88
O43463,SUV39H1,LYS,6,215.91,51.66
O43463,SUV39H1,CYS,8,105.99,49.88
O43463,SUV39H1,SER,9,110.59,61.81
O43463,SUV39H1,CYS,11,122.62,61.0
O43463,SUV39H1,CYS,12,83.52,67.44
O43463,SUV39H1,LYS,13,213.6,77.75
O43463,SUV39H1,SER,14,39.65,79.75
O43463,SUV39H1,SER,15,59.48,81.56
O43463,SUV39H1,CYS,23,16.45,87.44
O43463,SUV39H1,LYS,27,142.66,89.06
O43463,SUV39H1,SER,29,58.03,89.12
O43463,SUV39H1,CYS,30,32.06,89.56
O43463,SUV39H1,SER,36,45.81,89.44
O43463,SUV39H1,LYS,37,176.74,87.5
O43463,SUV39H1,TYR,41,156.08,83.75
O43463,SUV39H1,CYS,49,13.8,96.62
O43463,SUV39H1,LYS,52,45.94,96.56
O43463,SUV39H1,LYS,53,60.05,96.44
O43463,SUV39H1,TYR,59,61.92,97.88
O43463,SUV39H1,LYS,63,12.13,97.25
O43463,SUV39H1,TYR,67,48.79,90.44
O43463,SUV39H1,SER,70,104.83,94.19
O43463,SUV39H1,SER,72,24.72,95.56
O43463,SUV39H1,THR,73,60.76,96.19
O43463,SUV39H1,LYS,81,160.76,92.75
O43463,SUV39H1,CYS,82,28.94,92.5
O43463,SUV39H1,LYS,87,146.52,96.38
O43463,SUV39H1,LYS,91,90.36,95.56
O43463,SUV39H1,SER,104,54.04,81.69
O43463,SUV39H1,LYS,105,181.3,87.31
O43463,SUV39H1,THR,106,53.35,88.44
O43463,SUV39H1,SER,113,65.6,94.81
O43463,SUV39H1,TYR,117,28.91,96.88
O43463,SUV39H1,LYS,123,83.21,97.12
O43463,SUV39H1,LYS,138,102.5,97.06
O43463,SUV39H1,SER,140,90.65,96.19
O43463,SUV39H1,THR,146,34.23,98.56
O43463,SUV39H1,TYR,162,11.71,97.75
O43463,SUV39H1,TYR,166,37.5,96.06
O43463,SUV39H1,THR,173,96.26,89.81
O43463,SUV39H1,CYS,181,14.7,95.81
O43463,SUV39H1,THR,191,98.39,89.56
O43463,SUV39H1,CYS,195,14.42,95.94
O43463,SUV39H1,SER,199,33.31,89.62
O43463,SUV39H1,LYS,202,165.3,92.0
O43463,SUV39H1,SER,224,83.54,95.88
O43463,SUV39H1,CYS,226,13.12,96.62
O43463,SUV39H1,CYS,228,15.33,95.94
O43463,SUV39H1,TYR,230,124.17,93.56
O43463,SUV39H1,LYS,239,43.51,96.94
O43463,SUV39H1,TYR,243,34.87,98.38
O43463,SUV39H1,LYS,263,136.08,98.5
O43463,SUV39H1,LYS,266,108.71,98.31
O43463,SUV39H1,SER,268,11.99,98.56
O43463,SUV39H1,TYR,273,10.58,97.44
O43463,SUV39H1,THR,279,53.53,94.81
O43463,SUV39H1,SER,280,27.01,90.69
O43463,SUV39H1,TYR,290,24.42,83.94
O43463,SUV39H1,THR,296,46.69,78.81
O43463,SUV39H1,TYR,297,59.05,88.44
O43463,SUV39H1,TYR,303,63.16,83.31
O43463,SUV39H1,TYR,308,25.82,94.0
O43463,SUV39H1,TYR,314,126.96,93.69
O43463,SUV39H1,TYR,315,60.54,97.06
O43463,SUV39H1,CYS,326,18.7,94.56
O43463,SUV39H1,TYR,333,15.53,95.94
O43463,SUV39H1,THR,352,47.28,97.12
O43463,SUV39H1,THR,354,57.79,98.5
O43463,SUV39H1,THR,362,12.08,98.31
O43463,SUV39H1,TYR,365,45.44,89.0
O43463,SUV39H1,SER,376,69.69,36.53
O43463,SUV39H1,THR,377,107.79,33.69
O43463,SUV39H1,SER,381,124.84,30.73
O43463,SUV39H1,SER,391,87.71,29.31
O43463,SUV39H1,LYS,393,179.81,42.59
O43463,SUV39H1,LYS,394,196.28,48.91
O43463,SUV39H1,CYS,400,10.56,93.19
O43463,SUV39H1,LYS,401,92.85,93.75
O43463,SUV39H1,CYS,402,22.5,94.0
O43463,SUV39H1,THR,404,34.62,93.5
O43463,SUV39H1,SER,406,78.81,91.94
O43463,SUV39H1,CYS,407,21.41,93.5
O43463,SUV39H1,LYS,409,137.15,90.56
O43463,SUV39H1,TYR,410,88.64,88.81
O43570,CA12,SER,5,93.83,40.81
O43570,CA12,LYS,18,182.08,41.84
O43570,CA12,SER,22,110.82,41.75
O43570,CA12,SER,23,95.74,39.0
O43570,CA12,SER,30,39.3,57.31
O43570,CA12,LYS,31,111.88,83.19
O43570,CA12,THR,33,27.26,96.75
O43570,CA12,TYR,34,33.16,97.06
O43570,CA12,SER,42,18.81,97.31
O43570,CA12,SER,44,49.64,97.38
O43570,CA12,LYS,45,157.92,96.38
O43570,CA12,LYS,46,132.07,96.12
O43570,CA12,TYR,47,50.2,97.19
O43570,CA12,SER,49,36.09,97.38
O43570,CA12,CYS,50,10.79,97.94
O43570,CA12,SER,62,67.0,95.44
O43570,CA12,TYR,67,112.22,98.19
O43570,CA12,SER,70,85.96,97.62
O43570,CA12,THR,72,78.79,97.25
O43570,CA12,SER,82,57.14,97.25
O43570,CA12,LYS,85,86.73,97.88
O43570,CA12,THR,90,17.05,98.75
O43570,CA12,LYS,97,44.12,98.75
O43570,CA12,SER,102,68.23,98.25
O43570,CA12,SER,111,20.31,97.56
O43570,CA12,THR,116,35.65,98.75
O43570,CA12,SER,136,69.85,98.0
O43570,CA12,TYR,149,19.27,98.81
O43570,CA12,SER,151,39.59,98.44
O43570,CA12,TYR,154,36.1,98.38
O43570,CA12,SER,158,93.3,97.25
O43570,CA12,THR,159,46.14,97.69
O43570,CA12,SER,161,26.16,96.25
O43570,CA12,LYS,163,75.67,96.81
O43570,CA12,SER,164,88.35,94.38
O43570,CA12,SER,178,73.78,98.25
O43570,CA12,SER,182,15.61,98.69
O43570,CA12,LYS,185,71.44,98.69
O43570,CA12,SER,188,55.42,98.38
O43570,CA12,LYS,194,64.32,98.62
O43570,CA12,TYR,195,50.61,98.62
O43570,CA12,LYS,196,41.38,98.19
O43570,CA12,THR,215,36.24,98.5
O43570,CA12,TYR,219,10.63,98.81
O43570,CA12,THR,227,25.72,97.69
O43570,CA12,THR,233,14.94,98.19
O43570,CA12,THR,255,66.87,98.5
O43570,CA12,TYR,258,43.84,98.44
O43570,CA12,CYS,259,17.26,97.25
O43570,CA12,SER,266,77.22,96.06
O43570,CA12,LYS,279,178.61,97.69
O43570,CA12,TYR,286,84.34,98.56
O43570,CA12,SER,288,20.43,98.25
O43570,CA12,SER,290,66.77,89.31
O43570,CA12,CYS,295,102.77,37.0
O43570,CA12,THR,296,55.24,35.59
O43570,CA12,SER,301,63.81,72.19
O43570,CA12,SER,307,56.5,86.31
O43570,CA12,CYS,317,63.32,92.44
O43570,CA12,SER,323,45.61,89.31
O43570,CA12,LYS,330,154.32,74.62
O43570,CA12,SER,331,74.31,62.97
O43570,CA12,LYS,333,156.63,58.0
O43570,CA12,LYS,334,176.36,54.81
O43570,CA12,LYS,338,184.05,48.31
O43570,CA12,TYR,342,198.04,52.88
O43570,CA12,LYS,343,183.19,56.88
O43570,CA12,THR,346,120.99,56.97
O43570,CA12,LYS,347,182.08,51.88
O43570,CA12,THR,350,118.82,54.47
O60637,TSPAN3,CYS,4,100.87,80.38
O60637,TSPAN3,THR,7,86.02,88.69
O60637,TSPAN3,SER,8,62.54,91.0
O60637,TSPAN3,SER,9,10.06,92.88
O60637,TSPAN3,LYS,10,43.89,92.88
O60637,TSPAN3,THR,11,86.5,93.62
O60637,TSPAN3,CYS,28,44.72,94.88
O60637,TSPAN3,TYR,29,156.1,94.81
O60637,TSPAN3,TYR,33,132.86,90.19
O60637,TSPAN3,THR,37,48.32,77.5
O60637,TSPAN3,TYR,38,88.97,68.69
O60637,TSPAN3,TYR,41,136.09,56.0
O60637,TSPAN3,TYR,49,159.88,63.25
O60637,TSPAN3,THR,50,37.76,66.56
O60637,TSPAN3,CYS,72,26.89,93.94
O60637,TSPAN3,CYS,73,55.18,93.56
O60637,TSPAN3,SER,79,39.0,88.62
O60637,TSPAN3,CYS,81,99.37,91.19
O60637,TSPAN3,THR,85,55.45,94.5
O60637,TSPAN3,THR,96,79.64,95.38
O60637,TSPAN3,TYR,105,157.51,89.25
O60637,TSPAN3,TYR,107,111.52,93.06
O60637,TSPAN3,LYS,110,139.89,89.62
O60637,TSPAN3,SER,118,56.73,80.94
O60637,TSPAN3,LYS,121,132.05,84.44
O60637,TSPAN3,TYR,123,16.82,84.81
O60637,TSPAN3,LYS,124,145.34,84.5
O60637,TSPAN3,THR,125,72.7,83.56
O60637,TSPAN3,TYR,126,15.93,86.56
O60637,TSPAN3,THR,129,67.14,69.5
O60637,TSPAN3,TYR,140,136.44,88.0
O60637,TSPAN3,TYR,153,62.62,94.31
O60637,TSPAN3,SER,154,44.22,93.25
O60637,TSPAN3,THR,159,14.62,89.94
O60637,TSPAN3,LYS,163,114.2,91.12
O60637,TSPAN3,THR,165,48.86,87.69
O60637,TSPAN3,LYS,166,169.7,84.62
O60637,TSPAN3,SER,169,17.61,93.56
O60637,TSPAN3,CYS,175,21.82,96.75
O60637,TSPAN3,THR,178,117.96,91.44
O60637,TSPAN3,SER,180,98.66,89.44
O60637,TSPAN3,CYS,182,24.64,93.62
O60637,TSPAN3,SER,185,23.14,94.25
O60637,TSPAN3,SER,190,77.89,93.12
O60637,TSPAN3,TYR,193,18.99,96.12
O60637,TSPAN3,LYS,203,129.27,89.06
O60637,TSPAN3,LYS,204,96.49,87.75
O60637,TSPAN3,CYS,229,10.06,95.38
O60637,TSPAN3,CYS,231,48.95,94.38
O60637,TSPAN3,CYS,235,88.92,89.88
O60637,TSPAN3,SER,238,51.85,80.94
O60637,TSPAN3,TYR,243,29.89,61.41
O60637,TSPAN3,THR,248,67.64,67.0
O60637,TSPAN3,THR,251,105.08,55.94
O60637,TSPAN3,TYR,252,194.71,52.44
O60831,PRAF2,SER,2,74.87,49.88
O60831,PRAF2,SER,19,44.36,64.25
O60831,PRAF2,CYS,28,115.16,83.19
O60831,PRAF2,CYS,34,36.91,85.69
O60831,PRAF2,TYR,43,16.96,82.31
O60831,PRAF2,THR,46,26.23,88.06
O60831,PRAF2,CYS,51,63.21,92.69
O60831,PRAF2,TYR,61,196.45,94.75
O60831,PRAF2,THR,87,88.84,92.69
O60831,PRAF2,CYS,94,61.98,87.81
O60831,PRAF2,SER,97,72.41,86.06
O60831,PRAF2,CYS,102,11.21,92.12
O60831,PRAF2,CYS,121,73.13,94.75
O60831,PRAF2,SER,139,12.42,90.38
O60831,PRAF2,LYS,146,155.05,53.44
O60831,PRAF2,LYS,148,103.97,54.22
O60831,PRAF2,LYS,152,173.12,52.94
O60831,PRAF2,SER,155,46.35,53.81
O60831,PRAF2,LYS,159,109.22,58.41
O60831,PRAF2,SER,178,109.4,46.41
O75030,MITF,SER,3,108.12,53.91
O75030,MITF,SER,5,107.23,59.81
O75030,MITF,LYS,22,152.02,58.47
O75030,MITF,THR,23,118.31,61.94
O75030,MITF,TYR,24,179.23,60.72
O75030,MITF,TYR,25,206.52,67.12
O75030,MITF,LYS,28,153.44,59.41
O75030,MITF,SER,29,108.9,66.56
O75030,MITF,LYS,33,196.05,45.72
O75030,MITF,SER,34,111.64,40.12
O75030,MITF,SER,35,103.45,41.94
O75030,MITF,SER,36,113.91,35.56
O75030,MITF,SER,37,105.06,40.59
O75030,MITF,SER,44,109.85,40.47
O75030,MITF,LYS,45,198.49,46.56
O75030,MITF,SER,49,116.52,44.97
O75030,MITF,SER,50,89.93,47.66
O75030,MITF,SER,51,86.72,51.56
O75030,MITF,SER,52,80.37,52.5
O75030,MITF,THR,54,77.84,63.69
O75030,MITF,SER,55,68.17,76.75
O75030,MITF,LYS,79,156.03,82.25
O75030,MITF,SER,93,84.0,41.09
O75030,MITF,THR,95,129.82,36.0
O75030,MITF,SER,101,87.37,37.75
O75030,MITF,THR,104,79.42,37.19
O75030,MITF,THR,105,124.36,36.84
O75030,MITF,SER,108,112.24,35.81
O75030,MITF,THR,110,129.81,34.47
O75030,MITF,LYS,118,198.19,52.53
O75030,MITF,THR,121,82.1,54.09
O75030,MITF,THR,127,65.52,76.44
O75030,MITF,LYS,128,151.28,78.06
O75030,MITF,TYR,129,140.48,81.31
O75030,MITF,LYS,140,148.35,84.44
O75030,MITF,TYR,142,164.78,79.81
O75030,MITF,SER,144,61.58,75.19
O75030,MITF,THR,145,84.61,68.69
O75030,MITF,THR,146,69.27,59.5
O75030,MITF,LYS,150,168.85,45.44
O75030,MITF,SER,157,106.15,33.19
O75030,MITF,CYS,160,121.33,35.19
O75030,MITF,SER,175,107.74,37.81
O75030,MITF,SER,176,114.43,38.69
O75030,MITF,SER,180,87.81,33.56
O75030,MITF,THR,186,122.19,33.34
O75030,MITF,SER,189,104.15,33.25
O75030,MITF,CYS,191,136.63,32.66
O75030,MITF,LYS,193,189.91,37.0
O75030,MITF,TYR,197,177.64,31.16
O75030,MITF,LYS,198,169.0,29.47
O75030,MITF,SER,207,76.1,32.47
O75030,MITF,CYS,209,72.22,36.53
O75030,MITF,THR,214,107.69,44.59
O75030,MITF,SER,216,87.45,42.53
O75030,MITF,SER,219,55.4,51.22
O75030,MITF,CYS,220,52.62,53.84
O75030,MITF,SER,232,66.89,81.5
O75030,MITF,SER,235,61.69,65.44
O75030,MITF,SER,236,54.27,64.31
O75030,MITF,TYR,237,150.34,60.06
O75030,MITF,THR,254,116.47,46.25
O75030,MITF,SER,258,114.48,42.94
O75030,MITF,TYR,265,210.75,43.56
O75030,MITF,THR,276,134.64,43.69
O75030,MITF,SER,278,93.33,44.75
O75030,MITF,SER,280,98.37,58.0
O75030,MITF,CYS,281,102.55,53.06
O75030,MITF,LYS,289,155.56,56.56
O75030,MITF,THR,293,69.56,63.81
O75030,MITF,CYS,295,98.31,65.38
O75030,MITF,THR,299,75.41,83.94
O75030,MITF,SER,301,78.87,87.69
O75030,MITF,LYS,308,150.19,94.44
O75030,MITF,LYS,312,129.27,96.44
O75030,MITF,LYS,313,119.64,96.38
O75030,MITF,LYS,332,131.23,97.81
O75030,MITF,THR,336,107.62,96.75
O75030,MITF,LYS,340,122.46,88.75
O75030,MITF,SER,341,45.02,86.12
O75030,MITF,LYS,350,113.36,97.12
O75030,MITF,THR,352,43.04,97.0
O75030,MITF,LYS,355,138.63,97.56
O75030,MITF,TYR,360,58.64,98.38
O75030,MITF,LYS,363,93.59,98.19
O75030,MITF,LYS,372,122.26,98.19
O75030,MITF,LYS,379,115.01,98.44
O75030,MITF,LYS,380,153.63,98.38
O75030,MITF,SER,405,97.36,71.56
O75030,MITF,SER,409,92.31,51.16
O75030,MITF,THR,410,111.84,52.34
O75030,MITF,CYS,413,107.7,39.47
O75030,MITF,SER,414,45.7,40.91
O75030,MITF,LYS,423,181.36,52.84
O75030,MITF,CYS,431,115.0,30.25
O75030,MITF,SER,432,93.94,37.06
O75030,MITF,THR,443,124.77,34.97
O75030,MITF,CYS,444,113.36,42.81
O75030,MITF,THR,445,113.81,47.34
O75030,MITF,THR,446,102.35,52.28
O75030,MITF,THR,447,108.26,59.78
O75030,MITF,THR,451,124.71,69.38
O75030,MITF,THR,454,85.66,63.91
O75030,MITF,THR,456,91.96,58.31
O75030,MITF,THR,463,153.72,37.16
O75030,MITF,THR,465,125.59,37.72
O75030,MITF,TYR,471,202.65,35.69
O75030,MITF,SER,472,110.95,35.06
O75030,MITF,THR,475,112.22,37.16
O75030,MITF,LYS,476,188.27,36.34
O75030,MITF,SER,479,119.11,44.94
O75030,MITF,LYS,480,164.33,37.62
O75030,MITF,THR,489,99.68,40.94
O75030,MITF,SER,491,113.7,34.94
O75030,MITF,THR,496,119.92,48.22
O75030,MITF,SER,501,99.97,39.0
O75030,MITF,SER,502,100.32,42.56
O75030,MITF,SER,504,101.77,44.94
O75030,MITF,SER,508,107.82,47.19
O75030,MITF,LYS,509,211.53,42.59
O75030,MITF,THR,510,128.28,49.38
O75030,MITF,SER,511,109.23,50.44
O75030,MITF,SER,512,95.07,47.31
O75030,MITF,SER,515,104.38,55.41
O75030,MITF,SER,516,106.19,47.25
O75030,MITF,SER,518,99.96,52.34
O75030,MITF,THR,522,128.42,57.94
O75030,MITF,THR,525,132.79,56.19
O75030,MITF,CYS,526,195.53,49.25
O75038,PLCH2,SER,2,122.96,29.19
O75038,PLCH2,SER,7,86.97,27.03
O75038,PLCH2,SER,10,89.06,28.84
O75038,PLCH2,THR,12,115.99,34.81
O75038,PLCH2,LYS,13,191.95,32.78
O75038,PLCH2,THR,15,98.89,33.0
O75038,PLCH2,SER,29,36.43,27.72
O75038,PLCH2,SER,33,80.68,26.78
O75038,PLCH2,SER,34,122.41,29.77
O75038,PLCH2,LYS,57,45.85,91.62
O75038,PLCH2,SER,62,111.27,59.44
O75038,PLCH2,LYS,63,128.42,69.31
O75038,PLCH2,TYR,70,64.41,94.06
O75038,PLCH2,SER,76,19.99,65.44
O75038,PLCH2,CYS,77,10.86,84.94
O75038,PLCH2,SER,83,36.99,74.31
O75038,PLCH2,LYS,85,140.44,69.75
O75038,PLCH2,LYS,88,155.95,73.31
O75038,PLCH2,LYS,90,84.74,87.88
O75038,PLCH2,SER,92,39.12,81.44
O75038,PLCH2,SER,95,39.73,78.25
O75038,PLCH2,TYR,111,36.87,77.75
O75038,PLCH2,SER,115,50.77,78.56
O75038,PLCH2,CYS,120,16.84,92.25
O75038,PLCH2,SER,128,84.69,63.0
O75038,PLCH2,SER,132,34.22,87.12
O75038,PLCH2,SER,137,11.33,92.75
O75038,PLCH2,THR,138,100.88,90.19
O75038,PLCH2,SER,139,38.82,91.44
O75038,PLCH2,SER,140,23.91,90.5
O75038,PLCH2,THR,145,33.25,91.31
O75038,PLCH2,THR,148,49.3,85.25
O75038,PLCH2,TYR,152,73.33,74.31
O75038,PLCH2,SER,158,67.32,43.62
O75038,PLCH2,SER,162,29.81,41.41
O75038,PLCH2,THR,169,60.06,51.34
O75038,PLCH2,LYS,175,82.34,74.62
O75038,PLCH2,LYS,183,136.55,79.25
O75038,PLCH2,SER,188,20.87,88.5
O75038,PLCH2,SER,190,38.38,88.94
O75038,PLCH2,LYS,200,99.54,74.88
O75038,PLCH2,LYS,211,118.9,84.19
O75038,PLCH2,THR,219,105.19,80.69
O75038,PLCH2,THR,225,41.61,87.12
O75038,PLCH2,CYS,232,21.89,79.38
O75038,PLCH2,TYR,235,13.67,77.56
O75038,PLCH2,LYS,236,100.38,73.12
O75038,PLCH2,SER,239,38.03,68.0
O75038,PLCH2,THR,240,38.07,68.06
O75038,PLCH2,THR,250,88.41,85.0
O75038,PLCH2,TYR,251,30.13,87.81
O75038,PLCH2,LYS,255,83.01,79.25
O75038,PLCH2,LYS,272,132.28,91.12
O75038,PLCH2,THR,277,65.29,93.56
O75038,PLCH2,SER,280,40.94,92.25
O75038,PLCH2,CYS,291,41.73,78.75
O75038,PLCH2,LYS,295,75.26,85.12
O75038,PLCH2,SER,296,96.62,86.88
O75038,PLCH2,LYS,297,132.23,89.19
O75038,PLCH2,THR,306,29.94,84.19
O75038,PLCH2,THR,329,89.53,96.19
O75038,PLCH2,SER,352,16.26,85.81
O75038,PLCH2,TYR,388,97.83,82.94
O75038,PLCH2,THR,389,10.44,84.94
O75038,PLCH2,SER,392,48.37,90.44
O75038,PLCH2,LYS,393,119.28,94.31
O75038,PLCH2,LYS,397,77.99,97.75
O75038,PLCH2,THR,402,14.8,97.0
O75038,PLCH2,LYS,405,96.07,95.94
O75038,PLCH2,TYR,406,22.26,96.12
O75038,PLCH2,LYS,410,68.9,85.88
O75038,PLCH2,TYR,413,16.79,97.94
O75038,PLCH2,SER,424,46.89,93.88
O75038,PLCH2,LYS,429,74.13,96.69
O75038,PLCH2,LYS,430,52.57,96.94
O75038,PLCH2,TYR,434,34.38,98.12
O75038,PLCH2,THR,436,70.84,97.31
O75038,PLCH2,LYS,442,65.12,96.81
O75038,PLCH2,SER,446,95.6,86.88
O75038,PLCH2,SER,447,90.96,83.19
O75038,PLCH2,SER,449,92.62,70.25
O75038,PLCH2,SER,450,30.6,64.06
O75038,PLCH2,THR,454,99.15,76.0
O75038,PLCH2,THR,455,46.72,85.0
O75038,PLCH2,LYS,463,68.66,96.75
O75038,PLCH2,LYS,465,33.83,97.69
O75038,PLCH2,LYS,469,14.7,96.06
O75038,PLCH2,LYS,471,25.41,90.25
O75038,PLCH2,LYS,472,60.54,90.31
O75038,PLCH2,SER,478,66.35,79.62
O75038,PLCH2,SER,487,37.14,73.75
O75038,PLCH2,SER,491,21.57,50.62
O75038,PLCH2,LYS,500,55.66,67.88
O75038,PLCH2,SER,507,109.03,52.0
O75038,PLCH2,THR,508,123.79,51.66
O75038,PLCH2,LYS,511,162.22,71.88
O75038,PLCH2,THR,516,62.44,76.69
O75038,PLCH2,LYS,518,93.04,77.62
O75038,PLCH2,LYS,520,53.74,74.5
O75038,PLCH2,SER,523,66.48,76.81
O75038,PLCH2,LYS,526,126.44,75.62
O75038,PLCH2,LYS,529,75.49,66.69
O75038,PLCH2,CYS,533,109.34,50.25
O75038,PLCH2,SER,540,56.6,30.03
O75038,PLCH2,SER,542,75.06,25.45
O75038,PLCH2,THR,543,146.59,25.52
O75038,PLCH2,SER,545,106.79,23.97
O75038,PLCH2,SER,547,114.62,30.09
O75038,PLCH2,LYS,549,197.21,32.28
O75038,PLCH2,LYS,553,202.46,26.12
O75038,PLCH2,SER,554,117.32,31.61
O75038,PLCH2,LYS,555,193.82,30.3
O75038,PLCH2,SER,562,113.91,37.0
O75038,PLCH2,SER,569,101.31,30.55
O75038,PLCH2,SER,579,89.98,34.81
O75038,PLCH2,SER,581,91.35,36.38
O75038,PLCH2,LYS,584,198.16,34.41
O75038,PLCH2,LYS,585,198.57,33.59
O75038,PLCH2,LYS,586,207.93,31.52
O75038,PLCH2,SER,588,99.26,34.72
O75038,PLCH2,LYS,589,185.39,34.97
O75038,PLCH2,LYS,591,179.55,35.12
O75038,PLCH2,LYS,592,182.22,32.12
O75038,PLCH2,SER,595,97.21,31.62
O75038,PLCH2,SER,605,98.83,36.09
O75038,PLCH2,SER,610,106.86,28.56
O75038,PLCH2,THR,614,122.48,33.34
O75038,PLCH2,LYS,617,115.89,55.62
O75038,PLCH2,LYS,618,146.36,65.94
O75038,PLCH2,THR,619,76.28,72.94
O75038,PLCH2,LYS,621,111.16,89.56
O75038,PLCH2,LYS,631,88.39,88.88
O75038,PLCH2,TYR,632,29.52,89.25
O75038,PLCH2,LYS,634,63.13,91.31
O75038,PLCH2,THR,638,38.08,62.0
O75038,PLCH2,SER,647,31.11,72.38
O75038,PLCH2,SER,653,23.84,91.38
O75038,PLCH2,SER,655,28.85,90.12
O75038,PLCH2,THR,657,74.81,89.06
O75038,PLCH2,LYS,658,88.7,89.75
O75038,PLCH2,LYS,666,47.74,87.69
O75038,PLCH2,TYR,682,33.37,94.88
O75038,PLCH2,SER,684,16.16,85.62
O75038,PLCH2,SER,685,39.17,81.25
O75038,PLCH2,TYR,686,59.97,80.56
O75038,PLCH2,SER,691,24.01,89.5
O75038,PLCH2,TYR,710,14.29,95.69
O75038,PLCH2,SER,712,25.87,88.0
O75038,PLCH2,SER,725,39.84,95.38
O75038,PLCH2,CYS,738,35.05,88.25
O75038,PLCH2,CYS,740,11.89,90.62
O75038,PLCH2,SER,748,31.98,84.62
O75038,PLCH2,LYS,757,37.94,90.25
O75038,PLCH2,LYS,758,57.96,93.88
O75038,PLCH2,LYS,772,27.41,80.88
O75038,PLCH2,SER,776,34.15,64.38
O75038,PLCH2,CYS,800,30.41,95.31
O75038,PLCH2,SER,801,42.32,94.94
O75038,PLCH2,THR,816,63.56,90.12
O75038,PLCH2,THR,820,73.63,97.62
O75038,PLCH2,SER,856,62.22,95.19
O75038,PLCH2,TYR,862,10.99,96.31
O75038,PLCH2,TYR,866,26.79,93.88
O75038,PLCH2,SER,882,62.67,93.06
O75038,PLCH2,SER,885,61.62,70.44
O75038,PLCH2,LYS,887,164.65,46.19
O75038,PLCH2,LYS,889,201.33,31.84
O75038,PLCH2,LYS,895,211.43,35.75
O75038,PLCH2,LYS,903,193.9,33.28
O75038,PLCH2,SER,906,107.53,32.41
O75038,PLCH2,SER,909,89.61,41.22
O75038,PLCH2,SER,920,89.8,34.22
O75038,PLCH2,SER,922,102.93,39.09
O75038,PLCH2,THR,929,118.06,33.06
O75038,PLCH2,SER,931,112.61,31.38
O75038,PLCH2,THR,934,124.03,31.36
O75038,PLCH2,LYS,935,215.78,31.98
O75038,PLCH2,SER,936,59.2,34.59
O75038,PLCH2,LYS,938,157.27,35.94
O75038,PLCH2,THR,951,117.29,36.94
O75038,PLCH2,THR,954,133.63,33.84
O75038,PLCH2,SER,956,125.95,36.31
O75038,PLCH2,LYS,957,206.28,33.91
O75038,PLCH2,SER,982,126.11,36.31
O75038,PLCH2,SER,984,107.55,35.66
O75038,PLCH2,THR,988,139.03,30.75
O75038,PLCH2,SER,992,95.62,28.27
O75038,PLCH2,THR,993,123.83,28.22
O75038,PLCH2,CYS,1001,115.42,26.03
O75038,PLCH2,SER,1002,96.78,29.39
O75038,PLCH2,THR,1005,116.87,29.34
O75038,PLCH2,THR,1024,117.97,31.55
O75038,PLCH2,SER,1025,112.45,38.41
O75038,PLCH2,SER,1026,116.02,32.91
O75038,PLCH2,SER,1027,103.32,37.16
O75038,PLCH2,TYR,1033,200.57,38.72
O75038,PLCH2,THR,1035,137.94,40.66
O75038,PLCH2,SER,1043,104.32,33.78
O75038,PLCH2,THR,1048,115.7,29.91
O75038,PLCH2,SER,1054,114.03,32.56
O75038,PLCH2,CYS,1059,102.99,27.91
O75038,PLCH2,TYR,1068,232.14,35.47
O75038,PLCH2,SER,1074,111.12,34.44
O75038,PLCH2,THR,1076,108.89,36.75
O75038,PLCH2,SER,1080,94.97,36.81
O75038,PLCH2,THR,1084,114.17,37.66
O75038,PLCH2,LYS,1095,136.73,34.16
O75038,PLCH2,SER,1096,97.82,36.69
O75038,PLCH2,THR,1102,121.57,31.53
O75038,PLCH2,TYR,1121,222.48,27.77
O75038,PLCH2,SER,1122,80.27,26.08
O75038,PLCH2,THR,1125,135.34,34.06
O75038,PLCH2,SER,1127,114.22,26.34
O75038,PLCH2,CYS,1137,88.92,28.11
O75038,PLCH2,SER,1142,86.95,26.0
O75038,PLCH2,SER,1144,95.45,24.27
O75038,PLCH2,SER,1145,61.76,27.55
O75038,PLCH2,SER,1146,65.25,25.06
O75038,PLCH2,SER,1147,88.82,27.36
O75038,PLCH2,SER,1148,66.94,25.86
O75038,PLCH2,SER,1150,32.53,28.08
O75038,PLCH2,SER,1151,65.0,29.41
O75038,PLCH2,SER,1152,80.59,26.42
O75038,PLCH2,THR,1154,125.46,25.81
O75038,PLCH2,SER,1159,62.86,29.86
O75038,PLCH2,SER,1162,108.64,29.53
O75038,PLCH2,SER,1168,107.69,28.42
O75038,PLCH2,SER,1186,107.78,32.84
O75038,PLCH2,SER,1188,113.27,32.09
O75038,PLCH2,THR,1198,110.32,34.44
O75038,PLCH2,LYS,1199,213.25,39.69
O75038,PLCH2,SER,1200,93.53,35.91
O75038,PLCH2,LYS,1201,204.42,37.84
O75038,PLCH2,SER,1202,96.2,37.59
O75038,PLCH2,THR,1209,144.35,32.69
O75038,PLCH2,SER,1223,101.65,24.92
O75038,PLCH2,CYS,1239,122.22,26.2
O75038,PLCH2,SER,1241,102.22,28.28
O75038,PLCH2,CYS,1248,111.65,29.22
O75038,PLCH2,LYS,1253,203.4,27.8
O75038,PLCH2,SER,1254,108.82,28.23
O75038,PLCH2,LYS,1255,218.04,27.66
O75038,PLCH2,SER,1256,112.31,26.09
O75038,PLCH2,THR,1261,126.41,27.72
O75038,PLCH2,SER,1268,108.65,29.89
O75038,PLCH2,SER,1273,114.94,31.83
O75038,PLCH2,SER,1277,75.11,30.09
O75038,PLCH2,SER,1279,85.52,34.94
O75038,PLCH2,THR,1286,152.46,33.56
O75038,PLCH2,SER,1290,108.96,31.19
O75038,PLCH2,THR,1298,99.26,46.94
O75038,PLCH2,THR,1300,16.95,49.38
O75038,PLCH2,THR,1307,36.81,39.38
O75038,PLCH2,THR,1316,126.93,26.72
O75038,PLCH2,SER,1317,95.88,26.86
O75038,PLCH2,THR,1319,132.44,28.84
O75038,PLCH2,SER,1320,97.67,29.2
O75038,PLCH2,SER,1338,64.59,31.45
O75038,PLCH2,SER,1339,69.3,45.03
O75038,PLCH2,SER,1340,100.48,44.25
O75038,PLCH2,SER,1342,37.22,44.66
O75038,PLCH2,SER,1344,64.33,61.66
O75038,PLCH2,SER,1351,58.05,71.56
O75038,PLCH2,THR,1378,133.65,33.53
O75038,PLCH2,CYS,1383,131.94,30.98
O75038,PLCH2,SER,1384,96.92,34.25
O75038,PLCH2,SER,1390,104.47,34.31
O75038,PLCH2,SER,1397,94.56,37.06
O75038,PLCH2,LYS,1398,202.94,38.62
O75038,PLCH2,SER,1405,100.71,31.81
O75477,ERLIN1,THR,4,95.49,81.88
O75477,ERLIN1,TYR,22,188.3,90.06
O75477,ERLIN1,SER,24,10.95,91.69
O75477,ERLIN1,LYS,27,114.98,93.75
O75477,ERLIN1,TYR,36,19.14,94.5
O75477,ERLIN1,TYR,37,44.03,94.5
O75477,ERLIN1,THR,44,109.16,89.44
O75477,ERLIN1,SER,45,75.48,89.19
O75477,ERLIN1,SER,47,23.56,93.69
O75477,ERLIN1,TYR,51,168.91,94.25
O75477,ERLIN1,THR,59,13.26,92.38
O75477,ERLIN1,THR,60,83.78,92.19
O75477,ERLIN1,SER,63,66.52,93.38
O75477,ERLIN1,THR,66,13.01,93.38
O75477,ERLIN1,THR,67,57.19,94.0
O75477,ERLIN1,THR,70,85.19,94.0
O75477,ERLIN1,LYS,74,119.19,94.06
O75477,ERLIN1,SER,81,60.48,94.94
O75477,ERLIN1,TYR,87,99.99,95.19
O75477,ERLIN1,TYR,100,169.66,94.19
O75477,ERLIN1,TYR,109,58.43,93.19
O75477,ERLIN1,THR,110,83.71,91.81
O75477,ERLIN1,LYS,115,111.44,91.62
O75477,ERLIN1,THR,116,68.24,90.5
O75477,ERLIN1,LYS,121,37.26,92.88
O75477,ERLIN1,SER,131,69.64,95.38
O75477,ERLIN1,THR,134,58.76,94.88
O75477,ERLIN1,TYR,139,64.29,92.31
O75477,ERLIN1,LYS,151,57.74,95.12
O75477,ERLIN1,LYS,156,141.0,95.5
O75477,ERLIN1,THR,166,56.87,95.62
O75477,ERLIN1,THR,173,47.86,94.75
O75477,ERLIN1,LYS,174,122.05,93.75
O75477,ERLIN1,LYS,176,122.69,93.19
O75477,ERLIN1,LYS,192,82.83,91.75
O75477,ERLIN1,THR,193,70.59,93.0
O75477,ERLIN1,LYS,194,119.74,95.81
O75477,ERLIN1,LYS,201,132.71,96.56
O75477,ERLIN1,LYS,203,139.4,96.0
O75477,ERLIN1,LYS,207,119.94,95.56
O75477,ERLIN1,THR,211,80.57,94.62
O75477,ERLIN1,LYS,214,126.78,95.75
O75477,ERLIN1,LYS,215,139.84,96.0
O75477,ERLIN1,LYS,222,132.6,96.12
O75477,ERLIN1,LYS,228,132.61,95.94
O75477,ERLIN1,LYS,234,129.42,95.56
O75477,ERLIN1,LYS,238,113.91,95.0
O75477,ERLIN1,THR,240,62.4,93.0
O75477,ERLIN1,LYS,242,129.49,94.25
O75477,ERLIN1,SER,245,56.0,93.25
O75477,ERLIN1,LYS,257,139.07,94.5
O75477,ERLIN1,LYS,259,116.31,95.0
O75477,ERLIN1,TYR,264,161.15,92.25
O75477,ERLIN1,TYR,265,136.02,92.56
O75477,ERLIN1,LYS,269,109.35,90.62
O75477,ERLIN1,TYR,270,149.82,88.88
O75477,ERLIN1,THR,272,47.64,88.94
O75477,ERLIN1,SER,273,41.42,85.56
O75477,ERLIN1,LYS,275,152.03,83.62
O75477,ERLIN1,LYS,277,80.78,79.06
O75477,ERLIN1,THR,279,57.43,81.38
O75477,ERLIN1,TYR,282,77.75,85.88
O75477,ERLIN1,LYS,286,93.56,85.88
O75477,ERLIN1,LYS,287,131.09,84.38
O75477,ERLIN1,TYR,288,134.44,86.06
O75477,ERLIN1,SER,293,90.99,81.81
O75477,ERLIN1,SER,295,70.67,68.75
O75477,ERLIN1,LYS,296,158.04,67.88
O75477,ERLIN1,TYR,298,156.4,62.78
O75477,ERLIN1,SER,301,122.65,62.59
O75477,ERLIN1,SER,310,77.46,46.88
O75477,ERLIN1,SER,311,98.57,51.72
O75477,ERLIN1,CYS,312,123.55,49.88
O75477,ERLIN1,LYS,315,197.14,42.62
O75477,ERLIN1,TYR,316,202.9,42.59
O75477,ERLIN1,SER,317,89.51,36.03
O75477,ERLIN1,THR,321,136.63,36.19
O75477,ERLIN1,SER,325,99.27,35.56
O75477,ERLIN1,SER,326,96.67,39.03
O75477,ERLIN1,SER,329,98.1,34.66
O75477,ERLIN1,LYS,330,190.07,42.41
O75477,ERLIN1,SER,336,115.63,35.31
O75477,ERLIN1,LYS,344,162.3,44.47
O75477,ERLIN1,SER,346,86.54,45.34
O75477,ERLIN1,THR,347,139.34,49.75
O75747,PIK3C2G,TYR,3,208.87,33.22
O75747,PIK3C2G,SER,4,90.4,32.81
O75747,PIK3C2G,THR,7,122.9,34.5
O75747,PIK3C2G,SER,14,85.46,34.66
O75747,PIK3C2G,LYS,17,154.69,32.16
O75747,PIK3C2G,TYR,19,174.21,30.75
O75747,PIK3C2G,SER,32,104.44,27.22
O75747,PIK3C2G,SER,33,125.77,24.66
O75747,PIK3C2G,SER,34,94.8,29.42
O75747,PIK3C2G,SER,37,83.99,36.25
O75747,PIK3C2G,SER,48,95.62,31.64
O75747,PIK3C2G,LYS,50,192.05,31.91
O75747,PIK3C2G,TYR,54,220.16,29.62
O75747,PIK3C2G,SER,56,108.5,29.94
O75747,PIK3C2G,THR,62,107.6,25.45
O75747,PIK3C2G,THR,67,135.53,29.58
O75747,PIK3C2G,LYS,70,188.71,26.88
O75747,PIK3C2G,SER,73,94.09,32.94
O75747,PIK3C2G,THR,74,139.42,31.27
O75747,PIK3C2G,SER,77,95.58,28.41
O75747,PIK3C2G,SER,85,83.25,25.03
O75747,PIK3C2G,THR,90,123.93,26.0
O75747,PIK3C2G,SER,91,99.02,27.59
O75747,PIK3C2G,LYS,92,190.98,29.78
O75747,PIK3C2G,SER,93,99.24,23.67
O75747,PIK3C2G,SER,97,99.95,25.05
O75747,PIK3C2G,SER,102,112.87,25.56
O75747,PIK3C2G,LYS,103,194.93,27.0
O75747,PIK3C2G,SER,110,75.14,31.22
O75747,PIK3C2G,SER,112,89.2,26.86
O75747,PIK3C2G,LYS,116,187.54,24.89
O75747,PIK3C2G,THR,120,137.07,26.17
O75747,PIK3C2G,LYS,122,184.36,26.27
O75747,PIK3C2G,CYS,124,137.45,23.69
O75747,PIK3C2G,SER,125,80.75,22.94
O75747,PIK3C2G,SER,128,114.45,24.8
O75747,PIK3C2G,LYS,132,190.11,27.11
O75747,PIK3C2G,SER,139,117.59,31.91
O75747,PIK3C2G,SER,142,97.42,25.06
O75747,PIK3C2G,SER,147,97.16,24.7
O75747,PIK3C2G,THR,149,134.17,25.03
O75747,PIK3C2G,SER,150,99.52,27.44
O75747,PIK3C2G,LYS,153,194.19,26.25
O75747,PIK3C2G,LYS,158,189.1,27.73
O75747,PIK3C2G,TYR,167,184.3,24.3
O75747,PIK3C2G,SER,173,117.9,30.27
O75747,PIK3C2G,SER,174,88.84,24.95
O75747,PIK3C2G,THR,178,117.1,25.81
O75747,PIK3C2G,SER,180,78.4,26.05
O75747,PIK3C2G,SER,181,108.07,23.48
O75747,PIK3C2G,SER,183,113.5,23.84
O75747,PIK3C2G,SER,184,91.38,26.98
O75747,PIK3C2G,LYS,189,199.89,27.23
O75747,PIK3C2G,LYS,193,189.99,32.34
O75747,PIK3C2G,SER,195,117.72,28.25
O75747,PIK3C2G,SER,204,89.02,25.77
O75747,PIK3C2G,LYS,209,180.01,22.95
O75747,PIK3C2G,SER,211,87.75,23.7
O75747,PIK3C2G,SER,219,101.26,25.55
O75747,PIK3C2G,THR,220,118.82,25.81
O75747,PIK3C2G,LYS,223,188.79,25.86
O75747,PIK3C2G,SER,227,91.51,30.23
O75747,PIK3C2G,CYS,230,70.24,54.84
O75747,PIK3C2G,SER,231,62.9,65.0
O75747,PIK3C2G,SER,241,13.2,68.19
O75747,PIK3C2G,THR,243,113.31,74.5
O75747,PIK3C2G,SER,244,46.24,76.75
O75747,PIK3C2G,SER,247,35.5,85.81
O75747,PIK3C2G,LYS,251,69.74,90.88
O75747,PIK3C2G,LYS,253,42.76,91.0
O75747,PIK3C2G,LYS,254,134.78,92.0
O75747,PIK3C2G,TYR,259,21.87,90.56
O75747,PIK3C2G,SER,268,17.9,84.62
O75747,PIK3C2G,LYS,270,18.66,88.62
O75747,PIK3C2G,THR,274,14.67,91.12
O75747,PIK3C2G,THR,276,24.04,85.38
O75747,PIK3C2G,TYR,280,93.43,82.25
O75747,PIK3C2G,SER,284,56.57,76.62
O75747,PIK3C2G,LYS,285,186.98,79.06
O75747,PIK3C2G,THR,286,40.05,84.56
O75747,PIK3C2G,LYS,287,124.56,88.56
O75747,PIK3C2G,SER,297,56.3,70.44
O75747,PIK3C2G,THR,298,141.07,70.69
O75747,PIK3C2G,CYS,306,42.9,90.12
O75747,PIK3C2G,TYR,309,80.84,90.69
O75747,PIK3C2G,LYS,312,71.78,91.56
O75747,PIK3C2G,CYS,322,54.58,76.81
O75747,PIK3C2G,THR,323,50.81,65.0
O75747,PIK3C2G,LYS,330,180.04,70.81
O75747,PIK3C2G,CYS,337,20.3,89.62
O75747,PIK3C2G,SER,339,12.27,89.44
O75747,PIK3C2G,CYS,348,19.26,92.25
O75747,PIK3C2G,LYS,353,49.46,87.5
O75747,PIK3C2G,LYS,357,82.02,74.56
O75747,PIK3C2G,LYS,359,100.49,66.06
O75747,PIK3C2G,SER,360,64.94,72.62
O75747,PIK3C2G,LYS,368,103.03,80.06
O75747,PIK3C2G,SER,369,33.85,72.44
O75747,PIK3C2G,LYS,375,149.96,78.88
O75747,PIK3C2G,SER,377,33.94,87.56
O75747,PIK3C2G,LYS,379,126.43,86.88
O75747,PIK3C2G,SER,385,40.17,83.5
O75747,PIK3C2G,TYR,388,53.7,74.94
O75747,PIK3C2G,LYS,400,122.82,60.41
O75747,PIK3C2G,SER,402,57.47,71.62
O75747,PIK3C2G,CYS,405,57.85,82.62
O75747,PIK3C2G,THR,408,57.03,86.94
O75747,PIK3C2G,LYS,412,95.25,88.44
O75747,PIK3C2G,LYS,418,129.76,84.19
O75747,PIK3C2G,TYR,419,85.74,83.5
O75747,PIK3C2G,LYS,422,173.86,79.38
O75747,PIK3C2G,THR,423,57.0,75.75
O75747,PIK3C2G,TYR,428,156.31,81.62
O75747,PIK3C2G,LYS,435,77.5,90.69
O75747,PIK3C2G,LYS,436,84.26,89.94
O75747,PIK3C2G,SER,439,51.47,86.94
O75747,PIK3C2G,CYS,443,21.55,85.19
O75747,PIK3C2G,THR,446,19.56,85.88
O75747,PIK3C2G,LYS,447,112.21,84.69
O75747,PIK3C2G,SER,457,32.7,82.69
O75747,PIK3C2G,LYS,463,90.18,54.62
O75747,PIK3C2G,TYR,468,195.42,38.5
O75747,PIK3C2G,SER,470,109.14,34.62
O75747,PIK3C2G,SER,471,108.2,45.47
O75747,PIK3C2G,THR,473,76.14,52.75
O75747,PIK3C2G,SER,474,79.09,63.44
O75747,PIK3C2G,LYS,476,105.66,69.81
O75747,PIK3C2G,LYS,481,126.09,83.69
O75747,PIK3C2G,THR,484,67.54,85.0
O75747,PIK3C2G,THR,488,57.51,87.25
O75747,PIK3C2G,TYR,491,38.87,88.5
O75747,PIK3C2G,SER,500,11.01,82.62
O75747,PIK3C2G,TYR,502,22.85,76.56
O75747,PIK3C2G,CYS,513,118.58,38.56
O75747,PIK3C2G,THR,514,73.59,47.78
O75747,PIK3C2G,SER,515,77.28,46.34
O75747,PIK3C2G,TYR,516,90.85,53.03
O75747,PIK3C2G,SER,523,52.3,68.31
O75747,PIK3C2G,SER,526,32.08,85.94
O75747,PIK3C2G,THR,528,27.77,89.81
O75747,PIK3C2G,TYR,530,25.26,88.5
O75747,PIK3C2G,THR,538,97.26,86.38
O75747,PIK3C2G,SER,542,59.53,84.75
O75747,PIK3C2G,TYR,543,32.47,87.0
O75747,PIK3C2G,LYS,544,98.75,86.5
O75747,PIK3C2G,LYS,557,94.87,71.88
O75747,PIK3C2G,LYS,558,70.17,77.06
O75747,PIK3C2G,CYS,560,20.63,81.81
O75747,PIK3C2G,TYR,565,62.13,74.81
O75747,PIK3C2G,LYS,571,129.72,65.81
O75747,PIK3C2G,LYS,572,70.65,69.88
O75747,PIK3C2G,THR,583,71.1,88.0
O75747,PIK3C2G,LYS,591,132.34,73.88
O75747,PIK3C2G,SER,592,26.59,75.56
O75747,PIK3C2G,LYS,602,14.63,90.56
O75747,PIK3C2G,CYS,608,80.12,74.44
O75747,PIK3C2G,THR,610,86.18,78.62
O75747,PIK3C2G,LYS,626,77.19,73.56
O75747,PIK3C2G,LYS,628,86.22,76.31
O75747,PIK3C2G,SER,629,12.37,75.88
O75747,PIK3C2G,SER,633,45.39,86.88
O75747,PIK3C2G,THR,639,13.59,84.25
O75747,PIK3C2G,SER,642,36.05,70.31
O75747,PIK3C2G,THR,650,17.88,82.69
O75747,PIK3C2G,SER,660,17.73,74.31
O75747,PIK3C2G,THR,671,62.16,69.75
O75747,PIK3C2G,TYR,675,55.8,73.81
O75747,PIK3C2G,LYS,677,106.76,70.75
O75747,PIK3C2G,SER,680,56.25,56.06
O75747,PIK3C2G,SER,685,76.48,49.06
O75747,PIK3C2G,LYS,692,177.44,81.81
O75747,PIK3C2G,CYS,694,20.61,85.5
O75747,PIK3C2G,LYS,696,98.27,84.88
O75747,PIK3C2G,SER,702,27.71,85.25
O75747,PIK3C2G,LYS,704,52.45,79.81
O75747,PIK3C2G,SER,711,57.98,87.94
O75747,PIK3C2G,LYS,714,77.36,90.94
O75747,PIK3C2G,LYS,715,28.91,90.81
O75747,PIK3C2G,TYR,717,61.64,90.62
O75747,PIK3C2G,TYR,721,41.1,90.31
O75747,PIK3C2G,TYR,724,58.34,87.56
O75747,PIK3C2G,CYS,725,11.02,88.25
O75747,PIK3C2G,CYS,730,10.46,87.75
O75747,PIK3C2G,SER,731,15.01,88.56
O75747,PIK3C2G,SER,748,17.77,87.0
O75747,PIK3C2G,THR,752,16.71,90.62
O75747,PIK3C2G,THR,758,94.46,92.0
O75747,PIK3C2G,SER,760,60.57,85.06
O75747,PIK3C2G,SER,771,30.46,85.25
O75747,PIK3C2G,SER,772,29.69,84.56
O75747,PIK3C2G,LYS,780,84.06,95.06
O75747,PIK3C2G,SER,826,18.4,92.75
O75747,PIK3C2G,LYS,838,64.07,93.69
O75747,PIK3C2G,TYR,845,78.21,84.44
O75747,PIK3C2G,LYS,847,93.26,87.19
O75747,PIK3C2G,SER,848,17.46,84.44
O75747,PIK3C2G,LYS,863,126.52,91.19
O75747,PIK3C2G,SER,870,56.83,94.75
O75747,PIK3C2G,LYS,871,52.5,96.19
O75747,PIK3C2G,LYS,874,111.72,96.25
O75747,PIK3C2G,LYS,877,145.16,95.75
O75747,PIK3C2G,LYS,887,80.99,90.81
O75747,PIK3C2G,SER,888,97.96,91.5
O75747,PIK3C2G,SER,890,46.59,90.12
O75747,PIK3C2G,LYS,899,108.53,90.44
O75747,PIK3C2G,LYS,900,161.34,92.12
O75747,PIK3C2G,THR,914,52.85,94.88
O75747,PIK3C2G,LYS,926,95.41,95.5
O75747,PIK3C2G,SER,934,38.33,93.88
O75747,PIK3C2G,TYR,935,46.71,93.19
O75747,PIK3C2G,THR,937,110.78,84.62
O75747,PIK3C2G,SER,938,60.4,80.69
O75747,PIK3C2G,LYS,944,45.76,95.69
O75747,PIK3C2G,LYS,955,183.98,90.81
O75747,PIK3C2G,SER,958,32.83,95.38
O75747,PIK3C2G,LYS,962,32.93,94.88
O75747,PIK3C2G,TYR,996,11.67,94.62
O75747,PIK3C2G,LYS,1003,151.51,89.81
O75747,PIK3C2G,THR,1016,31.54,91.69
O75747,PIK3C2G,LYS,1019,109.03,86.81
O75747,PIK3C2G,SER,1024,22.88,66.75
O75747,PIK3C2G,LYS,1031,81.09,69.75
O75747,PIK3C2G,LYS,1036,47.91,89.12
O75747,PIK3C2G,LYS,1037,115.16,87.81
O75747,PIK3C2G,SER,1040,53.18,89.56
O75747,PIK3C2G,LYS,1046,161.25,88.81
O75747,PIK3C2G,TYR,1049,35.25,91.81
O75747,PIK3C2G,LYS,1051,114.87,91.25
O75747,PIK3C2G,TYR,1058,57.78,97.06
O75747,PIK3C2G,LYS,1084,84.35,91.75
O75747,PIK3C2G,SER,1085,52.88,90.69
O75747,PIK3C2G,LYS,1095,63.03,81.44
O75747,PIK3C2G,THR,1102,84.15,48.78
O75747,PIK3C2G,LYS,1107,109.77,57.28
O75747,PIK3C2G,THR,1116,10.37,83.31
O75747,PIK3C2G,SER,1117,19.28,81.12
O75747,PIK3C2G,TYR,1121,66.83,88.5
O75747,PIK3C2G,LYS,1128,159.99,82.88
O75747,PIK3C2G,LYS,1149,91.88,91.44
O75747,PIK3C2G,TYR,1163,61.88,84.56
O75747,PIK3C2G,SER,1170,85.19,79.75
O75747,PIK3C2G,LYS,1176,111.34,90.88
O75747,PIK3C2G,TYR,1177,71.38,91.12
O75747,PIK3C2G,THR,1187,72.56,88.0
O75747,PIK3C2G,THR,1192,14.73,90.81
O75747,PIK3C2G,SER,1193,23.48,88.94
O75747,PIK3C2G,LYS,1197,111.15,89.12
O75747,PIK3C2G,LYS,1198,47.51,90.81
O75747,PIK3C2G,LYS,1200,60.41,84.75
O75747,PIK3C2G,CYS,1205,21.05,67.19
O75747,PIK3C2G,LYS,1209,57.27,60.78
O75747,PIK3C2G,THR,1216,14.03,58.56
O75747,PIK3C2G,SER,1221,101.51,39.25
O75747,PIK3C2G,SER,1224,92.8,25.42
O75747,PIK3C2G,LYS,1227,196.7,27.08
O75747,PIK3C2G,SER,1228,116.38,24.98
O75747,PIK3C2G,THR,1229,131.09,26.91
O75747,PIK3C2G,SER,1230,101.42,25.25
O75747,PIK3C2G,THR,1232,129.17,25.38
O75747,PIK3C2G,SER,1237,103.69,25.86
O75747,PIK3C2G,CYS,1238,129.47,25.08
O75747,PIK3C2G,SER,1241,109.33,35.28
O75747,PIK3C2G,THR,1242,113.68,35.62
O75747,PIK3C2G,THR,1243,124.75,52.16
O75747,PIK3C2G,SER,1245,44.18,66.38
O75747,PIK3C2G,THR,1250,45.94,87.62
O75747,PIK3C2G,LYS,1256,217.46,76.0
O75747,PIK3C2G,LYS,1257,157.33,74.19
O75747,PIK3C2G,SER,1258,42.66,72.38
O75747,PIK3C2G,SER,1259,86.38,68.25
O75747,PIK3C2G,THR,1267,15.37,83.94
O75747,PIK3C2G,SER,1269,73.33,72.62
O75747,PIK3C2G,THR,1273,79.38,77.38
O75747,PIK3C2G,SER,1274,41.22,83.06
O75747,PIK3C2G,LYS,1278,14.27,88.81
O75747,PIK3C2G,SER,1279,24.04,86.88
O75747,PIK3C2G,SER,1284,27.21,84.69
O75747,PIK3C2G,LYS,1285,138.71,86.81
O75747,PIK3C2G,SER,1288,48.76,84.12
O75747,PIK3C2G,LYS,1292,159.41,82.25
O75747,PIK3C2G,SER,1296,115.43,79.69
O75747,PIK3C2G,THR,1298,136.35,82.62
O75747,PIK3C2G,THR,1311,71.58,44.91
O75747,PIK3C2G,SER,1313,46.25,60.56
O75747,PIK3C2G,SER,1332,31.27,79.69
O75747,PIK3C2G,THR,1336,14.52,80.75
O75747,PIK3C2G,CYS,1340,17.5,84.69
O75747,PIK3C2G,SER,1343,69.01,83.31
O75747,PIK3C2G,SER,1347,47.22,64.81
O75747,PIK3C2G,THR,1353,111.17,28.44
O75747,PIK3C2G,SER,1357,103.59,25.84
O75747,PIK3C2G,SER,1358,87.73,26.5
O75747,PIK3C2G,TYR,1361,217.24,28.7
O75747,PIK3C2G,LYS,1365,200.46,29.89
O75747,PIK3C2G,LYS,1369,180.95,68.88
O75747,PIK3C2G,LYS,1370,138.68,79.25
O75747,PIK3C2G,LYS,1372,37.59,90.25
O75747,PIK3C2G,SER,1378,19.14,87.88
O75747,PIK3C2G,TYR,1379,58.72,87.88
O75747,PIK3C2G,LYS,1383,75.53,86.19
O75747,PIK3C2G,THR,1385,15.52,89.12
O75747,PIK3C2G,LYS,1389,14.24,86.12
O75747,PIK3C2G,LYS,1392,64.49,86.75
O75747,PIK3C2G,SER,1400,49.56,81.5
O75747,PIK3C2G,SER,1403,29.42,87.0
O75747,PIK3C2G,TYR,1409,27.68,89.38
O75747,PIK3C2G,TYR,1413,64.43,70.94
O75747,PIK3C2G,SER,1415,74.92,58.72
O75747,PIK3C2G,LYS,1421,112.67,88.88
O75747,PIK3C2G,LYS,1423,143.89,84.38
O75747,PIK3C2G,SER,1424,58.96,84.12
O75747,PIK3C2G,LYS,1427,168.94,77.38
O75747,PIK3C2G,CYS,1428,28.84,78.12
O75747,PIK3C2G,THR,1429,33.68,82.5
O75747,PIK3C2G,THR,1432,11.14,81.44
O75747,PIK3C2G,THR,1443,107.07,82.31
O75747,PIK3C2G,LYS,1455,49.96,89.94
O75747,PIK3C2G,LYS,1457,175.23,82.38
O75747,PIK3C2G,THR,1458,130.94,81.56
O75747,PIK3C2G,CYS,1469,73.12,86.44
O75747,PIK3C2G,SER,1470,79.74,85.62
O75747,PIK3C2G,LYS,1475,132.95,85.31
O75747,PIK3C2G,LYS,1477,87.65,91.06
O75747,PIK3C2G,TYR,1479,15.81,91.56
O75747,PIK3C2G,SER,1484,27.19,57.34
O75964,ATP5MG,LYS,11,131.27,85.44
O75964,ATP5MG,THR,12,68.96,85.75
O75964,ATP5MG,THR,21,95.35,92.5
O75964,ATP5MG,TYR,22,136.33,92.56
O75964,ATP5MG,SER,23,42.85,93.88
O75964,ATP5MG,LYS,24,147.56,92.44
O75964,ATP5MG,THR,29,78.26,94.12
O75964,ATP5MG,TYR,32,148.93,93.31
O75964,ATP5MG,TYR,33,114.96,93.44
O75964,ATP5MG,LYS,35,142.93,89.31
O75964,ATP5MG,THR,42,77.3,91.88
O75964,ATP5MG,SER,52,60.48,93.38
O75964,ATP5MG,LYS,54,129.95,95.25
O75964,ATP5MG,LYS,55,137.44,92.94
O75964,ATP5MG,SER,59,36.42,90.5
O75964,ATP5MG,THR,62,108.03,92.62
O75964,ATP5MG,SER,64,45.15,85.81
O75964,ATP5MG,LYS,66,163.23,86.25
O75964,ATP5MG,THR,69,78.45,93.69
O75964,ATP5MG,LYS,71,170.32,95.31
O75964,ATP5MG,THR,81,62.33,96.56
O75964,ATP5MG,TYR,88,111.08,94.12
O75964,ATP5MG,LYS,95,44.43,92.12
O75964,ATP5MG,TYR,101,135.54,88.31
O76082,SLC22A5,TYR,4,33.88,75.06
O76082,SLC22A5,THR,8,16.28,80.12
O76082,SLC22A5,THR,35,12.44,91.62
O76082,SLC22A5,THR,45,84.27,91.25
O76082,SLC22A5,SER,59,49.33,87.0
O76082,SLC22A5,SER,60,91.64,86.19
O76082,SLC22A5,SER,80,41.16,85.38
O76082,SLC22A5,CYS,81,32.65,90.69
O76082,SLC22A5,TYR,84,15.51,91.62
O76082,SLC22A5,THR,88,43.74,88.81
O76082,SLC22A5,SER,93,17.39,89.31
O76082,SLC22A5,SER,112,54.4,91.19
O76082,SLC22A5,CYS,113,11.94,89.88
O76082,SLC22A5,SER,120,33.97,91.38
O76082,SLC22A5,TYR,124,13.46,91.88
O76082,SLC22A5,SER,126,20.7,94.69
O76082,SLC22A5,THR,130,24.88,94.12
O76082,SLC22A5,CYS,136,30.21,90.19
O76082,SLC22A5,LYS,141,42.76,94.88
O76082,SLC22A5,SER,157,35.4,90.62
O76082,SLC22A5,LYS,170,31.8,94.44
O76082,SLC22A5,THR,181,15.13,93.75
O76082,SLC22A5,LYS,191,182.25,94.81
O76082,SLC22A5,TYR,211,53.96,92.75
O76082,SLC22A5,THR,219,22.63,89.31
O76082,SLC22A5,LYS,224,110.05,81.12
O76082,SLC22A5,SER,225,44.15,82.19
O76082,SLC22A5,SER,231,27.08,84.88
O76082,SLC22A5,THR,232,31.94,82.19
O76082,SLC22A5,CYS,236,21.91,90.5
O76082,SLC22A5,TYR,239,24.59,94.5
O76082,SLC22A5,TYR,251,107.2,95.19
O76082,SLC22A5,CYS,270,12.12,87.5
O76082,SLC22A5,SER,286,69.78,83.94
O76082,SLC22A5,LYS,299,122.47,90.25
O76082,SLC22A5,LYS,302,176.4,90.56
O76082,SLC22A5,SER,310,103.15,73.69
O76082,SLC22A5,THR,311,92.81,74.81
O76082,SLC22A5,SER,316,77.05,65.12
O76082,SLC22A5,SER,322,102.45,53.81
O76082,SLC22A5,SER,323,88.84,52.44
O76082,SLC22A5,LYS,324,170.18,51.72
O76082,SLC22A5,LYS,325,198.39,45.06
O76082,SLC22A5,SER,328,108.41,55.25
O76082,SLC22A5,THR,337,64.25,85.0
O76082,SLC22A5,THR,353,13.92,96.06
O76082,SLC22A5,TYR,387,17.33,92.5
O76082,SLC22A5,TYR,396,151.42,89.5
O76082,SLC22A5,TYR,401,111.64,93.06
O76082,SLC22A5,THR,405,89.8,95.88
O76082,SLC22A5,SER,412,22.97,95.69
O76082,SLC22A5,TYR,425,80.52,83.94
O76082,SLC22A5,TYR,426,157.7,89.88
O76082,SLC22A5,THR,429,11.15,92.88
O76082,SLC22A5,SER,444,27.12,91.0
O76082,SLC22A5,TYR,447,96.34,89.38
O76082,SLC22A5,THR,456,65.52,84.62
O76082,SLC22A5,SER,467,26.38,90.69
O76082,SLC22A5,THR,468,40.7,92.56
O76082,SLC22A5,TYR,479,84.42,95.19
O76082,SLC22A5,TYR,482,49.94,92.81
O76082,SLC22A5,TYR,486,165.73,85.81
O76082,SLC22A5,SER,497,48.69,96.75
O76082,SLC22A5,THR,515,54.64,83.06
O76082,SLC22A5,THR,520,63.92,83.5
O76082,SLC22A5,LYS,528,116.85,68.62
O76082,SLC22A5,LYS,531,201.78,44.56
O76082,SLC22A5,LYS,534,179.99,33.47
O76082,SLC22A5,THR,535,111.75,32.91
O76082,SLC22A5,SER,537,100.03,35.84
O76082,SLC22A5,THR,539,124.11,32.19
O76082,SLC22A5,LYS,543,195.41,29.19
O76082,SLC22A5,THR,550,109.26,29.97
O76082,SLC22A5,LYS,553,183.74,28.7
O76082,SLC22A5,SER,554,93.43,27.47
O76082,SLC22A5,THR,555,120.16,31.11
O94850,DDN,SER,8,95.58,42.91
O94850,DDN,SER,13,105.33,32.06
O94850,DDN,SER,22,121.61,33.66
O94850,DDN,SER,24,104.86,29.25
O94850,DDN,CYS,25,112.48,26.59
O94850,DDN,LYS,30,202.28,37.72
O94850,DDN,SER,31,84.66,39.66
O94850,DDN,LYS,32,130.4,41.34
O94850,DDN,LYS,39,122.83,47.72
O94850,DDN,THR,40,106.15,45.66
O94850,DDN,SER,42,105.33,42.34
O94850,DDN,CYS,43,53.03,40.19
O94850,DDN,TYR,45,191.45,38.69
O94850,DDN,SER,46,83.27,36.84
O94850,DDN,SER,51,101.43,40.97
O94850,DDN,SER,60,92.04,38.84
O94850,DDN,THR,70,142.16,36.0
O94850,DDN,CYS,71,125.4,39.44
O94850,DDN,SER,77,97.01,42.06
O94850,DDN,SER,88,103.23,44.31
O94850,DDN,THR,95,105.3,45.09
O94850,DDN,LYS,112,150.57,90.88
O94850,DDN,LYS,114,151.55,92.06
O94850,DDN,SER,117,69.47,87.5
O94850,DDN,LYS,123,133.39,90.88
O94850,DDN,THR,125,73.86,82.75
O94850,DDN,LYS,128,153.42,82.44
O94850,DDN,LYS,131,172.7,76.62
O94850,DDN,SER,138,95.27,43.06
O94850,DDN,SER,178,100.73,37.97
O94850,DDN,SER,183,99.98,33.69
O94850,DDN,SER,187,75.76,39.88
O94850,DDN,SER,202,70.07,79.12
O94850,DDN,TYR,203,163.91,78.81
O94850,DDN,SER,212,76.25,60.09
O94850,DDN,THR,215,125.17,49.88
O94850,DDN,TYR,227,181.61,80.69
O94850,DDN,SER,232,84.97,65.25
O94850,DDN,TYR,233,189.6,58.62
O94850,DDN,THR,239,127.5,54.44
O94850,DDN,THR,242,132.58,53.91
O94850,DDN,LYS,243,198.87,47.53
O94850,DDN,SER,249,105.22,37.97
O94850,DDN,THR,253,124.2,34.53
O94850,DDN,SER,254,100.03,37.81
O94850,DDN,SER,255,106.56,39.66
O94850,DDN,THR,260,134.42,37.47
O94850,DDN,THR,264,132.7,47.97
O94850,DDN,THR,269,129.17,44.22
O94850,DDN,LYS,270,195.65,49.97
O94850,DDN,LYS,271,200.44,56.12
O94850,DDN,TYR,278,145.51,48.56
O94850,DDN,SER,297,108.44,39.88
O94850,DDN,CYS,300,141.4,33.91
O94850,DDN,LYS,311,215.79,39.97
O94850,DDN,LYS,316,176.51,42.84
O94850,DDN,SER,317,85.15,40.66
O94850,DDN,SER,327,114.35,35.69
O94850,DDN,SER,329,105.67,37.75
O94850,DDN,SER,331,95.35,39.5
O94850,DDN,LYS,336,201.46,37.78
O94850,DDN,THR,338,144.98,40.75
O94850,DDN,SER,340,115.4,34.0
O94850,DDN,THR,343,129.98,37.69
O94850,DDN,SER,350,109.9,39.53
O94850,DDN,THR,352,129.42,39.5
O94850,DDN,CYS,356,130.15,32.12
O94850,DDN,SER,364,105.39,40.72
O94850,DDN,LYS,369,198.43,39.75
O94850,DDN,SER,371,117.99,39.41
O94850,DDN,LYS,375,193.65,40.69
O94850,DDN,LYS,384,185.96,45.41
O94850,DDN,CYS,385,115.47,32.47
O94850,DDN,SER,389,100.35,35.0
O94850,DDN,LYS,391,199.24,39.06
O94850,DDN,LYS,392,200.74,41.62
O94850,DDN,SER,398,103.17,33.91
O94850,DDN,THR,400,104.94,34.38
O94850,DDN,THR,410,137.13,37.66
O94850,DDN,SER,415,111.4,39.0
O94850,DDN,THR,426,136.89,34.19
O94850,DDN,LYS,431,222.07,40.0
O94850,DDN,THR,433,139.63,43.25
O94850,DDN,THR,438,119.34,37.25
O94850,DDN,SER,442,99.36,31.33
O94850,DDN,SER,443,80.5,36.69
O94850,DDN,SER,447,93.22,43.19
O94850,DDN,THR,458,108.88,52.28
O94850,DDN,CYS,459,35.69,51.97
O94850,DDN,SER,464,18.69,48.22
O94850,DDN,TYR,466,92.69,46.62
O94850,DDN,THR,469,94.66,47.75
O94850,DDN,THR,472,118.0,44.81
O94850,DDN,SER,480,106.53,37.16
O94850,DDN,THR,483,124.99,35.38
O94850,DDN,SER,489,104.11,31.06
O94850,DDN,SER,491,109.57,34.62
O94850,DDN,SER,493,95.29,38.09
O94850,DDN,LYS,494,203.21,35.59
O94850,DDN,LYS,497,203.47,39.09
O94850,DDN,THR,504,126.15,33.72
O94850,DDN,SER,508,97.94,30.88
O94850,DDN,CYS,510,120.43,29.72
O94850,DDN,LYS,512,176.89,39.28
O94850,DDN,SER,515,103.27,38.94
O94850,DDN,SER,516,104.59,34.69
O94850,DDN,SER,517,90.15,33.0
O94850,DDN,SER,539,87.27,39.94
O94850,DDN,THR,540,86.92,56.19
O94850,DDN,THR,545,63.74,56.19
O94850,DDN,THR,563,141.49,33.22
O94850,DDN,SER,567,108.32,29.62
O94850,DDN,SER,578,124.77,37.5
O94850,DDN,SER,587,108.49,35.78
O94850,DDN,THR,603,121.21,47.94
O94850,DDN,TYR,607,139.17,63.97
O94850,DDN,SER,616,41.95,76.81
O94850,DDN,THR,622,104.25,77.44
O94850,DDN,SER,626,83.19,56.56
O94850,DDN,THR,628,120.12,55.56
O94850,DDN,SER,635,107.13,42.97
O94850,DDN,SER,638,123.49,38.84
O94850,DDN,SER,640,120.02,38.75
O94850,DDN,SER,641,109.73,45.81
O94850,DDN,SER,644,109.86,38.81
O94850,DDN,THR,646,144.49,44.97
O94850,DDN,SER,652,104.66,34.06
O94850,DDN,THR,658,126.56,32.75
O94850,DDN,SER,665,114.81,36.53
O94850,DDN,SER,666,104.71,32.81
O94850,DDN,LYS,672,205.59,39.69
O94850,DDN,THR,673,133.34,39.97
O94850,DDN,SER,677,82.22,55.06
O94850,DDN,SER,679,42.54,64.38
O94850,DDN,SER,688,59.85,64.25
O94850,DDN,THR,690,69.41,65.62
O94850,DDN,THR,703,124.89,37.81
O94850,DDN,LYS,709,180.12,46.97
O94898,LRIG2,CYS,16,125.59,28.41
O94898,LRIG2,SER,18,98.41,30.34
O94898,LRIG2,SER,22,96.23,34.72
O94898,LRIG2,THR,30,138.41,33.91
O94898,LRIG2,CYS,43,43.73,74.0
O94898,LRIG2,CYS,47,13.45,83.19
O94898,LRIG2,SER,48,43.12,86.38
O94898,LRIG2,CYS,49,42.24,83.5
O94898,LRIG2,SER,57,20.65,89.12
O94898,LRIG2,LYS,60,175.42,72.88
O94898,LRIG2,SER,65,57.89,52.81
O94898,LRIG2,SER,70,74.57,56.38
O94898,LRIG2,SER,88,49.11,86.12
O94898,LRIG2,SER,93,73.32,80.88
O94898,LRIG2,SER,96,14.23,82.5
O94898,LRIG2,THR,98,53.64,89.31
O94898,LRIG2,LYS,103,73.41,96.56
O94898,LRIG2,TYR,106,84.89,95.81
O94898,LRIG2,THR,110,70.9,94.12
O94898,LRIG2,TYR,114,100.28,92.25
O94898,LRIG2,SER,120,50.02,92.75
O94898,LRIG2,THR,123,45.49,97.44
O94898,LRIG2,SER,126,10.65,98.12
O94898,LRIG2,SER,148,22.93,98.31
O94898,LRIG2,SER,153,26.78,98.12
O94898,LRIG2,SER,157,54.14,95.06
O94898,LRIG2,LYS,160,74.62,93.81
O94898,LRIG2,THR,161,64.95,92.25
O94898,LRIG2,SER,162,79.33,92.38
O94898,LRIG2,LYS,170,81.78,98.0
O94898,LRIG2,TYR,171,53.52,98.5
O94898,LRIG2,SER,175,14.92,98.38
O94898,LRIG2,THR,180,64.71,94.38
O94898,LRIG2,THR,181,79.03,89.69
O94898,LRIG2,SER,191,35.85,93.31
O94898,LRIG2,SER,192,72.44,93.94
O94898,LRIG2,SER,193,11.26,95.19
O94898,LRIG2,LYS,198,49.55,98.38
O94898,LRIG2,SER,205,61.7,92.44
O94898,LRIG2,LYS,210,103.83,81.19
O94898,LRIG2,LYS,213,120.54,89.75
O94898,LRIG2,LYS,223,46.98,96.38
O94898,LRIG2,LYS,228,137.58,95.06
O94898,LRIG2,SER,240,35.9,95.81
O94898,LRIG2,LYS,245,45.17,98.12
O94898,LRIG2,SER,252,63.18,95.38
O94898,LRIG2,LYS,253,104.72,94.69
O94898,LRIG2,LYS,255,69.12,93.38
O94898,LRIG2,THR,276,71.94,95.94
O94898,LRIG2,LYS,280,90.23,93.69
O94898,LRIG2,TYR,284,101.13,93.56
O94898,LRIG2,TYR,293,43.34,98.62
O94898,LRIG2,SER,303,28.58,93.44
O94898,LRIG2,SER,314,29.5,98.0
O94898,LRIG2,TYR,320,113.21,98.5
O94898,LRIG2,THR,324,66.15,93.81
O94898,LRIG2,SER,329,34.41,90.94
O94898,LRIG2,SER,335,51.75,93.5
O94898,LRIG2,THR,348,56.76,90.06
O94898,LRIG2,SER,359,50.11,92.12
O94898,LRIG2,THR,363,27.55,98.56
O94898,LRIG2,SER,372,24.74,89.94
O94898,LRIG2,SER,379,11.48,71.5
O94898,LRIG2,THR,386,81.48,91.5
O94898,LRIG2,SER,387,43.82,94.88
O94898,LRIG2,THR,389,47.81,97.69
O94898,LRIG2,LYS,390,38.45,98.31
O94898,LRIG2,LYS,399,78.51,90.88
O94898,LRIG2,THR,402,10.69,91.19
O94898,LRIG2,LYS,403,126.77,89.5
O94898,LRIG2,LYS,404,89.77,87.75
O94898,LRIG2,SER,411,45.2,94.38
O94898,LRIG2,SER,424,27.64,91.56
O94898,LRIG2,SER,431,69.59,84.81
O94898,LRIG2,THR,433,15.01,87.62
O94898,LRIG2,LYS,436,148.13,94.0
O94898,LRIG2,THR,442,10.58,92.56
O94898,LRIG2,SER,443,78.25,93.44
O94898,LRIG2,SER,444,28.21,92.88
O94898,LRIG2,CYS,449,51.9,91.56
O94898,LRIG2,LYS,452,87.66,92.19
O94898,LRIG2,SER,466,53.08,82.94
O94898,LRIG2,SER,470,16.45,94.75
O94898,LRIG2,SER,481,31.93,94.19
O94898,LRIG2,LYS,488,147.63,91.56
O94898,LRIG2,CYS,492,52.5,86.19
O94898,LRIG2,LYS,497,48.62,87.56
O94898,LRIG2,THR,502,57.29,95.75
O94898,LRIG2,THR,506,92.21,96.75
O94898,LRIG2,THR,516,70.9,96.38
O94898,LRIG2,THR,518,45.89,97.19
O94898,LRIG2,THR,520,12.81,95.75
O94898,LRIG2,SER,524,33.39,89.62
O94898,LRIG2,SER,527,13.78,87.62
O94898,LRIG2,SER,530,59.14,93.12
O94898,LRIG2,THR,531,27.09,92.88
O94898,LRIG2,LYS,535,37.12,91.31
O94898,LRIG2,SER,537,18.98,73.69
O94898,LRIG2,TYR,541,170.18,86.12
O94898,LRIG2,THR,545,46.36,92.5
O94898,LRIG2,TYR,551,175.06,80.44
O94898,LRIG2,TYR,561,23.23,93.56
O94898,LRIG2,THR,573,109.26,93.19
O94898,LRIG2,LYS,577,108.14,92.94
O94898,LRIG2,THR,583,33.11,91.06
O94898,LRIG2,TYR,590,30.6,91.12
O94898,LRIG2,LYS,593,74.99,91.12
O94898,LRIG2,LYS,595,108.88,95.94
O94898,LRIG2,THR,597,34.44,95.81
O94898,LRIG2,SER,603,47.21,94.5
O94898,LRIG2,LYS,606,83.44,91.56
O94898,LRIG2,THR,607,59.89,93.19
O94898,LRIG2,THR,612,86.73,94.31
O94898,LRIG2,THR,615,62.55,91.19
O94898,LRIG2,SER,634,41.18,90.5
O94898,LRIG2,LYS,637,20.53,92.62
O94898,LRIG2,THR,641,111.7,86.56
O94898,LRIG2,LYS,666,74.24,91.62
O94898,LRIG2,SER,674,15.14,94.94
O94898,LRIG2,THR,680,108.8,91.0
O94898,LRIG2,SER,685,73.69,95.06
O94898,LRIG2,SER,689,42.52,96.25
O94898,LRIG2,THR,691,51.36,94.44
O94898,LRIG2,THR,695,70.79,90.38
O94898,LRIG2,SER,697,47.26,90.25
O94898,LRIG2,LYS,705,90.83,91.75
O94898,LRIG2,THR,706,79.39,92.62
O94898,LRIG2,THR,708,49.74,88.44
O94898,LRIG2,THR,712,63.87,92.56
O94898,LRIG2,SER,722,18.43,89.0
O94898,LRIG2,THR,730,30.52,94.0
O94898,LRIG2,LYS,731,39.93,93.69
O94898,LRIG2,THR,739,65.41,87.94
O94898,LRIG2,LYS,763,43.09,95.88
O94898,LRIG2,SER,769,39.31,93.62
O94898,LRIG2,THR,771,121.89,91.25
O94898,LRIG2,THR,774,70.24,91.44
O94898,LRIG2,TYR,780,122.11,95.44
O94898,LRIG2,SER,785,74.09,74.38
O94898,LRIG2,SER,786,99.86,67.0
O94898,LRIG2,CYS,789,132.14,37.28
O94898,LRIG2,SER,791,101.08,37.81
O94898,LRIG2,SER,792,97.88,38.28
O94898,LRIG2,SER,794,98.08,38.0
O94898,LRIG2,SER,795,94.44,39.5
O94898,LRIG2,THR,804,112.66,56.0
O94898,LRIG2,THR,805,92.14,55.0
O94898,LRIG2,CYS,815,82.09,75.38
O94898,LRIG2,CYS,816,73.96,75.0
O94898,LRIG2,THR,820,81.23,75.69
O94898,LRIG2,SER,821,63.7,71.94
O94898,LRIG2,TYR,829,137.75,75.0
O94898,LRIG2,LYS,834,160.56,51.34
O94898,LRIG2,TYR,838,209.05,40.88
O94898,LRIG2,SER,839,83.6,31.33
O94898,LRIG2,THR,841,129.17,30.39
O94898,LRIG2,THR,843,133.17,29.62
O94898,LRIG2,SER,854,81.68,30.34
O94898,LRIG2,TYR,855,231.91,31.33
O94898,LRIG2,SER,857,100.79,27.73
O94898,LRIG2,SER,858,108.14,34.12
O94898,LRIG2,THR,861,124.76,32.16
O94898,LRIG2,SER,863,112.07,32.22
O94898,LRIG2,TYR,869,228.16,27.25
O94898,LRIG2,SER,870,110.68,31.66
O94898,LRIG2,SER,872,98.94,32.41
O94898,LRIG2,SER,876,102.52,32.25
O94898,LRIG2,TYR,887,228.37,30.47
O94898,LRIG2,LYS,890,195.49,28.38
O94898,LRIG2,THR,892,143.89,33.47
O94898,LRIG2,THR,896,142.53,34.97
O94898,LRIG2,THR,898,131.97,28.58
O94898,LRIG2,CYS,902,134.69,26.33
O94898,LRIG2,SER,903,74.49,26.23
O94898,LRIG2,CYS,905,102.82,25.97
O94898,LRIG2,TYR,906,184.22,28.31
O94898,LRIG2,TYR,912,210.36,27.23
O94898,LRIG2,SER,913,97.4,25.78
O94898,LRIG2,THR,915,128.44,28.22
O94898,LRIG2,TYR,918,173.51,27.16
O94898,LRIG2,CYS,919,112.35,26.53
O94898,LRIG2,TYR,921,146.11,30.62
O94898,LRIG2,THR,922,127.02,23.2
O94898,LRIG2,TYR,923,227.45,28.52
O94898,LRIG2,THR,933,143.07,27.56
O94898,LRIG2,SER,935,111.5,27.44
O94898,LRIG2,SER,936,113.11,26.8
O94898,LRIG2,LYS,943,190.56,29.53
O94898,LRIG2,THR,945,117.65,28.11
O94898,LRIG2,TYR,946,213.16,29.48
O94898,LRIG2,THR,954,108.84,36.0
O94898,LRIG2,THR,955,128.57,37.0
O94898,LRIG2,SER,959,83.01,36.12
O94898,LRIG2,SER,963,109.96,34.09
O94898,LRIG2,SER,969,91.76,29.59
O94898,LRIG2,THR,973,132.12,28.83
O94898,LRIG2,SER,979,99.04,29.81
O94898,LRIG2,LYS,981,215.8,34.03
O94898,LRIG2,LYS,982,177.99,29.42
O94898,LRIG2,SER,985,109.51,27.44
O94898,LRIG2,THR,986,140.22,33.0
O94898,LRIG2,SER,989,107.0,29.97
O94898,LRIG2,THR,992,129.8,28.42
O94898,LRIG2,SER,1012,81.91,30.53
O94898,LRIG2,SER,1019,98.44,26.95
O94898,LRIG2,CYS,1035,129.58,29.58
O94898,LRIG2,SER,1036,102.68,27.75
O94898,LRIG2,SER,1038,109.97,32.0
O94898,LRIG2,SER,1039,102.29,28.78
O94898,LRIG2,SER,1041,108.96,26.39
O94898,LRIG2,CYS,1042,124.33,26.75
O94898,LRIG2,SER,1053,97.12,30.95
O94898,LRIG2,THR,1055,113.87,29.62
O94898,LRIG2,SER,1062,108.13,34.28
O94898,LRIG2,THR,1065,210.51,35.38
O95206,PCDH8,SER,2,108.83,46.06
O95206,PCDH8,SER,9,111.18,49.38
O95206,PCDH8,CYS,11,113.33,38.53
O95206,PCDH8,SER,19,79.2,31.86
O95206,PCDH8,CYS,21,58.2,29.67
O95206,PCDH8,SER,25,111.47,41.09
O95206,PCDH8,SER,29,84.57,59.25
O95206,PCDH8,LYS,30,96.96,71.44
O95206,PCDH8,THR,31,72.43,85.25
O95206,PCDH8,TYR,34,32.57,93.5
O95206,PCDH8,SER,35,47.85,92.06
O95206,PCDH8,THR,44,48.63,90.5
O95206,PCDH8,THR,48,14.57,89.88
O95206,PCDH8,LYS,56,192.49,67.44
O95206,PCDH8,SER,58,55.8,61.69
O95206,PCDH8,THR,61,18.06,68.88
O95206,PCDH8,SER,62,38.88,75.38
O95206,PCDH8,LYS,67,196.64,61.97
O95206,PCDH8,SER,71,72.13,63.5
O95206,PCDH8,SER,72,44.14,79.06
O95206,PCDH8,THR,84,21.06,90.06
O95206,PCDH8,CYS,96,38.56,89.06
O95206,PCDH8,SER,112,27.98,68.62
O95206,PCDH8,SER,145,40.82,94.5
O95206,PCDH8,THR,152,46.1,93.88
O95206,PCDH8,THR,171,64.52,91.81
O95206,PCDH8,SER,179,13.19,87.56
O95206,PCDH8,THR,187,97.18,86.19
O95206,PCDH8,CYS,194,55.09,89.75
O95206,PCDH8,SER,207,89.43,93.94
O95206,PCDH8,TYR,211,37.31,93.75
O95206,PCDH8,SER,212,94.45,93.0
O95206,PCDH8,SER,226,65.52,93.56
O95206,PCDH8,THR,228,75.9,93.94
O95206,PCDH8,SER,232,55.16,93.81
O95206,PCDH8,SER,242,48.16,93.31
O95206,PCDH8,SER,263,26.14,93.94
O95206,PCDH8,SER,303,50.15,92.69
O95206,PCDH8,THR,307,28.58,96.25
O95206,PCDH8,TYR,314,47.16,95.44
O95206,PCDH8,THR,319,48.21,94.88
O95206,PCDH8,THR,337,65.15,93.31
O95206,PCDH8,LYS,339,76.88,94.5
O95206,PCDH8,THR,357,53.76,88.06
O95206,PCDH8,THR,367,92.34,35.91
O95206,PCDH8,SER,368,59.59,38.75
O95206,PCDH8,SER,385,105.66,25.48
O95206,PCDH8,SER,386,112.77,26.88
O95206,PCDH8,THR,392,104.14,30.45
O95206,PCDH8,SER,409,30.82,89.5
O95206,PCDH8,SER,415,36.93,91.69
O95206,PCDH8,SER,417,69.99,92.75
O95206,PCDH8,SER,421,35.9,92.44
O95206,PCDH8,CYS,429,11.44,93.06
O95206,PCDH8,TYR,432,136.17,93.5
O95206,PCDH8,TYR,443,142.22,81.19
O95206,PCDH8,TYR,447,33.64,90.75
O95206,PCDH8,SER,454,79.35,91.06
O95206,PCDH8,THR,466,43.36,94.44
O95206,PCDH8,THR,479,41.68,94.88
O95206,PCDH8,THR,484,18.26,93.62
O95206,PCDH8,THR,498,89.43,94.69
O95206,PCDH8,TYR,502,21.39,95.5
O95206,PCDH8,SER,505,76.34,95.25
O95206,PCDH8,TYR,515,94.22,95.44
O95206,PCDH8,THR,518,47.35,96.25
O95206,PCDH8,THR,533,54.09,96.31
O95206,PCDH8,TYR,534,19.33,96.75
O95206,PCDH8,SER,549,46.89,90.06
O95206,PCDH8,THR,550,47.63,90.44
O95206,PCDH8,TYR,551,32.52,92.06
O95206,PCDH8,SER,553,27.07,94.88
O95206,PCDH8,THR,558,58.12,94.25
O95206,PCDH8,TYR,562,74.57,96.19
O95206,PCDH8,SER,566,57.55,92.94
O95206,PCDH8,TYR,569,31.6,93.19
O95206,PCDH8,THR,571,108.41,88.56
O95206,PCDH8,SER,582,11.15,96.31
O95206,PCDH8,SER,586,105.5,87.75
O95206,PCDH8,SER,590,49.87,95.69
O95206,PCDH8,SER,591,35.51,95.75
O95206,PCDH8,SER,592,42.54,95.75
O95206,PCDH8,SER,618,38.29,82.81
O95206,PCDH8,THR,627,30.96,79.38
O95206,PCDH8,LYS,629,131.12,80.44
O95206,PCDH8,THR,631,48.67,83.06
O95206,PCDH8,THR,668,55.8,89.31
O95206,PCDH8,THR,674,38.9,83.44
O95206,PCDH8,SER,678,66.4,72.75
O95206,PCDH8,SER,693,22.43,93.5
O95206,PCDH8,THR,701,78.48,92.25
O95206,PCDH8,THR,702,40.5,90.12
O95206,PCDH8,THR,703,73.8,90.88
O95206,PCDH8,THR,705,50.68,88.75
O95206,PCDH8,SER,707,12.68,88.94
O95206,PCDH8,THR,711,58.69,81.5
O95206,PCDH8,SER,723,101.58,27.7
O95206,PCDH8,SER,726,104.31,29.09
O95206,PCDH8,SER,730,114.7,33.38
O95206,PCDH8,SER,735,103.76,29.48
O95206,PCDH8,SER,740,106.11,34.53
O95206,PCDH8,SER,742,97.29,34.62
O95206,PCDH8,THR,748,100.73,63.41
O95206,PCDH8,SER,759,59.61,86.38
O95206,PCDH8,CYS,760,83.6,84.5
O95206,PCDH8,THR,761,83.55,84.94
O95206,PCDH8,THR,772,71.45,79.88
O95206,PCDH8,THR,773,79.5,77.81
O95206,PCDH8,CYS,774,76.34,74.31
O95206,PCDH8,LYS,778,158.38,54.06
O95206,PCDH8,LYS,779,121.22,46.94
O95206,PCDH8,LYS,783,191.96,38.47
O95206,PCDH8,SER,800,110.18,39.44
O95206,PCDH8,SER,804,114.65,35.38
O95206,PCDH8,THR,823,121.76,26.47
O95206,PCDH8,THR,827,154.3,34.88
O95206,PCDH8,LYS,829,211.82,32.75
O95206,PCDH8,SER,834,115.61,38.72
O95206,PCDH8,SER,852,110.99,33.31
O95206,PCDH8,SER,856,83.42,33.41
O95206,PCDH8,THR,858,44.34,34.12
O95206,PCDH8,SER,861,14.15,29.02
O95206,PCDH8,CYS,863,49.16,32.56
O95206,PCDH8,TYR,879,193.5,27.02
O95206,PCDH8,SER,882,101.27,30.75
O95206,PCDH8,LYS,887,204.07,29.36
O95206,PCDH8,LYS,897,187.92,33.5
O95206,PCDH8,SER,900,89.1,38.09
O95206,PCDH8,THR,903,40.46,35.16
O95206,PCDH8,SER,905,39.99,34.66
O95206,PCDH8,LYS,911,155.97,34.31
O95206,PCDH8,SER,913,103.98,31.95
O95206,PCDH8,LYS,915,203.34,32.94
O95206,PCDH8,SER,917,111.82,35.19
O95206,PCDH8,LYS,919,216.9,35.0
O95206,PCDH8,SER,922,105.64,44.94
O95206,PCDH8,SER,927,103.32,44.56
O95206,PCDH8,SER,929,100.3,47.94
O95206,PCDH8,SER,932,108.25,41.06
O95206,PCDH8,LYS,937,175.57,34.81
O95206,PCDH8,LYS,938,170.89,35.81
O95206,PCDH8,SER,946,113.88,30.31
O95206,PCDH8,CYS,951,117.38,29.03
O95206,PCDH8,THR,952,128.29,33.78
O95206,PCDH8,CYS,955,141.92,34.09
O95206,PCDH8,LYS,956,179.93,34.03
O95206,PCDH8,SER,961,83.0,42.53
O95206,PCDH8,CYS,964,113.87,27.72
O95206,PCDH8,SER,966,85.89,28.28
O95206,PCDH8,SER,968,90.44,28.02
O95206,PCDH8,CYS,969,120.8,29.78
O95206,PCDH8,SER,970,113.69,32.97
O95206,PCDH8,SER,977,81.18,45.66
O95206,PCDH8,SER,985,90.26,36.41
O95206,PCDH8,THR,986,136.9,36.84
O95206,PCDH8,CYS,988,133.8,35.25
O95206,PCDH8,LYS,989,193.93,31.67
O95206,PCDH8,SER,990,104.08,37.41
O95206,PCDH8,THR,991,124.68,33.81
O95206,PCDH8,SER,992,118.22,37.34
O95206,PCDH8,TYR,1003,212.39,32.78
O95206,PCDH8,TYR,1004,214.4,29.89
O95206,PCDH8,LYS,1010,182.91,33.88
O95206,PCDH8,THR,1011,121.37,40.28
O95206,PCDH8,SER,1016,94.34,37.41
O95206,PCDH8,TYR,1018,192.04,35.94
O95206,PCDH8,LYS,1020,164.79,32.72
O95206,PCDH8,TYR,1026,109.06,35.28
O95206,PCDH8,THR,1029,84.68,34.31
O95206,PCDH8,THR,1031,110.67,31.91
O95206,PCDH8,SER,1034,83.26,35.41
O95206,PCDH8,TYR,1052,224.24,38.19
O95206,PCDH8,SER,1054,106.39,32.91
O95206,PCDH8,TYR,1059,223.66,27.91
O95206,PCDH8,SER,1061,79.56,36.97
O95206,PCDH8,LYS,1063,181.23,32.56
O95206,PCDH8,LYS,1064,206.29,37.31
O95487,SEC24B,SER,2,108.22,35.41
O95487,SEC24B,SER,7,117.27,38.28
O95487,SEC24B,SER,8,112.28,39.41
O95487,SEC24B,SER,13,105.57,37.44
O95487,SEC24B,LYS,19,160.97,39.09
O95487,SEC24B,SER,26,111.19,41.81
O95487,SEC24B,SER,55,118.86,34.34
O95487,SEC24B,TYR,57,230.93,32.06
O95487,SEC24B,TYR,64,208.32,37.78
O95487,SEC24B,SER,68,110.21,37.62
O95487,SEC24B,TYR,71,193.59,32.44
O95487,SEC24B,SER,72,88.82,32.38
O95487,SEC24B,LYS,77,187.35,32.94
O95487,SEC24B,THR,79,120.42,33.94
O95487,SEC24B,SER,80,91.84,32.06
O95487,SEC24B,THR,85,116.16,27.97
O95487,SEC24B,CYS,87,117.36,26.89
O95487,SEC24B,TYR,90,202.57,30.34
O95487,SEC24B,TYR,91,143.82,31.27
O95487,SEC24B,SER,92,108.5,26.88
O95487,SEC24B,TYR,95,207.97,27.53
O95487,SEC24B,THR,96,112.72,29.36
O95487,SEC24B,THR,99,104.26,31.7
O95487,SEC24B,THR,103,123.84,29.59
O95487,SEC24B,THR,106,129.88,30.94
O95487,SEC24B,TYR,117,203.41,29.89
O95487,SEC24B,SER,118,100.51,30.12
O95487,SEC24B,SER,129,109.92,34.88
O95487,SEC24B,THR,130,119.56,33.06
O95487,SEC24B,SER,133,98.29,34.09
O95487,SEC24B,SER,139,109.33,33.94
O95487,SEC24B,SER,140,112.19,33.81
O95487,SEC24B,SER,142,84.5,31.38
O95487,SEC24B,THR,146,126.25,28.3
O95487,SEC24B,SER,147,123.09,31.31
O95487,SEC24B,SER,149,102.07,31.31
O95487,SEC24B,TYR,152,222.16,28.11
O95487,SEC24B,SER,153,85.2,30.55
O95487,SEC24B,SER,154,86.72,32.94
O95487,SEC24B,TYR,159,208.28,36.44
O95487,SEC24B,SER,161,104.83,31.48
O95487,SEC24B,TYR,165,213.1,33.56
O95487,SEC24B,SER,166,64.53,33.34
O95487,SEC24B,SER,168,115.46,34.88
O95487,SEC24B,SER,169,101.97,35.69
O95487,SEC24B,SER,170,104.46,36.06
O95487,SEC24B,SER,173,96.73,34.34
O95487,SEC24B,SER,178,102.11,30.62
O95487,SEC24B,THR,179,129.51,31.78
O95487,SEC24B,CYS,180,127.46,30.14
O95487,SEC24B,TYR,183,206.27,29.95
O95487,SEC24B,SER,186,99.86,30.14
O95487,SEC24B,THR,187,118.71,32.59
O95487,SEC24B,SER,189,84.39,36.09
O95487,SEC24B,TYR,193,214.46,29.02
O95487,SEC24B,SER,195,96.53,28.39
O95487,SEC24B,SER,197,99.52,28.94
O95487,SEC24B,TYR,198,195.34,33.5
O95487,SEC24B,SER,200,103.28,30.83
O95487,SEC24B,THR,206,112.14,34.47
O95487,SEC24B,TYR,207,222.78,33.66
O95487,SEC24B,THR,212,122.28,34.78
O95487,SEC24B,SER,213,101.36,37.28
O95487,SEC24B,THR,218,117.18,37.94
O95487,SEC24B,LYS,223,165.3,35.28
O95487,SEC24B,SER,226,90.53,35.72
O95487,SEC24B,SER,228,109.21,37.16
O95487,SEC24B,THR,232,148.29,35.78
O95487,SEC24B,SER,235,84.05,35.72
O95487,SEC24B,SER,238,101.81,36.56
O95487,SEC24B,SER,245,95.66,36.22
O95487,SEC24B,SER,253,106.73,35.84
O95487,SEC24B,SER,255,106.0,37.28
O95487,SEC24B,TYR,257,218.18,34.53
O95487,SEC24B,SER,258,105.53,32.47
O95487,SEC24B,THR,259,129.77,29.72
O95487,SEC24B,THR,261,126.7,28.8
O95487,SEC24B,SER,263,102.01,33.94
O95487,SEC24B,SER,264,111.34,30.31
O95487,SEC24B,SER,269,87.44,29.89
O95487,SEC24B,THR,270,104.82,34.53
O95487,SEC24B,THR,279,131.48,30.52
O95487,SEC24B,SER,281,104.44,32.69
O95487,SEC24B,THR,290,116.13,36.84
O95487,SEC24B,THR,292,115.73,33.69
O95487,SEC24B,SER,296,89.64,32.12
O95487,SEC24B,SER,298,94.98,29.44
O95487,SEC24B,CYS,299,115.8,30.61
O95487,SEC24B,LYS,309,195.75,29.94
O95487,SEC24B,SER,310,114.67,32.84
O95487,SEC24B,SER,311,108.5,32.22
O95487,SEC24B,SER,315,97.98,28.84
O95487,SEC24B,THR,316,116.74,32.41
O95487,SEC24B,SER,319,109.79,32.44
O95487,SEC24B,SER,321,109.44,33.44
O95487,SEC24B,SER,322,117.87,34.12
O95487,SEC24B,SER,324,112.89,35.62
O95487,SEC24B,SER,325,116.62,35.28
O95487,SEC24B,SER,326,85.78,35.72
O95487,SEC24B,THR,327,126.91,37.06
O95487,SEC24B,THR,329,118.31,35.09
O95487,SEC24B,THR,332,131.87,38.5
O95487,SEC24B,THR,341,113.46,36.0
O95487,SEC24B,SER,342,98.64,35.28
O95487,SEC24B,THR,344,113.93,34.09
O95487,SEC24B,SER,347,100.54,33.34
O95487,SEC24B,LYS,353,196.47,33.16
O95487,SEC24B,TYR,357,226.53,28.59
O95487,SEC24B,TYR,360,182.87,32.62
O95487,SEC24B,SER,366,98.76,37.56
O95487,SEC24B,SER,367,108.07,39.84
O95487,SEC24B,THR,370,141.9,37.47
O95487,SEC24B,SER,373,103.4,36.06
O95487,SEC24B,SER,374,91.35,37.28
O95487,SEC24B,THR,375,137.96,36.19
O95487,SEC24B,SER,376,85.27,39.47
O95487,SEC24B,SER,392,88.94,36.44
O95487,SEC24B,SER,393,107.23,33.59
O95487,SEC24B,SER,394,115.92,37.22
O95487,SEC24B,THR,395,129.75,33.53
O95487,SEC24B,THR,396,139.37,37.88
O95487,SEC24B,SER,397,112.95,33.12
O95487,SEC24B,SER,398,100.72,36.25
O95487,SEC24B,SER,400,87.17,31.09
O95487,SEC24B,SER,405,93.36,31.83
O95487,SEC24B,TYR,406,209.11,31.62
O95487,SEC24B,SER,413,102.11,33.72
O95487,SEC24B,TYR,414,197.54,33.28
O95487,SEC24B,SER,419,108.62,35.69
O95487,SEC24B,SER,420,101.9,36.91
O95487,SEC24B,SER,421,111.15,37.66
O95487,SEC24B,SER,423,106.59,41.62
O95487,SEC24B,SER,424,107.49,40.53
O95487,SEC24B,SER,437,117.34,45.84
O95487,SEC24B,SER,443,103.16,47.09
O95487,SEC24B,SER,453,100.62,40.09
O95487,SEC24B,LYS,454,208.21,36.72
O95487,SEC24B,LYS,457,198.98,31.45
O95487,SEC24B,TYR,461,230.91,30.69
O95487,SEC24B,TYR,463,160.15,29.55
O95487,SEC24B,THR,465,126.99,32.5
O95487,SEC24B,TYR,470,215.9,30.8
O95487,SEC24B,THR,474,137.25,37.81
O95487,SEC24B,SER,479,108.22,40.81
O95487,SEC24B,SER,484,106.46,41.62
O95487,SEC24B,TYR,488,201.09,38.22
O95487,SEC24B,SER,489,106.63,37.81
O95487,SEC24B,TYR,494,185.11,38.84
O95487,SEC24B,TYR,498,225.08,39.75
O95487,SEC24B,SER,505,96.71,39.53
O95487,SEC24B,SER,506,114.36,41.78
O95487,SEC24B,SER,507,95.07,45.38
O95487,SEC24B,SER,512,102.34,33.12
O95487,SEC24B,SER,515,112.39,34.34
O95487,SEC24B,SER,516,97.84,40.53
O95487,SEC24B,SER,521,33.9,94.62
O95487,SEC24B,THR,528,46.91,93.69
O95487,SEC24B,THR,537,86.02,95.38
O95487,SEC24B,LYS,551,74.78,96.81
O95487,SEC24B,LYS,552,159.61,96.12
O95487,SEC24B,SER,556,40.36,97.69
O95487,SEC24B,THR,570,40.6,98.44
O95487,SEC24B,LYS,576,111.7,97.88
O95487,SEC24B,LYS,578,101.47,97.94
O95487,SEC24B,THR,592,150.84,90.31
O95487,SEC24B,THR,598,94.29,89.75
O95487,SEC24B,SER,599,25.36,84.0
O95487,SEC24B,THR,601,60.23,89.38
O95487,SEC24B,SER,607,62.33,98.19
O95487,SEC24B,CYS,608,41.74,97.56
O95487,SEC24B,SER,617,58.16,96.62
O95487,SEC24B,LYS,625,75.52,98.38
O95487,SEC24B,CYS,629,11.92,98.0
O95487,SEC24B,TYR,630,41.76,97.81
O95487,SEC24B,TYR,641,92.92,84.56
O95487,SEC24B,THR,645,82.93,82.69
O95487,SEC24B,SER,647,35.52,83.69
O95487,SEC24B,TYR,648,125.97,85.56
O95487,SEC24B,LYS,653,94.69,90.88
O95487,SEC24B,SER,660,10.28,98.12
O95487,SEC24B,THR,661,22.37,98.44
O95487,SEC24B,SER,667,48.05,89.81
O95487,SEC24B,SER,668,88.85,90.56
O95487,SEC24B,TYR,670,28.65,93.0
O95487,SEC24B,THR,697,61.79,98.19
O95487,SEC24B,LYS,709,115.92,98.19
O95487,SEC24B,SER,714,91.92,96.44
O95487,SEC24B,SER,725,25.64,97.5
O95487,SEC24B,THR,726,28.52,96.62
O95487,SEC24B,SER,737,110.2,94.25
O95487,SEC24B,SER,745,85.2,88.25
O95487,SEC24B,THR,754,95.35,79.69
O95487,SEC24B,SER,757,12.19,91.5
O95487,SEC24B,TYR,763,162.03,96.31
O95487,SEC24B,LYS,766,57.31,97.31
O95487,SEC24B,LYS,770,65.4,98.5
O95487,SEC24B,THR,781,86.0,94.06
O95487,SEC24B,THR,783,23.04,96.0
O95487,SEC24B,THR,786,88.22,97.62
O95487,SEC24B,LYS,799,88.85,95.69
O95487,SEC24B,SER,802,32.36,95.75
O95487,SEC24B,THR,804,22.01,96.31
O95487,SEC24B,SER,817,43.8,97.88
O95487,SEC24B,SER,825,88.51,96.69
O95487,SEC24B,SER,833,43.77,63.5
O95487,SEC24B,SER,834,13.8,68.56
O95487,SEC24B,THR,835,66.94,72.0
O95487,SEC24B,LYS,836,153.03,74.5
O95487,SEC24B,THR,845,40.4,97.06
O95487,SEC24B,LYS,849,85.68,98.06
O95487,SEC24B,LYS,850,135.12,97.88
O95487,SEC24B,SER,869,47.57,95.31
O95487,SEC24B,TYR,871,25.47,97.5
O95487,SEC24B,LYS,882,41.29,98.38
O95487,SEC24B,TYR,883,74.99,98.25
O95487,SEC24B,CYS,887,21.01,98.5
O95487,SEC24B,TYR,889,10.43,98.81
O95487,SEC24B,TYR,890,10.22,98.75
O95487,SEC24B,SER,893,46.75,97.5
O95487,SEC24B,TYR,896,105.23,97.19
O95487,SEC24B,THR,897,96.12,96.44
O95487,SEC24B,LYS,905,27.19,98.31
O95487,SEC24B,LYS,908,91.21,98.06
O95487,SEC24B,LYS,911,123.71,98.38
O95487,SEC24B,THR,915,49.57,98.5
O95487,SEC24B,LYS,917,64.34,97.31
O95487,SEC24B,CYS,928,26.34,98.0
O95487,SEC24B,LYS,930,86.01,97.38
O95487,SEC24B,SER,933,38.36,96.56
O95487,SEC24B,THR,936,47.83,95.25
O95487,SEC24B,SER,945,43.97,84.5
O95487,SEC24B,THR,946,113.46,85.31
O95487,SEC24B,SER,965,16.94,97.38
O95487,SEC24B,SER,969,60.26,97.62
O95487,SEC24B,THR,971,93.77,95.81
O95487,SEC24B,THR,973,50.16,93.31
O95487,SEC24B,SER,974,87.76,96.25
O95487,SEC24B,SER,986,13.57,97.81
O95487,SEC24B,SER,987,17.65,97.06
O95487,SEC24B,LYS,988,131.4,96.56
O95487,SEC24B,SER,1004,84.14,97.75
O95487,SEC24B,SER,1005,45.72,96.69
O95487,SEC24B,SER,1032,94.28,93.44
O95487,SEC24B,SER,1033,64.71,94.81
O95487,SEC24B,SER,1034,11.66,95.12
O95487,SEC24B,SER,1036,41.86,95.12
O95487,SEC24B,SER,1051,47.35,95.75
O95487,SEC24B,SER,1055,80.7,90.19
O95487,SEC24B,THR,1056,50.62,89.12
O95487,SEC24B,SER,1058,117.26,63.72
O95487,SEC24B,SER,1063,88.87,81.5
O95487,SEC24B,SER,1069,18.68,97.19
O95487,SEC24B,SER,1070,19.46,98.0
O95487,SEC24B,LYS,1072,52.43,98.0
O95487,SEC24B,LYS,1083,19.2,97.38
O95487,SEC24B,LYS,1085,67.09,96.44
O95487,SEC24B,THR,1089,40.19,90.56
O95487,SEC24B,THR,1091,46.01,85.12
O95487,SEC24B,SER,1092,78.05,85.81
O95487,SEC24B,TYR,1100,34.67,98.62
O95487,SEC24B,LYS,1106,18.01,98.62
O95487,SEC24B,SER,1107,26.33,97.94
O95487,SEC24B,LYS,1115,28.47,98.31
O95487,SEC24B,TYR,1122,11.99,98.62
O95487,SEC24B,THR,1128,74.42,94.88
O95487,SEC24B,LYS,1147,39.65,97.38
O95487,SEC24B,LYS,1152,74.08,97.25
O95487,SEC24B,THR,1154,52.28,97.06
O95487,SEC24B,SER,1165,44.04,95.5
O95487,SEC24B,TYR,1168,16.38,98.31
O95487,SEC24B,LYS,1173,119.89,96.69
O95487,SEC24B,TYR,1186,72.49,97.62
O95487,SEC24B,THR,1187,97.29,97.25
O95487,SEC24B,SER,1191,54.32,96.31
O95487,SEC24B,LYS,1195,183.4,87.75
O95487,SEC24B,THR,1197,25.57,92.94
O95487,SEC24B,THR,1204,42.45,97.44
O95487,SEC24B,SER,1206,35.94,96.94
O95487,SEC24B,SER,1212,10.76,97.12
O95487,SEC24B,THR,1215,54.25,96.94
O95487,SEC24B,SER,1220,52.64,89.88
O95487,SEC24B,SER,1224,16.67,95.56
O95487,SEC24B,LYS,1231,22.88,96.0
O95487,SEC24B,SER,1234,13.34,83.12
O95487,SEC24B,LYS,1237,68.08,94.25
O95487,SEC24B,THR,1249,52.58,90.81
O95487,SEC24B,SER,1254,19.1,97.88
O95487,SEC24B,TYR,1255,28.34,98.31
O95487,SEC24B,TYR,1256,138.57,97.56
O95487,SEC24B,CYS,1267,89.97,89.94
O95487,SEC24B,LYS,1268,201.45,89.31
O95672,ECEL1,TYR,5,54.54,27.22
O95672,ECEL1,SER,6,38.75,28.66
O95672,ECEL1,LYS,18,73.28,28.61
O95672,ECEL1,TYR,19,75.85,31.61
O95672,ECEL1,SER,21,82.78,22.55
O95672,ECEL1,CYS,23,119.16,23.62
O95672,ECEL1,SER,32,100.91,26.83
O95672,ECEL1,SER,44,106.86,29.39
O95672,ECEL1,THR,46,143.83,30.39
O95672,ECEL1,SER,50,115.24,42.47
O95672,ECEL1,CYS,61,90.3,74.81
O95672,ECEL1,SER,64,60.9,77.19
O95672,ECEL1,CYS,73,81.76,87.81
O95672,ECEL1,LYS,83,160.84,70.75
O95672,ECEL1,TYR,84,158.16,64.62
O95672,ECEL1,CYS,95,74.53,49.34
O95672,ECEL1,CYS,99,24.34,76.88
O95672,ECEL1,LYS,103,125.14,91.88
O95672,ECEL1,SER,119,100.34,96.94
O95672,ECEL1,TYR,127,17.57,98.38
O95672,ECEL1,SER,128,31.27,98.06
O95672,ECEL1,LYS,144,32.51,83.94
O95672,ECEL1,THR,146,17.35,88.31
O95672,ECEL1,TYR,147,24.63,92.12
O95672,ECEL1,THR,149,12.22,91.75
O95672,ECEL1,LYS,179,47.78,94.38
O95672,ECEL1,TYR,233,50.48,97.5
O95672,ECEL1,LYS,234,27.56,97.12
O95672,ECEL1,TYR,239,12.07,95.88
O95672,ECEL1,SER,250,19.97,91.62
O95672,ECEL1,SER,257,77.57,95.38
O95672,ECEL1,TYR,259,16.71,96.19
O95672,ECEL1,THR,274,28.75,91.5
O95672,ECEL1,LYS,285,112.52,92.62
O95672,ECEL1,SER,299,57.16,96.69
O95672,ECEL1,LYS,309,11.73,94.5
O95672,ECEL1,THR,324,13.01,97.12
O95672,ECEL1,SER,336,54.51,89.19
O95672,ECEL1,SER,337,72.13,90.12
O95672,ECEL1,TYR,339,16.38,95.38
O95672,ECEL1,LYS,341,90.97,97.62
O95672,ECEL1,THR,343,30.67,98.56
O95672,ECEL1,LYS,349,167.52,98.12
O95672,ECEL1,LYS,357,67.78,97.62
O95672,ECEL1,SER,369,65.33,97.06
O95672,ECEL1,THR,379,35.15,96.69
O95672,ECEL1,SER,391,73.32,96.62
O95672,ECEL1,THR,392,12.98,96.31
O95672,ECEL1,SER,431,11.27,75.94
O95672,ECEL1,LYS,433,109.79,84.19
O95672,ECEL1,SER,463,52.75,91.81
O95672,ECEL1,SER,466,12.8,93.31
O95672,ECEL1,LYS,467,37.56,94.62
O95672,ECEL1,LYS,469,95.08,95.31
O95672,ECEL1,LYS,478,26.1,98.25
O95672,ECEL1,TYR,479,112.98,98.06
O95672,ECEL1,TYR,505,130.33,97.12
O95672,ECEL1,TYR,512,27.54,95.38
O95672,ECEL1,LYS,518,91.27,89.75
O95672,ECEL1,LYS,524,120.92,91.81
O95672,ECEL1,LYS,533,129.73,93.94
O95672,ECEL1,THR,534,46.43,95.75
O95672,ECEL1,LYS,537,110.45,97.94
O95672,ECEL1,SER,546,14.77,92.44
O95672,ECEL1,LYS,552,121.74,93.31
O95672,ECEL1,LYS,560,52.98,88.94
O95672,ECEL1,SER,561,40.28,89.94
O95672,ECEL1,TYR,573,20.17,96.25
O95672,ECEL1,TYR,574,18.52,96.75
O95672,ECEL1,THR,591,29.14,86.19
O95672,ECEL1,SER,628,43.91,96.25
O95672,ECEL1,THR,636,34.98,96.44
O95672,ECEL1,TYR,640,57.47,95.69
O95672,ECEL1,SER,641,38.96,96.38
O95672,ECEL1,LYS,646,59.99,97.69
O95672,ECEL1,CYS,649,49.26,98.31
O95672,ECEL1,THR,658,69.21,93.94
O95672,ECEL1,TYR,660,125.41,85.0
O95672,ECEL1,LYS,667,63.88,93.75
O95672,ECEL1,LYS,681,11.71,98.25
O95672,ECEL1,TYR,684,18.6,98.81
O95672,ECEL1,LYS,689,30.18,98.06
O95672,ECEL1,LYS,704,176.65,95.06
O95672,ECEL1,TYR,705,26.51,97.25
O95672,ECEL1,THR,706,79.07,97.69
O95672,ECEL1,LYS,722,64.96,91.62
O95672,ECEL1,SER,725,59.72,81.44
O95672,ECEL1,TYR,729,17.62,88.31
O95672,ECEL1,THR,734,28.5,87.44
O95672,ECEL1,LYS,736,68.24,93.56
O95672,ECEL1,TYR,742,22.03,96.94
O95672,ECEL1,LYS,762,151.62,96.06
O95672,ECEL1,SER,764,11.07,97.75
O95672,ECEL1,LYS,771,65.62,97.19
O95672,ECEL1,SER,773,37.56,93.56
O95980,RECK,THR,3,130.95,28.58
O95980,RECK,SER,7,95.93,29.06
O95980,RECK,SER,32,90.85,56.94
O95980,RECK,LYS,42,142.64,77.62
O95980,RECK,SER,56,79.43,83.06
O95980,RECK,SER,57,16.26,76.69
O95980,RECK,LYS,58,214.04,72.75
O95980,RECK,SER,59,47.0,71.75
O95980,RECK,SER,61,87.43,56.0
O95980,RECK,LYS,64,80.43,68.81
O95980,RECK,TYR,73,70.46,88.19
O95980,RECK,THR,77,119.91,82.06
O95980,RECK,CYS,84,26.94,88.44
O95980,RECK,SER,87,83.41,75.88
O95980,RECK,SER,88,34.09,77.69
O95980,RECK,LYS,94,177.81,31.14
O95980,RECK,LYS,95,185.26,35.81
O95980,RECK,SER,96,100.27,33.78
O95980,RECK,LYS,118,104.93,87.44
O95980,RECK,SER,121,92.06,81.75
O95980,RECK,SER,122,38.54,85.56
O95980,RECK,LYS,123,58.62,85.31
O95980,RECK,SER,127,63.11,83.94
O95980,RECK,LYS,128,184.6,81.69
O95980,RECK,LYS,132,140.38,80.75
O95980,RECK,TYR,134,143.5,79.69
O95980,RECK,SER,140,57.91,80.38
O95980,RECK,SER,143,46.89,84.38
O95980,RECK,SER,149,56.46,83.94
O95980,RECK,SER,153,56.5,86.5
O95980,RECK,TYR,154,92.82,89.25
O95980,RECK,THR,159,91.4,76.81
O95980,RECK,TYR,164,76.29,85.88
O95980,RECK,THR,171,49.4,61.91
O95980,RECK,SER,173,76.22,52.12
O95980,RECK,SER,174,50.77,56.5
O95980,RECK,SER,178,87.65,66.25
O95980,RECK,LYS,181,127.53,77.75
O95980,RECK,TYR,186,114.91,83.81
O95980,RECK,SER,189,113.62,83.69
O95980,RECK,CYS,197,24.9,88.19
O95980,RECK,THR,202,18.65,69.81
O95980,RECK,SER,204,77.04,48.41
O95980,RECK,TYR,205,94.52,49.09
O95980,RECK,THR,211,17.29,71.25
O95980,RECK,SER,213,16.69,76.56
O95980,RECK,TYR,215,106.17,82.12
O95980,RECK,LYS,230,68.24,89.44
O95980,RECK,SER,235,73.57,79.88
O95980,RECK,LYS,236,78.62,77.88
O95980,RECK,LYS,237,125.05,62.22
O95980,RECK,THR,238,30.61,63.06
O95980,RECK,CYS,250,11.85,87.94
O95980,RECK,LYS,251,185.13,83.94
O95980,RECK,THR,252,50.89,79.19
O95980,RECK,SER,267,16.63,58.91
O95980,RECK,SER,268,63.3,50.22
O95980,RECK,SER,270,92.37,35.81
O95980,RECK,THR,276,127.9,29.39
O95980,RECK,SER,282,81.33,33.88
O95980,RECK,THR,283,70.17,43.62
O95980,RECK,LYS,289,37.18,88.31
O95980,RECK,SER,294,26.61,86.12
O95980,RECK,LYS,295,43.84,88.25
O95980,RECK,THR,298,50.84,90.31
O95980,RECK,SER,299,74.16,87.75
O95980,RECK,THR,300,72.51,91.38
O95980,RECK,THR,306,27.78,85.56
O95980,RECK,LYS,307,77.18,80.06
O95980,RECK,TYR,309,48.48,80.94
O95980,RECK,SER,310,24.67,72.94
O95980,RECK,SER,312,77.35,48.72
O95980,RECK,THR,316,39.67,52.5
O95980,RECK,TYR,328,77.86,74.25
O95980,RECK,SER,334,64.46,86.38
O95980,RECK,THR,337,25.51,88.31
O95980,RECK,THR,354,117.54,94.94
O95980,RECK,TYR,355,51.57,95.94
O95980,RECK,THR,357,64.1,95.06
O95980,RECK,SER,369,10.32,86.81
O95980,RECK,SER,374,11.41,89.5
O95980,RECK,LYS,383,98.92,91.62
O95980,RECK,LYS,387,117.81,88.38
O95980,RECK,SER,389,29.83,88.5
O95980,RECK,LYS,391,106.53,80.38
O95980,RECK,LYS,403,129.24,91.81
O95980,RECK,LYS,404,172.05,93.12
O95980,RECK,CYS,405,25.09,94.62
O95980,RECK,LYS,411,49.49,95.75
O95980,RECK,LYS,420,54.58,92.19
O95980,RECK,LYS,425,86.12,73.0
O95980,RECK,SER,426,35.79,73.38
O95980,RECK,SER,429,25.31,80.19
O95980,RECK,LYS,433,44.46,92.5
O95980,RECK,SER,434,62.93,93.31
O95980,RECK,CYS,436,13.62,94.0
O95980,RECK,LYS,441,100.47,94.56
O95980,RECK,LYS,442,103.55,94.25
O95980,RECK,LYS,448,138.13,90.12
O95980,RECK,THR,454,73.29,91.38
O95980,RECK,SER,457,48.73,90.38
O95980,RECK,THR,465,71.9,75.44
O95980,RECK,LYS,469,133.18,70.0
O95980,RECK,THR,476,53.79,90.06
O95980,RECK,SER,481,24.04,88.0
O95980,RECK,THR,482,139.85,86.06
O95980,RECK,THR,491,60.35,88.5
O95980,RECK,CYS,494,14.9,87.06
O95980,RECK,CYS,499,14.65,87.62
O95980,RECK,CYS,505,18.96,91.0
O95980,RECK,LYS,510,188.09,76.69
O95980,RECK,CYS,512,65.36,69.25
O95980,RECK,SER,514,128.98,61.47
O95980,RECK,CYS,518,48.24,79.62
O95980,RECK,TYR,521,38.63,90.5
O95980,RECK,CYS,523,48.79,92.75
O95980,RECK,LYS,528,74.53,88.06
O95980,RECK,THR,541,15.25,88.5
O95980,RECK,SER,547,14.59,77.75
O95980,RECK,SER,548,66.81,64.88
O95980,RECK,TYR,555,19.94,87.19
O95980,RECK,LYS,556,44.62,87.94
O95980,RECK,SER,559,24.55,91.5
O95980,RECK,SER,563,58.44,82.38
O95980,RECK,CYS,569,67.11,88.75
O95980,RECK,CYS,574,73.51,85.69
O95980,RECK,LYS,579,112.23,89.75
O95980,RECK,SER,580,34.17,91.62
O95980,RECK,LYS,586,149.45,90.31
O95980,RECK,LYS,588,44.2,91.44
O95980,RECK,SER,589,71.43,89.19
O95980,RECK,THR,592,42.05,89.69
O95980,RECK,SER,593,62.58,91.12
O95980,RECK,SER,595,75.39,90.62
O95980,RECK,CYS,598,59.03,85.75
O95980,RECK,CYS,610,37.52,92.06
O95980,RECK,THR,612,73.56,83.38
O95980,RECK,CYS,615,33.11,81.5
O95980,RECK,SER,617,56.92,75.5
O95980,RECK,SER,620,20.91,76.94
O95980,RECK,SER,621,55.67,80.5
O95980,RECK,THR,627,88.24,78.5
O95980,RECK,THR,629,31.85,78.56
O95980,RECK,CYS,633,83.13,88.5
O95980,RECK,CYS,643,12.92,97.56
O95980,RECK,SER,652,12.93,95.19
O95980,RECK,CYS,654,56.07,95.88
O95980,RECK,CYS,658,41.51,92.88
O95980,RECK,SER,670,14.34,96.62
O95980,RECK,CYS,671,17.31,96.75
O95980,RECK,SER,673,83.01,93.12
O95980,RECK,LYS,674,60.07,92.5
O95980,RECK,CYS,677,23.15,93.44
O95980,RECK,CYS,682,13.26,94.19
O95980,RECK,LYS,684,195.64,88.06
O95980,RECK,CYS,688,16.25,91.62
O95980,RECK,LYS,691,89.17,91.25
O95980,RECK,THR,698,20.22,94.12
O95980,RECK,LYS,701,128.25,92.12
O95980,RECK,CYS,704,15.65,95.06
O95980,RECK,SER,705,54.81,93.94
O95980,RECK,TYR,707,71.94,94.19
O95980,RECK,CYS,709,41.36,91.62
O95980,RECK,CYS,716,33.35,69.81
O95980,RECK,THR,726,72.33,92.44
O95980,RECK,CYS,735,25.67,85.0
O95980,RECK,THR,736,27.87,88.5
O95980,RECK,TYR,738,27.2,84.44
O95980,RECK,LYS,742,66.03,92.0
O95980,RECK,SER,743,64.46,89.56
O95980,RECK,SER,745,15.61,92.75
O95980,RECK,LYS,747,89.63,92.06
O95980,RECK,CYS,750,26.69,92.5
O95980,RECK,THR,757,81.02,80.31
O95980,RECK,THR,767,45.17,97.0
O95980,RECK,TYR,768,10.25,95.94
O95980,RECK,SER,769,59.08,93.56
O95980,RECK,TYR,775,88.69,94.38
O95980,RECK,SER,776,26.37,93.75
O95980,RECK,TYR,784,124.14,94.5
O95980,RECK,CYS,787,17.79,95.5
O95980,RECK,SER,794,32.85,52.97
O95980,RECK,SER,797,53.24,40.94
O95980,RECK,SER,798,123.61,40.0
O95980,RECK,CYS,802,21.39,84.25
O95980,RECK,SER,804,78.91,83.81
O95980,RECK,LYS,806,186.19,91.25
O95980,RECK,CYS,807,50.09,90.94
O95980,RECK,SER,809,89.47,83.94
O95980,RECK,CYS,815,15.21,86.88
O95980,RECK,LYS,816,140.05,90.38
O95980,RECK,CYS,824,18.26,92.56
O95980,RECK,CYS,828,12.27,93.0
O95980,RECK,LYS,838,101.14,92.44
O95980,RECK,LYS,840,18.02,89.88
O95980,RECK,THR,843,35.98,89.25
O95980,RECK,LYS,846,113.97,89.56
O95980,RECK,THR,848,18.18,81.44
O95980,RECK,LYS,850,149.22,81.38
O95980,RECK,LYS,851,142.51,88.25
O95980,RECK,THR,854,14.68,96.19
O95980,RECK,LYS,861,30.96,94.38
O95980,RECK,SER,867,24.73,92.19
O95980,RECK,TYR,876,11.01,97.56
O95980,RECK,SER,881,31.31,88.25
O95980,RECK,TYR,893,143.32,85.25
O95980,RECK,LYS,895,98.68,89.0
O95980,RECK,LYS,904,52.69,94.31
O95980,RECK,LYS,908,18.48,93.69
O95980,RECK,SER,915,47.99,88.69
O95980,RECK,THR,919,11.48,89.38
O95980,RECK,SER,938,55.77,81.38
O95980,RECK,SER,939,29.18,65.5
O95980,RECK,SER,942,119.12,34.25
O95980,RECK,SER,950,104.26,33.16
O95980,RECK,CYS,951,123.1,35.88
O95980,RECK,SER,953,94.36,37.47
O95980,RECK,SER,959,101.3,40.03
O95980,RECK,THR,969,99.77,44.0
O95980,RECK,TYR,970,209.23,46.56
P00395,MT-CO1,THR,10,63.43,96.88
P00395,MT-CO1,THR,17,35.81,98.19
P00395,MT-CO1,TYR,19,11.63,98.69
P00395,MT-CO1,THR,31,27.55,96.56
P00395,MT-CO1,SER,34,25.12,97.62
P00395,MT-CO1,TYR,129,45.1,98.12
P00395,MT-CO1,TYR,136,218.45,91.88
P00395,MT-CO1,SER,137,51.51,94.81
P00395,MT-CO1,SER,157,20.05,98.25
P00395,MT-CO1,THR,166,31.74,98.5
P00395,MT-CO1,LYS,172,33.29,92.0
P00395,MT-CO1,THR,177,77.24,91.69
P00395,MT-CO1,TYR,179,110.26,90.44
P00395,MT-CO1,THR,207,57.46,98.75
P00395,MT-CO1,THR,211,26.62,98.25
P00395,MT-CO1,THR,217,48.05,97.75
P00395,MT-CO1,THR,218,59.72,97.31
P00395,MT-CO1,TYR,244,27.54,96.44
P00395,MT-CO1,THR,259,15.58,93.88
P00395,MT-CO1,TYR,260,41.14,92.81
P00395,MT-CO1,TYR,261,50.5,92.38
P00395,MT-CO1,SER,262,10.7,92.25
P00395,MT-CO1,LYS,264,71.13,88.75
P00395,MT-CO1,LYS,265,166.07,86.0
P00395,MT-CO1,TYR,270,33.57,95.62
P00395,MT-CO1,SER,279,45.16,98.06
P00395,MT-CO1,THR,294,65.69,96.88
P00395,MT-CO1,THR,301,43.63,97.0
P00395,MT-CO1,TYR,304,111.75,98.0
P00395,MT-CO1,THR,306,18.78,98.12
P00395,MT-CO1,SER,307,62.9,97.5
P00395,MT-CO1,THR,309,19.46,97.81
P00395,MT-CO1,THR,316,24.46,96.94
P00395,MT-CO1,SER,330,26.94,89.25
P00395,MT-CO1,LYS,333,134.13,83.31
P00395,MT-CO1,SER,335,17.01,93.75
P00395,MT-CO1,THR,349,49.7,97.38
P00395,MT-CO1,THR,354,20.62,97.88
P00395,MT-CO1,SER,361,12.14,96.88
P00395,MT-CO1,SER,362,81.26,96.56
P00395,MT-CO1,THR,370,10.33,98.5
P00395,MT-CO1,TYR,371,11.11,98.31
P00395,MT-CO1,TYR,372,14.92,98.62
P00395,MT-CO1,SER,382,21.37,76.12
P00395,MT-CO1,SER,401,22.2,95.81
P00395,MT-CO1,TYR,403,42.56,95.75
P00395,MT-CO1,THR,404,44.68,94.75
P00395,MT-CO1,THR,408,86.54,97.19
P00395,MT-CO1,TYR,409,81.03,97.81
P00395,MT-CO1,LYS,411,76.34,98.38
P00395,MT-CO1,THR,415,66.67,98.44
P00395,MT-CO1,SER,434,63.95,97.38
P00395,MT-CO1,TYR,440,124.91,95.44
P00395,MT-CO1,SER,441,13.19,95.56
P00395,MT-CO1,TYR,443,11.24,95.88
P00395,MT-CO1,TYR,447,33.5,97.12
P00395,MT-CO1,THR,448,30.15,97.12
P00395,MT-CO1,THR,449,89.71,97.19
P00395,MT-CO1,SER,458,10.14,97.5
P00395,MT-CO1,SER,461,17.65,96.88
P00395,MT-CO1,THR,463,60.44,97.69
P00395,MT-CO1,SER,478,52.33,95.5
P00395,MT-CO1,LYS,479,133.87,92.88
P00395,MT-CO1,LYS,481,151.52,91.62
P00395,MT-CO1,SER,489,93.73,62.66
P00395,MT-CO1,TYR,496,81.74,88.69
P00395,MT-CO1,CYS,498,28.84,92.5
P00395,MT-CO1,TYR,502,117.15,91.12
P00395,MT-CO1,TYR,510,174.41,75.69
P00395,MT-CO1,LYS,512,180.58,65.88
P00395,MT-CO1,SER,513,149.45,57.66
P00533,EGFR,SER,4,121.32,42.94
P00533,EGFR,THR,6,128.84,49.47
P00533,EGFR,CYS,19,90.89,36.91
P00533,EGFR,SER,22,86.02,32.91
P00533,EGFR,LYS,28,39.35,81.94
P00533,EGFR,LYS,29,114.51,86.25
P00533,EGFR,CYS,31,16.85,85.44
P00533,EGFR,THR,34,27.75,80.75
P00533,EGFR,SER,35,67.9,85.12
P00533,EGFR,LYS,37,114.2,88.38
P00533,EGFR,THR,39,81.5,74.75
P00533,EGFR,THR,43,83.64,84.19
P00533,EGFR,SER,50,44.3,83.69
P00533,EGFR,TYR,69,39.16,95.62
P00533,EGFR,TYR,74,65.08,94.12
P00533,EGFR,SER,77,54.6,96.25
P00533,EGFR,LYS,80,80.94,97.12
P00533,EGFR,THR,81,48.66,97.06
P00533,EGFR,THR,95,15.97,96.44
P00533,EGFR,TYR,112,69.74,93.25
P00533,EGFR,TYR,113,12.77,91.81
P00533,EGFR,SER,116,39.38,93.31
P00533,EGFR,TYR,117,33.12,96.5
P00533,EGFR,SER,123,31.77,95.38
P00533,EGFR,TYR,125,85.83,93.25
P00533,EGFR,LYS,129,99.65,88.25
P00533,EGFR,THR,130,46.13,90.0
P00533,EGFR,LYS,133,48.65,93.56
P00533,EGFR,SER,151,18.99,94.44
P00533,EGFR,SER,161,35.79,94.19
P00533,EGFR,SER,169,24.75,90.81
P00533,EGFR,SER,170,78.97,89.75
P00533,EGFR,SER,174,100.66,89.19
P00533,EGFR,SER,177,49.86,87.81
P00533,EGFR,SER,186,66.93,76.44
P00533,EGFR,CYS,187,38.04,87.25
P00533,EGFR,LYS,189,191.16,92.0
P00533,EGFR,CYS,190,26.7,94.12
P00533,EGFR,SER,193,67.41,96.06
P00533,EGFR,CYS,207,14.83,97.56
P00533,EGFR,LYS,209,94.59,96.69
P00533,EGFR,THR,211,12.75,96.62
P00533,EGFR,LYS,212,66.63,95.75
P00533,EGFR,CYS,215,28.28,95.56
P00533,EGFR,CYS,219,20.37,92.94
P00533,EGFR,SER,220,86.16,90.06
P00533,EGFR,LYS,226,157.94,94.56
P00533,EGFR,SER,227,47.14,94.12
P00533,EGFR,SER,229,78.05,93.19
P00533,EGFR,CYS,231,21.93,96.12
P00533,EGFR,CYS,232,11.3,96.81
P00533,EGFR,CYS,240,12.09,96.62
P00533,EGFR,THR,241,95.38,95.81
P00533,EGFR,SER,246,58.98,94.5
P00533,EGFR,CYS,248,21.6,95.75
P00533,EGFR,LYS,253,87.5,92.06
P00533,EGFR,THR,259,35.08,93.94
P00533,EGFR,LYS,261,68.88,92.69
P00533,EGFR,THR,263,82.22,89.88
P00533,EGFR,CYS,264,11.38,91.5
P00533,EGFR,TYR,270,12.21,90.12
P00533,EGFR,THR,273,115.65,88.62
P00533,EGFR,THR,274,65.3,90.56
P00533,EGFR,TYR,275,67.66,89.06
P00533,EGFR,LYS,284,20.38,93.56
P00533,EGFR,TYR,285,42.77,91.75
P00533,EGFR,THR,290,33.63,90.88
P00533,EGFR,LYS,293,132.12,90.88
P00533,EGFR,LYS,294,171.61,88.94
P00533,EGFR,CYS,295,28.3,85.19
P00533,EGFR,TYR,299,32.38,80.56
P00533,EGFR,THR,302,33.46,86.69
P00533,EGFR,CYS,311,26.6,80.31
P00533,EGFR,SER,315,18.95,82.38
P00533,EGFR,TYR,316,89.53,81.5
P00533,EGFR,LYS,325,57.18,88.88
P00533,EGFR,LYS,327,103.24,87.25
P00533,EGFR,LYS,328,123.32,86.31
P00533,EGFR,CYS,329,24.23,82.25
P00533,EGFR,CYS,333,34.34,77.19
P00533,EGFR,LYS,335,83.96,87.81
P00533,EGFR,CYS,337,16.39,93.0
P00533,EGFR,LYS,346,147.45,86.62
P00533,EGFR,SER,348,30.53,89.75
P00533,EGFR,THR,354,85.53,94.44
P00533,EGFR,LYS,357,119.39,94.12
P00533,EGFR,LYS,360,116.79,91.94
P00533,EGFR,SER,366,45.67,92.06
P00533,EGFR,SER,380,110.43,91.5
P00533,EGFR,THR,382,89.69,89.0
P00533,EGFR,THR,384,15.29,93.38
P00533,EGFR,LYS,396,61.5,96.44
P00533,EGFR,THR,397,30.69,94.88
P00533,EGFR,LYS,399,87.0,95.94
P00533,EGFR,THR,402,22.18,90.38
P00533,EGFR,THR,415,87.33,95.0
P00533,EGFR,THR,430,63.68,78.12
P00533,EGFR,LYS,431,49.98,82.75
P00533,EGFR,SER,442,80.77,94.19
P00533,EGFR,THR,446,39.37,96.69
P00533,EGFR,SER,447,10.43,97.44
P00533,EGFR,SER,452,19.6,95.5
P00533,EGFR,LYS,454,133.45,94.06
P00533,EGFR,SER,457,21.95,91.38
P00533,EGFR,SER,464,20.87,95.19
P00533,EGFR,LYS,467,128.61,94.19
P00533,EGFR,CYS,470,10.57,96.62
P00533,EGFR,THR,474,52.53,95.31
P00533,EGFR,LYS,478,174.87,93.44
P00533,EGFR,LYS,479,134.51,93.25
P00533,EGFR,THR,483,62.22,77.94
P00533,EGFR,SER,484,130.47,77.0
P00533,EGFR,LYS,487,140.9,90.44
P00533,EGFR,THR,488,61.29,94.62
P00533,EGFR,LYS,489,101.31,91.62
P00533,EGFR,SER,492,86.53,92.69
P00533,EGFR,SER,498,49.01,94.38
P00533,EGFR,LYS,500,119.81,93.62
P00533,EGFR,THR,502,78.63,93.25
P00533,EGFR,CYS,506,34.64,96.56
P00533,EGFR,CYS,510,12.96,96.75
P00533,EGFR,SER,511,18.08,95.5
P00533,EGFR,CYS,523,14.4,96.31
P00533,EGFR,SER,525,49.04,94.19
P00533,EGFR,CYS,526,38.49,95.31
P00533,EGFR,SER,530,16.4,95.44
P00533,EGFR,LYS,538,112.68,94.62
P00533,EGFR,SER,553,59.46,93.0
P00533,EGFR,CYS,558,14.67,96.06
P00533,EGFR,THR,572,85.68,95.75
P00533,EGFR,CYS,579,20.87,96.5
P00533,EGFR,CYS,582,20.86,96.62
P00533,EGFR,TYR,585,63.9,96.81
P00533,EGFR,LYS,593,137.58,96.19
P00533,EGFR,THR,594,97.81,95.31
P00533,EGFR,CYS,595,16.11,94.56
P00533,EGFR,THR,605,77.96,83.31
P00533,EGFR,LYS,609,12.5,94.25
P00533,EGFR,TYR,610,30.9,94.12
P00533,EGFR,CYS,620,13.23,92.56
P00533,EGFR,CYS,624,10.16,86.88
P00533,EGFR,THR,625,77.31,84.06
P00533,EGFR,TYR,626,186.21,84.81
P00533,EGFR,CYS,628,20.11,91.12
P00533,EGFR,THR,629,120.72,90.5
P00533,EGFR,CYS,636,15.8,80.94
P00533,EGFR,THR,638,125.15,54.84
P00533,EGFR,LYS,642,203.0,32.31
P00533,EGFR,SER,645,113.13,36.75
P00533,EGFR,THR,648,130.36,49.34
P00533,EGFR,LYS,676,98.77,59.88
P00533,EGFR,THR,678,35.75,55.97
P00533,EGFR,THR,693,58.46,36.44
P00533,EGFR,SER,695,72.3,38.53
P00533,EGFR,LYS,708,111.99,81.75
P00533,EGFR,THR,710,124.49,82.88
P00533,EGFR,LYS,713,117.76,85.19
P00533,EGFR,LYS,714,76.39,88.0
P00533,EGFR,LYS,716,89.51,86.69
P00533,EGFR,SER,720,48.44,72.31
P00533,EGFR,THR,725,20.16,82.56
P00533,EGFR,TYR,727,46.4,89.56
P00533,EGFR,LYS,728,31.3,87.0
P00533,EGFR,LYS,737,172.04,68.0
P00533,EGFR,LYS,739,33.5,77.0
P00533,EGFR,LYS,745,40.71,86.38
P00533,EGFR,THR,751,139.32,46.34
P00533,EGFR,SER,752,48.97,44.81
P00533,EGFR,LYS,754,139.79,43.41
P00533,EGFR,LYS,757,120.77,61.81
P00533,EGFR,TYR,764,29.06,73.12
P00533,EGFR,SER,768,11.78,74.56
P00533,EGFR,THR,783,52.95,73.31
P00533,EGFR,SER,784,113.82,69.5
P00533,EGFR,THR,785,38.94,73.25
P00533,EGFR,THR,790,20.15,88.38
P00533,EGFR,LYS,806,106.05,87.94
P00533,EGFR,TYR,813,35.61,92.44
P00533,EGFR,LYS,823,86.52,97.81
P00533,EGFR,TYR,827,38.05,94.38
P00533,EGFR,LYS,846,45.17,86.19
P00533,EGFR,THR,847,36.62,86.81
P00533,EGFR,LYS,852,14.09,94.25
P00533,EGFR,LYS,860,98.62,53.34
P00533,EGFR,LYS,867,171.33,50.31
P00533,EGFR,TYR,869,50.59,40.28
P00533,EGFR,LYS,875,177.86,57.78
P00533,EGFR,LYS,879,24.07,92.56
P00533,EGFR,THR,892,20.84,91.94
P00533,EGFR,THR,909,23.44,94.81
P00533,EGFR,SER,912,50.98,93.38
P00533,EGFR,LYS,913,93.94,89.81
P00533,EGFR,TYR,915,17.76,92.19
P00533,EGFR,SER,921,94.99,82.5
P00533,EGFR,SER,924,20.98,89.38
P00533,EGFR,SER,925,54.86,89.62
P00533,EGFR,LYS,929,146.99,90.88
P00533,EGFR,THR,940,32.3,94.69
P00533,EGFR,TYR,944,43.81,97.19
P00533,EGFR,LYS,949,110.6,97.06
P00533,EGFR,SER,957,57.81,95.44
P00533,EGFR,LYS,960,108.92,96.38
P00533,EGFR,SER,969,31.82,95.62
P00533,EGFR,LYS,970,102.28,94.94
P00533,EGFR,TYR,978,18.07,94.0
P00533,EGFR,SER,991,62.38,38.66
P00533,EGFR,THR,993,127.18,41.03
P00533,EGFR,SER,995,29.14,40.44
P00533,EGFR,TYR,998,107.04,44.5
P00533,EGFR,TYR,1016,11.43,59.19
P00533,EGFR,SER,1025,102.02,27.42
P00533,EGFR,SER,1026,90.33,28.67
P00533,EGFR,SER,1028,97.56,29.48
P00533,EGFR,THR,1029,141.92,32.19
P00533,EGFR,SER,1030,108.51,26.06
P00533,EGFR,THR,1032,116.43,29.72
P00533,EGFR,SER,1036,104.22,32.66
P00533,EGFR,SER,1037,85.34,32.41
P00533,EGFR,SER,1039,100.89,28.98
P00533,EGFR,THR,1041,132.58,30.02
P00533,EGFR,SER,1042,99.19,32.47
P00533,EGFR,SER,1045,90.71,31.23
P00533,EGFR,THR,1046,136.65,28.28
P00533,EGFR,CYS,1049,137.69,25.92
P00533,EGFR,SER,1057,103.99,23.81
P00533,EGFR,CYS,1058,115.9,24.5
P00533,EGFR,LYS,1061,192.74,25.14
P00533,EGFR,SER,1064,100.11,26.12
P00533,EGFR,TYR,1069,20.69,28.78
P00533,EGFR,SER,1070,56.79,33.25
P00533,EGFR,SER,1071,59.15,26.88
P00533,EGFR,THR,1074,119.06,33.53
P00533,EGFR,THR,1078,137.71,26.27
P00533,EGFR,SER,1081,94.93,26.45
P00533,EGFR,THR,1085,96.24,26.36
P00533,EGFR,TYR,1092,229.83,31.11
P00533,EGFR,SER,1096,97.99,34.25
P00533,EGFR,LYS,1099,206.29,30.77
P00533,EGFR,SER,1104,110.37,25.72
P00533,EGFR,TYR,1110,220.64,33.34
P00533,EGFR,SER,1120,103.92,28.12
P00533,EGFR,TYR,1125,173.92,35.41
P00533,EGFR,SER,1130,98.67,31.53
P00533,EGFR,THR,1131,133.12,34.41
P00533,EGFR,TYR,1138,173.02,27.72
P00533,EGFR,THR,1141,123.03,26.42
P00533,EGFR,THR,1145,104.57,30.11
P00533,EGFR,CYS,1146,100.76,25.44
P00533,EGFR,SER,1149,117.43,30.42
P00533,EGFR,THR,1150,110.24,26.5
P00533,EGFR,SER,1153,106.57,27.7
P00533,EGFR,LYS,1160,188.91,26.78
P00533,EGFR,SER,1162,112.9,27.89
P00533,EGFR,SER,1166,88.35,31.78
P00533,EGFR,TYR,1172,87.17,36.75
P00533,EGFR,LYS,1179,181.18,27.33
P00533,EGFR,LYS,1182,198.67,29.98
P00533,EGFR,LYS,1188,196.06,27.31
P00533,EGFR,SER,1190,103.06,25.56
P00533,EGFR,THR,1191,128.29,25.44
P00533,EGFR,TYR,1197,214.34,29.11
P00533,EGFR,SER,1204,113.38,32.69
P00533,EGFR,SER,1205,113.88,36.16
P01112,HRAS,THR,2,54.49,96.31
P01112,HRAS,LYS,5,91.22,98.56
P01112,HRAS,LYS,16,12.04,97.5
P01112,HRAS,SER,17,30.24,96.31
P01112,HRAS,TYR,32,132.75,80.0
P01112,HRAS,THR,35,22.63,85.0
P01112,HRAS,SER,39,79.22,95.31
P01112,HRAS,TYR,40,44.37,96.88
P01112,HRAS,LYS,42,54.13,97.19
P01112,HRAS,THR,50,57.36,97.94
P01112,HRAS,TYR,64,63.65,87.88
P01112,HRAS,SER,65,34.69,85.56
P01112,HRAS,TYR,71,19.77,92.25
P01112,HRAS,THR,74,83.38,94.69
P01112,HRAS,THR,87,56.37,98.19
P01112,HRAS,LYS,88,117.71,98.12
P01112,HRAS,TYR,96,12.17,97.31
P01112,HRAS,LYS,101,30.92,98.0
P01112,HRAS,LYS,104,57.58,97.06
P01112,HRAS,SER,106,35.72,95.94
P01112,HRAS,LYS,117,57.15,97.81
P01112,HRAS,CYS,118,26.88,98.06
P01112,HRAS,THR,124,76.88,97.81
P01112,HRAS,SER,127,47.02,96.88
P01112,HRAS,SER,136,86.54,98.0
P01112,HRAS,TYR,137,36.9,97.81
P01112,HRAS,TYR,141,28.49,98.81
P01112,HRAS,LYS,147,125.3,97.0
P01112,HRAS,THR,148,82.31,96.75
P01112,HRAS,TYR,157,33.48,98.69
P01112,HRAS,THR,158,22.63,98.88
P01112,HRAS,LYS,167,81.27,95.81
P01112,HRAS,LYS,170,141.43,89.81
P01112,HRAS,SER,177,94.27,51.0
P01112,HRAS,CYS,181,113.03,43.53
P01112,HRAS,SER,183,79.79,46.22
P01112,HRAS,CYS,184,113.06,41.19
P01112,HRAS,LYS,185,206.41,46.66
P01112,HRAS,CYS,186,114.44,46.72
P01112,HRAS,SER,189,159.49,58.25
P01737,TRAV8-4,THR,14,117.85,65.44
P01737,TRAV8-4,THR,18,136.05,68.62
P01737,TRAV8-4,SER,22,58.77,96.75
P01737,TRAV8-4,THR,24,74.75,97.44
P01737,TRAV8-4,SER,28,130.5,84.94
P01737,TRAV8-4,SER,31,97.18,95.38
P01737,TRAV8-4,SER,33,85.38,97.56
P01737,TRAV8-4,TYR,44,17.03,97.12
P01737,TRAV8-4,SER,45,63.25,96.44
P01737,TRAV8-4,SER,46,31.01,94.12
P01737,TRAV8-4,SER,47,74.22,90.94
P01737,TRAV8-4,TYR,51,105.16,96.69
P01737,TRAV8-4,TYR,55,58.82,98.5
P01737,TRAV8-4,TYR,58,30.3,97.69
P01737,TRAV8-4,LYS,68,107.36,97.38
P01737,TRAV8-4,TYR,69,22.22,97.88
P01737,TRAV8-4,THR,70,54.78,92.56
P01737,TRAV8-4,SER,71,96.7,81.38
P01737,TRAV8-4,THR,74,75.26,94.62
P01737,TRAV8-4,LYS,77,164.19,97.0
P01737,TRAV8-4,LYS,87,74.61,97.0
P01737,TRAV8-4,LYS,88,159.54,94.88
P01737,TRAV8-4,SER,89,112.8,95.31
P01737,TRAV8-4,THR,91,65.07,96.88
P01737,TRAV8-4,THR,96,33.75,98.31
P01737,TRAV8-4,LYS,97,23.24,98.19
P01737,TRAV8-4,SER,99,57.42,98.0
P01737,TRAV8-4,SER,103,71.44,96.31
P01737,TRAV8-4,TYR,108,28.45,97.94
P01737,TRAV8-4,SER,113,71.44,93.06
P01833,PIGR,THR,7,86.83,49.91
P01833,PIGR,CYS,8,71.66,49.84
P01833,PIGR,SER,17,93.98,34.25
P01833,PIGR,THR,18,109.6,47.5
P01833,PIGR,LYS,19,165.74,62.66
P01833,PIGR,SER,20,23.77,76.19
P01833,PIGR,SER,30,17.54,85.5
P01833,PIGR,SER,35,84.93,91.38
P01833,PIGR,SER,37,75.09,93.88
P01833,PIGR,THR,39,35.05,94.0
P01833,PIGR,TYR,41,47.3,91.56
P01833,PIGR,THR,45,60.53,85.0
P01833,PIGR,SER,46,91.91,85.81
P01833,PIGR,THR,51,35.57,93.31
P01833,PIGR,CYS,64,23.19,90.62
P01833,PIGR,THR,66,17.86,94.38
P01833,PIGR,SER,70,52.84,95.12
P01833,PIGR,TYR,73,108.59,94.38
P01833,PIGR,SER,75,17.05,95.81
P01833,PIGR,SER,76,108.41,94.5
P01833,PIGR,LYS,77,134.84,93.69
P01833,PIGR,THR,85,57.37,96.0
P01833,PIGR,SER,101,36.49,91.88
P01833,PIGR,SER,105,23.22,91.75
P01833,PIGR,LYS,109,47.04,94.62
P01833,PIGR,SER,116,100.44,75.62
P01833,PIGR,SER,120,13.04,92.12
P01833,PIGR,SER,124,47.22,92.62
P01833,PIGR,SER,128,60.43,83.38
P01833,PIGR,THR,137,24.41,73.75
P01833,PIGR,LYS,138,112.68,83.31
P01833,PIGR,TYR,140,31.33,85.5
P01833,PIGR,THR,141,73.69,83.25
P01833,PIGR,THR,147,63.99,90.19
P01833,PIGR,THR,149,59.1,94.38
P01833,PIGR,LYS,155,116.49,88.12
P01833,PIGR,THR,156,99.81,87.19
P01833,PIGR,LYS,161,75.58,90.56
P01833,PIGR,TYR,166,44.57,94.75
P01833,PIGR,LYS,167,11.86,94.75
P01833,PIGR,TYR,172,161.75,88.44
P01833,PIGR,SER,179,55.34,93.06
P01833,PIGR,SER,180,94.29,90.0
P01833,PIGR,TYR,182,95.59,94.81
P01833,PIGR,THR,188,96.57,91.88
P01833,PIGR,THR,198,146.01,56.5
P01833,PIGR,SER,213,73.82,91.0
P01833,PIGR,SER,226,122.71,84.12
P01833,PIGR,SER,228,15.95,86.81
P01833,PIGR,LYS,230,112.25,90.06
P01833,PIGR,LYS,231,37.86,89.12
P01833,PIGR,LYS,239,126.15,81.88
P01833,PIGR,TYR,246,46.09,84.0
P01833,PIGR,THR,254,40.34,92.56
P01833,PIGR,SER,274,42.47,81.75
P01833,PIGR,SER,275,124.04,65.94
P01833,PIGR,CYS,279,19.88,91.5
P01833,PIGR,THR,285,60.91,88.81
P01833,PIGR,LYS,288,96.41,89.38
P01833,PIGR,LYS,304,201.21,70.06
P01833,PIGR,SER,307,27.5,86.25
P01833,PIGR,SER,309,14.89,90.31
P01833,PIGR,LYS,317,118.36,90.94
P01833,PIGR,SER,329,88.15,89.94
P01833,PIGR,SER,350,31.91,81.19
P01833,PIGR,THR,351,98.64,80.44
P01833,PIGR,SER,355,19.69,78.06
P01833,PIGR,THR,357,72.41,86.56
P01833,PIGR,LYS,360,139.57,95.19
P01833,PIGR,SER,366,12.67,97.06
P01833,PIGR,LYS,376,176.28,85.12
P01833,PIGR,SER,378,60.63,87.5
P01833,PIGR,LYS,379,205.55,89.25
P01833,PIGR,SER,380,21.65,91.56
P01833,PIGR,TYR,383,43.77,94.5
P01833,PIGR,CYS,395,22.89,87.25
P01833,PIGR,SER,401,39.01,93.44
P01833,PIGR,LYS,406,64.24,94.5
P01833,PIGR,TYR,409,24.27,94.44
P01833,PIGR,THR,423,23.87,92.38
P01833,PIGR,THR,432,57.87,96.38
P01833,PIGR,SER,433,91.0,94.5
P01833,PIGR,THR,443,12.84,90.0
P01833,PIGR,THR,447,55.84,79.12
P01833,PIGR,THR,452,14.66,93.0
P01833,PIGR,LYS,456,83.05,96.44
P01833,PIGR,LYS,465,80.59,94.38
P01833,PIGR,THR,471,74.26,93.0
P01833,PIGR,THR,477,78.59,92.81
P01833,PIGR,LYS,479,98.56,94.06
P01833,PIGR,CYS,486,37.16,92.81
P01833,PIGR,LYS,487,115.55,92.06
P01833,PIGR,SER,489,46.65,90.0
P01833,PIGR,SER,490,104.92,92.12
P01833,PIGR,TYR,491,58.49,94.75
P01833,PIGR,LYS,493,49.24,95.19
P01833,PIGR,TYR,494,27.21,95.25
P01833,PIGR,LYS,497,53.38,94.62
P01833,PIGR,THR,501,96.87,85.62
P01833,PIGR,CYS,503,26.01,87.44
P01833,PIGR,SER,508,45.09,91.5
P01833,PIGR,LYS,515,195.45,88.38
P01833,PIGR,CYS,520,13.76,85.81
P01833,PIGR,THR,530,40.4,94.0
P01833,PIGR,THR,535,65.13,93.81
P01833,PIGR,LYS,547,48.25,94.5
P01833,PIGR,TYR,552,38.73,93.88
P01833,PIGR,TYR,559,82.52,95.06
P01833,PIGR,LYS,566,200.08,61.44
P01833,PIGR,SER,570,112.22,37.81
P01833,PIGR,SER,574,105.66,38.16
P01833,PIGR,LYS,577,192.21,35.22
P01833,PIGR,LYS,585,171.19,39.5
P01833,PIGR,SER,589,115.3,37.09
P01833,PIGR,LYS,597,163.52,31.56
P01833,PIGR,LYS,609,182.99,31.66
P01833,PIGR,THR,614,119.33,34.34
P01833,PIGR,SER,621,104.14,33.41
P01833,PIGR,SER,624,100.7,33.94
P01833,PIGR,SER,627,111.49,33.25
P01833,PIGR,SER,629,102.85,34.19
P01833,PIGR,SER,630,99.8,36.81
P01833,PIGR,SER,636,111.81,33.12
P01833,PIGR,SER,637,90.15,42.25
P01833,PIGR,SER,642,86.19,54.47
P01833,PIGR,THR,643,91.24,55.25
P01833,PIGR,LYS,667,144.9,57.59
P01833,PIGR,SER,673,86.72,38.69
P01833,PIGR,SER,676,97.94,36.03
P01833,PIGR,TYR,677,204.7,37.03
P01833,PIGR,THR,679,99.92,45.62
P01833,PIGR,SER,682,63.95,36.66
P01833,PIGR,SER,684,71.18,44.56
P01833,PIGR,SER,689,109.22,34.84
P01833,PIGR,SER,701,112.01,30.44
P01833,PIGR,SER,702,109.22,36.91
P01833,PIGR,THR,704,131.61,35.94
P01833,PIGR,THR,707,113.55,36.34
P01833,PIGR,SER,708,112.21,31.14
P01833,PIGR,LYS,712,194.55,33.47
P01833,PIGR,THR,718,130.12,30.97
P01833,PIGR,THR,719,124.99,28.02
P01833,PIGR,SER,721,104.64,25.09
P01833,PIGR,THR,722,142.72,33.91
P01833,PIGR,THR,723,119.44,34.88
P01833,PIGR,THR,725,141.73,33.03
P01833,PIGR,LYS,726,156.76,31.55
P01833,PIGR,LYS,729,203.49,31.06
P01833,PIGR,LYS,730,207.31,33.62
P01833,PIGR,LYS,732,207.25,38.03
P01833,PIGR,SER,734,86.48,42.25
P01833,PIGR,SER,735,86.1,61.53
P01833,PIGR,LYS,736,130.19,56.69
P01833,PIGR,TYR,743,140.79,72.31
P01833,PIGR,LYS,744,141.71,73.19
P01833,PIGR,SER,750,54.22,59.22
P01833,PIGR,SER,751,45.88,54.94
P01833,PIGR,THR,752,77.92,55.81
P01857,IGHG1,SER,2,100.34,85.19
P01857,IGHG1,THR,3,73.91,92.19
P01857,IGHG1,LYS,4,90.45,93.62
P01857,IGHG1,SER,7,50.23,95.56
P01857,IGHG1,SER,14,77.77,67.94
P01857,IGHG1,SER,15,101.4,57.28
P01857,IGHG1,LYS,16,197.05,51.31
P01857,IGHG1,SER,17,67.43,50.94
P01857,IGHG1,THR,18,66.71,51.19
P01857,IGHG1,SER,19,118.05,54.62
P01857,IGHG1,THR,22,72.07,85.0
P01857,IGHG1,LYS,30,67.96,95.31
P01857,IGHG1,THR,38,75.66,95.25
P01857,IGHG1,SER,40,44.39,96.06
P01857,IGHG1,SER,43,98.26,92.38
P01857,IGHG1,THR,47,107.71,89.94
P01857,IGHG1,SER,48,89.2,91.12
P01857,IGHG1,THR,52,66.87,94.75
P01857,IGHG1,SER,59,132.89,83.31
P01857,IGHG1,SER,60,74.04,87.62
P01857,IGHG1,TYR,63,46.74,95.5
P01857,IGHG1,SER,64,10.47,96.81
P01857,IGHG1,SER,66,30.64,97.0
P01857,IGHG1,THR,70,64.45,91.19
P01857,IGHG1,SER,73,31.37,84.5
P01857,IGHG1,SER,74,98.43,82.38
P01857,IGHG1,SER,75,19.38,84.44
P01857,IGHG1,THR,78,120.07,80.25
P01857,IGHG1,THR,80,52.38,89.38
P01857,IGHG1,TYR,81,15.28,92.38
P01857,IGHG1,LYS,88,166.41,94.25
P01857,IGHG1,SER,90,29.13,94.19
P01857,IGHG1,THR,92,35.05,95.12
P01857,IGHG1,LYS,93,159.5,95.62
P01857,IGHG1,LYS,96,76.31,94.31
P01857,IGHG1,LYS,97,101.64,92.19
P01857,IGHG1,LYS,101,183.78,64.5
P01857,IGHG1,SER,102,100.91,57.72
P01857,IGHG1,CYS,103,102.47,51.62
P01857,IGHG1,LYS,105,195.55,53.94
P01857,IGHG1,THR,106,105.99,50.66
P01857,IGHG1,THR,108,135.8,45.09
P01857,IGHG1,CYS,109,98.72,47.41
P01857,IGHG1,CYS,112,101.06,48.0
P01857,IGHG1,SER,122,40.52,93.81
P01857,IGHG1,LYS,129,149.21,95.94
P01857,IGHG1,LYS,131,39.34,94.94
P01857,IGHG1,SER,137,93.71,93.81
P01857,IGHG1,THR,139,79.17,96.38
P01857,IGHG1,THR,143,31.6,98.31
P01857,IGHG1,SER,150,36.32,91.31
P01857,IGHG1,LYS,157,131.11,96.62
P01857,IGHG1,TYR,161,45.29,98.06
P01857,IGHG1,LYS,171,146.18,97.25
P01857,IGHG1,THR,172,76.23,96.81
P01857,IGHG1,LYS,173,105.51,96.44
P01857,IGHG1,TYR,179,240.89,90.69
P01857,IGHG1,SER,181,79.69,89.25
P01857,IGHG1,THR,182,23.38,93.75
P01857,IGHG1,TYR,183,38.67,95.88
P01857,IGHG1,THR,190,51.06,97.38
P01857,IGHG1,LYS,200,67.79,96.88
P01857,IGHG1,LYS,203,58.48,98.44
P01857,IGHG1,LYS,205,55.65,97.88
P01857,IGHG1,SER,207,32.41,96.31
P01857,IGHG1,LYS,209,157.79,92.44
P01857,IGHG1,LYS,217,88.03,97.5
P01857,IGHG1,THR,218,67.74,97.75
P01857,IGHG1,SER,220,37.74,96.56
P01857,IGHG1,LYS,221,35.17,94.19
P01857,IGHG1,LYS,223,183.37,92.12
P01857,IGHG1,TYR,232,103.04,98.25
P01857,IGHG1,THR,233,35.23,97.31
P01857,IGHG1,SER,237,65.43,92.44
P01857,IGHG1,THR,242,118.01,90.06
P01857,IGHG1,LYS,243,126.27,93.12
P01857,IGHG1,SER,247,18.75,97.44
P01857,IGHG1,THR,249,30.08,98.19
P01857,IGHG1,LYS,253,81.77,98.31
P01857,IGHG1,TYR,256,47.11,98.12
P01857,IGHG1,SER,258,39.77,97.19
P01857,IGHG1,TYR,274,54.67,98.19
P01857,IGHG1,LYS,275,165.27,98.38
P01857,IGHG1,THR,276,54.27,98.25
P01857,IGHG1,THR,277,61.01,98.31
P01857,IGHG1,SER,283,121.56,96.19
P01857,IGHG1,TYR,290,91.21,98.62
P01857,IGHG1,LYS,292,83.02,98.44
P01857,IGHG1,THR,294,30.39,97.75
P01857,IGHG1,LYS,297,55.94,94.62
P01857,IGHG1,SER,298,62.93,94.56
P01857,IGHG1,TYR,319,86.17,96.69
P01857,IGHG1,THR,320,31.58,97.12
P01857,IGHG1,LYS,322,94.76,97.25
P01857,IGHG1,SER,323,59.11,96.0
P01857,IGHG1,SER,325,42.57,92.94
P01857,IGHG1,SER,327,33.5,76.81
P01857,IGHG1,SER,335,72.68,51.22
P01857,IGHG1,CYS,336,100.46,53.84
P01857,IGHG1,THR,349,79.13,82.31
P01857,IGHG1,THR,350,62.48,84.19
P01857,IGHG1,THR,352,72.06,86.69
P01857,IGHG1,THR,356,65.1,91.75
P01857,IGHG1,SER,361,63.08,93.88
P01857,IGHG1,CYS,363,75.46,92.25
P01857,IGHG1,TYR,364,157.53,92.19
P01857,IGHG1,SER,365,59.61,88.62
P01857,IGHG1,THR,367,66.92,84.12
P01857,IGHG1,THR,369,78.54,82.5
P01857,IGHG1,LYS,372,132.41,73.12
P01857,IGHG1,LYS,374,142.41,65.44
P01857,IGHG1,SER,378,54.71,58.84
P01857,IGHG1,SER,379,53.57,59.84
P01857,IGHG1,LYS,384,163.19,50.38
P01857,IGHG1,THR,386,111.11,53.78
P01857,IGHG1,TYR,391,194.77,53.06
P04626,ERBB2,CYS,7,83.47,45.09
P04626,ERBB2,SER,22,97.07,46.56
P04626,ERBB2,THR,23,64.41,58.31
P04626,ERBB2,THR,27,37.06,83.69
P04626,ERBB2,LYS,32,79.99,92.19
P04626,ERBB2,THR,41,14.01,88.62
P04626,ERBB2,TYR,64,67.28,93.94
P04626,ERBB2,THR,67,47.28,88.44
P04626,ERBB2,SER,70,69.84,93.25
P04626,ERBB2,SER,72,66.33,94.75
P04626,ERBB2,THR,105,37.23,89.62
P04626,ERBB2,TYR,112,22.02,97.06
P04626,ERBB2,THR,126,112.57,58.81
P04626,ERBB2,THR,127,66.01,58.66
P04626,ERBB2,THR,130,130.97,56.78
P04626,ERBB2,SER,133,56.04,64.69
P04626,ERBB2,SER,144,28.91,96.12
P04626,ERBB2,LYS,150,67.43,94.31
P04626,ERBB2,THR,166,40.95,94.88
P04626,ERBB2,LYS,170,140.13,93.69
P04626,ERBB2,LYS,175,146.98,86.06
P04626,ERBB2,THR,182,64.86,91.06
P04626,ERBB2,THR,186,62.32,90.62
P04626,ERBB2,SER,189,94.52,85.88
P04626,ERBB2,CYS,192,47.65,91.88
P04626,ERBB2,CYS,195,15.45,94.19
P04626,ERBB2,SER,196,19.1,95.38
P04626,ERBB2,LYS,200,175.48,84.62
P04626,ERBB2,SER,202,77.85,93.44
P04626,ERBB2,SER,208,48.82,93.38
P04626,ERBB2,SER,209,65.42,93.56
P04626,ERBB2,CYS,212,31.91,96.06
P04626,ERBB2,SER,214,62.07,94.19
P04626,ERBB2,THR,216,10.78,95.25
P04626,ERBB2,THR,218,68.5,93.06
P04626,ERBB2,CYS,220,27.04,92.94
P04626,ERBB2,CYS,224,41.08,88.19
P04626,ERBB2,LYS,228,133.79,95.19
P04626,ERBB2,THR,233,109.67,92.75
P04626,ERBB2,CYS,235,18.56,94.56
P04626,ERBB2,CYS,236,18.47,95.69
P04626,ERBB2,THR,245,83.77,95.75
P04626,ERBB2,LYS,248,129.68,92.94
P04626,ERBB2,SER,250,54.55,94.31
P04626,ERBB2,CYS,252,23.9,95.62
P04626,ERBB2,SER,261,105.17,88.5
P04626,ERBB2,CYS,268,15.45,87.56
P04626,ERBB2,THR,273,57.28,81.88
P04626,ERBB2,TYR,274,118.54,74.19
P04626,ERBB2,THR,276,102.51,77.56
P04626,ERBB2,THR,278,71.36,80.06
P04626,ERBB2,SER,281,72.84,76.81
P04626,ERBB2,TYR,289,42.03,90.5
P04626,ERBB2,SER,294,31.34,88.81
P04626,ERBB2,CYS,295,12.46,90.38
P04626,ERBB2,THR,297,100.94,89.0
P04626,ERBB2,CYS,299,21.19,88.75
P04626,ERBB2,TYR,301,113.27,85.69
P04626,ERBB2,TYR,303,37.73,87.5
P04626,ERBB2,SER,310,18.29,89.69
P04626,ERBB2,CYS,311,13.66,90.19
P04626,ERBB2,CYS,315,21.26,86.19
P04626,ERBB2,THR,323,88.35,86.88
P04626,ERBB2,THR,328,50.8,83.75
P04626,ERBB2,LYS,333,152.47,87.12
P04626,ERBB2,CYS,334,26.55,85.38
P04626,ERBB2,SER,335,94.61,83.75
P04626,ERBB2,LYS,336,154.3,82.88
P04626,ERBB2,CYS,338,54.59,77.19
P04626,ERBB2,CYS,342,31.44,91.0
P04626,ERBB2,TYR,343,67.08,92.12
P04626,ERBB2,THR,357,19.3,95.0
P04626,ERBB2,SER,358,30.31,94.06
P04626,ERBB2,LYS,368,133.81,94.12
P04626,ERBB2,LYS,369,45.2,94.0
P04626,ERBB2,SER,387,72.46,82.81
P04626,ERBB2,THR,389,21.3,88.44
P04626,ERBB2,THR,402,64.89,94.5
P04626,ERBB2,TYR,409,13.5,96.0
P04626,ERBB2,TYR,411,23.61,97.62
P04626,ERBB2,SER,413,20.65,95.81
P04626,ERBB2,SER,418,87.27,93.81
P04626,ERBB2,SER,423,36.49,94.19
P04626,ERBB2,SER,451,30.16,96.44
P04626,ERBB2,SER,457,29.86,96.25
P04626,ERBB2,SER,463,18.82,90.25
P04626,ERBB2,THR,472,91.0,94.44
P04626,ERBB2,THR,479,22.06,95.44
P04626,ERBB2,THR,496,36.84,92.81
P04626,ERBB2,CYS,511,24.41,95.94
P04626,ERBB2,THR,526,55.27,96.25
P04626,ERBB2,CYS,528,16.49,96.06
P04626,ERBB2,CYS,531,14.41,94.69
P04626,ERBB2,SER,532,48.4,94.12
P04626,ERBB2,CYS,544,14.44,94.12
P04626,ERBB2,TYR,554,19.39,95.19
P04626,ERBB2,CYS,563,13.78,95.06
P04626,ERBB2,SER,573,52.08,91.88
P04626,ERBB2,CYS,584,16.4,94.31
P04626,ERBB2,CYS,587,27.05,93.62
P04626,ERBB2,TYR,590,73.55,92.06
P04626,ERBB2,LYS,591,98.74,91.0
P04626,ERBB2,SER,602,48.07,76.44
P04626,ERBB2,LYS,605,139.76,68.12
P04626,ERBB2,SER,609,104.06,54.94
P04626,ERBB2,TYR,610,143.29,60.09
P04626,ERBB2,LYS,615,39.87,81.5
P04626,ERBB2,CYS,626,13.19,73.44
P04626,ERBB2,CYS,630,38.58,49.81
P04626,ERBB2,THR,631,125.69,55.56
P04626,ERBB2,SER,633,41.15,57.34
P04626,ERBB2,CYS,634,17.44,63.16
P04626,ERBB2,LYS,640,176.22,49.06
P04626,ERBB2,CYS,642,66.68,43.47
P04626,ERBB2,SER,649,101.66,44.12
P04626,ERBB2,THR,652,123.57,44.66
P04626,ERBB2,SER,653,94.78,48.84
P04626,ERBB2,SER,656,85.87,55.16
P04626,ERBB2,LYS,676,89.8,76.44
P04626,ERBB2,LYS,681,137.0,63.03
P04626,ERBB2,LYS,684,143.34,59.38
P04626,ERBB2,TYR,685,151.9,58.22
P04626,ERBB2,THR,686,52.22,59.19
P04626,ERBB2,THR,694,94.54,42.09
P04626,ERBB2,THR,701,83.81,35.62
P04626,ERBB2,SER,703,66.64,33.19
P04626,ERBB2,LYS,716,113.84,85.25
P04626,ERBB2,THR,718,122.74,87.0
P04626,ERBB2,LYS,722,79.66,89.75
P04626,ERBB2,LYS,724,76.76,87.06
P04626,ERBB2,SER,728,79.8,74.5
P04626,ERBB2,THR,733,30.42,83.44
P04626,ERBB2,TYR,735,58.4,90.25
P04626,ERBB2,LYS,747,54.65,82.25
P04626,ERBB2,LYS,753,28.46,86.5
P04626,ERBB2,THR,759,137.72,48.75
P04626,ERBB2,SER,760,51.68,52.75
P04626,ERBB2,LYS,762,121.92,53.75
P04626,ERBB2,LYS,765,68.27,63.22
P04626,ERBB2,TYR,772,53.0,69.75
P04626,ERBB2,SER,779,12.34,85.31
P04626,ERBB2,TYR,781,50.62,93.62
P04626,ERBB2,THR,791,43.73,75.38
P04626,ERBB2,SER,792,105.49,72.62
P04626,ERBB2,THR,793,28.98,74.19
P04626,ERBB2,THR,798,18.29,88.69
P04626,ERBB2,TYR,803,20.83,85.25
P04626,ERBB2,CYS,805,22.84,90.62
P04626,ERBB2,LYS,831,68.43,97.5
P04626,ERBB2,SER,834,17.6,96.56
P04626,ERBB2,TYR,835,50.84,93.56
P04626,ERBB2,LYS,854,55.26,87.94
P04626,ERBB2,SER,855,39.21,87.06
P04626,ERBB2,THR,862,18.32,87.75
P04626,ERBB2,THR,875,41.57,48.5
P04626,ERBB2,TYR,877,37.81,43.41
P04626,ERBB2,LYS,883,106.75,59.78
P04626,ERBB2,LYS,887,36.08,92.69
P04626,ERBB2,THR,900,11.35,90.25
P04626,ERBB2,THR,917,28.91,94.44
P04626,ERBB2,LYS,921,102.17,91.12
P04626,ERBB2,TYR,923,16.56,92.56
P04626,ERBB2,LYS,937,156.1,90.19
P04626,ERBB2,THR,948,34.97,93.75
P04626,ERBB2,TYR,952,33.6,97.25
P04626,ERBB2,LYS,957,117.35,96.75
P04626,ERBB2,SER,963,25.1,91.81
P04626,ERBB2,CYS,965,42.67,93.25
P04626,ERBB2,SER,974,71.29,95.88
P04626,ERBB2,SER,977,27.59,94.62
P04626,ERBB2,SER,998,18.31,44.06
P04626,ERBB2,THR,1003,83.22,59.72
P04626,ERBB2,TYR,1005,46.6,60.0
P04626,ERBB2,SER,1007,33.12,64.62
P04626,ERBB2,TYR,1023,47.23,68.31
P04626,ERBB2,CYS,1032,110.38,28.91
P04626,ERBB2,SER,1049,43.27,26.55
P04626,ERBB2,SER,1050,98.03,28.03
P04626,ERBB2,SER,1051,84.48,30.8
P04626,ERBB2,THR,1052,126.86,32.72
P04626,ERBB2,SER,1054,115.49,33.97
P04626,ERBB2,THR,1060,111.79,30.42
P04626,ERBB2,SER,1066,88.48,34.53
P04626,ERBB2,SER,1073,103.5,34.28
P04626,ERBB2,SER,1078,92.13,33.38
P04626,ERBB2,SER,1083,98.69,32.16
P04626,ERBB2,LYS,1096,215.69,35.06
P04626,ERBB2,SER,1100,113.64,32.81
P04626,ERBB2,THR,1103,117.98,31.8
P04626,ERBB2,SER,1107,100.38,29.0
P04626,ERBB2,TYR,1112,217.84,26.45
P04626,ERBB2,SER,1113,98.21,30.27
P04626,ERBB2,THR,1117,128.51,32.44
P04626,ERBB2,SER,1122,106.07,31.69
P04626,ERBB2,THR,1124,121.93,34.19
P04626,ERBB2,TYR,1127,209.92,31.7
P04626,ERBB2,THR,1132,126.83,28.59
P04626,ERBB2,CYS,1133,92.84,28.62
P04626,ERBB2,SER,1134,99.56,26.88
P04626,ERBB2,TYR,1139,123.12,27.44
P04626,ERBB2,SER,1151,103.65,37.59
P04626,ERBB2,THR,1166,124.0,30.86
P04626,ERBB2,LYS,1171,172.24,29.06
P04626,ERBB2,THR,1172,132.6,32.69
P04626,ERBB2,SER,1174,94.72,29.41
P04626,ERBB2,LYS,1177,181.83,29.05
P04626,ERBB2,LYS,1182,161.47,24.08
P04626,ERBB2,TYR,1196,180.05,30.06
P04626,ERBB2,THR,1198,134.84,28.39
P04626,ERBB2,SER,1214,66.83,27.75
P04626,ERBB2,TYR,1221,48.73,32.0
P04626,ERBB2,TYR,1222,80.79,29.5
P04626,ERBB2,SER,1235,117.63,29.77
P04626,ERBB2,THR,1236,129.6,24.38
P04626,ERBB2,LYS,1238,196.83,23.72
P04626,ERBB2,THR,1240,136.16,24.47
P04626,ERBB2,THR,1242,124.12,24.27
P04626,ERBB2,TYR,1248,40.47,40.56
P04920,SLC4A2,SER,2,115.85,31.83
P04920,SLC4A2,SER,3,112.77,34.81
P04920,SLC4A2,LYS,10,211.61,30.34
P04920,SLC4A2,SER,14,114.23,32.97
P04920,SLC4A2,CYS,16,134.79,30.39
P04920,SLC4A2,THR,17,120.89,26.31
P04920,SLC4A2,SER,22,116.98,32.78
P04920,SLC4A2,THR,27,132.97,27.64
P04920,SLC4A2,THR,41,121.6,34.31
P04920,SLC4A2,SER,56,95.2,28.58
P04920,SLC4A2,SER,65,102.89,38.03
P04920,SLC4A2,TYR,66,156.23,51.94
P04920,SLC4A2,TYR,73,160.78,66.12
P04920,SLC4A2,SER,77,70.66,49.44
P04920,SLC4A2,SER,78,61.07,42.69
P04920,SLC4A2,SER,86,80.24,31.78
P04920,SLC4A2,THR,87,132.57,32.97
P04920,SLC4A2,LYS,97,207.17,25.17
P04920,SLC4A2,THR,98,118.84,29.42
P04920,SLC4A2,LYS,105,202.27,31.44
P04920,SLC4A2,SER,113,109.26,27.61
P04920,SLC4A2,THR,115,144.36,33.19
P04920,SLC4A2,THR,118,135.57,24.66
P04920,SLC4A2,THR,120,133.4,30.47
P04920,SLC4A2,SER,132,109.52,27.03
P04920,SLC4A2,THR,141,135.67,29.27
P04920,SLC4A2,SER,144,102.51,25.34
P04920,SLC4A2,SER,147,93.11,29.53
P04920,SLC4A2,THR,148,127.82,26.11
P04920,SLC4A2,SER,150,104.13,28.66
P04920,SLC4A2,SER,151,102.73,24.59
P04920,SLC4A2,SER,161,101.58,22.45
P04920,SLC4A2,LYS,165,192.6,26.69
P04920,SLC4A2,THR,169,133.3,27.16
P04920,SLC4A2,SER,170,108.47,23.14
P04920,SLC4A2,SER,172,113.05,26.7
P04920,SLC4A2,SER,173,109.31,22.22
P04920,SLC4A2,THR,183,130.06,23.2
P04920,SLC4A2,SER,187,104.34,22.66
P04920,SLC4A2,LYS,188,215.53,26.14
P04920,SLC4A2,THR,194,123.09,23.25
P04920,SLC4A2,SER,208,117.99,23.23
P04920,SLC4A2,THR,210,142.05,23.19
P04920,SLC4A2,SER,219,112.3,30.88
P04920,SLC4A2,LYS,225,209.75,28.28
P04920,SLC4A2,SER,232,97.83,34.62
P04920,SLC4A2,TYR,233,211.66,40.84
P04920,SLC4A2,SER,243,96.07,44.19
P04920,SLC4A2,THR,245,145.24,47.5
P04920,SLC4A2,THR,257,104.92,47.16
P04920,SLC4A2,THR,264,80.22,53.34
P04920,SLC4A2,THR,267,76.86,58.38
P04920,SLC4A2,LYS,274,145.48,45.31
P04920,SLC4A2,SER,275,84.73,50.12
P04920,SLC4A2,LYS,291,198.42,33.91
P04920,SLC4A2,LYS,294,211.22,28.55
P04920,SLC4A2,SER,296,99.7,30.48
P04920,SLC4A2,THR,297,140.36,28.0
P04920,SLC4A2,SER,299,117.33,29.66
P04920,SLC4A2,THR,309,120.64,34.28
P04920,SLC4A2,LYS,319,148.65,71.0
P04920,SLC4A2,LYS,334,160.38,71.81
P04920,SLC4A2,THR,343,19.4,87.88
P04920,SLC4A2,LYS,348,160.74,70.25
P04920,SLC4A2,THR,357,64.31,70.5
P04920,SLC4A2,LYS,362,177.69,77.56
P04920,SLC4A2,SER,367,83.67,85.5
P04920,SLC4A2,SER,369,45.94,86.06
P04920,SLC4A2,THR,379,18.84,87.44
P04920,SLC4A2,THR,393,76.66,87.94
P04920,SLC4A2,SER,408,48.98,86.0
P04920,SLC4A2,LYS,412,106.18,87.88
P04920,SLC4A2,LYS,426,140.8,81.94
P04920,SLC4A2,SER,428,15.14,81.25
P04920,SLC4A2,SER,431,32.07,59.66
P04920,SLC4A2,LYS,434,110.14,49.19
P04920,SLC4A2,SER,437,98.32,31.44
P04920,SLC4A2,SER,443,113.69,26.0
P04920,SLC4A2,SER,446,96.86,30.48
P04920,SLC4A2,SER,449,104.4,27.56
P04920,SLC4A2,SER,461,112.15,29.38
P04920,SLC4A2,THR,466,134.2,28.06
P04920,SLC4A2,THR,476,141.44,31.42
P04920,SLC4A2,THR,496,120.6,37.69
P04920,SLC4A2,SER,498,106.96,42.25
P04920,SLC4A2,LYS,499,118.93,47.28
P04920,SLC4A2,SER,500,43.51,55.69
P04920,SLC4A2,LYS,501,151.9,56.78
P04920,SLC4A2,LYS,505,108.57,63.75
P04920,SLC4A2,LYS,509,110.04,66.44
P04920,SLC4A2,CYS,523,63.91,88.75
P04920,SLC4A2,SER,528,85.89,82.81
P04920,SLC4A2,SER,563,72.25,84.25
P04920,SLC4A2,SER,564,101.05,80.19
P04920,SLC4A2,TYR,569,14.11,91.0
P04920,SLC4A2,THR,578,19.25,90.62
P04920,SLC4A2,SER,581,27.31,88.94
P04920,SLC4A2,LYS,583,128.58,85.81
P04920,SLC4A2,THR,600,85.1,91.56
P04920,SLC4A2,CYS,608,30.24,78.25
P04920,SLC4A2,SER,609,36.21,82.88
P04920,SLC4A2,SER,615,77.58,72.62
P04920,SLC4A2,SER,625,66.72,71.0
P04920,SLC4A2,LYS,635,125.36,73.81
P04920,SLC4A2,LYS,636,140.9,73.81
P04920,SLC4A2,THR,646,150.96,39.03
P04920,SLC4A2,LYS,653,204.19,44.88
P04920,SLC4A2,SER,654,47.47,52.25
P04920,SLC4A2,LYS,658,149.34,49.62
P04920,SLC4A2,THR,678,55.08,78.75
P04920,SLC4A2,TYR,693,79.31,85.0
P04920,SLC4A2,TYR,696,58.03,87.69
P04920,SLC4A2,SER,698,33.87,87.5
P04920,SLC4A2,TYR,716,21.83,93.5
P04920,SLC4A2,THR,725,43.94,85.19
P04920,SLC4A2,LYS,733,83.56,89.88
P04920,SLC4A2,SER,768,19.51,90.06
P04920,SLC4A2,SER,780,60.37,93.25
P04920,SLC4A2,SER,783,56.25,91.69
P04920,SLC4A2,SER,784,84.51,93.94
P04920,SLC4A2,SER,820,10.23,88.69
P04920,SLC4A2,TYR,837,109.15,93.81
P04920,SLC4A2,TYR,841,112.81,91.44
P04920,SLC4A2,LYS,842,36.48,86.5
P04920,SLC4A2,LYS,845,123.04,86.81
P04920,SLC4A2,CYS,855,123.09,49.91
P04920,SLC4A2,SER,856,103.99,48.81
P04920,SLC4A2,SER,858,99.83,40.97
P04920,SLC4A2,SER,860,64.59,34.84
P04920,SLC4A2,SER,861,107.38,33.81
P04920,SLC4A2,THR,870,118.99,28.7
P04920,SLC4A2,THR,877,133.23,30.83
P04920,SLC4A2,SER,884,85.8,29.94
P04920,SLC4A2,SER,889,111.38,32.59
P04920,SLC4A2,LYS,893,113.18,51.31
P04920,SLC4A2,LYS,920,125.49,83.44
P04920,SLC4A2,LYS,922,57.13,77.38
P04920,SLC4A2,SER,924,26.19,77.25
P04920,SLC4A2,TYR,952,156.67,88.06
P04920,SLC4A2,SER,953,85.85,89.81
P04920,SLC4A2,THR,957,21.48,79.38
P04920,SLC4A2,TYR,958,80.66,80.5
P04920,SLC4A2,LYS,961,88.07,82.31
P04920,SLC4A2,SER,963,86.02,68.94
P04920,SLC4A2,SER,966,94.84,68.06
P04920,SLC4A2,SER,969,52.67,75.56
P04920,SLC4A2,THR,971,55.03,78.75
P04920,SLC4A2,LYS,975,94.67,75.5
P04920,SLC4A2,LYS,986,174.21,76.94
P04920,SLC4A2,SER,987,51.42,80.75
P04920,SLC4A2,SER,1020,32.01,86.06
P04920,SLC4A2,LYS,1021,34.51,84.12
P04920,SLC4A2,LYS,1022,99.28,77.0
P04920,SLC4A2,LYS,1028,16.5,81.81
P04920,SLC4A2,CYS,1046,12.92,94.0
P04920,SLC4A2,THR,1069,14.7,82.81
P04920,SLC4A2,SER,1072,25.2,61.06
P04920,SLC4A2,LYS,1073,141.72,58.0
P04920,SLC4A2,LYS,1080,172.13,53.06
P04920,SLC4A2,LYS,1082,162.87,65.31
P04920,SLC4A2,LYS,1087,33.42,82.88
P04920,SLC4A2,THR,1128,12.23,87.88
P04920,SLC4A2,TYR,1136,54.18,91.88
P04920,SLC4A2,LYS,1147,195.5,79.56
P04920,SLC4A2,THR,1153,39.48,73.06
P04920,SLC4A2,LYS,1156,130.35,73.81
P04920,SLC4A2,LYS,1157,84.86,75.06
P04920,SLC4A2,THR,1160,43.42,84.75
P04920,SLC4A2,CYS,1173,11.25,94.19
P04920,SLC4A2,SER,1182,81.0,86.0
P04920,SLC4A2,THR,1183,72.38,88.38
P04920,SLC4A2,THR,1205,61.93,83.56
P04920,SLC4A2,THR,1209,84.76,83.44
P04920,SLC4A2,LYS,1214,100.72,77.56
P04920,SLC4A2,TYR,1234,178.65,46.53
P06241,FYN,CYS,3,121.07,28.27
P06241,FYN,CYS,6,123.52,30.48
P06241,FYN,LYS,7,201.36,39.06
P06241,FYN,LYS,9,207.85,43.91
P06241,FYN,THR,12,117.93,32.41
P06241,FYN,LYS,13,172.62,34.94
P06241,FYN,THR,15,125.5,31.84
P06241,FYN,SER,21,96.38,37.03
P06241,FYN,SER,25,100.57,36.44
P06241,FYN,SER,26,116.46,38.81
P06241,FYN,TYR,28,235.92,36.19
P06241,FYN,TYR,30,226.87,36.25
P06241,FYN,THR,32,141.17,37.0
P06241,FYN,THR,35,105.73,32.31
P06241,FYN,TYR,39,195.35,28.86
P06241,FYN,SER,41,110.83,28.5
P06241,FYN,THR,45,125.13,25.42
P06241,FYN,SER,46,91.91,26.0
P06241,FYN,TYR,50,181.0,26.86
P06241,FYN,THR,62,119.76,32.84
P06241,FYN,SER,69,81.97,35.66
P06241,FYN,SER,70,120.52,26.97
P06241,FYN,SER,71,96.4,34.84
P06241,FYN,THR,73,143.61,32.97
P06241,FYN,THR,75,108.54,30.95
P06241,FYN,THR,78,117.31,32.34
P06241,FYN,THR,82,129.73,43.62
P06241,FYN,THR,85,82.44,82.31
P06241,FYN,TYR,91,34.47,90.75
P06241,FYN,TYR,93,12.75,92.31
P06241,FYN,THR,97,26.73,85.69
P06241,FYN,SER,102,65.0,94.19
P06241,FYN,LYS,105,113.28,93.19
P06241,FYN,LYS,108,92.04,96.56
P06241,FYN,SER,114,64.34,88.88
P06241,FYN,SER,115,86.62,85.06
P06241,FYN,THR,126,106.16,94.31
P06241,FYN,THR,127,81.12,94.19
P06241,FYN,THR,130,73.7,95.12
P06241,FYN,TYR,132,57.12,93.62
P06241,FYN,SER,135,18.51,91.5
P06241,FYN,SER,143,25.71,90.44
P06241,FYN,TYR,150,14.65,94.88
P06241,FYN,LYS,153,182.25,91.0
P06241,FYN,LYS,157,38.05,88.62
P06241,FYN,SER,165,44.01,86.12
P06241,FYN,SER,178,10.39,93.0
P06241,FYN,THR,180,88.32,87.75
P06241,FYN,THR,181,48.45,87.0
P06241,FYN,LYS,182,212.21,87.0
P06241,FYN,TYR,185,36.01,95.5
P06241,FYN,LYS,196,104.24,83.56
P06241,FYN,LYS,201,47.82,93.69
P06241,FYN,LYS,204,54.82,92.69
P06241,FYN,LYS,207,95.75,87.12
P06241,FYN,TYR,213,30.55,92.88
P06241,FYN,TYR,214,26.38,89.62
P06241,FYN,THR,217,94.99,78.38
P06241,FYN,THR,223,55.14,93.5
P06241,FYN,SER,232,38.04,96.62
P06241,FYN,CYS,239,30.18,91.56
P06241,FYN,CYS,240,16.91,93.31
P06241,FYN,LYS,248,38.28,75.31
P06241,FYN,THR,254,46.81,69.62
P06241,FYN,LYS,259,134.51,73.62
P06241,FYN,LYS,261,45.7,68.12
P06241,FYN,SER,270,17.89,94.06
P06241,FYN,LYS,275,127.64,96.44
P06241,FYN,THR,289,15.85,96.25
P06241,FYN,THR,294,10.43,89.56
P06241,FYN,LYS,295,120.28,93.06
P06241,FYN,LYS,299,37.87,94.75
P06241,FYN,THR,300,16.17,94.31
P06241,FYN,LYS,302,108.07,89.06
P06241,FYN,THR,305,11.18,83.44
P06241,FYN,SER,307,34.15,86.94
P06241,FYN,SER,310,40.85,85.81
P06241,FYN,LYS,319,43.95,80.94
P06241,FYN,LYS,320,147.4,84.38
P06241,FYN,LYS,322,85.12,88.62
P06241,FYN,LYS,325,19.09,95.94
P06241,FYN,TYR,330,18.18,89.0
P06241,FYN,SER,334,14.42,90.75
P06241,FYN,TYR,339,22.81,95.19
P06241,FYN,THR,342,24.21,93.44
P06241,FYN,TYR,344,62.33,94.06
P06241,FYN,LYS,347,55.34,94.5
P06241,FYN,SER,349,15.98,96.44
P06241,FYN,LYS,355,79.74,94.31
P06241,FYN,LYS,363,157.43,91.31
P06241,FYN,TYR,380,29.97,97.12
P06241,FYN,TYR,386,23.21,92.88
P06241,FYN,LYS,405,11.72,97.88
P06241,FYN,TYR,420,25.52,58.78
P06241,FYN,THR,421,65.91,57.56
P06241,FYN,LYS,427,67.97,70.19
P06241,FYN,LYS,431,23.18,96.31
P06241,FYN,THR,433,13.3,95.38
P06241,FYN,TYR,440,141.61,88.75
P06241,FYN,THR,444,55.12,95.69
P06241,FYN,LYS,446,28.67,98.5
P06241,FYN,THR,461,29.37,96.38
P06241,FYN,LYS,462,53.11,96.12
P06241,FYN,TYR,483,77.1,98.0
P06241,FYN,CYS,487,52.19,97.44
P06241,FYN,CYS,491,12.55,92.31
P06241,FYN,SER,494,47.98,90.81
P06241,FYN,LYS,504,76.13,98.19
P06241,FYN,LYS,505,156.85,97.0
P06241,FYN,THR,512,57.23,98.44
P06241,FYN,TYR,515,113.14,95.38
P06241,FYN,SER,518,53.56,87.06
P06241,FYN,TYR,523,41.5,84.5
P06241,FYN,THR,525,43.44,65.5
P06241,FYN,THR,527,129.59,42.72
P06241,FYN,TYR,531,46.17,74.75
P07332,FES,SER,4,31.75,95.06
P07332,FES,SER,5,78.11,92.62
P07332,FES,CYS,8,37.44,94.75
P07332,FES,SER,9,43.03,93.12
P07332,FES,LYS,32,124.53,97.06
P07332,FES,LYS,39,106.37,95.56
P07332,FES,SER,40,46.7,95.19
P07332,FES,TYR,44,106.54,93.88
P07332,FES,SER,52,21.19,76.12
P07332,FES,SER,56,76.65,53.84
P07332,FES,SER,60,97.05,47.53
P07332,FES,SER,64,23.23,63.34
P07332,FES,SER,67,10.14,88.0
P07332,FES,SER,70,34.08,88.56
P07332,FES,THR,77,18.09,91.5
P07332,FES,SER,78,64.49,92.0
P07332,FES,THR,80,21.02,94.12
P07332,FES,SER,96,78.63,96.31
P07332,FES,SER,100,49.18,97.06
P07332,FES,LYS,101,97.38,98.25
P07332,FES,SER,103,25.81,97.75
P07332,FES,LYS,114,126.67,96.31
P07332,FES,THR,115,47.45,97.25
P07332,FES,SER,117,18.84,96.0
P07332,FES,THR,128,66.49,95.44
P07332,FES,LYS,129,122.86,95.69
P07332,FES,THR,130,36.12,94.88
P07332,FES,SER,132,51.85,91.94
P07332,FES,LYS,137,127.49,95.5
P07332,FES,LYS,139,56.76,95.06
P07332,FES,SER,140,59.11,95.38
P07332,FES,TYR,142,57.21,96.38
P07332,FES,LYS,153,94.01,91.88
P07332,FES,LYS,155,113.21,89.25
P07332,FES,TYR,156,53.22,86.62
P07332,FES,SER,160,114.04,72.25
P07332,FES,LYS,161,146.56,74.88
P07332,FES,LYS,163,162.93,74.0
P07332,FES,LYS,167,143.1,87.06
P07332,FES,LYS,169,104.75,89.44
P07332,FES,LYS,171,136.72,90.94
P07332,FES,TYR,172,40.93,93.06
P07332,FES,SER,175,15.15,94.12
P07332,FES,LYS,178,116.9,95.94
P07332,FES,TYR,186,50.12,96.56
P07332,FES,SER,211,52.42,97.44
P07332,FES,CYS,221,73.61,97.94
P07332,FES,LYS,224,121.41,98.44
P07332,FES,SER,235,27.39,97.31
P07332,FES,TYR,261,148.55,90.69
P07332,FES,TYR,268,111.36,88.06
P07332,FES,SER,270,104.37,92.0
P07332,FES,CYS,277,116.99,89.5
P07332,FES,THR,279,116.14,90.94
P07332,FES,SER,283,97.31,82.0
P07332,FES,THR,302,38.32,87.88
P07332,FES,SER,305,68.57,90.31
P07332,FES,THR,309,58.86,92.56
P07332,FES,THR,311,82.96,93.62
P07332,FES,SER,312,44.86,95.0
P07332,FES,THR,314,54.89,95.5
P07332,FES,THR,321,60.58,96.44
P07332,FES,THR,332,58.03,97.19
P07332,FES,THR,345,31.34,93.38
P07332,FES,LYS,356,48.07,92.31
P07332,FES,CYS,372,70.42,94.94
P07332,FES,SER,373,39.1,94.19
P07332,FES,LYS,376,128.65,95.25
P07332,FES,THR,386,52.34,91.5
P07332,FES,LYS,387,52.23,88.88
P07332,FES,SER,408,96.7,26.03
P07332,FES,THR,409,133.12,27.48
P07332,FES,SER,410,103.46,25.05
P07332,FES,SER,411,102.38,26.69
P07332,FES,SER,412,112.45,29.09
P07332,FES,THR,421,124.63,31.7
P07332,FES,THR,423,116.54,29.73
P07332,FES,LYS,428,206.64,28.95
P07332,FES,SER,429,92.12,27.42
P07332,FES,SER,432,121.29,26.34
P07332,FES,LYS,438,211.99,24.66
P07332,FES,SER,440,99.26,26.19
P07332,FES,LYS,453,58.54,92.31
P07332,FES,TYR,461,16.09,97.62
P07332,FES,SER,477,67.68,96.19
P07332,FES,SER,485,27.01,88.56
P07332,FES,LYS,488,123.89,69.56
P07332,FES,TYR,491,68.81,96.06
P07332,FES,SER,508,71.7,92.44
P07332,FES,TYR,513,53.09,96.31
P07332,FES,SER,522,32.88,96.06
P07332,FES,SER,532,85.23,95.81
P07332,FES,THR,533,63.68,95.94
P07332,FES,THR,538,24.79,92.81
P07332,FES,LYS,539,196.79,86.56
P07332,FES,LYS,540,202.23,89.94
P07332,FES,SER,541,44.49,91.5
P07332,FES,LYS,551,41.09,95.88
P07332,FES,LYS,553,181.61,95.94
P07332,FES,SER,577,23.77,97.69
P07332,FES,THR,585,47.23,97.25
P07332,FES,CYS,592,17.81,92.06
P07332,FES,THR,595,129.95,87.69
P07332,FES,LYS,601,67.58,85.5
P07332,FES,LYS,603,94.01,86.06
P07332,FES,LYS,612,65.52,95.94
P07332,FES,TYR,614,14.39,95.81
P07332,FES,SER,615,97.9,97.25
P07332,FES,THR,627,10.36,95.19
P07332,FES,LYS,629,96.53,92.56
P07332,FES,TYR,633,19.46,96.88
P07332,FES,THR,646,77.99,97.38
P07332,FES,THR,650,86.61,96.25
P07332,FES,LYS,658,70.48,96.19
P07332,FES,THR,659,30.56,96.62
P07332,FES,TYR,673,39.33,98.69
P07332,FES,SER,676,81.2,97.5
P07332,FES,LYS,677,84.82,96.75
P07332,FES,CYS,678,51.5,96.31
P07332,FES,THR,692,31.06,98.0
P07332,FES,LYS,694,181.78,96.56
P07332,FES,LYS,698,27.73,98.81
P07332,FES,SER,700,13.14,96.19
P07332,FES,TYR,713,34.78,89.75
P07332,FES,SER,716,95.51,65.44
P07332,FES,LYS,725,35.32,97.75
P07332,FES,TYR,734,98.62,86.81
P07332,FES,SER,739,18.64,98.12
P07332,FES,SER,755,27.3,97.75
P07332,FES,SER,759,59.91,97.5
P07332,FES,TYR,761,10.56,97.5
P07332,FES,SER,765,60.16,96.0
P07332,FES,LYS,775,173.15,96.25
P07332,FES,CYS,781,61.22,98.12
P07332,FES,CYS,785,11.41,96.38
P07332,FES,TYR,799,85.54,97.94
P07332,FES,SER,806,49.09,98.44
P07332,FES,SER,808,39.09,98.31
P07332,FES,THR,809,69.35,98.5
P07332,FES,TYR,811,66.68,98.62
P07332,FES,SER,816,35.86,96.88
P07332,FES,LYS,819,143.27,94.0
P07949,RET,LYS,3,205.68,35.34
P07949,RET,THR,5,127.57,41.41
P07949,RET,SER,6,116.75,37.19
P07949,RET,LYS,24,181.05,28.52
P07949,RET,TYR,36,13.24,94.62
P07949,RET,LYS,39,60.08,92.44
P07949,RET,TYR,41,23.81,91.5
P07949,RET,TYR,52,77.29,95.56
P07949,RET,SER,65,35.69,88.81
P07949,RET,THR,75,38.26,80.56
P07949,RET,TYR,76,100.35,78.38
P07949,RET,THR,78,29.33,82.12
P07949,RET,CYS,87,43.07,95.56
P07949,RET,THR,92,75.06,90.94
P07949,RET,TYR,96,59.73,96.38
P07949,RET,SER,100,62.28,88.81
P07949,RET,SER,104,79.86,86.06
P07949,RET,SER,105,16.6,85.69
P07949,RET,LYS,108,113.71,85.88
P07949,RET,SER,110,35.32,85.25
P07949,RET,THR,120,21.11,88.31
P07949,RET,TYR,122,18.95,93.25
P07949,RET,SER,128,27.73,70.88
P07949,RET,THR,130,82.69,53.09
P07949,RET,SER,131,105.93,48.47
P07949,RET,TYR,146,44.53,94.19
P07949,RET,SER,148,26.04,91.75
P07949,RET,THR,152,67.43,88.12
P07949,RET,SER,153,60.43,88.75
P07949,RET,CYS,157,43.08,88.94
P07949,RET,SER,158,114.83,86.5
P07949,RET,SER,159,75.19,89.0
P07949,RET,LYS,161,138.83,89.25
P07949,RET,THR,170,56.15,80.06
P07949,RET,SER,173,50.71,85.44
P07949,RET,THR,184,42.94,94.88
P07949,RET,SER,201,67.76,86.44
P07949,RET,TYR,204,22.05,91.31
P07949,RET,CYS,216,27.03,91.56
P07949,RET,SER,220,37.63,86.38
P07949,RET,SER,224,11.41,94.06
P07949,RET,LYS,236,97.34,92.25
P07949,RET,TYR,237,23.36,91.88
P07949,RET,THR,244,22.91,92.12
P07949,RET,THR,261,40.75,94.69
P07949,RET,TYR,263,76.24,91.62
P07949,RET,SER,268,22.15,88.75
P07949,RET,THR,271,70.08,91.44
P07949,RET,THR,278,57.18,94.5
P07949,RET,SER,280,91.24,94.69
P07949,RET,LYS,286,137.04,94.0
P07949,RET,LYS,288,112.71,93.56
P07949,RET,THR,291,32.5,94.5
P07949,RET,THR,295,57.29,94.81
P07949,RET,SER,307,37.82,64.5
P07949,RET,THR,315,50.78,87.19
P07949,RET,SER,316,42.25,91.06
P07949,RET,THR,317,66.58,90.44
P07949,RET,THR,323,102.6,91.81
P07949,RET,THR,338,50.48,89.19
P07949,RET,SER,339,84.65,89.5
P07949,RET,SER,345,26.71,82.12
P07949,RET,SER,363,30.51,92.69
P07949,RET,SER,365,59.2,91.94
P07949,RET,THR,369,108.83,95.62
P07949,RET,SER,379,60.29,81.94
P07949,RET,SER,396,32.01,97.12
P07949,RET,SER,401,73.71,89.44
P07949,RET,SER,406,89.82,91.38
P07949,RET,THR,407,64.02,93.19
P07949,RET,TYR,408,36.5,94.69
P07949,RET,SER,409,96.14,93.88
P07949,RET,SER,411,58.57,93.38
P07949,RET,SER,413,35.69,92.38
P07949,RET,LYS,424,123.59,93.0
P07949,RET,CYS,426,33.91,94.5
P07949,RET,CYS,430,12.4,87.5
P07949,RET,SER,434,38.52,91.12
P07949,RET,LYS,441,100.75,93.81
P07949,RET,SER,444,47.13,87.31
P07949,RET,SER,445,79.89,81.44
P07949,RET,CYS,449,28.39,85.56
P07949,RET,SER,450,63.35,85.44
P07949,RET,THR,456,38.34,93.81
P07949,RET,SER,457,12.97,91.31
P07949,RET,THR,461,12.44,90.0
P07949,RET,THR,470,22.53,90.62
P07949,RET,LYS,471,161.99,90.44
P07949,RET,LYS,477,192.81,87.62
P07949,RET,THR,488,26.45,92.56
P07949,RET,THR,492,41.38,87.81
P07949,RET,SER,493,94.69,86.38
P07949,RET,THR,503,57.26,93.94
P07949,RET,SER,507,86.4,85.31
P07949,RET,TYR,508,99.1,86.44
P07949,RET,CYS,515,43.43,90.38
P07949,RET,SER,522,10.77,94.38
P07949,RET,LYS,523,60.65,92.31
P07949,RET,CYS,531,11.61,91.12
P07949,RET,THR,538,71.86,91.12
P07949,RET,LYS,549,160.92,87.31
P07949,RET,THR,552,14.52,93.31
P07949,RET,SER,561,18.12,95.94
P07949,RET,THR,562,51.99,94.5
P07949,RET,LYS,563,175.89,92.56
P07949,RET,THR,564,37.91,92.19
P07949,RET,CYS,570,26.39,93.94
P07949,RET,THR,575,68.67,93.69
P07949,RET,SER,589,58.99,91.56
P07949,RET,LYS,603,23.83,95.0
P07949,RET,TYR,606,89.9,94.25
P07949,RET,THR,608,12.66,95.25
P07949,RET,LYS,617,58.75,95.19
P07949,RET,CYS,630,89.83,61.66
P07949,RET,CYS,634,31.46,75.0
P07949,RET,THR,636,79.62,81.75
P07949,RET,SER,645,69.36,90.31
P07949,RET,SER,649,66.69,89.06
P07949,RET,SER,653,55.31,85.56
P07949,RET,CYS,656,78.86,80.0
P07949,RET,CYS,659,50.08,74.38
P07949,RET,TYR,660,163.73,64.12
P07949,RET,LYS,662,150.69,61.44
P07949,RET,LYS,666,205.09,33.59
P07949,RET,SER,670,100.25,39.78
P07949,RET,SER,671,108.19,39.25
P07949,RET,THR,675,119.83,33.94
P07949,RET,SER,686,95.68,27.92
P07949,RET,TYR,687,206.33,32.19
P07949,RET,SER,688,99.2,30.97
P07949,RET,SER,689,117.95,27.89
P07949,RET,SER,690,106.69,35.06
P07949,RET,SER,696,82.38,31.56
P07949,RET,SER,699,93.27,30.31
P07949,RET,SER,705,70.27,33.91
P07949,RET,LYS,710,193.37,62.81
P07949,RET,LYS,716,163.27,90.81
P07949,RET,LYS,722,184.98,92.44
P07949,RET,LYS,728,142.93,91.12
P07949,RET,THR,729,70.7,91.19
P07949,RET,LYS,737,46.01,90.75
P07949,RET,LYS,740,68.85,95.38
P07949,RET,THR,742,38.72,95.38
P07949,RET,LYS,747,117.46,75.12
P07949,RET,TYR,752,152.88,88.88
P07949,RET,THR,753,50.38,91.44
P07949,RET,THR,754,50.71,93.69
P07949,RET,LYS,758,20.67,94.69
P07949,RET,LYS,761,36.04,88.25
P07949,RET,SER,765,39.95,80.75
P07949,RET,SER,767,20.42,75.69
P07949,RET,SER,774,36.69,85.81
P07949,RET,LYS,780,47.57,92.88
P07949,RET,LYS,789,87.73,94.69
P07949,RET,TYR,791,46.34,94.31
P07949,RET,TYR,806,47.23,94.88
P07949,RET,LYS,808,87.59,90.38
P07949,RET,TYR,809,50.66,90.56
P07949,RET,SER,811,35.14,93.94
P07949,RET,SER,819,12.45,81.81
P07949,RET,LYS,821,160.13,63.5
P07949,RET,TYR,826,186.79,39.03
P07949,RET,SER,829,110.64,32.94
P07949,RET,SER,832,112.63,31.8
P07949,RET,SER,835,93.98,35.19
P07949,RET,SER,836,131.83,34.75
P07949,RET,SER,837,75.06,37.94
P07949,RET,THR,847,87.56,85.06
P07949,RET,SER,853,23.14,94.56
P07949,RET,TYR,864,40.77,97.56
P07949,RET,LYS,869,97.42,89.56
P07949,RET,LYS,887,110.67,95.06
P07949,RET,LYS,889,16.0,97.56
P07949,RET,SER,891,13.85,93.12
P07949,RET,TYR,900,145.37,41.56
P07949,RET,SER,904,110.66,29.09
P07949,RET,TYR,905,99.02,37.03
P07949,RET,LYS,907,38.6,37.88
P07949,RET,SER,909,29.91,37.31
P07949,RET,LYS,916,35.94,92.94
P07949,RET,TYR,928,60.91,84.62
P07949,RET,THR,929,47.36,90.38
P07949,RET,THR,930,28.15,93.88
P07949,RET,THR,946,28.18,92.56
P07949,RET,LYS,965,138.28,86.69
P07949,RET,THR,966,112.48,88.19
P07949,RET,CYS,976,11.46,85.06
P07949,RET,SER,977,40.52,87.06
P07949,RET,TYR,981,29.79,96.5
P07949,RET,LYS,989,98.73,96.38
P07949,RET,LYS,994,121.48,96.25
P07949,RET,SER,1002,10.17,96.19
P07949,RET,LYS,1003,106.64,94.75
P07949,RET,LYS,1007,116.9,90.12
P07949,RET,LYS,1011,108.11,63.25
P07949,RET,TYR,1015,134.51,39.44
P07949,RET,SER,1021,83.49,35.44
P07949,RET,THR,1022,97.11,36.81
P07949,RET,SER,1024,83.27,37.12
P07949,RET,SER,1026,88.43,33.91
P07949,RET,TYR,1029,204.89,38.91
P07949,RET,SER,1034,86.46,33.91
P07949,RET,THR,1038,125.05,37.5
P07949,RET,CYS,1043,90.08,33.25
P07949,RET,SER,1054,96.96,36.34
P07949,RET,THR,1055,124.36,39.88
P07949,RET,LYS,1060,199.15,29.98
P07949,RET,TYR,1062,214.4,27.78
P07949,RET,SER,1065,106.77,28.78
P07949,RET,SER,1073,106.69,36.47
P07949,RET,THR,1078,130.83,30.09
P07949,RET,THR,1083,126.41,29.39
P07949,RET,THR,1085,142.91,27.53
P07949,RET,TYR,1090,207.76,26.23
P07949,RET,SER,1094,120.25,26.19
P07949,RET,TYR,1096,197.31,28.84
P07949,RET,SER,1102,68.0,33.78
P07949,RET,SER,1104,33.98,32.84
P07949,RET,LYS,1107,85.26,34.66
P07949,RET,THR,1111,116.53,38.06
P07949,RET,SER,1114,175.33,29.44
P08247,SYP,LYS,23,178.57,83.12
P08247,SYP,THR,43,32.84,96.06
P08247,SYP,SER,46,94.74,95.06
P08247,SYP,TYR,47,18.75,95.56
P08247,SYP,SER,48,79.75,93.62
P08247,SYP,LYS,60,166.14,81.88
P08247,SYP,THR,61,124.02,81.69
P08247,SYP,SER,63,28.72,82.12
P08247,SYP,SER,66,72.54,87.94
P08247,SYP,TYR,73,54.18,95.31
P08247,SYP,TYR,81,107.3,88.25
P08247,SYP,THR,86,36.8,85.5
P08247,SYP,CYS,87,23.86,84.62
P08247,SYP,THR,91,95.46,88.06
P08247,SYP,THR,92,55.18,86.56
P08247,SYP,LYS,93,112.4,88.75
P08247,SYP,TYR,100,43.53,94.44
P08247,SYP,SER,102,85.76,96.25
P08247,SYP,SER,103,30.18,96.5
P08247,SYP,THR,109,63.63,97.81
P08247,SYP,TYR,117,51.78,97.12
P08247,SYP,THR,124,44.16,89.88
P08247,SYP,LYS,131,143.14,80.94
P08247,SYP,TYR,132,19.23,80.69
P08247,SYP,LYS,137,147.6,83.62
P08247,SYP,SER,158,51.98,98.06
P08247,SYP,LYS,162,132.84,97.5
P08247,SYP,SER,165,65.28,96.62
P08247,SYP,LYS,168,73.78,94.81
P08247,SYP,LYS,178,113.76,86.81
P08247,SYP,CYS,183,26.75,85.94
P08247,SYP,THR,186,148.95,79.75
P08247,SYP,THR,189,65.03,88.81
P08247,SYP,CYS,190,23.13,90.38
P08247,SYP,LYS,191,127.54,90.62
P08247,SYP,THR,198,22.77,91.94
P08247,SYP,SER,199,67.07,93.69
P08247,SYP,THR,203,52.65,96.19
P08247,SYP,LYS,224,100.85,85.88
P08247,SYP,LYS,242,199.62,45.66
P08247,SYP,TYR,250,233.41,44.19
P08247,SYP,TYR,255,227.36,38.44
P08247,SYP,TYR,262,235.9,35.06
P08247,SYP,SER,267,116.01,32.97
P08247,SYP,TYR,268,231.1,32.5
P08247,SYP,TYR,274,222.31,39.5
P08247,SYP,TYR,278,206.33,39.59
P08247,SYP,SER,284,114.85,37.88
P08247,SYP,SER,287,125.06,37.31
P08247,SYP,TYR,289,236.39,39.31
P08247,SYP,TYR,295,204.35,40.28
P08247,SYP,TYR,300,228.68,36.25
P08247,SYP,THR,307,117.91,49.31
P08247,SYP,SER,308,104.76,43.03
P08247,SYP,SER,310,104.15,42.38
P09038,FGF2,THR,13,101.51,55.31
P09038,FGF2,CYS,19,119.81,42.34
P09038,FGF2,SER,22,110.53,51.81
P09038,FGF2,CYS,29,116.54,49.03
P09038,FGF2,SER,52,109.84,40.0
P09038,FGF2,SER,57,100.08,50.69
P09038,FGF2,SER,62,109.46,45.0
P09038,FGF2,THR,65,119.84,53.12
P09038,FGF2,THR,70,120.79,51.25
P09038,FGF2,SER,75,126.3,52.59
P09038,FGF2,SER,77,103.84,53.5
P09038,FGF2,THR,114,139.0,52.69
P09038,FGF2,SER,126,128.37,50.38
P09038,FGF2,THR,133,141.63,43.16
P09038,FGF2,SER,138,119.69,38.56
P09038,FGF2,THR,140,140.5,49.91
P09038,FGF2,THR,141,107.01,44.34
P09038,FGF2,SER,151,74.75,44.28
P09038,FGF2,LYS,160,175.24,81.25
P09038,FGF2,LYS,163,27.42,95.12
P09038,FGF2,TYR,166,65.17,97.75
P09038,FGF2,LYS,168,82.48,96.44
P09038,FGF2,LYS,188,131.19,93.69
P09038,FGF2,SER,189,88.69,92.88
P09038,FGF2,LYS,194,75.94,96.56
P09038,FGF2,LYS,208,49.06,97.5
P09038,FGF2,CYS,211,66.27,95.25
P09038,FGF2,TYR,215,30.5,98.12
P09038,FGF2,LYS,219,91.86,97.19
P09038,FGF2,SER,227,32.45,97.12
P09038,FGF2,LYS,228,141.41,96.25
P09038,FGF2,CYS,229,67.21,95.44
P09038,FGF2,THR,231,56.45,96.38
P09038,FGF2,SER,242,124.21,92.06
P09038,FGF2,TYR,245,39.94,96.44
P09038,FGF2,LYS,252,96.81,96.94
P09038,FGF2,TYR,253,41.53,97.0
P09038,FGF2,THR,254,80.56,95.12
P09038,FGF2,SER,255,82.25,96.25
P09038,FGF2,TYR,257,23.6,98.44
P09038,FGF2,LYS,261,82.44,98.0
P09038,FGF2,THR,263,103.9,97.25
P09038,FGF2,TYR,266,51.63,97.94
P09038,FGF2,LYS,267,42.65,97.81
P09038,FGF2,SER,270,67.35,96.88
P09038,FGF2,LYS,271,126.59,97.31
P09038,FGF2,THR,272,16.6,97.81
P09038,FGF2,LYS,277,136.93,97.0
P09038,FGF2,SER,285,72.4,92.12
P09038,FGF2,LYS,287,140.94,77.69
P09038,FGF2,SER,288,172.44,59.97
P09769,FGR,CYS,3,127.04,30.19
P09769,FGR,CYS,6,135.22,33.75
P09769,FGR,LYS,7,208.9,35.03
P09769,FGR,LYS,8,192.71,30.2
P09769,FGR,THR,14,144.88,34.91
P09769,FGR,LYS,16,188.38,34.97
P09769,FGR,SER,27,107.83,29.5
P09769,FGR,TYR,28,215.56,31.38
P09769,FGR,TYR,34,175.69,37.5
P09769,FGR,THR,39,66.16,44.41
P09769,FGR,LYS,40,169.15,42.16
P09769,FGR,SER,45,98.47,28.94
P09769,FGR,SER,46,90.23,27.75
P09769,FGR,TYR,53,177.7,27.67
P09769,FGR,SER,54,52.05,30.67
P09769,FGR,SER,57,100.24,26.83
P09769,FGR,SER,58,103.76,30.27
P09769,FGR,SER,68,105.18,32.03
P09769,FGR,THR,70,136.85,31.69
P09769,FGR,SER,75,110.33,31.38
P09769,FGR,THR,80,80.01,83.5
P09769,FGR,TYR,86,38.85,93.12
P09769,FGR,THR,92,39.34,90.0
P09769,FGR,THR,97,88.05,95.5
P09769,FGR,THR,99,87.51,96.44
P09769,FGR,LYS,100,102.3,94.44
P09769,FGR,LYS,103,85.94,97.12
P09769,FGR,THR,110,110.19,76.75
P09769,FGR,SER,121,92.77,94.5
P09769,FGR,SER,122,66.07,93.94
P09769,FGR,LYS,124,139.4,95.81
P09769,FGR,THR,125,69.47,95.31
P09769,FGR,CYS,127,12.7,94.19
P09769,FGR,SER,138,22.59,91.69
P09769,FGR,TYR,145,23.94,94.88
P09769,FGR,LYS,148,138.3,91.5
P09769,FGR,LYS,152,32.82,90.62
P09769,FGR,THR,175,87.11,87.88
P09769,FGR,THR,176,51.04,87.31
P09769,FGR,LYS,177,212.42,86.31
P09769,FGR,TYR,180,35.25,95.69
P09769,FGR,THR,190,129.19,85.88
P09769,FGR,LYS,196,36.13,94.0
P09769,FGR,LYS,199,51.51,93.5
P09769,FGR,LYS,202,119.51,89.5
P09769,FGR,TYR,208,33.2,94.06
P09769,FGR,TYR,209,23.96,92.81
P09769,FGR,THR,212,94.59,83.5
P09769,FGR,SER,218,33.11,93.62
P09769,FGR,CYS,234,37.93,92.25
P09769,FGR,THR,242,55.51,87.44
P09769,FGR,LYS,245,109.27,84.25
P09769,FGR,LYS,253,102.92,85.06
P09769,FGR,SER,259,71.18,94.69
P09769,FGR,SER,261,105.86,96.06
P09769,FGR,SER,262,22.53,95.75
P09769,FGR,THR,264,80.66,97.56
P09769,FGR,THR,271,98.92,86.38
P09769,FGR,CYS,273,58.28,72.56
P09769,FGR,THR,281,18.35,97.0
P09769,FGR,SER,285,66.57,88.5
P09769,FGR,THR,286,16.26,92.62
P09769,FGR,LYS,287,123.82,94.81
P09769,FGR,LYS,291,36.0,95.0
P09769,FGR,THR,292,18.26,94.25
P09769,FGR,LYS,294,115.62,87.75
P09769,FGR,THR,297,19.86,82.56
P09769,FGR,SER,299,50.89,86.81
P09769,FGR,LYS,301,152.38,90.25
P09769,FGR,LYS,311,78.28,87.62
P09769,FGR,TYR,322,19.34,93.06
P09769,FGR,SER,326,18.77,92.0
P09769,FGR,TYR,331,20.94,96.0
P09769,FGR,THR,334,25.28,95.69
P09769,FGR,CYS,338,63.19,93.62
P09769,FGR,SER,341,16.03,97.19
P09769,FGR,LYS,347,112.75,97.31
P09769,FGR,TYR,372,30.84,97.69
P09769,FGR,TYR,378,14.55,93.75
P09769,FGR,LYS,397,26.25,98.25
P09769,FGR,LYS,408,117.49,65.0
P09769,FGR,TYR,412,26.88,56.44
P09769,FGR,CYS,415,111.28,49.0
P09769,FGR,SER,418,100.83,56.94
P09769,FGR,LYS,419,83.18,69.81
P09769,FGR,LYS,423,19.92,95.94
P09769,FGR,THR,425,14.23,95.12
P09769,FGR,THR,436,51.82,95.81
P09769,FGR,LYS,438,28.94,98.5
P09769,FGR,THR,453,28.75,97.0
P09769,FGR,LYS,454,40.13,97.12
P09769,FGR,LYS,464,77.56,90.56
P09769,FGR,TYR,475,78.82,95.25
P09769,FGR,CYS,479,56.31,96.94
P09769,FGR,CYS,483,15.69,94.25
P09769,FGR,SER,486,51.8,93.25
P09769,FGR,TYR,488,25.86,97.25
P09769,FGR,THR,504,57.18,98.56
P09769,FGR,TYR,507,106.76,97.25
P09769,FGR,SER,510,59.65,91.19
P09769,FGR,TYR,515,36.83,88.5
P09769,FGR,THR,517,46.85,71.06
P09769,FGR,SER,518,108.01,57.94
P09769,FGR,TYR,523,46.66,73.75
P09769,FGR,THR,529,146.54,39.88
P10415,BCL2,THR,7,48.87,59.28
P10415,BCL2,LYS,17,79.82,95.88
P10415,BCL2,TYR,21,52.34,97.0
P10415,BCL2,LYS,22,15.53,95.44
P10415,BCL2,SER,24,58.32,95.44
P10415,BCL2,TYR,28,72.71,91.94
P10415,BCL2,SER,50,90.52,49.41
P10415,BCL2,SER,51,115.88,41.53
P10415,BCL2,THR,56,123.83,47.66
P10415,BCL2,SER,62,104.96,49.56
P10415,BCL2,THR,69,120.64,46.59
P10415,BCL2,SER,70,108.47,52.16
P10415,BCL2,THR,74,140.6,52.66
P10415,BCL2,SER,87,42.85,72.44
P10415,BCL2,SER,105,32.59,84.69
P10415,BCL2,TYR,108,49.24,71.81
P10415,BCL2,SER,116,29.97,71.81
P10415,BCL2,SER,117,77.49,73.44
P10415,BCL2,THR,122,53.83,79.38
P10415,BCL2,THR,125,59.63,86.94
P10415,BCL2,THR,132,58.87,88.0
P10415,BCL2,SER,167,52.59,89.56
P10415,BCL2,THR,178,13.14,97.81
P10415,BCL2,TYR,180,13.62,97.0
P10415,BCL2,THR,187,86.83,94.25
P10415,BCL2,TYR,202,27.61,86.19
P10415,BCL2,SER,205,118.13,61.22
P10415,BCL2,SER,213,103.78,49.94
P10415,BCL2,SER,216,52.87,56.34
P10415,BCL2,LYS,218,123.01,52.84
P10415,BCL2,THR,219,73.0,59.41
P10415,BCL2,SER,222,50.4,57.47
P10415,BCL2,CYS,229,91.76,41.44
P10415,BCL2,THR,231,94.19,47.5
P10415,BCL2,TYR,235,188.89,44.06
P10415,BCL2,LYS,239,246.74,37.5
P11142,HSPA8,SER,2,113.73,44.59
P11142,HSPA8,LYS,3,173.26,66.56
P11142,HSPA8,THR,14,27.74,96.62
P11142,HSPA8,TYR,15,64.95,97.88
P11142,HSPA8,LYS,25,110.09,91.12
P11142,HSPA8,THR,37,32.74,97.81
P11142,HSPA8,SER,40,10.05,98.44
P11142,HSPA8,TYR,41,11.5,98.31
P11142,HSPA8,THR,45,33.04,93.06
P11142,HSPA8,THR,47,76.53,85.5
P11142,HSPA8,LYS,56,43.2,96.81
P11142,HSPA8,THR,64,53.6,95.62
P11142,HSPA8,LYS,71,12.04,94.94
P11142,HSPA8,SER,85,52.56,92.38
P11142,HSPA8,LYS,88,164.36,91.69
P11142,HSPA8,LYS,102,38.34,96.94
P11142,HSPA8,LYS,108,83.0,90.25
P11142,HSPA8,THR,111,81.33,96.44
P11142,HSPA8,LYS,112,45.59,94.81
P11142,HSPA8,SER,113,43.87,96.12
P11142,HSPA8,TYR,115,21.57,96.5
P11142,HSPA8,THR,125,27.54,97.0
P11142,HSPA8,LYS,126,34.36,97.38
P11142,HSPA8,LYS,128,21.15,97.44
P11142,HSPA8,TYR,134,112.75,96.62
P11142,HSPA8,LYS,137,140.88,94.0
P11142,HSPA8,THR,138,91.35,93.88
P11142,HSPA8,THR,140,57.12,94.5
P11142,HSPA8,TYR,149,42.05,82.31
P11142,HSPA8,SER,153,20.81,83.25
P11142,HSPA8,LYS,159,62.25,92.25
P11142,HSPA8,THR,163,57.03,93.75
P11142,HSPA8,LYS,187,67.85,69.38
P11142,HSPA8,LYS,188,208.37,62.03
P11142,HSPA8,THR,204,12.35,91.25
P11142,HSPA8,THR,211,10.43,94.94
P11142,HSPA8,LYS,220,67.17,95.56
P11142,HSPA8,THR,226,21.41,80.38
P11142,HSPA8,LYS,246,105.65,97.69
P11142,HSPA8,LYS,248,92.99,97.0
P11142,HSPA8,LYS,250,166.75,96.56
P11142,HSPA8,LYS,251,71.6,96.69
P11142,HSPA8,SER,254,56.71,94.06
P11142,HSPA8,LYS,257,98.47,93.75
P11142,HSPA8,THR,265,51.93,95.56
P11142,HSPA8,LYS,271,21.89,98.44
P11142,HSPA8,THR,273,54.31,98.31
P11142,HSPA8,SER,275,31.3,97.81
P11142,HSPA8,SER,276,91.26,97.0
P11142,HSPA8,SER,277,33.68,97.75
P11142,HSPA8,THR,278,97.0,97.94
P11142,HSPA8,SER,281,71.21,97.69
P11142,HSPA8,SER,286,59.5,96.56
P11142,HSPA8,TYR,288,43.71,97.06
P11142,HSPA8,TYR,294,119.62,97.12
P11142,HSPA8,THR,295,23.11,97.12
P11142,HSPA8,SER,296,75.17,97.5
P11142,HSPA8,THR,298,68.67,98.56
P11142,HSPA8,LYS,319,65.49,94.5
P11142,HSPA8,LYS,325,184.94,96.62
P11142,HSPA8,LYS,328,73.34,97.19
P11142,HSPA8,SER,329,94.96,96.56
P11142,HSPA8,SER,340,10.46,97.94
P11142,HSPA8,LYS,345,69.9,98.31
P11142,HSPA8,LYS,348,105.4,98.06
P11142,HSPA8,LYS,357,58.87,97.06
P11142,HSPA8,LYS,361,134.93,90.62
P11142,HSPA8,SER,362,82.16,90.88
P11142,HSPA8,TYR,371,50.94,97.0
P11142,HSPA8,SER,381,50.33,89.62
P11142,HSPA8,LYS,384,181.29,81.56
P11142,HSPA8,SER,385,31.4,82.38
P11142,HSPA8,THR,397,10.67,84.0
P11142,HSPA8,THR,405,38.83,85.81
P11142,HSPA8,THR,411,35.74,91.88
P11142,HSPA8,LYS,415,151.33,93.06
P11142,HSPA8,THR,418,38.43,92.06
P11142,HSPA8,THR,419,50.29,92.62
P11142,HSPA8,THR,422,22.45,93.62
P11142,HSPA8,LYS,423,136.72,95.31
P11142,HSPA8,THR,425,66.72,94.94
P11142,HSPA8,THR,427,57.35,92.88
P11142,HSPA8,THR,429,61.45,89.19
P11142,HSPA8,TYR,431,163.22,83.62
P11142,HSPA8,SER,432,54.46,85.88
P11142,HSPA8,TYR,443,15.56,89.44
P11142,HSPA8,LYS,451,168.93,83.62
P11142,HSPA8,LYS,458,111.38,88.44
P11142,HSPA8,THR,462,81.76,88.81
P11142,HSPA8,THR,477,15.4,94.81
P11142,HSPA8,SER,489,21.63,92.56
P11142,HSPA8,LYS,493,114.73,92.19
P11142,HSPA8,SER,494,87.4,86.94
P11142,HSPA8,THR,495,56.66,88.31
P11142,HSPA8,LYS,497,99.65,85.69
P11142,HSPA8,LYS,500,146.93,80.94
P11142,HSPA8,THR,502,64.5,65.75
P11142,HSPA8,THR,504,77.23,52.81
P11142,HSPA8,LYS,507,175.54,52.12
P11142,HSPA8,SER,511,49.95,76.56
P11142,HSPA8,LYS,512,148.65,78.44
P11142,HSPA8,LYS,524,122.87,86.69
P11142,HSPA8,TYR,525,17.39,83.38
P11142,HSPA8,LYS,526,75.16,80.62
P11142,HSPA8,LYS,531,112.96,86.25
P11142,HSPA8,LYS,535,26.72,87.88
P11142,HSPA8,SER,537,61.17,85.38
P11142,HSPA8,SER,538,14.65,87.19
P11142,HSPA8,LYS,539,38.54,89.69
P11142,HSPA8,SER,541,52.6,88.0
P11142,HSPA8,SER,544,58.78,89.69
P11142,HSPA8,TYR,545,52.68,91.5
P11142,HSPA8,LYS,550,56.73,89.75
P11142,HSPA8,THR,552,54.03,86.81
P11142,HSPA8,LYS,557,168.08,76.12
P11142,HSPA8,LYS,561,131.1,77.94
P11142,HSPA8,LYS,567,46.94,89.62
P11142,HSPA8,LYS,569,99.34,92.75
P11142,HSPA8,LYS,573,32.96,95.5
P11142,HSPA8,LYS,583,170.59,91.38
P11142,HSPA8,THR,586,112.38,81.75
P11142,HSPA8,LYS,589,58.32,88.88
P11142,HSPA8,LYS,597,116.23,94.88
P11142,HSPA8,LYS,601,134.55,94.25
P11142,HSPA8,THR,608,69.36,84.19
P11142,HSPA8,LYS,609,135.38,82.44
P11142,HSPA8,TYR,611,171.99,72.69
P11142,HSPA8,SER,613,95.06,61.75
P11142,HSPA8,SER,633,119.21,36.53
P11142,HSPA8,SER,637,103.93,35.25
P11142,HSPA8,SER,638,115.84,35.66
P11142,HSPA8,THR,641,126.73,34.72
P11802,CDK4,THR,3,128.31,47.75
P11802,CDK4,SER,4,53.05,63.59
P11802,CDK4,TYR,6,11.13,89.31
P11802,CDK4,TYR,17,67.41,57.94
P11802,CDK4,THR,19,31.79,76.06
P11802,CDK4,TYR,21,73.45,90.5
P11802,CDK4,LYS,22,44.83,93.5
P11802,CDK4,SER,28,60.91,90.12
P11802,CDK4,LYS,35,14.22,86.5
P11802,CDK4,SER,36,15.99,81.0
P11802,CDK4,SER,52,20.6,72.19
P11802,CDK4,CYS,78,27.02,84.31
P11802,CDK4,THR,80,31.57,69.31
P11802,CDK4,SER,81,47.8,71.38
P11802,CDK4,THR,83,64.91,75.12
P11802,CDK4,LYS,88,72.97,79.69
P11802,CDK4,THR,102,45.02,95.12
P11802,CDK4,TYR,103,50.52,97.0
P11802,CDK4,LYS,106,138.14,95.5
P11802,CDK4,THR,116,42.76,96.5
P11802,CDK4,LYS,118,33.97,97.38
P11802,CDK4,CYS,135,50.98,90.62
P11802,CDK4,LYS,142,28.08,93.75
P11802,CDK4,THR,149,30.43,96.44
P11802,CDK4,SER,150,103.17,93.62
P11802,CDK4,THR,153,46.08,98.19
P11802,CDK4,LYS,155,23.28,98.0
P11802,CDK4,TYR,165,82.04,60.34
P11802,CDK4,SER,166,70.86,43.91
P11802,CDK4,TYR,167,220.42,38.41
P11802,CDK4,THR,172,76.1,45.03
P11802,CDK4,THR,177,54.35,71.56
P11802,CDK4,SER,189,27.86,86.94
P11802,CDK4,THR,190,99.54,83.75
P11802,CDK4,TYR,191,32.95,82.88
P11802,CDK4,THR,193,28.85,92.12
P11802,CDK4,LYS,211,142.81,95.25
P11802,CDK4,CYS,215,52.01,95.69
P11802,CDK4,SER,218,49.73,92.31
P11802,CDK4,LYS,225,65.97,97.69
P11802,CDK4,SER,243,57.66,91.5
P11802,CDK4,SER,259,69.55,96.38
P11802,CDK4,SER,267,31.66,96.5
P11802,CDK4,THR,277,36.18,98.62
P11802,CDK4,LYS,282,132.98,97.38
P11802,CDK4,SER,285,50.93,98.44
P11802,CDK4,SER,293,80.83,95.62
P11802,CDK4,LYS,297,135.02,65.62
P14770,GP9,THR,13,89.28,53.62
P14770,GP9,THR,17,111.72,50.66
P14770,GP9,LYS,18,201.17,57.09
P14770,GP9,CYS,20,52.57,91.06
P14770,GP9,SER,22,120.72,90.12
P14770,GP9,CYS,24,14.69,95.38
P14770,GP9,THR,25,92.38,95.5
P14770,GP9,CYS,26,37.03,94.81
P14770,GP9,THR,31,79.99,86.62
P14770,GP9,THR,44,110.0,96.0
P14770,GP9,SER,62,47.3,97.69
P14770,GP9,SER,65,43.58,94.56
P14770,GP9,THR,79,56.89,94.25
P14770,GP9,THR,83,32.71,96.19
P14770,GP9,CYS,91,44.14,88.81
P14770,GP9,SER,92,51.01,88.75
P14770,GP9,THR,94,33.44,89.69
P14770,GP9,TYR,95,26.06,90.75
P14770,GP9,THR,104,24.55,92.12
P14770,GP9,SER,115,33.54,92.5
P14770,GP9,SER,117,98.86,83.06
P14770,GP9,THR,128,46.72,80.0
P14770,GP9,TYR,130,150.79,68.56
P14770,GP9,SER,134,81.22,67.81
P14770,GP9,CYS,135,45.06,73.31
P14770,GP9,SER,142,77.47,53.5
P14770,GP9,CYS,170,79.7,88.5
P14770,GP9,THR,172,83.35,83.44
P14770,GP9,THR,173,84.84,79.25
P15941,MUC1,THR,2,142.84,36.38
P15941,MUC1,THR,5,131.21,40.28
P15941,MUC1,SER,7,91.43,52.03
P15941,MUC1,THR,16,81.2,52.09
P15941,MUC1,THR,19,106.82,41.41
P15941,MUC1,THR,22,135.46,32.34
P15941,MUC1,SER,24,123.42,30.77
P15941,MUC1,SER,28,109.64,25.97
P15941,MUC1,SER,29,97.02,29.62
P15941,MUC1,THR,30,135.03,27.91
P15941,MUC1,LYS,35,192.97,30.09
P15941,MUC1,THR,37,130.53,27.39
P15941,MUC1,SER,38,118.9,31.34
P15941,MUC1,THR,40,115.44,28.48
P15941,MUC1,SER,43,101.54,29.3
P15941,MUC1,SER,44,106.53,32.91
P15941,MUC1,SER,47,100.23,25.53
P15941,MUC1,SER,48,95.61,30.66
P15941,MUC1,THR,49,121.45,30.89
P15941,MUC1,LYS,51,165.33,26.53
P15941,MUC1,SER,55,91.61,26.03
P15941,MUC1,THR,57,113.81,24.36
P15941,MUC1,SER,58,101.18,25.84
P15941,MUC1,SER,59,108.49,25.92
P15941,MUC1,SER,62,102.74,25.97
P15941,MUC1,SER,63,103.3,25.42
P15941,MUC1,SER,65,94.58,29.33
P15941,MUC1,SER,68,126.72,32.75
P15941,MUC1,SER,70,117.61,27.41
P15941,MUC1,SER,71,99.06,25.45
P15941,MUC1,THR,72,127.27,23.22
P15941,MUC1,THR,73,139.55,30.28
P15941,MUC1,THR,79,132.7,24.88
P15941,MUC1,THR,84,129.9,25.22
P15941,MUC1,SER,88,124.88,22.83
P15941,MUC1,SER,90,125.59,26.23
P15941,MUC1,THR,93,131.66,28.03
P15941,MUC1,THR,99,126.05,25.19
P15941,MUC1,SER,100,24.79,21.44
P15941,MUC1,THR,104,99.86,26.62
P15941,MUC1,SER,110,87.06,26.73
P15941,MUC1,THR,111,137.2,29.36
P15941,MUC1,THR,112,126.1,32.84
P15941,MUC1,THR,119,78.39,37.22
P15941,MUC1,SER,120,99.57,37.62
P15941,MUC1,LYS,125,180.24,33.59
P15941,MUC1,SER,130,53.93,37.03
P15941,MUC1,THR,131,124.43,38.25
P15941,MUC1,THR,139,38.18,44.19
P15941,MUC1,SER,140,66.73,44.06
P15941,MUC1,THR,144,38.71,40.84
P15941,MUC1,SER,150,21.27,39.88
P15941,MUC1,THR,151,100.0,41.28
P15941,MUC1,THR,159,18.51,46.88
P15941,MUC1,SER,160,62.27,47.31
P15941,MUC1,THR,164,33.31,42.53
P15941,MUC1,SER,170,17.54,41.53
P15941,MUC1,THR,171,90.01,41.84
P15941,MUC1,THR,179,15.12,49.59
P15941,MUC1,SER,180,60.0,49.78
P15941,MUC1,THR,184,32.28,42.81
P15941,MUC1,SER,190,16.43,41.88
P15941,MUC1,THR,191,90.14,42.12
P15941,MUC1,THR,199,18.83,51.0
P15941,MUC1,SER,200,59.85,50.66
P15941,MUC1,THR,204,32.65,43.06
P15941,MUC1,SER,210,17.56,42.47
P15941,MUC1,THR,211,88.32,42.53
P15941,MUC1,THR,219,15.81,52.19
P15941,MUC1,SER,220,60.03,51.72
P15941,MUC1,THR,224,32.82,42.88
P15941,MUC1,SER,230,16.19,42.62
P15941,MUC1,THR,231,85.94,43.25
P15941,MUC1,THR,239,17.88,52.69
P15941,MUC1,SER,240,59.36,52.03
P15941,MUC1,THR,244,32.52,42.78
P15941,MUC1,SER,250,13.03,43.22
P15941,MUC1,THR,251,80.09,44.5
P15941,MUC1,THR,259,18.42,53.53
P15941,MUC1,SER,260,59.32,52.56
P15941,MUC1,THR,264,31.14,42.53
P15941,MUC1,SER,270,11.04,43.25
P15941,MUC1,THR,271,75.3,45.28
P15941,MUC1,THR,279,18.67,53.47
P15941,MUC1,SER,280,60.2,52.44
P15941,MUC1,THR,284,32.25,42.59
P15941,MUC1,SER,290,12.26,43.47
P15941,MUC1,THR,291,77.12,45.56
P15941,MUC1,THR,299,17.04,53.66
P15941,MUC1,SER,300,60.9,52.75
P15941,MUC1,THR,304,30.18,42.66
P15941,MUC1,SER,310,10.93,43.47
P15941,MUC1,THR,311,76.27,45.91
P15941,MUC1,THR,319,17.96,53.75
P15941,MUC1,SER,320,59.88,52.88
P15941,MUC1,THR,324,32.45,42.72
P15941,MUC1,SER,330,10.8,44.12
P15941,MUC1,THR,331,75.42,46.38
P15941,MUC1,THR,339,16.12,53.88
P15941,MUC1,SER,340,60.25,52.97
P15941,MUC1,THR,344,31.41,42.78
P15941,MUC1,SER,350,11.54,44.25
P15941,MUC1,THR,351,75.33,46.91
P15941,MUC1,THR,359,16.09,53.94
P15941,MUC1,SER,360,59.69,52.94
P15941,MUC1,THR,364,31.43,43.09
P15941,MUC1,SER,370,12.28,44.41
P15941,MUC1,THR,371,77.35,46.94
P15941,MUC1,THR,379,16.09,53.66
P15941,MUC1,SER,380,59.03,52.88
P15941,MUC1,THR,384,30.76,43.06
P15941,MUC1,SER,390,11.71,44.81
P15941,MUC1,THR,391,75.3,47.38
P15941,MUC1,THR,399,17.59,53.56
P15941,MUC1,SER,400,56.97,52.62
P15941,MUC1,THR,404,33.2,43.06
P15941,MUC1,SER,410,14.16,44.25
P15941,MUC1,THR,411,80.38,46.88
P15941,MUC1,THR,419,17.19,53.59
P15941,MUC1,SER,420,58.26,52.56
P15941,MUC1,THR,424,29.98,42.62
P15941,MUC1,SER,430,12.97,44.5
P15941,MUC1,THR,431,82.77,47.12
P15941,MUC1,THR,439,15.65,53.72
P15941,MUC1,SER,440,53.36,52.84
P15941,MUC1,THR,444,30.02,42.5
P15941,MUC1,SER,450,13.02,44.72
P15941,MUC1,THR,451,77.13,47.44
P15941,MUC1,THR,459,14.91,53.78
P15941,MUC1,SER,460,54.01,52.5
P15941,MUC1,THR,464,31.18,42.38
P15941,MUC1,SER,470,13.06,44.72
P15941,MUC1,THR,471,78.07,47.16
P15941,MUC1,THR,479,16.68,53.75
P15941,MUC1,SER,480,52.05,52.38
P15941,MUC1,THR,484,30.5,42.25
P15941,MUC1,SER,490,11.52,44.88
P15941,MUC1,THR,491,76.91,47.59
P15941,MUC1,THR,499,15.51,53.41
P15941,MUC1,SER,500,53.46,52.41
P15941,MUC1,THR,504,31.9,42.09
P15941,MUC1,SER,510,12.54,44.47
P15941,MUC1,THR,511,77.48,46.69
P15941,MUC1,THR,519,16.5,53.56
P15941,MUC1,SER,520,50.24,52.62
P15941,MUC1,THR,524,31.41,41.94
P15941,MUC1,SER,530,12.14,44.47
P15941,MUC1,THR,531,76.77,46.81
P15941,MUC1,THR,539,14.07,53.47
P15941,MUC1,SER,540,52.6,52.66
P15941,MUC1,THR,544,32.14,42.0
P15941,MUC1,SER,550,11.08,44.53
P15941,MUC1,THR,551,74.62,47.34
P15941,MUC1,THR,559,15.65,53.53
P15941,MUC1,SER,560,52.6,52.72
P15941,MUC1,THR,564,29.69,41.28
P15941,MUC1,SER,570,10.59,44.22
P15941,MUC1,THR,571,73.23,47.41
P15941,MUC1,THR,579,15.52,53.41
P15941,MUC1,SER,580,52.95,52.72
P15941,MUC1,THR,584,30.68,41.16
P15941,MUC1,SER,590,11.61,43.47
P15941,MUC1,THR,591,76.57,46.56
P15941,MUC1,THR,599,16.87,53.12
P15941,MUC1,SER,600,50.56,52.25
P15941,MUC1,THR,604,29.1,40.78
P15941,MUC1,SER,610,10.76,43.22
P15941,MUC1,THR,611,75.4,46.53
P15941,MUC1,THR,619,15.17,53.56
P15941,MUC1,SER,620,54.6,52.69
P15941,MUC1,THR,624,32.98,40.59
P15941,MUC1,THR,631,72.77,46.81
P15941,MUC1,THR,639,16.49,53.75
P15941,MUC1,SER,640,53.59,52.66
P15941,MUC1,THR,644,30.51,40.91
P15941,MUC1,THR,651,71.37,46.59
P15941,MUC1,THR,659,15.57,53.69
P15941,MUC1,SER,660,57.43,52.41
P15941,MUC1,THR,664,31.73,40.78
P15941,MUC1,THR,671,69.22,46.09
P15941,MUC1,THR,679,17.36,53.47
P15941,MUC1,SER,680,54.27,52.69
P15941,MUC1,THR,684,30.76,40.34
P15941,MUC1,THR,691,67.45,45.25
P15941,MUC1,THR,699,16.5,52.75
P15941,MUC1,SER,700,57.93,51.81
P15941,MUC1,THR,704,31.76,40.09
P15941,MUC1,THR,711,71.38,44.88
P15941,MUC1,THR,719,18.65,52.41
P15941,MUC1,SER,720,57.62,51.53
P15941,MUC1,THR,724,34.02,40.0
P15941,MUC1,THR,731,69.52,44.69
P15941,MUC1,THR,739,16.7,52.5
P15941,MUC1,SER,740,58.23,51.94
P15941,MUC1,THR,744,32.0,40.09
P15941,MUC1,THR,751,68.56,44.69
P15941,MUC1,THR,759,17.27,52.28
P15941,MUC1,SER,760,57.92,51.97
P15941,MUC1,THR,764,33.79,40.06
P15941,MUC1,THR,771,65.91,44.38
P15941,MUC1,THR,779,19.25,52.0
P15941,MUC1,SER,780,59.22,52.03
P15941,MUC1,THR,784,34.59,40.25
P15941,MUC1,THR,791,64.61,44.44
P15941,MUC1,THR,799,20.79,51.66
P15941,MUC1,SER,800,61.1,52.28
P15941,MUC1,THR,804,35.09,40.03
P15941,MUC1,THR,811,61.11,44.5
P15941,MUC1,THR,819,19.83,51.38
P15941,MUC1,SER,820,65.4,52.31
P15941,MUC1,THR,824,32.59,40.06
P15941,MUC1,THR,831,63.68,44.16
P15941,MUC1,THR,839,21.25,50.84
P15941,MUC1,SER,840,64.86,51.41
P15941,MUC1,THR,844,37.05,39.72
P15941,MUC1,THR,851,61.18,43.5
P15941,MUC1,THR,859,19.8,49.72
P15941,MUC1,SER,860,66.19,51.25
P15941,MUC1,THR,864,36.28,39.47
P15941,MUC1,THR,871,60.97,43.53
P15941,MUC1,THR,879,19.13,47.81
P15941,MUC1,SER,880,67.24,50.19
P15941,MUC1,THR,884,39.5,38.88
P15941,MUC1,SER,890,10.77,41.47
P15941,MUC1,THR,891,63.59,43.34
P15941,MUC1,THR,899,22.54,46.84
P15941,MUC1,SER,900,71.64,48.47
P15941,MUC1,THR,904,38.89,38.53
P15941,MUC1,SER,910,11.22,40.59
P15941,MUC1,THR,911,59.92,43.41
P15941,MUC1,THR,919,27.03,44.59
P15941,MUC1,SER,920,75.31,46.0
P15941,MUC1,THR,924,52.54,37.25
P15941,MUC1,SER,930,18.32,39.41
P15941,MUC1,THR,931,68.47,41.31
P15941,MUC1,THR,939,64.48,42.75
P15941,MUC1,SER,940,85.09,42.44
P15941,MUC1,SER,950,62.82,34.0
P15941,MUC1,THR,951,110.54,33.28
P15941,MUC1,THR,959,83.07,35.53
P15941,MUC1,SER,960,102.68,31.69
P15941,MUC1,SER,962,112.75,28.05
P15941,MUC1,SER,964,111.75,26.33
P15941,MUC1,SER,966,122.37,26.7
P15941,MUC1,SER,968,104.67,28.06
P15941,MUC1,SER,970,89.92,25.12
P15941,MUC1,THR,971,111.76,23.69
P15941,MUC1,THR,977,124.38,25.47
P15941,MUC1,SER,978,95.07,31.02
P15941,MUC1,THR,982,119.52,28.64
P15941,MUC1,THR,983,116.59,27.14
P15941,MUC1,THR,984,125.07,34.06
P15941,MUC1,SER,987,108.87,26.53
P15941,MUC1,LYS,988,201.22,25.97
P15941,MUC1,SER,989,113.8,32.34
P15941,MUC1,THR,990,130.9,27.19
P15941,MUC1,SER,993,90.02,30.36
P15941,MUC1,SER,996,105.16,27.72
P15941,MUC1,SER,999,90.72,23.47
P15941,MUC1,THR,1001,132.77,27.94
P15941,MUC1,THR,1003,144.87,24.5
P15941,MUC1,THR,1004,111.9,24.81
P15941,MUC1,SER,1007,106.06,25.89
P15941,MUC1,SER,1009,107.29,25.5
P15941,MUC1,THR,1010,129.98,24.05
P15941,MUC1,LYS,1011,185.93,28.33
P15941,MUC1,THR,1012,113.41,21.58
P15941,MUC1,SER,1015,100.7,26.98
P15941,MUC1,SER,1016,96.42,24.69
P15941,MUC1,THR,1017,98.17,25.83
P15941,MUC1,SER,1020,92.18,23.89
P15941,MUC1,SER,1021,103.29,23.95
P15941,MUC1,THR,1026,123.91,26.62
P15941,MUC1,SER,1027,100.32,25.02
P15941,MUC1,SER,1028,105.05,27.62
P15941,MUC1,SER,1031,100.72,29.12
P15941,MUC1,THR,1032,127.42,31.23
P15941,MUC1,SER,1033,109.81,25.14
P15941,MUC1,SER,1037,109.54,39.0
P15941,MUC1,THR,1038,95.31,49.88
P15941,MUC1,SER,1041,24.7,80.25
P15941,MUC1,SER,1046,13.02,88.88
P15941,MUC1,SER,1050,60.98,85.31
P15941,MUC1,SER,1056,79.0,86.81
P15941,MUC1,SER,1057,30.68,88.19
P15941,MUC1,SER,1062,87.31,86.81
P15941,MUC1,THR,1063,38.84,90.75
P15941,MUC1,TYR,1065,80.18,89.44
P15941,MUC1,TYR,1066,15.3,91.12
P15941,MUC1,SER,1074,25.58,89.5
P15941,MUC1,LYS,1082,166.91,73.88
P15941,MUC1,SER,1090,57.05,86.94
P15941,MUC1,LYS,1093,106.83,88.19
P15941,MUC1,SER,1098,55.67,68.06
P15941,MUC1,THR,1104,23.33,89.06
P15941,MUC1,THR,1111,69.31,70.25
P15941,MUC1,THR,1119,71.89,83.38
P15941,MUC1,TYR,1124,97.63,84.12
P15941,MUC1,LYS,1125,30.39,83.5
P15941,MUC1,THR,1126,107.29,82.19
P15941,MUC1,SER,1130,71.74,83.31
P15941,MUC1,TYR,1132,44.4,86.31
P15941,MUC1,THR,1135,75.83,85.81
P15941,MUC1,SER,1137,47.19,85.5
P15941,MUC1,SER,1140,62.02,84.62
P15941,MUC1,SER,1142,57.32,83.94
P15941,MUC1,SER,1149,106.76,30.48
P15941,MUC1,SER,1152,118.24,37.44
P15941,MUC1,CYS,1168,82.46,90.31
P15941,MUC1,TYR,1177,139.66,92.06
P15941,MUC1,CYS,1184,56.85,82.25
P15941,MUC1,CYS,1186,77.19,76.06
P15941,MUC1,LYS,1189,185.32,70.69
P15941,MUC1,TYR,1191,162.39,48.25
P15941,MUC1,THR,1202,103.4,34.59
P15941,MUC1,TYR,1203,204.16,29.06
P15941,MUC1,SER,1207,93.49,39.25
P15941,MUC1,TYR,1209,216.04,37.44
P15941,MUC1,THR,1211,108.43,39.81
P15941,MUC1,TYR,1212,207.44,39.91
P15941,MUC1,THR,1214,110.2,38.0
P15941,MUC1,TYR,1218,198.72,32.59
P15941,MUC1,SER,1222,96.16,30.05
P15941,MUC1,SER,1223,91.04,31.98
P15941,MUC1,THR,1224,123.15,32.59
P15941,MUC1,SER,1227,77.17,36.62
P15941,MUC1,TYR,1229,199.53,34.72
P15941,MUC1,LYS,1231,180.0,30.81
P15941,MUC1,SER,1233,105.44,33.16
P15941,MUC1,SER,1239,116.36,33.38
P15941,MUC1,SER,1240,106.41,35.12
P15941,MUC1,SER,1242,117.36,29.16
P15941,MUC1,TYR,1243,217.98,30.78
P15941,MUC1,THR,1244,114.41,31.44
P15941,MUC1,THR,1251,133.77,32.19
P15941,MUC1,SER,1252,109.46,34.59
P16234,PDGFRA,THR,3,144.86,36.19
P16234,PDGFRA,SER,4,114.7,35.53
P16234,PDGFRA,CYS,13,135.34,32.59
P16234,PDGFRA,THR,16,136.67,40.31
P16234,PDGFRA,SER,19,103.23,29.89
P16234,PDGFRA,CYS,23,102.56,31.52
P16234,PDGFRA,SER,26,65.88,68.06
P16234,PDGFRA,SER,29,59.28,87.62
P16234,PDGFRA,LYS,37,66.71,90.12
P16234,PDGFRA,SER,43,38.12,92.0
P16234,PDGFRA,SER,44,78.1,91.0
P16234,PDGFRA,SER,46,45.89,91.12
P16234,PDGFRA,SER,53,40.01,81.62
P16234,PDGFRA,SER,56,30.96,86.25
P16234,PDGFRA,TYR,59,30.14,87.19
P16234,PDGFRA,SER,62,64.07,64.19
P16234,PDGFRA,SER,66,13.85,63.31
P16234,PDGFRA,SER,67,113.43,65.5
P16234,PDGFRA,SER,78,66.78,68.75
P16234,PDGFRA,THR,83,10.42,89.38
P16234,PDGFRA,SER,88,71.93,87.06
P16234,PDGFRA,SER,89,41.86,89.0
P16234,PDGFRA,SER,91,39.14,89.31
P16234,PDGFRA,THR,99,10.6,88.62
P16234,PDGFRA,TYR,101,21.26,87.5
P16234,PDGFRA,THR,105,30.75,67.69
P16234,PDGFRA,THR,107,101.82,47.56
P16234,PDGFRA,TYR,118,12.3,92.38
P16234,PDGFRA,THR,134,111.32,61.44
P16234,PDGFRA,TYR,136,42.72,78.69
P16234,PDGFRA,SER,145,79.4,80.5
P16234,PDGFRA,THR,157,12.75,88.31
P16234,PDGFRA,THR,160,61.05,93.31
P16234,PDGFRA,SER,164,104.76,83.88
P16234,PDGFRA,SER,171,81.85,89.62
P16234,PDGFRA,TYR,172,62.54,92.06
P16234,PDGFRA,SER,174,16.94,90.62
P16234,PDGFRA,THR,181,100.5,85.88
P16234,PDGFRA,THR,183,102.82,82.44
P16234,PDGFRA,THR,192,55.22,89.75
P16234,PDGFRA,LYS,194,181.64,83.44
P16234,PDGFRA,LYS,196,118.09,87.12
P16234,PDGFRA,LYS,197,138.74,89.88
P16234,PDGFRA,THR,200,18.21,89.31
P16234,PDGFRA,TYR,206,115.73,74.88
P16234,PDGFRA,LYS,209,163.77,51.81
P16234,PDGFRA,THR,211,58.53,51.78
P16234,PDGFRA,SER,212,91.3,57.69
P16234,PDGFRA,LYS,222,73.8,83.62
P16234,PDGFRA,THR,223,50.31,87.81
P16234,PDGFRA,LYS,226,53.14,88.12
P16234,PDGFRA,SER,227,51.48,88.38
P16234,PDGFRA,THR,230,61.99,90.88
P16234,PDGFRA,THR,234,35.86,90.69
P16234,PDGFRA,THR,248,68.55,88.88
P16234,PDGFRA,TYR,249,20.21,89.38
P16234,PDGFRA,LYS,254,168.36,68.31
P16234,PDGFRA,LYS,256,67.37,76.0
P16234,PDGFRA,THR,259,64.62,84.25
P16234,PDGFRA,LYS,265,121.2,58.75
P16234,PDGFRA,SER,268,49.33,61.19
P16234,PDGFRA,LYS,270,58.63,80.0
P16234,PDGFRA,TYR,273,34.51,89.19
P16234,PDGFRA,THR,274,19.26,88.12
P16234,PDGFRA,THR,276,35.93,89.75
P16234,PDGFRA,THR,281,59.05,89.75
P16234,PDGFRA,LYS,283,177.23,87.56
P16234,PDGFRA,SER,285,39.47,91.06
P16234,PDGFRA,THR,296,82.92,62.75
P16234,PDGFRA,LYS,300,109.87,79.25
P16234,PDGFRA,LYS,303,87.79,89.69
P16234,PDGFRA,LYS,304,128.49,91.56
P16234,PDGFRA,THR,306,85.94,91.69
P16234,PDGFRA,SER,308,38.37,90.88
P16234,PDGFRA,LYS,312,148.43,86.62
P16234,PDGFRA,LYS,318,108.37,92.88
P16234,PDGFRA,THR,320,98.81,88.69
P16234,PDGFRA,SER,322,58.68,88.81
P16234,PDGFRA,LYS,333,57.95,86.94
P16234,PDGFRA,TYR,342,11.43,88.56
P16234,PDGFRA,SER,348,49.78,90.19
P16234,PDGFRA,LYS,351,38.98,87.0
P16234,PDGFRA,THR,355,86.19,75.75
P16234,PDGFRA,THR,361,83.3,55.75
P16234,PDGFRA,THR,364,60.81,82.81
P16234,PDGFRA,THR,365,36.19,85.56
P16234,PDGFRA,LYS,369,119.49,88.62
P16234,PDGFRA,TYR,375,14.25,92.25
P16234,PDGFRA,LYS,378,55.91,91.56
P16234,PDGFRA,LYS,380,67.32,88.25
P16234,PDGFRA,LYS,385,75.88,80.44
P16234,PDGFRA,SER,389,37.76,85.62
P16234,PDGFRA,THR,393,16.03,92.69
P16234,PDGFRA,LYS,403,92.54,94.0
P16234,PDGFRA,SER,404,67.65,93.75
P16234,PDGFRA,TYR,405,50.84,94.31
P16234,PDGFRA,THR,406,58.52,94.0
P16234,PDGFRA,SER,416,47.36,87.5
P16234,PDGFRA,SER,427,121.68,51.75
P16234,PDGFRA,THR,428,138.62,52.56
P16234,PDGFRA,THR,432,21.47,82.62
P16234,PDGFRA,THR,436,15.48,89.5
P16234,PDGFRA,THR,440,42.13,81.69
P16234,PDGFRA,LYS,451,151.15,79.12
P16234,PDGFRA,LYS,454,198.18,72.75
P16234,PDGFRA,LYS,455,118.55,77.19
P16234,PDGFRA,CYS,456,13.09,75.25
P16234,PDGFRA,THR,460,129.23,76.88
P16234,PDGFRA,SER,461,29.43,75.5
P16234,PDGFRA,THR,463,81.61,82.0
P16234,PDGFRA,SER,470,115.53,50.91
P16234,PDGFRA,THR,474,29.89,61.25
P16234,PDGFRA,SER,478,88.1,70.12
P16234,PDGFRA,SER,482,20.84,74.81
P16234,PDGFRA,THR,483,20.53,82.38
P16234,PDGFRA,THR,489,45.87,80.44
P16234,PDGFRA,LYS,492,156.43,69.12
P16234,PDGFRA,THR,496,49.74,76.31
P16234,PDGFRA,LYS,504,68.12,89.0
P16234,PDGFRA,LYS,515,108.65,84.12
P16234,PDGFRA,THR,520,125.33,53.34
P16234,PDGFRA,SER,523,79.56,47.09
P16234,PDGFRA,THR,526,110.85,56.88
P16234,PDGFRA,SER,541,51.98,79.62
P16234,PDGFRA,LYS,550,184.31,58.91
P16234,PDGFRA,LYS,552,126.11,54.19
P16234,PDGFRA,TYR,555,15.22,53.38
P16234,PDGFRA,SER,564,51.07,58.59
P16234,PDGFRA,SER,566,21.12,49.47
P16234,PDGFRA,TYR,572,42.24,65.44
P16234,PDGFRA,TYR,574,54.48,71.81
P16234,PDGFRA,TYR,582,54.94,85.44
P16234,PDGFRA,SER,584,73.45,85.81
P16234,PDGFRA,SER,601,39.44,77.25
P16234,PDGFRA,LYS,606,66.21,86.75
P16234,PDGFRA,THR,611,22.55,92.94
P16234,PDGFRA,TYR,613,107.41,90.94
P16234,PDGFRA,SER,616,12.74,76.06
P16234,PDGFRA,SER,618,65.02,67.81
P16234,PDGFRA,LYS,623,75.08,90.75
P16234,PDGFRA,LYS,630,66.53,85.19
P16234,PDGFRA,THR,632,122.91,80.69
P16234,PDGFRA,SER,635,90.95,80.88
P16234,PDGFRA,SER,636,29.86,73.69
P16234,PDGFRA,LYS,638,106.13,84.12
P16234,PDGFRA,LYS,646,27.36,89.25
P16234,PDGFRA,THR,649,17.92,87.5
P16234,PDGFRA,THR,665,30.96,92.0
P16234,PDGFRA,LYS,666,131.99,88.0
P16234,PDGFRA,SER,667,111.95,78.56
P16234,PDGFRA,TYR,671,25.81,93.88
P16234,PDGFRA,TYR,676,27.51,91.38
P16234,PDGFRA,TYR,679,40.03,85.75
P16234,PDGFRA,TYR,685,27.35,90.38
P16234,PDGFRA,LYS,688,133.24,85.19
P16234,PDGFRA,SER,692,39.87,76.56
P16234,PDGFRA,SER,695,72.65,55.91
P16234,PDGFRA,LYS,700,177.01,30.7
P16234,PDGFRA,LYS,702,185.72,30.47
P16234,PDGFRA,LYS,703,206.79,33.88
P16234,PDGFRA,SER,716,100.27,31.62
P16234,PDGFRA,THR,717,134.97,35.5
P16234,PDGFRA,SER,719,91.24,26.19
P16234,PDGFRA,TYR,720,206.28,28.48
P16234,PDGFRA,SER,724,109.52,25.95
P16234,PDGFRA,TYR,731,91.74,32.72
P16234,PDGFRA,LYS,735,150.27,26.66
P16234,PDGFRA,THR,739,141.13,31.23
P16234,PDGFRA,THR,740,117.6,29.7
P16234,PDGFRA,TYR,742,116.18,33.19
P16234,PDGFRA,LYS,749,199.09,32.84
P16234,PDGFRA,SER,752,72.87,30.06
P16234,PDGFRA,LYS,753,209.2,30.67
P16234,PDGFRA,TYR,754,192.42,30.28
P16234,PDGFRA,SER,755,89.73,28.67
P16234,PDGFRA,SER,760,35.65,40.53
P16234,PDGFRA,TYR,762,35.64,45.16
P16234,PDGFRA,SER,767,115.19,29.94
P16234,PDGFRA,TYR,768,206.77,33.0
P16234,PDGFRA,LYS,769,204.39,31.12
P16234,PDGFRA,LYS,770,148.34,30.11
P16234,PDGFRA,LYS,771,200.3,30.86
P16234,PDGFRA,SER,772,98.16,35.62
P16234,PDGFRA,SER,776,61.85,47.72
P16234,PDGFRA,LYS,779,109.77,46.94
P16234,PDGFRA,SER,783,69.75,51.34
P16234,PDGFRA,SER,787,64.91,55.5
P16234,PDGFRA,THR,791,37.03,88.19
P16234,PDGFRA,SER,811,85.02,92.12
P16234,PDGFRA,LYS,812,74.51,88.06
P16234,PDGFRA,LYS,830,19.64,86.88
P16234,PDGFRA,SER,847,97.73,69.88
P16234,PDGFRA,TYR,849,14.87,68.62
P16234,PDGFRA,SER,851,77.89,66.94
P16234,PDGFRA,LYS,852,98.3,64.06
P16234,PDGFRA,SER,854,102.26,55.59
P16234,PDGFRA,THR,855,70.63,64.06
P16234,PDGFRA,LYS,860,22.92,93.88
P16234,PDGFRA,TYR,872,13.94,86.75
P16234,PDGFRA,THR,874,33.36,92.06
P16234,PDGFRA,SER,890,18.43,94.5
P16234,PDGFRA,THR,894,65.25,91.69
P16234,PDGFRA,SER,903,80.91,87.25
P16234,PDGFRA,THR,904,73.1,90.44
P16234,PDGFRA,TYR,906,53.02,90.62
P16234,PDGFRA,LYS,908,79.9,93.06
P16234,PDGFRA,LYS,910,151.03,89.81
P16234,PDGFRA,SER,911,94.32,91.69
P16234,PDGFRA,TYR,913,93.4,94.56
P16234,PDGFRA,LYS,917,92.84,96.62
P16234,PDGFRA,THR,922,31.12,94.0
P16234,PDGFRA,SER,923,79.36,94.5
P16234,PDGFRA,TYR,926,56.85,97.75
P16234,PDGFRA,LYS,931,83.17,97.25
P16234,PDGFRA,SER,935,69.29,93.88
P16234,PDGFRA,LYS,939,122.78,95.69
P16234,PDGFRA,SER,942,57.81,96.69
P16234,PDGFRA,TYR,944,129.57,95.5
P16234,PDGFRA,LYS,959,70.13,84.75
P16234,PDGFRA,LYS,960,133.29,84.19
P16234,PDGFRA,SER,961,22.08,83.44
P16234,PDGFRA,LYS,964,113.54,87.19
P16234,PDGFRA,LYS,971,139.35,83.5
P16234,PDGFRA,SER,972,29.07,80.56
P16234,PDGFRA,SER,984,83.47,37.56
P16234,PDGFRA,TYR,988,192.49,30.23
P16234,PDGFRA,THR,992,124.46,24.75
P16234,PDGFRA,TYR,993,210.19,30.77
P16234,PDGFRA,LYS,994,181.95,31.34
P16234,PDGFRA,LYS,999,213.66,37.12
P16234,PDGFRA,LYS,1001,170.18,32.41
P16234,PDGFRA,SER,1013,97.74,31.42
P16234,PDGFRA,SER,1016,109.04,35.34
P16234,PDGFRA,TYR,1018,202.44,31.92
P16234,PDGFRA,LYS,1036,192.12,33.69
P16234,PDGFRA,SER,1041,105.37,32.25
P16234,PDGFRA,SER,1042,99.49,34.09
P16234,PDGFRA,THR,1044,119.47,32.19
P16234,PDGFRA,SER,1045,85.94,33.44
P16234,PDGFRA,SER,1048,93.25,34.84
P16234,PDGFRA,THR,1052,127.55,34.41
P16234,PDGFRA,SER,1054,106.79,35.16
P16234,PDGFRA,SER,1055,113.52,34.19
P16234,PDGFRA,SER,1056,103.81,35.84
P16234,PDGFRA,SER,1057,101.28,35.31
P16234,PDGFRA,THR,1058,109.15,34.56
P16234,PDGFRA,LYS,1061,153.76,33.06
P16234,PDGFRA,THR,1066,121.3,34.28
P16234,PDGFRA,SER,1080,101.37,29.22
P16234,PDGFRA,SER,1081,97.24,28.42
P16234,PDGFRA,SER,1087,105.77,30.44
P16422,EPCAM,THR,17,115.72,54.78
P16422,EPCAM,THR,19,120.77,51.81
P16422,EPCAM,CYS,27,28.0,96.5
P16422,EPCAM,LYS,33,92.38,96.44
P16422,EPCAM,CYS,38,24.67,97.56
P16422,EPCAM,CYS,46,22.5,97.25
P16422,EPCAM,THR,49,32.49,97.44
P16422,EPCAM,THR,56,78.87,96.31
P16422,EPCAM,SER,60,54.13,92.69
P16422,EPCAM,LYS,61,73.56,92.12
P16422,EPCAM,LYS,65,14.99,96.81
P16422,EPCAM,LYS,70,43.94,94.25
P16422,EPCAM,SER,76,49.28,67.5
P16422,EPCAM,LYS,77,101.72,63.22
P16422,EPCAM,LYS,83,107.96,65.56
P16422,EPCAM,TYR,95,11.33,86.69
P16422,EPCAM,CYS,99,18.39,96.44
P16422,EPCAM,SER,102,87.7,93.38
P16422,EPCAM,LYS,106,88.31,96.94
P16422,EPCAM,LYS,108,77.66,96.06
P16422,EPCAM,CYS,110,52.82,92.25
P16422,EPCAM,THR,113,72.82,77.56
P16422,EPCAM,SER,114,70.12,83.06
P16422,EPCAM,THR,121,11.11,96.0
P16422,EPCAM,LYS,129,64.74,90.88
P16422,EPCAM,THR,131,70.23,89.69
P16422,EPCAM,THR,134,116.08,93.69
P16422,EPCAM,CYS,135,22.11,95.75
P16422,EPCAM,SER,136,107.87,90.88
P16422,EPCAM,TYR,142,59.15,97.19
P16422,EPCAM,LYS,149,74.27,95.69
P16422,EPCAM,LYS,151,114.51,88.31
P16422,EPCAM,LYS,155,159.74,91.69
P16422,EPCAM,TYR,157,14.3,94.62
P16422,EPCAM,SER,159,38.8,95.12
P16422,EPCAM,LYS,160,161.1,97.06
P16422,EPCAM,SER,161,27.98,96.81
P16422,EPCAM,THR,164,83.32,97.44
P16422,EPCAM,LYS,168,136.97,97.19
P16422,EPCAM,THR,171,30.28,97.38
P16422,EPCAM,THR,172,85.92,95.75
P16422,EPCAM,LYS,179,113.75,96.56
P16422,EPCAM,THR,182,81.26,98.0
P16422,EPCAM,SER,183,32.66,98.19
P16422,EPCAM,TYR,186,29.15,97.25
P16422,EPCAM,THR,192,28.08,98.44
P16422,EPCAM,SER,199,67.34,87.5
P16422,EPCAM,SER,200,108.92,86.0
P16422,EPCAM,LYS,202,68.67,83.88
P16422,EPCAM,THR,203,76.03,86.81
P16422,EPCAM,TYR,214,15.49,97.38
P16422,EPCAM,LYS,218,25.31,95.0
P16422,EPCAM,LYS,221,91.62,92.75
P16422,EPCAM,SER,224,31.05,95.69
P16422,EPCAM,SER,228,73.53,90.94
P16422,EPCAM,LYS,229,84.96,87.0
P16422,EPCAM,LYS,230,180.53,88.38
P16422,EPCAM,THR,234,58.0,93.81
P16422,EPCAM,THR,247,16.86,93.25
P16422,EPCAM,TYR,250,100.38,97.62
P16422,EPCAM,TYR,251,53.99,96.38
P16422,EPCAM,LYS,255,103.74,93.5
P16422,EPCAM,SER,260,56.1,78.94
P16422,EPCAM,LYS,265,163.16,63.0
P16422,EPCAM,SER,289,48.41,89.81
P16422,EPCAM,LYS,291,157.82,86.81
P16422,EPCAM,LYS,292,141.18,85.31
P16422,EPCAM,LYS,296,157.76,74.75
P16422,EPCAM,TYR,297,147.26,76.0
P16422,EPCAM,LYS,299,151.82,71.25
P16422,EPCAM,LYS,303,132.6,78.44
P16591,FER,SER,5,77.05,92.88
P16591,FER,LYS,8,67.97,89.56
P16591,FER,SER,10,34.95,92.75
P16591,FER,LYS,16,126.07,97.06
P16591,FER,THR,27,84.45,98.06
P16591,FER,LYS,29,59.92,98.31
P16591,FER,LYS,30,136.92,97.88
P16591,FER,LYS,37,118.36,97.5
P16591,FER,SER,38,59.62,97.44
P16591,FER,LYS,40,92.27,97.38
P16591,FER,TYR,42,103.16,97.5
P16591,FER,SER,44,58.14,96.0
P16591,FER,THR,45,87.04,96.62
P16591,FER,LYS,55,92.44,65.06
P16591,FER,SER,57,60.04,54.44
P16591,FER,THR,58,36.37,52.97
P16591,FER,TYR,63,52.98,76.69
P16591,FER,SER,65,17.72,86.19
P16591,FER,SER,68,24.99,87.81
P16591,FER,LYS,69,138.51,88.81
P16591,FER,THR,78,24.38,95.81
P16591,FER,LYS,86,114.84,97.44
P16591,FER,THR,87,67.06,97.5
P16591,FER,SER,94,79.06,96.94
P16591,FER,THR,101,37.58,98.06
P16591,FER,LYS,105,133.27,97.94
P16591,FER,LYS,111,39.58,97.56
P16591,FER,LYS,112,148.12,97.69
P16591,FER,SER,113,59.41,97.31
P16591,FER,LYS,127,91.67,96.62
P16591,FER,THR,129,24.07,95.81
P16591,FER,LYS,130,130.96,94.62
P16591,FER,THR,131,61.97,95.62
P16591,FER,LYS,135,137.65,96.0
P16591,FER,LYS,137,69.31,96.44
P16591,FER,CYS,138,67.56,96.44
P16591,FER,SER,139,49.91,96.38
P16591,FER,TYR,140,46.47,96.44
P16591,FER,LYS,145,151.97,95.25
P16591,FER,SER,149,54.66,94.44
P16591,FER,LYS,151,80.77,93.69
P16591,FER,LYS,153,127.52,91.62
P16591,FER,TYR,154,53.77,91.25
P16591,FER,LYS,155,102.32,90.5
P16591,FER,LYS,160,153.37,87.31
P16591,FER,LYS,162,162.09,76.19
P16591,FER,THR,164,47.85,83.25
P16591,FER,LYS,166,124.82,89.12
P16591,FER,LYS,168,85.13,91.44
P16591,FER,TYR,171,48.72,94.88
P16591,FER,LYS,173,126.04,95.06
P16591,FER,THR,175,29.38,95.56
P16591,FER,LYS,177,96.79,96.75
P16591,FER,TYR,185,42.01,97.25
P16591,FER,LYS,190,139.06,96.75
P16591,FER,TYR,199,14.82,96.06
P16591,FER,TYR,200,86.29,94.88
P16591,FER,THR,203,53.07,96.62
P16591,FER,SER,210,59.02,96.81
P16591,FER,LYS,213,141.34,97.25
P16591,FER,LYS,220,145.24,97.88
P16591,FER,LYS,223,134.09,98.44
P16591,FER,TYR,229,36.41,98.19
P16591,FER,SER,230,68.95,97.06
P16591,FER,THR,233,11.09,96.31
P16591,FER,SER,234,30.89,96.75
P16591,FER,THR,237,33.85,95.12
P16591,FER,LYS,245,114.44,97.31
P16591,FER,SER,257,91.52,94.0
P16591,FER,THR,258,49.1,93.19
P16591,FER,TYR,260,145.73,92.31
P16591,FER,THR,269,121.96,87.31
P16591,FER,THR,270,140.05,82.06
P16591,FER,LYS,273,210.0,74.56
P16591,FER,THR,281,89.52,84.06
P16591,FER,SER,282,62.15,84.19
P16591,FER,THR,301,39.12,88.38
P16591,FER,SER,304,63.71,88.88
P16591,FER,LYS,310,136.9,92.62
P16591,FER,THR,311,64.17,93.81
P16591,FER,LYS,326,81.28,96.25
P16591,FER,LYS,335,117.92,95.56
P16591,FER,SER,340,27.5,88.81
P16591,FER,SER,341,53.6,88.75
P16591,FER,THR,343,110.57,84.94
P16591,FER,CYS,344,38.51,84.5
P16591,FER,LYS,346,137.95,84.19
P16591,FER,LYS,347,197.73,83.56
P16591,FER,SER,348,76.6,86.19
P16591,FER,SER,355,86.26,89.94
P16591,FER,LYS,357,89.32,94.25
P16591,FER,LYS,364,76.71,97.56
P16591,FER,SER,366,33.52,95.5
P16591,FER,CYS,372,78.68,96.44
P16591,FER,THR,373,43.25,95.75
P16591,FER,LYS,376,102.56,95.81
P16591,FER,SER,378,42.95,96.12
P16591,FER,LYS,381,46.86,94.31
P16591,FER,LYS,387,46.13,89.38
P16591,FER,LYS,394,132.47,79.5
P16591,FER,TYR,402,186.47,46.59
P16591,FER,SER,408,99.97,30.2
P16591,FER,THR,410,117.46,27.52
P16591,FER,SER,411,100.49,26.52
P16591,FER,LYS,415,187.88,25.12
P16591,FER,SER,419,100.56,28.58
P16591,FER,LYS,420,201.64,26.09
P16591,FER,SER,423,105.29,24.23
P16591,FER,SER,427,106.55,23.61
P16591,FER,SER,434,103.29,26.58
P16591,FER,LYS,436,197.02,24.27
P16591,FER,SER,437,112.36,24.33
P16591,FER,SER,441,110.48,24.14
P16591,FER,SER,442,90.65,24.27
P16591,FER,SER,445,96.77,24.78
P16591,FER,SER,449,71.88,41.28
P16591,FER,SER,451,29.06,57.06
P16591,FER,LYS,453,85.82,81.31
P16591,FER,TYR,461,12.24,94.69
P16591,FER,LYS,475,155.25,93.0
P16591,FER,LYS,476,148.43,94.0
P16591,FER,SER,485,20.9,84.56
P16591,FER,LYS,488,131.98,73.0
P16591,FER,TYR,492,47.03,94.69
P16591,FER,TYR,497,39.66,96.94
P16591,FER,TYR,509,124.98,92.69
P16591,FER,TYR,514,47.2,94.56
P16591,FER,THR,519,85.36,87.12
P16591,FER,SER,522,70.67,92.81
P16591,FER,TYR,532,71.38,94.75
P16591,FER,THR,533,87.89,94.38
P16591,FER,THR,534,78.2,93.94
P16591,FER,LYS,535,89.87,93.56
P16591,FER,THR,539,25.34,90.06
P16591,FER,LYS,540,189.95,86.12
P16591,FER,LYS,541,201.79,87.5
P16591,FER,SER,542,22.39,88.69
P16591,FER,LYS,552,30.23,89.12
P16591,FER,LYS,554,142.52,83.5
P16591,FER,LYS,555,155.08,87.0
P16591,FER,SER,559,41.17,89.81
P16591,FER,LYS,571,162.42,84.62
P16591,FER,TYR,578,53.91,95.31
P16591,FER,LYS,579,73.47,96.12
P16591,FER,THR,581,42.3,97.06
P16591,FER,LYS,583,136.83,89.62
P16591,FER,LYS,585,153.23,92.5
P16591,FER,THR,586,58.97,94.75
P16591,FER,SER,587,55.22,95.88
P16591,FER,LYS,591,10.46,93.69
P16591,FER,LYS,594,92.16,80.0
P16591,FER,LYS,602,21.72,76.31
P16591,FER,LYS,604,83.36,76.25
P16591,FER,LYS,610,74.2,87.44
P16591,FER,LYS,613,68.1,91.31
P16591,FER,TYR,615,13.58,93.62
P16591,FER,LYS,622,107.61,95.44
P16591,FER,TYR,634,19.16,93.31
P16591,FER,SER,641,83.41,91.06
P16591,FER,THR,647,68.5,95.62
P16591,FER,LYS,652,65.97,94.25
P16591,FER,LYS,653,109.18,92.75
P16591,FER,LYS,657,152.12,93.75
P16591,FER,LYS,659,87.9,93.88
P16591,FER,LYS,663,56.23,96.62
P16591,FER,TYR,674,39.74,98.25
P16591,FER,SER,677,79.66,95.94
P16591,FER,LYS,678,77.87,94.88
P16591,FER,LYS,699,35.84,98.44
P16591,FER,SER,701,12.75,94.06
P16591,FER,TYR,714,50.38,77.56
P16591,FER,SER,715,87.09,77.06
P16591,FER,SER,716,29.24,74.44
P16591,FER,SER,717,129.3,58.56
P16591,FER,LYS,720,200.01,59.12
P16591,FER,LYS,725,23.27,96.31
P16591,FER,TYR,734,164.3,87.81
P16591,FER,SER,739,21.0,97.25
P16591,FER,SER,755,17.68,96.38
P16591,FER,CYS,759,63.02,94.69
P16591,FER,THR,765,83.28,93.19
P16591,FER,TYR,777,80.82,96.06
P16591,FER,SER,780,88.4,93.44
P16591,FER,CYS,785,19.69,93.06
P16591,FER,SER,790,26.17,96.56
P16591,FER,LYS,791,107.32,96.81
P16591,FER,LYS,795,94.47,97.88
P16591,FER,TYR,799,100.01,97.38
P16591,FER,LYS,800,116.87,97.31
P16591,FER,LYS,806,129.92,98.12
P16591,FER,SER,808,37.53,98.0
P16591,FER,LYS,812,135.35,97.38
P16591,FER,THR,815,39.38,96.69
P16591,FER,LYS,818,58.49,93.38
P16591,FER,LYS,820,138.49,91.38
P16591,FER,THR,822,129.14,71.94
P16870,CPE,SER,7,120.53,39.41
P16870,CPE,CYS,13,128.08,37.44
P16870,CPE,CYS,19,132.74,41.81
P16870,CPE,SER,50,36.39,87.81
P16870,CPE,TYR,53,27.36,96.12
P16870,CPE,TYR,56,26.76,98.44
P16870,CPE,SER,65,62.28,96.81
P16870,CPE,THR,71,77.85,97.5
P16870,CPE,TYR,77,40.35,98.56
P16870,CPE,THR,78,63.08,98.38
P16870,CPE,TYR,130,33.27,97.75
P16870,CPE,TYR,135,52.37,98.0
P16870,CPE,LYS,137,121.23,97.19
P16870,CPE,THR,141,66.73,96.38
P16870,CPE,SER,148,43.11,98.25
P16870,CPE,LYS,164,113.57,95.56
P16870,CPE,SER,167,70.01,92.31
P16870,CPE,LYS,173,39.07,75.19
P16870,CPE,SER,180,32.8,97.38
P16870,CPE,LYS,203,156.27,94.06
P16870,CPE,LYS,213,168.09,83.31
P16870,CPE,LYS,216,68.25,88.06
P16870,CPE,LYS,217,129.87,91.0
P16870,CPE,THR,223,133.48,92.0
P16870,CPE,LYS,224,165.03,94.56
P16870,CPE,LYS,230,43.17,97.88
P16870,CPE,TYR,256,10.15,98.81
P16870,CPE,SER,263,84.47,95.44
P16870,CPE,SER,265,43.78,96.19
P16870,CPE,TYR,269,106.93,97.88
P16870,CPE,SER,271,43.8,97.81
P16870,CPE,SER,280,25.82,98.19
P16870,CPE,SER,287,73.03,98.0
P16870,CPE,SER,293,39.59,95.69
P16870,CPE,CYS,300,29.53,93.06
P16870,CPE,LYS,302,208.88,86.5
P16870,CPE,SER,307,102.21,90.81
P16870,CPE,SER,308,27.43,93.25
P16870,CPE,TYR,320,84.66,96.12
P16870,CPE,SER,321,31.3,97.38
P16870,CPE,CYS,345,48.57,94.06
P16870,CPE,LYS,347,24.34,95.06
P16870,CPE,THR,353,42.26,95.62
P16870,CPE,LYS,355,65.45,96.88
P16870,CPE,THR,356,76.24,97.19
P16870,CPE,TYR,357,45.13,98.0
P16870,CPE,LYS,362,58.42,98.06
P16870,CPE,LYS,377,75.1,98.62
P16870,CPE,THR,392,41.19,98.62
P16870,CPE,SER,394,34.87,98.69
P16870,CPE,THR,403,24.04,98.44
P16870,CPE,LYS,406,163.4,97.06
P16870,CPE,TYR,419,35.02,98.56
P16870,CPE,LYS,420,75.66,98.62
P16870,CPE,THR,422,34.64,98.75
P16870,CPE,SER,424,37.45,98.44
P16870,CPE,TYR,428,51.54,98.0
P16870,CPE,THR,432,79.56,98.56
P16870,CPE,LYS,433,81.01,98.62
P16870,CPE,LYS,434,169.07,98.5
P16870,CPE,TYR,439,130.28,93.0
P16870,CPE,SER,440,57.89,91.25
P16870,CPE,SER,451,15.29,95.88
P16870,CPE,SER,453,73.13,91.44
P16870,CPE,LYS,456,137.96,91.12
P16870,CPE,LYS,460,124.97,92.5
P16870,CPE,LYS,468,130.05,91.25
P16870,CPE,SER,471,52.72,87.56
P16870,CPE,THR,473,95.38,83.19
P17252,PRKCA,SER,10,116.52,38.34
P17252,PRKCA,THR,11,131.7,37.06
P17252,PRKCA,SER,13,117.71,38.38
P17252,PRKCA,LYS,23,199.29,47.22
P17252,PRKCA,LYS,29,116.8,71.81
P17252,PRKCA,LYS,35,92.0,87.5
P17252,PRKCA,LYS,38,89.88,94.44
P17252,PRKCA,LYS,45,192.08,87.88
P17252,PRKCA,THR,54,61.97,91.25
P17252,PRKCA,LYS,62,96.47,80.88
P17252,PRKCA,CYS,71,52.57,93.81
P17252,PRKCA,LYS,76,95.91,93.31
P17252,PRKCA,THR,83,72.1,84.44
P17252,PRKCA,SER,85,61.8,86.44
P17252,PRKCA,LYS,91,164.88,57.44
P17252,PRKCA,THR,95,43.37,50.53
P17252,PRKCA,SER,100,11.59,70.31
P17252,PRKCA,LYS,101,88.96,80.56
P17252,PRKCA,LYS,103,141.62,87.0
P17252,PRKCA,LYS,105,127.47,92.12
P17252,PRKCA,THR,108,63.32,93.25
P17252,PRKCA,TYR,109,26.82,90.56
P17252,PRKCA,SER,111,73.59,89.5
P17252,PRKCA,THR,113,26.83,93.56
P17252,PRKCA,CYS,118,14.26,94.44
P17252,PRKCA,SER,120,16.01,94.62
P17252,PRKCA,TYR,123,130.84,90.25
P17252,PRKCA,LYS,131,51.36,94.0
P17252,PRKCA,THR,134,53.67,76.75
P17252,PRKCA,CYS,135,34.75,79.38
P17252,PRKCA,LYS,141,156.49,94.5
P17252,PRKCA,SER,149,31.06,83.19
P17252,PRKCA,CYS,151,14.93,80.81
P17252,PRKCA,THR,156,25.01,88.0
P17252,PRKCA,LYS,158,111.6,92.56
P17252,PRKCA,TYR,163,37.71,98.44
P17252,PRKCA,LYS,165,81.09,98.31
P17252,PRKCA,LYS,172,84.65,97.31
P17252,PRKCA,THR,176,43.31,98.56
P17252,PRKCA,LYS,181,79.29,97.31
P17252,PRKCA,LYS,197,42.29,98.31
P17252,PRKCA,LYS,199,48.71,97.62
P17252,PRKCA,LYS,205,157.42,91.0
P17252,PRKCA,SER,208,20.43,95.5
P17252,PRKCA,LYS,209,98.4,97.31
P17252,PRKCA,LYS,211,132.7,98.0
P17252,PRKCA,LYS,213,156.01,98.19
P17252,PRKCA,THR,214,53.14,98.06
P17252,PRKCA,SER,217,56.42,96.38
P17252,PRKCA,THR,218,25.69,97.56
P17252,PRKCA,SER,226,84.52,98.44
P17252,PRKCA,THR,228,61.78,98.06
P17252,PRKCA,LYS,230,170.61,96.12
P17252,PRKCA,LYS,232,140.18,93.25
P17252,PRKCA,SER,234,74.75,88.19
P17252,PRKCA,LYS,236,99.17,90.5
P17252,PRKCA,THR,250,130.27,86.81
P17252,PRKCA,THR,251,93.52,89.38
P17252,PRKCA,SER,264,32.89,91.81
P17252,PRKCA,LYS,268,145.84,91.31
P17252,PRKCA,SER,272,69.37,96.75
P17252,PRKCA,TYR,275,13.74,97.31
P17252,PRKCA,LYS,276,18.52,95.81
P17252,PRKCA,TYR,285,43.09,94.44
P17252,PRKCA,TYR,286,31.91,95.25
P17252,PRKCA,LYS,304,126.23,52.09
P17252,PRKCA,LYS,307,161.42,48.34
P17252,PRKCA,LYS,309,125.17,42.94
P17252,PRKCA,LYS,316,180.19,29.92
P17252,PRKCA,SER,319,77.48,30.48
P17252,PRKCA,SER,321,106.22,33.84
P17252,PRKCA,LYS,325,185.06,29.59
P17252,PRKCA,SER,328,113.54,35.34
P17252,PRKCA,LYS,335,123.71,88.0
P17252,PRKCA,THR,337,93.22,88.69
P17252,PRKCA,LYS,347,147.21,84.31
P17252,PRKCA,SER,349,91.34,74.25
P17252,PRKCA,LYS,352,49.07,91.94
P17252,PRKCA,LYS,359,104.16,91.25
P17252,PRKCA,THR,361,56.97,89.56
P17252,PRKCA,LYS,368,32.39,95.5
P17252,PRKCA,LYS,371,48.47,92.56
P17252,PRKCA,CYS,383,52.65,92.81
P17252,PRKCA,LYS,388,26.86,96.06
P17252,PRKCA,LYS,396,23.82,94.19
P17252,PRKCA,THR,409,45.13,91.44
P17252,PRKCA,TYR,419,18.73,93.75
P17252,PRKCA,TYR,427,76.85,92.44
P17252,PRKCA,LYS,434,92.82,95.88
P17252,PRKCA,LYS,436,92.78,95.69
P17252,PRKCA,LYS,456,164.16,95.88
P17252,PRKCA,LYS,465,38.4,97.25
P17252,PRKCA,SER,473,37.0,89.75
P17252,PRKCA,LYS,478,10.37,97.75
P17252,PRKCA,LYS,486,81.71,97.44
P17252,PRKCA,THR,494,78.16,97.12
P17252,PRKCA,THR,495,18.36,96.94
P17252,PRKCA,THR,497,69.86,95.62
P17252,PRKCA,CYS,499,18.35,93.56
P17252,PRKCA,THR,501,31.29,94.81
P17252,PRKCA,TYR,504,14.35,98.12
P17252,PRKCA,TYR,512,145.53,96.62
P17252,PRKCA,LYS,517,58.96,96.31
P17252,PRKCA,SER,518,11.66,97.0
P17252,PRKCA,TYR,529,14.66,98.62
P17252,PRKCA,SER,556,88.06,94.81
P17252,PRKCA,TYR,557,45.09,95.19
P17252,PRKCA,LYS,559,215.63,90.94
P17252,PRKCA,SER,560,82.6,91.12
P17252,PRKCA,SER,562,32.98,92.38
P17252,PRKCA,LYS,563,142.61,89.06
P17252,PRKCA,SER,567,30.28,94.06
P17252,PRKCA,LYS,570,114.17,96.06
P17252,PRKCA,THR,574,37.1,96.94
P17252,PRKCA,LYS,575,70.76,95.69
P17252,PRKCA,LYS,579,160.71,93.5
P17252,PRKCA,CYS,583,31.45,93.62
P17252,PRKCA,LYS,604,78.26,93.38
P17252,PRKCA,LYS,615,74.5,87.88
P17252,PRKCA,LYS,617,183.57,80.88
P17252,PRKCA,LYS,621,121.6,75.62
P17252,PRKCA,LYS,628,139.27,80.88
P17252,PRKCA,THR,631,32.38,79.38
P17252,PRKCA,THR,638,62.89,80.19
P17252,PRKCA,SER,651,70.83,87.94
P17252,PRKCA,SER,657,46.85,92.88
P17252,PRKCA,TYR,658,46.22,93.38
P17252,PRKCA,SER,670,66.54,56.59
P17861,XBP1,THR,14,127.9,53.78
P17861,XBP1,LYS,16,186.48,57.47
P17861,XBP1,SER,21,112.94,44.62
P17861,XBP1,SER,26,118.0,39.44
P17861,XBP1,SER,47,110.26,40.81
P17861,XBP1,SER,52,115.98,39.94
P17861,XBP1,LYS,60,196.17,57.19
P17861,XBP1,THR,65,105.76,69.25
P17861,XBP1,SER,68,49.82,79.81
P17861,XBP1,LYS,72,144.92,89.12
P17861,XBP1,LYS,77,148.62,95.38
P17861,XBP1,LYS,79,154.34,95.5
P17861,XBP1,THR,86,18.06,94.81
P17861,XBP1,LYS,91,145.96,97.19
P17861,XBP1,LYS,92,109.07,96.5
P17861,XBP1,SER,96,52.56,95.88
P17861,XBP1,LYS,111,129.26,98.25
P17861,XBP1,LYS,122,115.32,97.81
P17861,XBP1,THR,123,79.39,97.44
P17861,XBP1,LYS,151,157.57,48.34
P17861,XBP1,SER,161,104.25,41.88
P17861,XBP1,SER,164,115.61,41.66
P17861,XBP1,SER,181,97.25,47.44
P17861,XBP1,SER,187,48.24,76.75
P17861,XBP1,THR,195,72.85,89.88
P17861,XBP1,SER,200,64.8,93.75
P17861,XBP1,SER,203,65.82,92.44
P17861,XBP1,CYS,204,64.6,91.69
P17861,XBP1,THR,209,85.12,85.94
P17861,XBP1,THR,210,88.14,82.5
P17861,XBP1,THR,212,76.97,80.19
P17861,XBP1,SER,214,59.78,76.69
P17861,XBP1,CYS,215,73.12,64.62
P17861,XBP1,SER,216,73.01,62.75
P17861,XBP1,SER,217,78.37,55.44
P17861,XBP1,SER,223,101.09,47.5
P17861,XBP1,SER,229,110.57,41.41
P17861,XBP1,SER,230,98.89,44.91
P17861,XBP1,SER,233,108.11,44.25
P17861,XBP1,THR,234,107.76,55.91
P17861,XBP1,LYS,236,178.62,59.16
P17861,XBP1,TYR,241,185.05,71.12
P17861,XBP1,CYS,247,110.53,62.69
P17861,XBP1,SER,255,15.87,81.62
P17861,XBP1,LYS,257,130.96,75.88
P19474,TRIM21,SER,3,81.78,59.03
P19474,TRIM21,THR,15,36.59,89.75
P19474,TRIM21,CYS,19,47.5,90.62
P19474,TRIM21,SER,28,18.8,94.75
P19474,TRIM21,CYS,31,33.96,93.31
P19474,TRIM21,SER,34,16.47,95.31
P19474,TRIM21,CYS,39,20.6,94.81
P19474,TRIM21,SER,41,35.08,91.88
P19474,TRIM21,LYS,45,157.17,83.75
P19474,TRIM21,SER,49,37.43,91.25
P19474,TRIM21,CYS,54,51.35,94.31
P19474,TRIM21,LYS,61,167.85,88.88
P19474,TRIM21,LYS,77,73.77,79.62
P19474,TRIM21,THR,87,116.73,47.56
P19474,TRIM21,CYS,92,10.84,87.06
P19474,TRIM21,LYS,105,153.12,92.12
P19474,TRIM21,LYS,108,111.01,91.62
P19474,TRIM21,CYS,114,17.3,89.31
P19474,TRIM21,SER,117,25.98,85.75
P19474,TRIM21,LYS,119,90.81,84.06
P19474,TRIM21,TYR,135,78.89,94.12
P19474,TRIM21,LYS,138,107.23,96.12
P19474,TRIM21,LYS,149,132.4,98.12
P19474,TRIM21,LYS,155,136.99,98.12
P19474,TRIM21,LYS,163,125.13,98.56
P19474,TRIM21,LYS,168,157.26,98.5
P19474,TRIM21,LYS,169,151.37,98.44
P19474,TRIM21,THR,170,67.29,98.62
P19474,TRIM21,THR,173,82.07,98.44
P19474,TRIM21,LYS,175,120.13,98.62
P19474,TRIM21,SER,176,62.62,98.5
P19474,TRIM21,LYS,186,131.98,95.88
P19474,TRIM21,LYS,202,128.22,92.94
P19474,TRIM21,LYS,214,48.23,90.19
P19474,TRIM21,LYS,217,116.92,91.69
P19474,TRIM21,SER,222,62.66,92.81
P19474,TRIM21,SER,230,56.81,95.25
P19474,TRIM21,CYS,236,94.19,91.44
P19474,TRIM21,SER,238,30.38,93.75
P19474,TRIM21,SER,239,64.18,95.19
P19474,TRIM21,SER,254,31.96,92.19
P19474,TRIM21,SER,256,78.59,91.38
P19474,TRIM21,LYS,260,153.92,80.06
P19474,TRIM21,THR,265,85.82,72.62
P19474,TRIM21,SER,266,92.14,68.5
P19474,TRIM21,SER,271,21.8,75.69
P19474,TRIM21,CYS,273,86.76,85.25
P19474,TRIM21,LYS,279,61.09,90.31
P19474,TRIM21,LYS,280,165.18,91.5
P19474,TRIM21,THR,284,111.15,94.94
P19474,TRIM21,CYS,285,25.55,96.12
P19474,TRIM21,THR,290,28.59,98.31
P19474,TRIM21,SER,303,33.2,97.62
P19474,TRIM21,THR,314,100.84,92.31
P19474,TRIM21,SER,317,123.52,90.69
P19474,TRIM21,SER,327,41.79,92.44
P19474,TRIM21,TYR,328,55.16,94.0
P19474,TRIM21,SER,339,64.25,97.44
P19474,TRIM21,LYS,341,113.14,98.12
P19474,TRIM21,THR,349,74.97,96.69
P19474,TRIM21,LYS,351,15.88,95.88
P19474,TRIM21,SER,362,99.71,95.88
P19474,TRIM21,LYS,366,78.09,95.31
P19474,TRIM21,SER,372,10.11,94.12
P19474,TRIM21,SER,373,50.01,91.31
P19474,TRIM21,LYS,374,175.08,90.5
P19474,TRIM21,SER,375,41.72,93.31
P19474,TRIM21,LYS,385,122.13,90.94
P19474,TRIM21,LYS,387,113.22,95.0
P19474,TRIM21,TYR,388,16.54,97.38
P19474,TRIM21,THR,392,30.1,93.81
P19474,TRIM21,TYR,393,161.0,88.56
P19474,TRIM21,THR,396,49.06,94.81
P19474,TRIM21,CYS,405,55.57,97.56
P19474,TRIM21,TYR,413,44.05,98.19
P19474,TRIM21,TYR,421,16.52,97.0
P19474,TRIM21,THR,424,61.3,94.12
P19474,TRIM21,TYR,431,47.17,96.44
P19474,TRIM21,SER,432,35.87,97.25
P19474,TRIM21,SER,434,81.01,95.25
P19474,TRIM21,CYS,436,16.82,93.19
P19474,TRIM21,THR,439,80.07,90.81
P19474,TRIM21,LYS,455,133.96,89.5
P19474,TRIM21,THR,457,74.53,94.19
P19474,TRIM21,THR,461,32.8,98.56
P19474,TRIM21,CYS,463,26.84,97.19
P19474,TRIM21,SER,469,106.01,43.69
P19474,TRIM21,SER,472,99.31,34.31
P19474,TRIM21,THR,473,129.96,34.81
P19474,TRIM21,TYR,475,279.4,37.75
P21802,FGFR2,SER,3,77.2,39.5
P21802,FGFR2,CYS,9,90.71,38.31
P21802,FGFR2,THR,14,104.96,37.88
P21802,FGFR2,THR,17,123.18,34.38
P21802,FGFR2,SER,19,87.16,30.72
P21802,FGFR2,SER,24,118.73,36.38
P21802,FGFR2,SER,26,102.74,36.06
P21802,FGFR2,THR,31,113.21,33.81
P21802,FGFR2,THR,32,118.8,34.75
P21802,FGFR2,THR,40,127.51,30.34
P21802,FGFR2,LYS,41,192.83,27.41
P21802,FGFR2,TYR,42,190.78,29.42
P21802,FGFR2,SER,45,48.39,51.28
P21802,FGFR2,TYR,50,61.12,82.62
P21802,FGFR2,SER,57,70.98,82.31
P21802,FGFR2,LYS,65,166.95,66.0
P21802,FGFR2,SER,71,43.56,87.62
P21802,FGFR2,THR,73,33.76,90.94
P21802,FGFR2,LYS,74,36.85,90.38
P21802,FGFR2,TYR,91,70.99,86.38
P21802,FGFR2,LYS,95,106.17,86.88
P21802,FGFR2,THR,98,51.04,88.0
P21802,FGFR2,SER,102,32.01,90.38
P21802,FGFR2,THR,108,33.63,87.56
P21802,FGFR2,SER,110,59.41,73.44
P21802,FGFR2,THR,112,144.43,66.25
P21802,FGFR2,SER,115,82.59,71.81
P21802,FGFR2,THR,117,39.1,85.19
P21802,FGFR2,TYR,119,72.38,89.56
P21802,FGFR2,THR,125,56.73,75.56
P21802,FGFR2,SER,129,119.16,35.25
P21802,FGFR2,SER,130,75.35,36.12
P21802,FGFR2,THR,137,112.12,37.12
P21802,FGFR2,SER,145,107.89,34.91
P21802,FGFR2,SER,148,110.59,47.44
P21802,FGFR2,LYS,151,137.89,85.69
P21802,FGFR2,TYR,155,72.88,93.0
P21802,FGFR2,THR,157,63.47,91.19
P21802,FGFR2,THR,159,79.45,88.19
P21802,FGFR2,LYS,161,125.31,83.94
P21802,FGFR2,LYS,164,143.95,82.19
P21802,FGFR2,THR,174,80.34,85.75
P21802,FGFR2,LYS,176,64.7,93.31
P21802,FGFR2,THR,188,96.24,93.25
P21802,FGFR2,LYS,193,34.98,94.44
P21802,FGFR2,LYS,196,165.13,92.88
P21802,FGFR2,LYS,199,91.15,87.31
P21802,FGFR2,TYR,207,33.43,88.88
P21802,FGFR2,LYS,208,111.67,89.81
P21802,FGFR2,SER,220,50.23,81.12
P21802,FGFR2,SER,224,83.04,84.5
P21802,FGFR2,LYS,226,99.49,91.06
P21802,FGFR2,THR,230,19.54,96.31
P21802,FGFR2,TYR,237,88.7,91.62
P21802,FGFR2,SER,239,68.14,95.25
P21802,FGFR2,THR,243,53.75,95.62
P21802,FGFR2,SER,252,89.42,55.31
P21802,FGFR2,SER,267,75.63,93.75
P21802,FGFR2,THR,268,19.82,92.81
P21802,FGFR2,LYS,279,88.89,89.94
P21802,FGFR2,TYR,281,120.04,83.0
P21802,FGFR2,SER,282,29.31,73.06
P21802,FGFR2,LYS,292,19.01,93.19
P21802,FGFR2,LYS,296,111.76,81.75
P21802,FGFR2,SER,299,45.27,84.06
P21802,FGFR2,LYS,300,99.03,81.31
P21802,FGFR2,TYR,301,126.93,85.31
P21802,FGFR2,TYR,308,54.96,85.19
P21802,FGFR2,LYS,310,121.9,88.94
P21802,FGFR2,LYS,313,50.59,84.44
P21802,FGFR2,THR,319,43.31,60.5
P21802,FGFR2,THR,320,48.42,61.97
P21802,FGFR2,LYS,322,171.1,70.62
P21802,FGFR2,TYR,328,128.83,91.69
P21802,FGFR2,THR,333,58.21,92.81
P21802,FGFR2,SER,347,79.29,77.5
P21802,FGFR2,SER,351,19.54,90.31
P21802,FGFR2,SER,354,41.54,94.62
P21802,FGFR2,THR,358,63.47,94.88
P21802,FGFR2,LYS,367,188.69,39.47
P21802,FGFR2,THR,370,108.99,46.84
P21802,FGFR2,SER,372,39.65,53.78
P21802,FGFR2,TYR,375,156.68,71.75
P21802,FGFR2,TYR,381,146.06,86.19
P21802,FGFR2,CYS,382,78.18,87.19
P21802,FGFR2,CYS,390,51.95,89.0
P21802,FGFR2,THR,394,72.53,82.25
P21802,FGFR2,CYS,398,74.15,71.19
P21802,FGFR2,LYS,401,181.99,56.78
P21802,FGFR2,THR,403,106.12,37.91
P21802,FGFR2,THR,404,114.86,37.66
P21802,FGFR2,LYS,405,187.32,37.31
P21802,FGFR2,LYS,406,194.58,40.25
P21802,FGFR2,SER,410,89.54,34.62
P21802,FGFR2,SER,411,116.27,34.59
P21802,FGFR2,LYS,417,196.3,32.66
P21802,FGFR2,THR,419,134.0,31.36
P21802,FGFR2,LYS,420,172.04,32.41
P21802,FGFR2,THR,429,136.28,30.03
P21802,FGFR2,SER,431,111.17,30.47
P21802,FGFR2,SER,434,115.76,30.67
P21802,FGFR2,SER,435,107.31,27.61
P21802,FGFR2,SER,436,116.1,31.83
P21802,FGFR2,SER,437,110.16,31.59
P21802,FGFR2,SER,440,55.25,29.88
P21802,FGFR2,THR,442,53.86,35.81
P21802,FGFR2,THR,448,90.73,26.88
P21802,FGFR2,THR,449,106.94,26.91
P21802,FGFR2,SER,452,94.12,30.39
P21802,FGFR2,SER,453,113.24,26.22
P21802,FGFR2,THR,454,140.99,30.88
P21802,FGFR2,THR,457,111.09,34.03
P21802,FGFR2,SER,464,60.51,37.62
P21802,FGFR2,TYR,466,91.63,56.88
P21802,FGFR2,LYS,473,149.88,93.38
P21802,FGFR2,LYS,480,83.77,97.0
P21802,FGFR2,THR,482,91.47,97.38
P21802,FGFR2,LYS,485,120.83,91.75
P21802,FGFR2,CYS,491,83.52,53.47
P21802,FGFR2,LYS,505,166.13,90.25
P21802,FGFR2,LYS,507,95.66,93.19
P21802,FGFR2,LYS,509,193.07,91.69
P21802,FGFR2,THR,513,49.85,97.38
P21802,FGFR2,LYS,517,46.69,92.88
P21802,FGFR2,LYS,520,54.17,84.56
P21802,FGFR2,THR,524,53.64,81.75
P21802,FGFR2,LYS,526,126.53,76.75
P21802,FGFR2,SER,529,65.12,81.06
P21802,FGFR2,SER,533,38.66,83.94
P21802,FGFR2,LYS,539,38.84,92.12
P21802,FGFR2,LYS,543,133.65,95.19
P21802,FGFR2,LYS,545,130.44,97.38
P21802,FGFR2,THR,555,13.41,94.69
P21802,FGFR2,TYR,561,35.91,95.94
P21802,FGFR2,TYR,566,57.68,96.5
P21802,FGFR2,SER,568,45.81,94.38
P21802,FGFR2,LYS,569,53.9,93.69
P21802,FGFR2,TYR,586,102.37,50.03
P21802,FGFR2,SER,587,25.49,47.81
P21802,FGFR2,TYR,588,99.82,48.41
P21802,FGFR2,THR,599,77.35,91.25
P21802,FGFR2,LYS,601,55.13,93.0
P21802,FGFR2,SER,605,31.79,96.69
P21802,FGFR2,TYR,608,32.21,98.44
P21802,FGFR2,TYR,616,53.71,97.88
P21802,FGFR2,SER,619,65.27,95.0
P21802,FGFR2,LYS,621,96.42,89.19
P21802,FGFR2,THR,635,20.55,96.06
P21802,FGFR2,LYS,641,16.29,98.12
P21802,FGFR2,TYR,656,102.17,35.31
P21802,FGFR2,TYR,657,59.18,30.38
P21802,FGFR2,LYS,658,132.3,31.77
P21802,FGFR2,LYS,659,23.09,35.72
P21802,FGFR2,THR,660,120.31,31.91
P21802,FGFR2,THR,661,87.51,35.56
P21802,FGFR2,LYS,668,36.61,89.31
P21802,FGFR2,THR,681,35.67,89.56
P21802,FGFR2,THR,698,31.41,94.06
P21802,FGFR2,SER,702,55.11,86.69
P21802,FGFR2,LYS,714,109.19,85.75
P21802,FGFR2,LYS,717,136.08,86.81
P21802,FGFR2,LYS,724,80.68,95.88
P21802,FGFR2,THR,729,61.15,94.69
P21802,FGFR2,TYR,733,34.79,98.06
P21802,FGFR2,SER,745,97.29,95.19
P21802,FGFR2,THR,749,61.54,98.38
P21802,FGFR2,LYS,751,115.39,98.25
P21802,FGFR2,THR,762,71.48,90.81
P21802,FGFR2,THR,764,21.96,82.5
P21802,FGFR2,THR,765,58.47,78.0
P21802,FGFR2,TYR,769,206.94,46.25
P21802,FGFR2,SER,773,84.4,52.91
P21802,FGFR2,TYR,779,224.28,33.06
P21802,FGFR2,SER,780,92.32,33.78
P21802,FGFR2,SER,782,107.71,35.56
P21802,FGFR2,TYR,783,206.92,32.38
P21802,FGFR2,THR,786,142.36,38.72
P21802,FGFR2,SER,788,100.62,39.0
P21802,FGFR2,SER,789,107.82,36.06
P21802,FGFR2,CYS,790,134.45,31.31
P21802,FGFR2,SER,791,117.75,36.06
P21802,FGFR2,SER,792,109.35,38.31
P21802,FGFR2,SER,796,103.04,37.72
P21802,FGFR2,SER,799,103.68,36.75
P21802,FGFR2,TYR,805,196.43,40.47
P21802,FGFR2,CYS,808,131.96,35.41
P21802,FGFR2,TYR,812,178.45,38.16
P21802,FGFR2,SER,818,108.72,41.28
P21802,FGFR2,LYS,820,182.66,42.53
P21802,FGFR2,THR,821,205.51,46.25
P22794,EVI2A,THR,3,128.17,58.88
P22794,EVI2A,THR,8,78.08,62.0
P22794,EVI2A,TYR,11,168.7,74.0
P22794,EVI2A,THR,19,79.91,70.75
P22794,EVI2A,THR,20,57.93,69.12
P22794,EVI2A,SER,23,95.66,63.25
P22794,EVI2A,SER,25,75.8,58.12
P22794,EVI2A,THR,28,125.72,54.69
P22794,EVI2A,LYS,29,190.67,58.47
P22794,EVI2A,TYR,32,200.58,53.47
P22794,EVI2A,THR,33,113.55,55.62
P22794,EVI2A,SER,39,74.31,52.41
P22794,EVI2A,THR,40,107.54,55.62
P22794,EVI2A,SER,41,88.56,59.34
P22794,EVI2A,SER,42,85.89,52.62
P22794,EVI2A,SER,45,106.24,54.81
P22794,EVI2A,LYS,50,205.33,50.94
P22794,EVI2A,THR,51,121.22,50.09
P22794,EVI2A,THR,61,121.18,48.12
P22794,EVI2A,THR,65,117.89,44.56
P22794,EVI2A,TYR,70,216.82,50.41
P22794,EVI2A,LYS,71,194.57,42.72
P22794,EVI2A,SER,74,116.31,46.09
P22794,EVI2A,THR,75,106.27,41.12
P22794,EVI2A,THR,80,118.69,42.06
P22794,EVI2A,SER,81,78.82,42.72
P22794,EVI2A,THR,87,125.94,41.5
P22794,EVI2A,SER,88,124.56,44.41
P22794,EVI2A,LYS,89,173.7,41.69
P22794,EVI2A,SER,90,105.47,53.66
P22794,EVI2A,TYR,95,176.55,46.38
P22794,EVI2A,SER,98,93.88,42.22
P22794,EVI2A,SER,101,107.95,49.75
P22794,EVI2A,SER,103,106.25,45.19
P22794,EVI2A,SER,105,102.94,44.28
P22794,EVI2A,THR,106,125.32,43.59
P22794,EVI2A,SER,109,79.28,44.62
P22794,EVI2A,THR,113,121.42,44.94
P22794,EVI2A,SER,114,97.73,52.38
P22794,EVI2A,LYS,115,203.87,48.06
P22794,EVI2A,SER,116,101.52,45.47
P22794,EVI2A,LYS,122,181.14,53.69
P22794,EVI2A,LYS,123,201.55,53.41
P22794,EVI2A,CYS,126,118.29,48.28
P22794,EVI2A,CYS,138,63.14,86.94
P22794,EVI2A,CYS,149,74.86,89.69
P22794,EVI2A,THR,150,67.65,88.31
P22794,EVI2A,SER,155,64.93,86.19
P22794,EVI2A,THR,156,89.09,85.69
P22794,EVI2A,LYS,162,127.7,74.94
P22794,EVI2A,SER,164,56.37,56.56
P22794,EVI2A,SER,165,57.12,55.25
P22794,EVI2A,SER,169,63.72,56.19
P22794,EVI2A,LYS,170,134.2,54.94
P22794,EVI2A,LYS,174,187.15,57.69
P22794,EVI2A,SER,179,83.73,57.19
P22794,EVI2A,SER,186,83.62,52.53
P22794,EVI2A,SER,193,80.51,48.06
P22794,EVI2A,THR,195,83.86,55.88
P22794,EVI2A,LYS,197,167.62,50.94
P22794,EVI2A,THR,199,110.59,50.47
P22794,EVI2A,LYS,200,189.1,52.38
P22794,EVI2A,THR,203,112.62,47.84
P22794,EVI2A,SER,211,105.25,50.19
P22794,EVI2A,THR,212,136.4,45.66
P22794,EVI2A,THR,216,123.49,43.12
P22794,EVI2A,THR,218,129.0,44.78
P22794,EVI2A,LYS,222,170.77,41.75
P22794,EVI2A,THR,227,109.66,45.03
P22794,EVI2A,LYS,229,164.22,54.72
P22794,EVI2A,THR,231,105.57,55.94
P22794,EVI2A,LYS,233,174.09,50.56
P23510,TNFSF4,LYS,23,128.35,74.94
P23510,TNFSF4,SER,29,68.46,87.75
P23510,TNFSF4,CYS,39,75.18,94.12
P23510,TNFSF4,THR,41,60.55,91.25
P23510,TNFSF4,TYR,42,140.22,91.25
P23510,TNFSF4,CYS,44,55.53,88.12
P23510,TNFSF4,SER,48,71.94,63.47
P23510,TNFSF4,SER,53,96.18,44.59
P23510,TNFSF4,TYR,56,125.34,51.28
P23510,TNFSF4,SER,61,43.85,93.38
P23510,TNFSF4,LYS,63,87.82,95.0
P23510,TNFSF4,THR,67,84.03,93.31
P23510,TNFSF4,TYR,69,53.42,93.5
P23510,TNFSF4,LYS,70,88.08,91.31
P23510,TNFSF4,LYS,71,173.12,85.69
P23510,TNFSF4,LYS,73,142.02,91.12
P23510,TNFSF4,THR,78,70.79,94.5
P23510,TNFSF4,SER,79,48.03,88.5
P23510,TNFSF4,LYS,81,145.76,66.88
P23510,TNFSF4,LYS,87,141.83,93.19
P23510,TNFSF4,SER,104,14.1,98.19
P23510,TNFSF4,LYS,106,80.66,97.94
P23510,TNFSF4,TYR,108,129.02,97.88
P23510,TNFSF4,SER,110,44.72,94.81
P23510,TNFSF4,SER,116,12.62,97.56
P23510,TNFSF4,TYR,119,46.41,97.94
P23510,TNFSF4,LYS,121,180.77,89.25
P23510,TNFSF4,LYS,130,142.07,96.94
P23510,TNFSF4,LYS,131,147.42,95.94
P23510,TNFSF4,SER,134,50.68,97.88
P23510,TNFSF4,SER,137,27.37,97.88
P23510,TNFSF4,SER,142,74.58,97.75
P23510,TNFSF4,THR,144,67.39,97.19
P23510,TNFSF4,TYR,145,82.51,96.0
P23510,TNFSF4,LYS,146,149.52,95.81
P23510,TNFSF4,LYS,148,102.02,97.94
P23510,TNFSF4,TYR,150,47.69,97.44
P23510,TNFSF4,THR,154,64.23,94.19
P23510,TNFSF4,THR,155,25.4,92.19
P23510,TNFSF4,THR,158,146.15,72.31
P23510,TNFSF4,SER,159,60.66,79.69
P23510,TNFSF4,CYS,181,50.0,91.44
P29033,GJB2,THR,5,76.43,70.44
P29033,GJB2,THR,8,101.68,69.0
P29033,GJB2,LYS,15,128.07,63.28
P29033,GJB2,SER,17,21.36,69.56
P29033,GJB2,THR,18,30.59,78.38
P29033,GJB2,SER,19,86.41,81.44
P29033,GJB2,LYS,22,88.52,84.38
P29033,GJB2,THR,26,63.29,85.75
P29033,GJB2,LYS,41,169.55,82.12
P29033,GJB2,CYS,53,14.68,96.44
P29033,GJB2,THR,55,36.81,94.69
P29033,GJB2,LYS,61,64.94,95.19
P29033,GJB2,TYR,65,24.12,95.25
P29033,GJB2,TYR,68,63.4,93.56
P29033,GJB2,SER,85,13.35,90.25
P29033,GJB2,THR,86,57.1,91.38
P29033,GJB2,TYR,97,143.93,88.19
P29033,GJB2,LYS,102,83.33,84.88
P29033,GJB2,LYS,103,72.08,86.06
P29033,GJB2,LYS,105,77.4,87.69
P29033,GJB2,LYS,108,127.76,89.56
P29033,GJB2,LYS,112,153.92,71.19
P29033,GJB2,SER,113,117.0,66.75
P29033,GJB2,LYS,116,184.58,72.31
P29033,GJB2,LYS,122,121.1,71.81
P29033,GJB2,THR,123,86.72,69.75
P29033,GJB2,LYS,125,188.37,67.38
P29033,GJB2,SER,131,66.16,85.56
P29033,GJB2,THR,135,48.96,90.69
P29033,GJB2,TYR,136,12.18,89.25
P29033,GJB2,THR,137,14.76,91.62
P29033,GJB2,SER,138,37.86,92.94
P29033,GJB2,TYR,152,148.59,95.62
P29033,GJB2,TYR,155,112.72,94.31
P29033,GJB2,TYR,158,22.86,91.62
P29033,GJB2,SER,162,69.59,89.81
P29033,GJB2,LYS,168,128.75,95.56
P29033,GJB2,CYS,174,15.2,94.62
P29033,GJB2,THR,177,81.71,96.0
P29033,GJB2,SER,183,12.36,93.19
P29033,GJB2,THR,186,98.23,93.88
P29033,GJB2,THR,189,29.97,93.69
P29033,GJB2,THR,208,76.99,94.31
P29033,GJB2,CYS,211,58.85,93.31
P29033,GJB2,TYR,212,108.26,90.06
P29033,GJB2,TYR,217,88.0,85.31
P29033,GJB2,CYS,218,81.88,86.69
P29033,GJB2,SER,219,64.1,83.56
P29033,GJB2,LYS,221,118.49,57.97
P29033,GJB2,SER,222,96.44,49.09
P29033,GJB2,LYS,223,176.8,45.16
P29033,GJB2,LYS,224,172.05,33.31
P29320,EPHA3,CYS,3,119.41,35.62
P29320,EPHA3,SER,6,76.47,42.78
P29320,EPHA3,SER,12,73.65,37.12
P29320,EPHA3,CYS,13,90.82,37.12
P29320,EPHA3,SER,14,68.51,36.97
P29320,EPHA3,SER,18,97.6,29.0
P29320,EPHA3,SER,27,81.56,74.06
P29320,EPHA3,LYS,36,60.64,87.12
P29320,EPHA3,THR,37,80.28,83.88
P29320,EPHA3,SER,46,21.15,92.06
P29320,EPHA3,TYR,47,113.15,90.31
P29320,EPHA3,SER,49,80.96,85.31
P29320,EPHA3,SER,56,82.25,86.19
P29320,EPHA3,TYR,62,182.46,73.75
P29320,EPHA3,THR,63,68.27,79.88
P29320,EPHA3,CYS,71,65.13,94.0
P29320,EPHA3,SER,77,105.62,83.94
P29320,EPHA3,SER,91,67.95,89.44
P29320,EPHA3,LYS,94,42.33,89.69
P29320,EPHA3,LYS,100,43.08,93.81
P29320,EPHA3,THR,102,11.42,92.38
P29320,EPHA3,CYS,106,21.47,91.12
P29320,EPHA3,SER,108,20.12,87.38
P29320,EPHA3,THR,115,13.98,90.38
P29320,EPHA3,CYS,116,15.38,91.5
P29320,EPHA3,LYS,117,96.75,91.69
P29320,EPHA3,THR,119,42.06,94.75
P29320,EPHA3,TYR,123,27.97,96.62
P29320,EPHA3,TYR,124,42.69,95.06
P29320,EPHA3,LYS,134,165.82,70.81
P29320,EPHA3,THR,141,78.82,93.62
P29320,EPHA3,LYS,142,94.0,95.56
P29320,EPHA3,THR,145,57.23,96.5
P29320,EPHA3,SER,151,34.08,86.25
P29320,EPHA3,THR,153,42.7,83.81
P29320,EPHA3,LYS,163,59.14,83.0
P29320,EPHA3,THR,166,63.64,94.06
P29320,EPHA3,LYS,176,88.05,92.94
P29320,EPHA3,LYS,177,139.45,93.56
P29320,EPHA3,CYS,189,15.33,93.69
P29320,EPHA3,LYS,200,32.35,91.88
P29320,EPHA3,LYS,201,42.12,92.06
P29320,EPHA3,THR,205,34.13,93.75
P29320,EPHA3,LYS,207,101.3,92.0
P29320,EPHA3,THR,215,17.94,92.06
P29320,EPHA3,SER,220,72.28,63.12
P29320,EPHA3,SER,222,29.84,66.38
P29320,EPHA3,SER,229,67.93,95.94
P29320,EPHA3,CYS,230,36.05,95.81
P29320,EPHA3,SER,234,18.82,95.06
P29320,EPHA3,LYS,235,124.79,92.62
P29320,EPHA3,TYR,243,57.78,92.75
P29320,EPHA3,SER,245,12.21,90.19
P29320,EPHA3,THR,246,27.85,86.94
P29320,EPHA3,LYS,256,80.69,92.69
P29320,EPHA3,SER,258,10.05,95.19
P29320,EPHA3,TYR,263,59.97,96.69
P29320,EPHA3,TYR,278,10.4,96.06
P29320,EPHA3,LYS,286,169.03,93.38
P29320,EPHA3,CYS,287,13.6,95.12
P29320,EPHA3,LYS,289,155.29,96.44
P29320,EPHA3,CYS,290,17.74,96.44
P29320,EPHA3,SER,295,55.55,95.25
P29320,EPHA3,THR,296,17.95,95.12
P29320,EPHA3,SER,301,10.6,95.44
P29320,EPHA3,CYS,306,37.18,95.19
P29320,EPHA3,TYR,310,41.4,94.56
P29320,EPHA3,LYS,315,199.7,90.62
P29320,EPHA3,SER,319,74.38,93.12
P29320,EPHA3,SER,327,28.37,94.5
P29320,EPHA3,SER,328,32.39,94.5
P29320,EPHA3,SER,334,36.64,92.81
P29320,EPHA3,THR,339,52.03,84.75
P29320,EPHA3,SER,340,23.84,91.38
P29320,EPHA3,SER,346,37.38,95.81
P29320,EPHA3,THR,351,43.62,93.94
P29320,EPHA3,LYS,355,206.4,93.06
P29320,EPHA3,THR,358,34.92,96.31
P29320,EPHA3,LYS,364,61.64,94.56
P29320,EPHA3,LYS,365,66.19,92.44
P29320,EPHA3,CYS,366,14.94,88.5
P29320,EPHA3,LYS,371,204.01,67.31
P29320,EPHA3,CYS,373,50.36,87.0
P29320,EPHA3,CYS,376,20.34,92.31
P29320,EPHA3,SER,377,56.34,88.5
P29320,EPHA3,THR,390,79.7,93.69
P29320,EPHA3,THR,392,34.95,95.56
P29320,EPHA3,THR,393,56.08,95.88
P29320,EPHA3,THR,395,41.9,95.94
P29320,EPHA3,THR,397,31.11,93.5
P29320,EPHA3,THR,403,21.35,88.5
P29320,EPHA3,THR,406,20.95,93.44
P29320,EPHA3,SER,419,23.1,87.5
P29320,EPHA3,SER,420,111.77,83.38
P29320,EPHA3,SER,429,85.67,92.31
P29320,EPHA3,THR,431,63.19,90.06
P29320,EPHA3,SER,438,22.93,89.81
P29320,EPHA3,THR,442,60.3,89.69
P29320,EPHA3,LYS,444,123.48,91.5
P29320,EPHA3,LYS,445,96.04,91.81
P29320,EPHA3,THR,448,49.0,87.06
P29320,EPHA3,SER,449,40.26,86.81
P29320,EPHA3,SER,452,24.14,92.31
P29320,EPHA3,SER,454,20.04,93.81
P29320,EPHA3,SER,456,26.63,95.69
P29320,EPHA3,LYS,473,32.21,93.12
P29320,EPHA3,TYR,474,27.2,93.0
P29320,EPHA3,TYR,475,14.08,92.69
P29320,EPHA3,LYS,477,96.79,86.94
P29320,EPHA3,THR,482,123.79,72.31
P29320,EPHA3,SER,483,60.29,79.88
P29320,EPHA3,TYR,484,105.33,88.81
P29320,EPHA3,THR,485,67.84,91.06
P29320,EPHA3,THR,492,54.51,93.56
P29320,EPHA3,THR,495,83.5,93.06
P29320,EPHA3,SER,497,72.78,90.0
P29320,EPHA3,SER,498,105.62,89.44
P29320,EPHA3,LYS,500,106.3,87.88
P29320,EPHA3,THR,503,19.72,90.12
P29320,EPHA3,TYR,517,71.36,90.75
P29320,EPHA3,THR,519,91.08,90.88
P29320,EPHA3,LYS,523,107.2,92.56
P29320,EPHA3,SER,529,43.98,83.06
P29320,EPHA3,SER,532,106.68,47.25
P29320,EPHA3,SER,534,85.43,34.31
P29320,EPHA3,SER,536,110.5,33.88
P29320,EPHA3,SER,539,112.89,39.5
P29320,EPHA3,SER,540,77.57,39.78
P29320,EPHA3,SER,548,76.15,59.12
P29320,EPHA3,THR,557,71.71,68.56
P29320,EPHA3,TYR,561,179.97,65.75
P29320,EPHA3,CYS,568,117.48,40.62
P29320,EPHA3,TYR,570,189.86,31.3
P29320,EPHA3,LYS,571,179.95,28.66
P29320,EPHA3,SER,572,106.21,30.67
P29320,EPHA3,LYS,573,190.2,30.67
P29320,EPHA3,LYS,579,191.14,29.73
P29320,EPHA3,LYS,589,204.22,29.77
P29320,EPHA3,THR,595,73.29,78.38
P29320,EPHA3,TYR,596,14.4,80.62
P29320,EPHA3,THR,601,107.22,72.44
P29320,EPHA3,TYR,602,49.07,68.94
P29320,EPHA3,THR,606,26.18,73.31
P29320,EPHA3,LYS,614,113.34,91.44
P29320,EPHA3,THR,619,120.07,91.44
P29320,EPHA3,SER,622,53.45,92.31
P29320,EPHA3,LYS,625,127.51,88.62
P29320,EPHA3,SER,637,10.86,92.69
P29320,EPHA3,LYS,641,114.79,93.69
P29320,EPHA3,SER,644,86.01,81.94
P29320,EPHA3,LYS,645,193.92,76.69
P29320,EPHA3,LYS,646,135.74,86.06
P29320,EPHA3,SER,649,70.39,94.25
P29320,EPHA3,LYS,653,38.59,90.44
P29320,EPHA3,THR,654,20.87,88.31
P29320,EPHA3,LYS,656,117.81,78.06
P29320,EPHA3,TYR,659,67.29,77.12
P29320,EPHA3,THR,660,77.42,81.38
P29320,EPHA3,LYS,662,130.37,76.19
P29320,EPHA3,THR,690,30.27,90.69
P29320,EPHA3,LYS,691,168.27,87.81
P29320,EPHA3,SER,692,45.88,86.56
P29320,EPHA3,LYS,693,181.09,83.12
P29320,EPHA3,THR,699,18.04,94.81
P29320,EPHA3,TYR,701,55.43,94.5
P29320,EPHA3,SER,706,26.74,93.94
P29320,EPHA3,SER,709,41.03,93.12
P29320,EPHA3,LYS,713,163.08,92.94
P29320,EPHA3,THR,719,78.38,92.25
P29320,EPHA3,SER,732,16.17,98.44
P29320,EPHA3,LYS,735,63.85,97.69
P29320,EPHA3,TYR,736,48.32,96.31
P29320,EPHA3,SER,738,34.27,93.0
P29320,EPHA3,SER,756,69.94,93.62
P29320,EPHA3,LYS,761,21.7,97.94
P29320,EPHA3,SER,763,10.35,93.06
P29320,EPHA3,TYR,779,96.59,33.56
P29320,EPHA3,THR,780,104.83,28.67
P29320,EPHA3,THR,781,35.44,34.66
P29320,EPHA3,LYS,785,203.99,57.62
P29320,EPHA3,TYR,798,139.19,82.0
P29320,EPHA3,LYS,800,69.77,77.25
P29320,EPHA3,THR,802,23.51,90.62
P29320,EPHA3,SER,803,31.98,93.12
P29320,EPHA3,SER,819,14.47,93.5
P29320,EPHA3,TYR,820,32.02,94.56
P29320,EPHA3,SER,829,54.88,78.31
P29320,EPHA3,LYS,835,122.39,86.88
P29320,EPHA3,TYR,841,68.95,91.31
P29320,EPHA3,TYR,854,30.19,96.12
P29320,EPHA3,LYS,863,117.78,92.06
P29320,EPHA3,LYS,870,152.39,97.69
P29320,EPHA3,SER,876,47.21,97.75
P29320,EPHA3,LYS,880,125.32,95.0
P29320,EPHA3,SER,887,37.16,78.69
P29320,EPHA3,LYS,889,169.12,77.12
P29320,EPHA3,THR,892,33.77,59.38
P29320,EPHA3,SER,893,76.64,46.28
P29320,EPHA3,SER,899,102.68,26.44
P29320,EPHA3,SER,906,94.74,33.03
P29320,EPHA3,THR,911,102.07,45.16
P29320,EPHA3,THR,912,91.57,42.94
P29320,EPHA3,THR,915,81.77,52.34
P29320,EPHA3,THR,916,35.04,47.41
P29320,EPHA3,THR,925,100.83,40.81
P29320,EPHA3,CYS,928,38.88,40.03
P29320,EPHA3,LYS,929,94.96,45.94
P29320,EPHA3,THR,933,102.51,52.38
P29320,EPHA3,TYR,937,43.41,56.16
P29320,EPHA3,SER,938,102.02,47.75
P29320,EPHA3,SER,939,44.93,49.0
P29320,EPHA3,CYS,940,71.12,47.19
P29320,EPHA3,THR,942,46.0,58.78
P29320,EPHA3,LYS,945,159.08,60.66
P29320,EPHA3,SER,947,50.48,65.25
P29320,EPHA3,THR,948,73.02,61.94
P29320,EPHA3,LYS,952,121.21,63.0
P29320,EPHA3,LYS,953,167.57,63.91
P29320,EPHA3,THR,957,104.14,52.38
P29320,EPHA3,LYS,963,82.98,52.53
P29320,EPHA3,LYS,964,125.1,53.81
P29320,EPHA3,SER,967,59.16,57.09
P29320,EPHA3,SER,968,13.72,56.12
P29320,EPHA3,LYS,970,129.45,60.41
P29320,EPHA3,THR,974,88.93,54.47
P29320,EPHA3,SER,976,99.48,47.28
P29320,EPHA3,LYS,977,175.4,47.91
P30414,NKTR,SER,29,21.27,92.19
P30414,NKTR,LYS,34,123.03,94.69
P30414,NKTR,LYS,37,120.12,95.0
P30414,NKTR,CYS,41,12.07,94.44
P30414,NKTR,SER,44,47.9,92.38
P30414,NKTR,LYS,47,103.25,88.81
P30414,NKTR,LYS,51,165.29,90.38
P30414,NKTR,THR,52,106.48,89.38
P30414,NKTR,THR,53,44.28,90.12
P30414,NKTR,LYS,55,97.27,91.19
P30414,NKTR,LYS,56,122.46,93.19
P30414,NKTR,CYS,58,11.88,94.25
P30414,NKTR,LYS,60,113.46,95.06
P30414,NKTR,SER,62,10.04,95.62
P30414,NKTR,THR,63,22.42,95.31
P30414,NKTR,LYS,69,89.43,94.38
P30414,NKTR,SER,79,13.92,91.69
P30414,NKTR,LYS,84,144.68,92.56
P30414,NKTR,TYR,90,79.26,94.88
P30414,NKTR,TYR,93,108.92,94.62
P30414,NKTR,LYS,95,150.64,95.56
P30414,NKTR,LYS,102,111.24,93.81
P30414,NKTR,LYS,116,178.83,92.25
P30414,NKTR,THR,118,39.77,94.88
P30414,NKTR,THR,127,15.78,95.12
P30414,NKTR,LYS,128,94.76,94.19
P30414,NKTR,SER,145,41.73,94.38
P30414,NKTR,LYS,157,169.73,94.88
P30414,NKTR,THR,158,44.19,94.5
P30414,NKTR,SER,162,31.61,93.0
P30414,NKTR,TYR,165,155.66,94.44
P30414,NKTR,CYS,173,13.22,95.75
P30414,NKTR,THR,178,69.54,61.62
P30414,NKTR,LYS,179,163.1,51.12
P30414,NKTR,SER,180,43.34,47.5
P30414,NKTR,LYS,182,139.86,51.5
P30414,NKTR,LYS,187,168.11,56.44
P30414,NKTR,LYS,188,176.51,53.91
P30414,NKTR,LYS,190,159.87,49.31
P30414,NKTR,LYS,191,186.74,36.84
P30414,NKTR,THR,193,138.87,41.22
P30414,NKTR,SER,195,91.75,42.34
P30414,NKTR,SER,198,100.67,43.03
P30414,NKTR,SER,200,101.13,41.34
P30414,NKTR,SER,201,107.41,36.69
P30414,NKTR,SER,202,95.99,38.09
P30414,NKTR,SER,204,97.22,34.56
P30414,NKTR,SER,205,106.62,33.78
P30414,NKTR,SER,206,101.47,33.41
P30414,NKTR,SER,207,93.74,34.0
P30414,NKTR,SER,208,103.66,33.12
P30414,NKTR,SER,210,107.03,33.97
P30414,NKTR,SER,211,105.91,35.72
P30414,NKTR,SER,212,113.05,33.78
P30414,NKTR,SER,214,102.78,34.59
P30414,NKTR,SER,221,79.9,35.72
P30414,NKTR,LYS,225,161.26,34.5
P30414,NKTR,LYS,227,153.66,31.39
P30414,NKTR,LYS,231,183.55,29.48
P30414,NKTR,LYS,233,163.16,32.88
P30414,NKTR,SER,235,86.17,31.83
P30414,NKTR,LYS,236,191.51,37.03
P30414,NKTR,LYS,237,153.36,32.41
P30414,NKTR,LYS,240,137.15,34.03
P30414,NKTR,SER,243,100.96,32.41
P30414,NKTR,SER,244,90.98,31.22
P30414,NKTR,SER,245,81.94,29.48
P30414,NKTR,LYS,251,152.53,34.22
P30414,NKTR,LYS,257,205.79,31.7
P30414,NKTR,SER,260,80.25,29.12
P30414,NKTR,SER,263,87.3,31.62
P30414,NKTR,THR,265,115.04,32.88
P30414,NKTR,LYS,268,147.85,38.88
P30414,NKTR,SER,270,46.21,35.28
P30414,NKTR,SER,273,103.25,39.56
P30414,NKTR,SER,274,109.68,33.72
P30414,NKTR,LYS,276,209.8,47.19
P30414,NKTR,LYS,279,181.6,62.62
P30414,NKTR,THR,305,112.63,37.25
P30414,NKTR,LYS,311,163.72,37.97
P30414,NKTR,SER,320,99.38,40.5
P30414,NKTR,LYS,323,183.47,54.09
P30414,NKTR,SER,325,77.22,53.47
P30414,NKTR,SER,327,45.77,68.06
P30414,NKTR,LYS,328,227.42,66.31
P30414,NKTR,SER,329,90.17,72.25
P30414,NKTR,LYS,332,158.84,65.81
P30414,NKTR,LYS,334,208.83,61.91
P30414,NKTR,THR,338,137.31,44.88
P30414,NKTR,TYR,341,194.89,44.81
P30414,NKTR,THR,343,112.28,50.69
P30414,NKTR,SER,347,82.18,36.38
P30414,NKTR,SER,349,65.45,36.31
P30414,NKTR,CYS,350,66.1,35.84
P30414,NKTR,SER,351,56.1,38.16
P30414,NKTR,SER,353,71.92,41.09
P30414,NKTR,SER,358,103.56,43.47
P30414,NKTR,SER,359,122.32,50.31
P30414,NKTR,THR,361,61.19,77.0
P30414,NKTR,LYS,366,97.98,76.94
P30414,NKTR,TYR,375,174.21,47.78
P30414,NKTR,SER,379,119.38,47.25
P30414,NKTR,LYS,382,164.03,43.06
P30414,NKTR,SER,384,118.62,40.28
P30414,NKTR,LYS,385,212.66,40.28
P30414,NKTR,LYS,388,184.92,38.88
P30414,NKTR,SER,390,91.72,36.62
P30414,NKTR,CYS,393,133.33,32.12
P30414,NKTR,SER,394,112.08,36.34
P30414,NKTR,SER,395,104.48,34.09
P30414,NKTR,SER,401,94.44,37.12
P30414,NKTR,SER,403,90.99,34.88
P30414,NKTR,SER,406,92.31,32.81
P30414,NKTR,SER,408,98.68,30.09
P30414,NKTR,SER,410,99.01,37.53
P30414,NKTR,TYR,411,198.96,30.59
P30414,NKTR,TYR,414,216.9,35.31
P30414,NKTR,TYR,415,201.08,33.84
P30414,NKTR,SER,416,74.91,34.44
P30414,NKTR,SER,419,94.57,29.14
P30414,NKTR,THR,420,139.07,37.75
P30414,NKTR,SER,424,106.57,29.61
P30414,NKTR,LYS,428,158.77,38.94
P30414,NKTR,LYS,429,179.96,38.28
P30414,NKTR,LYS,432,110.12,38.09
P30414,NKTR,LYS,434,113.1,36.34
P30414,NKTR,LYS,435,170.28,37.03
P30414,NKTR,LYS,437,163.01,35.72
P30414,NKTR,LYS,439,182.68,36.91
P30414,NKTR,LYS,440,190.18,36.91
P30414,NKTR,LYS,441,210.94,35.34
P30414,NKTR,LYS,443,143.55,36.19
P30414,NKTR,LYS,444,91.27,35.22
P30414,NKTR,LYS,446,119.87,36.53
P30414,NKTR,CYS,448,79.83,29.11
P30414,NKTR,LYS,452,150.01,36.62
P30414,NKTR,THR,454,95.03,41.22
P30414,NKTR,LYS,455,182.44,35.12
P30414,NKTR,LYS,456,175.34,42.06
P30414,NKTR,SER,463,78.07,28.03
P30414,NKTR,SER,467,98.49,29.77
P30414,NKTR,SER,468,88.94,34.19
P30414,NKTR,LYS,469,187.24,31.48
P30414,NKTR,SER,470,100.68,29.72
P30414,NKTR,SER,471,101.31,29.81
P30414,NKTR,THR,472,107.1,29.69
P30414,NKTR,LYS,476,180.36,31.67
P30414,NKTR,SER,477,93.53,30.39
P30414,NKTR,SER,478,90.35,28.78
P30414,NKTR,CYS,479,104.3,26.25
P30414,NKTR,SER,484,83.8,33.81
P30414,NKTR,SER,485,90.64,30.48
P30414,NKTR,SER,487,95.6,30.08
P30414,NKTR,SER,488,89.77,30.55
P30414,NKTR,SER,489,92.6,30.36
P30414,NKTR,SER,491,89.67,30.61
P30414,NKTR,SER,492,72.3,32.16
P30414,NKTR,SER,495,31.12,38.53
P30414,NKTR,SER,496,68.95,36.28
P30414,NKTR,LYS,497,148.59,37.66
P30414,NKTR,SER,501,106.84,37.16
P30414,NKTR,LYS,502,194.88,39.12
P30414,NKTR,SER,503,85.24,35.16
P30414,NKTR,LYS,505,185.04,39.72
P30414,NKTR,SER,509,103.89,30.64
P30414,NKTR,SER,510,83.09,31.94
P30414,NKTR,THR,512,91.78,31.62
P30414,NKTR,SER,514,90.5,37.16
P30414,NKTR,SER,515,107.73,38.53
P30414,NKTR,SER,518,89.19,39.31
P30414,NKTR,TYR,519,209.83,35.28
P30414,NKTR,SER,521,98.83,31.53
P30414,NKTR,LYS,522,193.29,34.94
P30414,NKTR,SER,523,95.7,30.42
P30414,NKTR,SER,525,89.63,30.95
P30414,NKTR,SER,527,87.01,29.39
P30414,NKTR,TYR,528,157.87,38.88
P30414,NKTR,SER,529,83.72,34.84
P30414,NKTR,SER,532,111.18,38.88
P30414,NKTR,SER,533,86.91,34.94
P30414,NKTR,SER,535,91.42,35.47
P30414,NKTR,THR,537,129.54,36.03
P30414,NKTR,SER,539,97.12,38.5
P30414,NKTR,LYS,540,185.72,41.5
P30414,NKTR,SER,541,100.25,39.56
P30414,NKTR,SER,542,98.59,40.88
P30414,NKTR,SER,543,94.09,39.31
P30414,NKTR,SER,545,78.08,34.28
P30414,NKTR,SER,547,87.99,32.53
P30414,NKTR,SER,549,92.49,31.89
P30414,NKTR,LYS,550,193.22,36.91
P30414,NKTR,SER,551,93.31,31.16
P30414,NKTR,SER,553,106.77,30.97
P30414,NKTR,SER,554,100.35,35.75
P30414,NKTR,SER,555,88.15,32.25
P30414,NKTR,LYS,556,168.13,34.88
P30414,NKTR,SER,557,104.1,31.48
P30414,NKTR,LYS,561,138.84,34.22
P30414,NKTR,SER,564,82.99,34.5
P30414,NKTR,LYS,565,208.87,43.12
P30414,NKTR,SER,566,97.84,37.75
P30414,NKTR,LYS,569,182.79,40.34
P30414,NKTR,THR,570,100.24,35.38
P30414,NKTR,SER,572,60.44,35.06
P30414,NKTR,SER,575,82.43,36.72
P30414,NKTR,LYS,578,174.68,38.22
P30414,NKTR,LYS,581,180.08,30.64
P30414,NKTR,THR,582,107.77,32.09
P30414,NKTR,THR,588,145.7,27.94
P30414,NKTR,SER,611,97.87,41.03
P30414,NKTR,SER,613,94.31,44.53
P30414,NKTR,SER,617,109.65,48.41
P30414,NKTR,LYS,620,157.34,60.34
P30414,NKTR,LYS,624,184.66,66.5
P30414,NKTR,LYS,627,174.57,65.94
P30414,NKTR,SER,629,48.1,60.16
P30414,NKTR,TYR,630,143.71,63.31
P30414,NKTR,LYS,637,145.05,68.06
P30414,NKTR,LYS,639,152.16,62.03
P30414,NKTR,THR,640,107.52,51.44
P30414,NKTR,THR,641,95.36,49.0
P30414,NKTR,SER,648,84.9,35.75
P30414,NKTR,THR,649,134.47,35.06
P30414,NKTR,TYR,650,210.74,35.47
P30414,NKTR,SER,651,109.93,33.41
P30414,NKTR,LYS,656,162.76,38.84
P30414,NKTR,THR,658,128.92,37.78
P30414,NKTR,SER,660,106.17,37.88
P30414,NKTR,SER,661,111.47,34.75
P30414,NKTR,SER,662,97.97,34.69
P30414,NKTR,SER,663,75.52,32.78
P30414,NKTR,TYR,664,181.09,31.58
P30414,NKTR,LYS,666,196.85,32.38
P30414,NKTR,LYS,669,171.17,36.09
P30414,NKTR,SER,671,94.6,33.47
P30414,NKTR,SER,673,89.18,35.44
P30414,NKTR,SER,676,90.31,30.86
P30414,NKTR,THR,677,134.96,29.72
P30414,NKTR,TYR,678,188.62,32.53
P30414,NKTR,SER,679,87.97,32.81
P30414,NKTR,LYS,680,144.81,35.72
P30414,NKTR,TYR,681,196.9,36.19
P30414,NKTR,SER,682,109.11,35.47
P30414,NKTR,SER,685,110.42,35.22
P30414,NKTR,SER,686,91.72,35.62
P30414,NKTR,SER,688,111.89,32.44
P30414,NKTR,SER,689,98.29,33.72
P30414,NKTR,SER,692,96.19,29.16
P30414,NKTR,SER,694,99.67,32.03
P30414,NKTR,SER,696,110.48,31.06
P30414,NKTR,SER,697,94.76,33.38
P30414,NKTR,SER,699,78.97,30.25
P30414,NKTR,SER,701,108.16,29.94
P30414,NKTR,TYR,702,183.26,30.23
P30414,NKTR,SER,703,90.86,31.98
P30414,NKTR,SER,705,98.1,31.5
P30414,NKTR,TYR,706,201.11,32.31
P30414,NKTR,THR,707,101.92,32.47
P30414,NKTR,SER,709,94.68,36.12
P30414,NKTR,SER,711,100.55,33.28
P30414,NKTR,SER,714,98.84,39.03
P30414,NKTR,SER,715,70.84,38.81
P30414,NKTR,SER,717,67.01,34.0
P30414,NKTR,SER,719,81.15,37.94
P30414,NKTR,SER,721,102.84,46.62
P30414,NKTR,SER,723,99.03,36.03
P30414,NKTR,SER,724,88.51,32.47
P30414,NKTR,SER,726,79.63,29.8
P30414,NKTR,SER,728,92.55,30.11
P30414,NKTR,LYS,731,159.0,29.09
P30414,NKTR,TYR,732,196.41,28.33
P30414,NKTR,SER,733,99.18,30.25
P30414,NKTR,SER,736,65.88,32.59
P30414,NKTR,CYS,738,125.48,36.38
P30414,NKTR,SER,739,100.26,31.39
P30414,NKTR,SER,741,106.2,31.88
P30414,NKTR,SER,742,111.16,31.27
P30414,NKTR,SER,743,98.15,33.16
P30414,NKTR,TYR,744,192.66,37.47
P30414,NKTR,THR,745,103.33,35.5
P30414,NKTR,SER,746,77.54,33.38
P30414,NKTR,SER,748,88.89,39.38
P30414,NKTR,SER,749,95.19,38.59
P30414,NKTR,LYS,756,189.57,31.61
P30414,NKTR,SER,761,97.97,29.25
P30414,NKTR,SER,762,119.66,28.72
P30414,NKTR,LYS,764,192.48,33.31
P30414,NKTR,LYS,765,164.3,32.41
P30414,NKTR,SER,767,104.43,34.38
P30414,NKTR,SER,769,95.31,34.84
P30414,NKTR,LYS,771,158.18,33.34
P30414,NKTR,LYS,772,181.93,32.78
P30414,NKTR,SER,774,100.96,32.53
P30414,NKTR,SER,775,102.85,32.19
P30414,NKTR,SER,776,94.71,32.38
P30414,NKTR,SER,777,89.34,34.22
P30414,NKTR,LYS,779,158.24,39.69
P30414,NKTR,THR,780,115.97,33.84
P30414,NKTR,SER,783,114.06,36.66
P30414,NKTR,LYS,784,159.13,37.53
P30414,NKTR,TYR,785,193.63,34.53
P30414,NKTR,LYS,787,196.96,35.06
P30414,NKTR,SER,792,96.91,36.97
P30414,NKTR,SER,793,102.94,35.34
P30414,NKTR,CYS,794,105.89,30.92
P30414,NKTR,LYS,797,124.21,33.28
P30414,NKTR,TYR,798,180.2,31.34
P30414,NKTR,SER,799,75.03,32.66
P30414,NKTR,SER,801,99.31,31.06
P30414,NKTR,SER,803,97.38,29.11
P30414,NKTR,SER,804,90.3,29.27
P30414,NKTR,TYR,807,211.31,27.59
P30414,NKTR,SER,808,109.08,31.5
P30414,NKTR,SER,809,85.13,34.22
P30414,NKTR,SER,811,85.34,30.7
P30414,NKTR,SER,814,110.09,26.75
P30414,NKTR,SER,815,87.3,26.47
P30414,NKTR,THR,819,118.4,28.67
P30414,NKTR,SER,821,52.67,30.91
P30414,NKTR,LYS,825,147.42,34.22
P30414,NKTR,LYS,827,152.57,37.16
P30414,NKTR,THR,834,93.98,29.08
P30414,NKTR,LYS,837,189.75,32.41
P30414,NKTR,LYS,840,166.55,32.34
P30414,NKTR,LYS,846,163.45,29.48
P30414,NKTR,SER,847,98.58,28.52
P30414,NKTR,LYS,848,197.71,28.7
P30414,NKTR,SER,849,101.1,26.03
P30414,NKTR,CYS,853,124.12,37.84
P30414,NKTR,SER,856,74.97,33.19
P30414,NKTR,LYS,857,118.5,29.77
P30414,NKTR,LYS,858,131.89,30.09
P30414,NKTR,THR,860,115.67,29.34
P30414,NKTR,LYS,862,131.15,29.23
P30414,NKTR,SER,866,85.23,29.19
P30414,NKTR,SER,873,107.23,28.94
P30414,NKTR,LYS,874,197.81,37.34
P30414,NKTR,LYS,876,178.49,31.8
P30414,NKTR,LYS,878,160.38,36.69
P30414,NKTR,TYR,880,208.76,32.91
P30414,NKTR,SER,883,102.44,37.34
P30414,NKTR,LYS,884,136.15,33.53
P30414,NKTR,SER,887,91.57,35.91
P30414,NKTR,SER,889,87.73,34.47
P30414,NKTR,SER,891,77.14,34.56
P30414,NKTR,THR,896,111.01,35.16
P30414,NKTR,LYS,897,174.5,37.38
P30414,NKTR,SER,899,106.82,33.28
P30414,NKTR,LYS,900,201.76,38.19
P30414,NKTR,SER,903,89.74,34.19
P30414,NKTR,SER,906,102.85,37.72
P30414,NKTR,SER,907,96.79,37.28
P30414,NKTR,LYS,909,167.6,43.22
P30414,NKTR,THR,915,132.73,33.81
P30414,NKTR,SER,916,100.06,34.56
P30414,NKTR,SER,918,114.47,34.28
P30414,NKTR,SER,920,93.06,33.09
P30414,NKTR,SER,923,102.35,29.58
P30414,NKTR,LYS,928,190.58,33.5
P30414,NKTR,LYS,930,181.63,32.12
P30414,NKTR,THR,932,104.77,26.67
P30414,NKTR,THR,933,109.78,25.8
P30414,NKTR,LYS,934,197.24,28.31
P30414,NKTR,SER,935,102.61,26.75
P30414,NKTR,SER,936,100.65,25.16
P30414,NKTR,THR,937,120.95,26.88
P30414,NKTR,THR,939,133.54,28.22
P30414,NKTR,SER,940,88.04,29.28
P30414,NKTR,LYS,949,190.43,27.41
P30414,NKTR,SER,950,95.36,30.61
P30414,NKTR,SER,951,93.04,31.55
P30414,NKTR,LYS,952,165.49,32.66
P30414,NKTR,THR,955,106.38,31.16
P30414,NKTR,SER,956,91.7,32.28
P30414,NKTR,THR,957,113.04,30.19
P30414,NKTR,SER,958,88.2,28.86
P30414,NKTR,SER,960,77.59,29.31
P30414,NKTR,SER,963,105.99,26.12
P30414,NKTR,CYS,964,116.44,24.88
P30414,NKTR,SER,965,92.81,24.31
P30414,NKTR,SER,967,62.56,25.62
P30414,NKTR,LYS,973,174.27,35.5
P30414,NKTR,LYS,976,148.41,29.09
P30414,NKTR,LYS,978,147.34,30.38
P30414,NKTR,SER,981,99.08,33.56
P30414,NKTR,LYS,982,195.87,40.5
P30414,NKTR,LYS,986,152.12,37.72
P30414,NKTR,THR,990,108.09,32.5
P30414,NKTR,LYS,991,174.81,37.69
P30414,NKTR,LYS,992,182.08,34.31
P30414,NKTR,LYS,994,168.83,33.34
P30414,NKTR,LYS,996,177.02,35.31
P30414,NKTR,LYS,998,207.03,34.41
P30414,NKTR,LYS,1000,205.66,37.41
P30414,NKTR,LYS,1001,195.11,34.81
P30414,NKTR,LYS,1003,198.97,36.41
P30414,NKTR,LYS,1004,160.16,35.25
P30414,NKTR,LYS,1006,195.31,36.75
P30414,NKTR,LYS,1009,199.18,38.88
P30414,NKTR,LYS,1011,213.76,40.06
P30414,NKTR,LYS,1033,157.23,40.5
P30414,NKTR,THR,1036,111.78,31.94
P30414,NKTR,SER,1039,70.83,35.84
P30414,NKTR,LYS,1040,181.33,36.47
P30414,NKTR,LYS,1042,169.96,36.25
P30414,NKTR,LYS,1043,179.42,32.47
P30414,NKTR,SER,1045,77.77,31.92
P30414,NKTR,THR,1050,110.45,25.69
P30414,NKTR,LYS,1052,159.81,30.66
P30414,NKTR,LYS,1057,178.99,32.34
P30414,NKTR,THR,1058,90.51,26.7
P30414,NKTR,LYS,1060,159.0,31.27
P30414,NKTR,SER,1061,103.76,29.97
P30414,NKTR,SER,1062,83.1,24.53
P30414,NKTR,SER,1067,103.63,31.52
P30414,NKTR,LYS,1069,160.46,35.34
P30414,NKTR,THR,1072,65.01,31.75
P30414,NKTR,THR,1074,104.26,30.92
P30414,NKTR,SER,1076,78.02,36.31
P30414,NKTR,SER,1077,83.02,34.94
P30414,NKTR,THR,1083,111.51,28.03
P30414,NKTR,LYS,1084,175.31,34.0
P30414,NKTR,SER,1087,91.91,34.38
P30414,NKTR,LYS,1088,165.05,37.47
P30414,NKTR,SER,1090,85.52,29.55
P30414,NKTR,SER,1092,93.73,28.48
P30414,NKTR,THR,1094,124.38,27.2
P30414,NKTR,THR,1098,126.42,26.52
P30414,NKTR,CYS,1104,109.81,26.94
P30414,NKTR,SER,1114,92.09,28.45
P30414,NKTR,THR,1125,116.89,31.83
P30414,NKTR,CYS,1132,122.16,32.41
P30414,NKTR,THR,1133,96.94,43.19
P30414,NKTR,SER,1137,101.89,30.19
P30414,NKTR,SER,1138,96.1,41.34
P30414,NKTR,LYS,1141,111.24,31.02
P30414,NKTR,THR,1145,122.81,34.66
P30414,NKTR,SER,1146,101.39,29.81
P30414,NKTR,THR,1155,124.54,34.12
P30414,NKTR,LYS,1163,147.45,38.22
P30414,NKTR,THR,1168,114.69,28.56
P30414,NKTR,LYS,1177,169.32,28.78
P30414,NKTR,SER,1180,95.52,23.75
P30414,NKTR,SER,1181,101.6,24.52
P30414,NKTR,SER,1183,85.03,26.89
P30414,NKTR,SER,1185,74.12,27.42
P30414,NKTR,LYS,1186,179.78,28.64
P30414,NKTR,LYS,1193,181.3,36.81
P30414,NKTR,SER,1196,103.42,36.06
P30414,NKTR,SER,1197,108.18,29.62
P30414,NKTR,SER,1198,107.26,32.16
P30414,NKTR,SER,1200,88.55,29.0
P30414,NKTR,SER,1203,100.35,31.92
P30414,NKTR,SER,1207,84.8,27.88
P30414,NKTR,THR,1208,145.0,28.22
P30414,NKTR,LYS,1210,198.88,34.22
P30414,NKTR,LYS,1211,194.92,33.38
P30414,NKTR,LYS,1216,174.72,32.59
P30414,NKTR,SER,1217,119.31,34.59
P30414,NKTR,LYS,1224,116.41,38.66
P30414,NKTR,LYS,1225,120.18,39.19
P30414,NKTR,LYS,1227,177.95,46.59
P30414,NKTR,THR,1242,137.55,37.41
P30414,NKTR,SER,1243,113.11,41.16
P30414,NKTR,SER,1244,95.78,39.91
P30414,NKTR,LYS,1249,175.18,45.03
P30414,NKTR,THR,1252,112.81,33.0
P30414,NKTR,THR,1253,133.63,37.12
P30414,NKTR,LYS,1258,170.95,37.56
P30414,NKTR,LYS,1267,168.74,49.97
P30414,NKTR,SER,1268,92.56,55.12
P30414,NKTR,LYS,1269,201.53,51.34
P30414,NKTR,LYS,1271,210.35,47.5
P30414,NKTR,SER,1276,103.69,52.69
P30414,NKTR,LYS,1283,139.72,58.5
P30414,NKTR,THR,1284,110.03,56.25
P30414,NKTR,SER,1296,96.34,38.84
P30414,NKTR,SER,1297,110.46,35.72
P30414,NKTR,SER,1298,86.13,38.03
P30414,NKTR,THR,1302,118.81,37.97
P30414,NKTR,SER,1304,87.18,31.3
P30414,NKTR,SER,1309,107.95,34.72
P30414,NKTR,SER,1311,102.16,38.72
P30414,NKTR,SER,1313,109.67,36.19
P30414,NKTR,SER,1315,106.67,41.44
P30414,NKTR,SER,1317,89.01,32.59
P30414,NKTR,SER,1319,94.32,36.44
P30414,NKTR,LYS,1320,196.15,35.5
P30414,NKTR,SER,1321,97.13,38.84
P30414,NKTR,THR,1323,114.55,36.03
P30414,NKTR,LYS,1324,193.12,35.06
P30414,NKTR,SER,1325,82.11,35.16
P30414,NKTR,THR,1329,106.05,38.84
P30414,NKTR,SER,1331,91.19,35.19
P30414,NKTR,SER,1333,73.1,39.16
P30414,NKTR,TYR,1334,155.76,40.62
P30414,NKTR,SER,1335,81.07,38.97
P30414,NKTR,SER,1337,84.3,35.62
P30414,NKTR,SER,1339,100.19,32.78
P30414,NKTR,SER,1341,87.18,32.0
P30414,NKTR,SER,1343,69.12,33.72
P30414,NKTR,SER,1344,68.71,34.0
P30414,NKTR,THR,1345,96.02,36.75
P30414,NKTR,SER,1346,55.86,34.66
P30414,NKTR,SER,1347,56.1,31.55
P30414,NKTR,TYR,1348,188.79,34.88
P30414,NKTR,SER,1350,53.44,32.47
P30414,NKTR,SER,1352,74.77,35.94
P30414,NKTR,TYR,1353,206.85,39.38
P30414,NKTR,SER,1354,81.94,37.75
P30414,NKTR,SER,1356,97.67,34.16
P30414,NKTR,SER,1358,90.8,36.12
P30414,NKTR,TYR,1362,140.06,38.19
P30414,NKTR,SER,1363,73.72,34.94
P30414,NKTR,THR,1367,110.73,32.22
P30414,NKTR,SER,1369,89.34,31.72
P30414,NKTR,SER,1371,99.06,34.66
P30414,NKTR,SER,1372,109.96,33.03
P30414,NKTR,SER,1373,89.48,34.62
P30414,NKTR,TYR,1374,185.39,36.34
P30414,NKTR,SER,1376,69.16,31.5
P30414,NKTR,TYR,1377,180.74,35.22
P30414,NKTR,LYS,1378,181.95,33.44
P30414,NKTR,SER,1379,81.69,29.25
P30414,NKTR,THR,1382,115.5,29.44
P30414,NKTR,SER,1383,107.33,30.94
P30414,NKTR,SER,1384,78.42,31.41
P30414,NKTR,SER,1386,93.05,35.03
P30414,NKTR,SER,1388,98.84,35.0
P30414,NKTR,SER,1390,90.84,35.56
P30414,NKTR,SER,1391,106.55,35.84
P30414,NKTR,SER,1392,74.44,36.19
P30414,NKTR,TYR,1393,200.06,40.25
P30414,NKTR,SER,1397,104.25,31.78
P30414,NKTR,SER,1399,93.3,28.66
P30414,NKTR,SER,1401,82.8,30.12
P30414,NKTR,TYR,1402,211.79,33.31
P30414,NKTR,THR,1403,107.42,33.09
P30414,NKTR,TYR,1404,200.38,34.0
P30414,NKTR,SER,1406,90.21,34.69
P30414,NKTR,TYR,1407,184.49,33.28
P30414,NKTR,TYR,1408,180.17,38.78
P30414,NKTR,SER,1409,65.24,36.22
P30414,NKTR,SER,1411,96.29,38.03
P30414,NKTR,SER,1413,105.83,40.06
P30414,NKTR,SER,1415,95.99,38.78
P30414,NKTR,SER,1417,92.67,37.5
P30414,NKTR,SER,1420,90.99,34.34
P30414,NKTR,SER,1422,76.33,34.19
P30414,NKTR,TYR,1423,190.98,36.75
P30414,NKTR,SER,1428,71.72,34.19
P30414,NKTR,TYR,1429,215.71,37.91
P30414,NKTR,SER,1433,90.51,32.22
P30414,NKTR,SER,1435,99.2,35.88
P30414,NKTR,CYS,1436,120.12,34.53
P30414,NKTR,SER,1438,80.57,37.47
P30414,NKTR,TYR,1439,211.16,39.66
P30414,NKTR,SER,1441,102.15,39.84
P30414,NKTR,SER,1443,105.02,38.69
P30414,NKTR,SER,1445,104.86,38.84
P30414,NKTR,SER,1448,95.57,33.78
P30414,NKTR,TYR,1449,214.86,36.62
P30414,NKTR,SER,1450,85.43,37.41
P30414,NKTR,SER,1454,105.29,42.78
P30414,NKTR,SER,1456,100.96,41.5
P30414,NKTR,SER,1458,102.77,43.69
P30414,NKTR,SER,1459,96.79,45.72
P30414,NKTR,TYR,1461,215.2,44.5
P30414,NKTR,SER,1462,172.91,37.03
P30988,CALCR,THR,4,85.48,50.12
P30988,CALCR,THR,6,92.07,50.97
P30988,CALCR,SER,7,63.53,51.34
P30988,CALCR,CYS,9,49.78,52.84
P30988,CALCR,THR,20,103.56,40.59
P30988,CALCR,SER,27,89.29,30.86
P30988,CALCR,THR,30,135.88,27.73
P30988,CALCR,TYR,31,183.65,29.86
P30988,CALCR,THR,33,110.97,33.5
P30988,CALCR,LYS,37,129.98,42.34
P30988,CALCR,TYR,41,86.31,55.5
P30988,CALCR,LYS,46,168.68,77.25
P30988,CALCR,LYS,47,90.77,82.25
P30988,CALCR,TYR,53,160.55,93.75
P30988,CALCR,LYS,54,124.7,93.62
P30988,CALCR,TYR,56,104.18,95.12
P30988,CALCR,TYR,65,57.7,89.12
P30988,CALCR,TYR,71,81.26,94.0
P30988,CALCR,THR,75,36.55,94.0
P30988,CALCR,CYS,81,16.29,94.44
P30988,CALCR,SER,91,24.2,93.38
P30988,CALCR,TYR,92,133.06,93.94
P30988,CALCR,TYR,98,23.07,80.19
P30988,CALCR,SER,105,87.86,83.31
P30988,CALCR,LYS,107,99.0,90.25
P30988,CALCR,THR,109,36.29,93.69
P30988,CALCR,TYR,111,78.89,94.75
P30988,CALCR,LYS,115,173.58,92.44
P30988,CALCR,LYS,120,104.26,92.06
P30988,CALCR,THR,127,77.84,89.5
P30988,CALCR,SER,129,12.14,91.69
P30988,CALCR,TYR,131,37.15,88.88
P30988,CALCR,THR,132,107.95,86.19
P30988,CALCR,THR,138,49.69,74.88
P30988,CALCR,LYS,141,87.49,76.5
P30988,CALCR,LYS,143,142.45,86.0
P30988,CALCR,TYR,146,118.66,87.5
P30988,CALCR,TYR,149,47.15,90.12
P30988,CALCR,TYR,150,92.99,91.94
P30988,CALCR,SER,157,21.84,96.62
P30988,CALCR,THR,162,14.16,97.19
P30988,CALCR,SER,175,82.51,87.5
P30988,CALCR,CYS,178,53.61,85.56
P30988,CALCR,THR,182,42.71,91.94
P30988,CALCR,LYS,185,49.91,94.62
P30988,CALCR,SER,218,73.69,87.56
P30988,CALCR,LYS,220,26.97,89.12
P30988,CALCR,TYR,228,32.46,96.62
P30988,CALCR,TYR,234,34.71,95.31
P30988,CALCR,TYR,243,13.38,91.56
P30988,CALCR,THR,246,23.18,90.31
P30988,CALCR,THR,254,55.99,61.88
P30988,CALCR,LYS,256,197.55,67.19
P30988,CALCR,TYR,262,21.4,93.69
P30988,CALCR,TYR,263,83.7,95.0
P30988,CALCR,THR,275,46.46,94.94
P30988,CALCR,THR,280,27.27,90.75
P30988,CALCR,TYR,284,160.0,81.94
P30988,CALCR,SER,292,50.71,70.56
P30988,CALCR,THR,295,26.76,71.94
P30988,CALCR,TYR,299,160.17,89.75
P30988,CALCR,THR,325,75.12,84.0
P30988,CALCR,LYS,326,124.32,80.94
P30988,CALCR,THR,330,60.88,72.69
P30988,CALCR,SER,335,77.69,68.38
P30988,CALCR,TYR,338,136.93,73.62
P30988,CALCR,LYS,340,67.36,78.5
P30988,CALCR,LYS,343,109.66,84.19
P30988,CALCR,THR,345,33.87,80.06
P30988,CALCR,SER,364,123.82,82.69
P30988,CALCR,LYS,366,170.62,81.31
P30988,CALCR,LYS,370,63.38,86.25
P30988,CALCR,TYR,372,40.42,91.12
P30988,CALCR,TYR,374,67.93,91.0
P30988,CALCR,SER,378,39.85,91.44
P30988,CALCR,THR,389,40.72,92.38
P30988,CALCR,TYR,391,35.7,87.88
P30988,CALCR,CYS,394,74.5,90.69
P30988,CALCR,THR,400,87.56,93.81
P30988,CALCR,LYS,403,139.95,94.12
P30988,CALCR,LYS,410,112.79,93.31
P30988,CALCR,SER,422,76.36,54.41
P30988,CALCR,SER,425,81.39,61.31
P30988,CALCR,TYR,441,198.06,39.41
P30988,CALCR,CYS,443,125.95,34.25
P30988,CALCR,SER,459,102.07,30.03
P30988,CALCR,SER,472,59.06,34.44
P30988,CALCR,SER,473,48.98,32.38
P40337,VHL,TYR,23,212.58,53.53
P40337,VHL,SER,33,121.11,47.47
P40337,VHL,SER,38,121.17,46.94
P40337,VHL,SER,43,115.24,41.16
P40337,VHL,SER,68,24.46,96.44
P40337,VHL,CYS,77,18.02,98.75
P40337,VHL,TYR,98,78.78,98.44
P40337,VHL,THR,100,55.18,98.75
P40337,VHL,THR,105,53.68,98.69
P40337,VHL,TYR,112,91.18,98.0
P40337,VHL,THR,124,59.26,97.69
P40337,VHL,THR,133,68.35,98.19
P40337,VHL,SER,139,62.49,96.25
P40337,VHL,THR,152,27.99,98.88
P40337,VHL,TYR,156,45.9,98.25
P40337,VHL,THR,157,94.1,98.56
P40337,VHL,LYS,159,110.82,98.5
P40337,VHL,CYS,162,63.02,98.38
P40337,VHL,SER,168,86.73,97.69
P40337,VHL,LYS,171,139.73,98.06
P40337,VHL,SER,183,65.31,97.12
P40337,VHL,TYR,185,36.81,97.81
P40337,VHL,LYS,196,92.42,96.94
P40337,VHL,THR,202,33.3,96.19
P41273,TNFSF9,TYR,3,219.66,44.66
P41273,TNFSF9,SER,5,107.74,51.56
P41273,TNFSF9,SER,8,113.31,50.59
P41273,TNFSF9,CYS,24,109.35,46.12
P41273,TNFSF9,CYS,45,66.93,75.44
P41273,TNFSF9,CYS,51,82.35,46.03
P41273,TNFSF9,SER,56,114.78,47.5
P41273,TNFSF9,SER,61,115.09,41.31
P41273,TNFSF9,SER,64,112.72,39.91
P41273,TNFSF9,SER,67,111.53,37.62
P41273,TNFSF9,SER,77,80.41,38.22
P41273,TNFSF9,SER,108,24.39,96.69
P41273,TNFSF9,TYR,110,86.32,94.12
P41273,TNFSF9,SER,111,39.34,89.19
P41273,TNFSF9,SER,119,30.09,91.44
P41273,TNFSF9,THR,121,45.71,89.19
P41273,TNFSF9,SER,125,53.52,93.5
P41273,TNFSF9,TYR,126,30.12,95.62
P41273,TNFSF9,LYS,127,94.21,94.31
P41273,TNFSF9,THR,130,68.65,93.06
P41273,TNFSF9,LYS,131,62.41,95.94
P41273,TNFSF9,LYS,137,89.55,91.94
P41273,TNFSF9,TYR,142,61.44,96.5
P41273,TNFSF9,SER,158,29.53,92.88
P41273,TNFSF9,SER,160,19.07,95.94
P41273,TNFSF9,SER,162,26.82,97.12
P41273,TNFSF9,SER,172,124.31,39.34
P41273,TNFSF9,THR,182,82.77,97.44
P41273,TNFSF9,SER,189,72.88,85.5
P41273,TNFSF9,SER,190,126.5,76.38
P41273,TNFSF9,SER,195,61.64,94.88
P41273,TNFSF9,SER,207,19.71,92.94
P41273,TNFSF9,THR,218,17.13,94.25
P41273,TNFSF9,THR,229,25.23,96.56
P41273,TNFSF9,THR,241,49.8,85.81
P41273,TNFSF9,SER,250,94.58,51.19
P41273,TNFSF9,SER,253,113.97,58.09
P41743,PRKCI,THR,3,129.66,31.88
P41743,PRKCI,SER,7,122.21,25.53
P41743,PRKCI,SER,8,109.11,31.59
P41743,PRKCI,THR,9,121.2,25.59
P41743,PRKCI,SER,11,88.64,25.3
P41743,PRKCI,THR,13,137.94,24.45
P41743,PRKCI,SER,19,108.89,34.81
P41743,PRKCI,SER,23,82.26,54.34
P41743,PRKCI,LYS,29,32.42,89.44
P41743,PRKCI,TYR,31,25.13,89.75
P41743,PRKCI,TYR,32,19.81,90.0
P41743,PRKCI,SER,44,97.02,85.62
P41743,PRKCI,SER,46,55.91,93.69
P41743,PRKCI,CYS,51,20.39,92.0
P41743,PRKCI,CYS,58,10.75,89.19
P41743,PRKCI,SER,59,98.45,87.25
P41743,PRKCI,CYS,78,45.54,86.44
P41743,PRKCI,THR,79,51.89,90.69
P41743,PRKCI,SER,81,68.89,89.38
P41743,PRKCI,SER,82,42.96,92.12
P41743,PRKCI,TYR,93,35.71,81.31
P41743,PRKCI,LYS,97,181.47,78.75
P41743,PRKCI,SER,99,95.99,76.25
P41743,PRKCI,CYS,108,31.14,92.25
P41743,PRKCI,LYS,122,174.37,72.12
P41743,PRKCI,SER,123,16.44,68.62
P41743,PRKCI,TYR,125,30.33,74.56
P41743,PRKCI,LYS,134,81.7,83.88
P41743,PRKCI,TYR,136,36.5,91.94
P41743,PRKCI,CYS,137,16.52,92.62
P41743,PRKCI,THR,142,15.35,92.56
P41743,PRKCI,LYS,146,31.97,80.12
P41743,PRKCI,CYS,157,45.42,91.81
P41743,PRKCI,THR,158,104.61,90.56
P41743,PRKCI,TYR,169,11.12,92.94
P41743,PRKCI,LYS,170,61.51,91.94
P41743,PRKCI,CYS,174,23.03,90.69
P41743,PRKCI,LYS,175,95.9,91.38
P41743,PRKCI,LYS,180,90.88,87.31
P41743,PRKCI,LYS,181,159.44,87.69
P41743,PRKCI,LYS,184,97.71,88.19
P41743,PRKCI,THR,187,118.0,86.38
P41743,PRKCI,CYS,190,35.68,88.06
P41743,PRKCI,SER,194,108.06,46.66
P41743,PRKCI,SER,206,98.45,25.92
P41743,PRKCI,SER,207,115.77,32.31
P41743,PRKCI,SER,210,91.98,25.41
P41743,PRKCI,THR,215,128.89,26.56
P41743,PRKCI,TYR,219,185.94,18.8
P41743,PRKCI,SER,222,109.79,23.78
P41743,PRKCI,SER,223,99.98,28.56
P41743,PRKCI,SER,226,84.7,23.39
P41743,PRKCI,LYS,234,199.88,21.44
P41743,PRKCI,THR,239,121.76,30.02
P41743,PRKCI,SER,242,118.21,31.0
P41743,PRKCI,LYS,244,200.15,30.92
P41743,PRKCI,SER,246,96.61,44.19
P41743,PRKCI,SER,247,96.51,59.25
P41743,PRKCI,SER,248,74.02,77.12
P41743,PRKCI,SER,264,99.97,64.75
P41743,PRKCI,TYR,265,108.13,70.69
P41743,PRKCI,LYS,267,24.27,87.94
P41743,PRKCI,LYS,274,114.42,95.69
P41743,PRKCI,LYS,275,169.5,91.69
P41743,PRKCI,THR,276,41.03,91.81
P41743,PRKCI,TYR,280,20.25,96.69
P41743,PRKCI,LYS,283,19.96,94.88
P41743,PRKCI,LYS,286,53.9,85.56
P41743,PRKCI,THR,301,13.5,85.25
P41743,PRKCI,LYS,303,19.24,88.69
P41743,PRKCI,SER,310,33.92,85.44
P41743,PRKCI,THR,324,53.4,92.88
P41743,PRKCI,SER,326,10.97,89.5
P41743,PRKCI,TYR,334,35.84,95.88
P41743,PRKCI,LYS,349,113.49,93.81
P41743,PRKCI,TYR,368,31.8,97.12
P41743,PRKCI,LYS,380,36.16,96.25
P41743,PRKCI,SER,388,49.41,95.12
P41743,PRKCI,LYS,393,22.46,98.25
P41743,PRKCI,THR,395,19.54,95.19
P41743,PRKCI,LYS,401,71.46,89.31
P41743,PRKCI,THR,409,71.47,88.94
P41743,PRKCI,THR,410,12.7,84.44
P41743,PRKCI,SER,411,57.89,81.75
P41743,PRKCI,THR,412,38.94,80.12
P41743,PRKCI,CYS,414,15.03,79.81
P41743,PRKCI,THR,416,35.98,87.44
P41743,PRKCI,TYR,419,16.79,96.56
P41743,PRKCI,SER,433,15.13,96.81
P41743,PRKCI,SER,458,15.47,51.78
P41743,PRKCI,SER,459,98.5,52.44
P41743,PRKCI,THR,466,64.1,71.12
P41743,PRKCI,TYR,469,62.22,75.94
P41743,PRKCI,LYS,477,91.33,89.06
P41743,PRKCI,SER,484,94.55,95.31
P41743,PRKCI,SER,486,46.76,97.94
P41743,PRKCI,LYS,488,98.06,98.19
P41743,PRKCI,SER,491,42.86,98.38
P41743,PRKCI,LYS,494,140.49,98.12
P41743,PRKCI,SER,495,31.8,98.19
P41743,PRKCI,LYS,499,47.34,95.81
P41743,PRKCI,LYS,502,170.53,94.19
P41743,PRKCI,CYS,507,31.13,95.25
P41743,PRKCI,THR,511,61.87,91.56
P41743,PRKCI,LYS,533,66.88,97.12
P41743,PRKCI,LYS,540,145.65,95.81
P41743,PRKCI,SER,544,61.15,87.81
P41743,PRKCI,SER,554,68.98,88.5
P41743,PRKCI,THR,557,23.65,90.94
P41743,PRKCI,THR,564,67.66,80.94
P41743,PRKCI,LYS,573,170.81,82.62
P41743,PRKCI,SER,577,68.07,78.5
P41743,PRKCI,TYR,584,60.7,87.12
P41743,PRKCI,SER,591,64.64,52.16
P41743,PRKCI,CYS,595,115.81,38.78
P43489,TNFRSF4,CYS,2,119.95,44.62
P43489,TNFRSF4,CYS,13,138.86,47.81
P43489,TNFRSF4,SER,24,98.69,62.44
P43489,TNFRSF4,THR,25,113.14,63.75
P43489,TNFRSF4,THR,27,128.91,71.31
P43489,TNFRSF4,CYS,31,24.58,93.19
P43489,TNFRSF4,THR,35,28.8,97.25
P43489,TNFRSF4,TYR,36,17.18,95.19
P43489,TNFRSF4,SER,38,20.98,93.5
P43489,TNFRSF4,CYS,42,48.15,95.38
P43489,TNFRSF4,SER,54,51.48,97.44
P43489,TNFRSF4,SER,57,50.45,94.06
P43489,TNFRSF4,SER,59,113.13,92.94
P43489,TNFRSF4,THR,62,17.47,97.88
P43489,TNFRSF4,CYS,64,47.05,98.69
P43489,TNFRSF4,CYS,67,14.86,98.81
P43489,TNFRSF4,SER,77,13.01,97.31
P43489,TNFRSF4,SER,78,27.24,96.88
P43489,TNFRSF4,LYS,79,126.79,98.12
P43489,TNFRSF4,CYS,81,25.27,98.75
P43489,TNFRSF4,LYS,82,75.97,98.5
P43489,TNFRSF4,CYS,84,11.0,98.62
P43489,TNFRSF4,THR,85,22.47,98.31
P43489,TNFRSF4,CYS,87,16.42,98.38
P43489,TNFRSF4,SER,91,25.43,97.75
P43489,TNFRSF4,LYS,96,119.49,98.12
P43489,TNFRSF4,CYS,99,18.07,98.31
P43489,TNFRSF4,THR,100,64.13,98.56
P43489,TNFRSF4,THR,102,73.89,98.62
P43489,TNFRSF4,THR,105,15.19,98.56
P43489,TNFRSF4,SER,118,113.78,91.25
P43489,TNFRSF4,TYR,119,178.24,91.0
P43489,TNFRSF4,LYS,120,83.5,94.38
P43489,TNFRSF4,CYS,125,10.21,98.5
P43489,TNFRSF4,CYS,128,17.48,98.5
P43489,TNFRSF4,CYS,141,18.12,98.56
P43489,TNFRSF4,LYS,142,110.52,98.56
P43489,TNFRSF4,THR,145,62.62,97.81
P43489,TNFRSF4,THR,148,114.67,95.38
P43489,TNFRSF4,LYS,152,71.18,95.75
P43489,TNFRSF4,THR,154,54.61,96.44
P43489,TNFRSF4,SER,159,41.64,98.5
P43489,TNFRSF4,SER,161,44.15,98.38
P43489,TNFRSF4,SER,162,39.69,98.44
P43489,TNFRSF4,CYS,166,34.68,97.12
P43489,TNFRSF4,THR,174,124.23,46.88
P43489,TNFRSF4,THR,179,126.06,42.94
P43489,TNFRSF4,THR,188,120.75,43.44
P43489,TNFRSF4,THR,192,115.44,39.97
P43489,TNFRSF4,THR,198,134.44,47.66
P43489,TNFRSF4,SER,199,104.09,46.72
P43489,TNFRSF4,SER,203,112.19,43.38
P43489,TNFRSF4,THR,204,138.19,43.34
P43489,TNFRSF4,TYR,238,133.15,89.44
P43489,TNFRSF4,LYS,252,195.61,43.97
P43489,TNFRSF4,SER,258,105.53,49.16
P43489,TNFRSF4,THR,261,124.86,64.0
P43489,TNFRSF4,SER,272,110.07,52.53
P43489,TNFRSF4,THR,273,127.43,50.22
P43489,TNFRSF4,LYS,276,192.19,50.78
P50391,NPY4R,THR,3,99.22,38.81
P50391,NPY4R,SER,4,48.93,44.56
P50391,NPY4R,LYS,13,208.41,31.59
P50391,NPY4R,SER,14,103.98,32.97
P50391,NPY4R,SER,21,100.99,32.44
P50391,NPY4R,LYS,22,198.83,29.22
P50391,NPY4R,THR,26,110.9,28.52
P50391,NPY4R,TYR,28,199.97,30.0
P50391,NPY4R,SER,31,91.81,38.62
P50391,NPY4R,CYS,34,66.99,66.44
P50391,NPY4R,SER,37,53.38,81.81
P50391,NPY4R,THR,46,67.09,92.44
P50391,NPY4R,SER,47,19.91,94.31
P50391,NPY4R,SER,49,52.87,92.06
P50391,NPY4R,THR,52,23.46,94.88
P50391,NPY4R,CYS,61,42.28,91.38
P50391,NPY4R,CYS,64,44.71,88.25
P50391,NPY4R,LYS,70,169.3,55.75
P50391,NPY4R,LYS,72,127.09,56.75
P50391,NPY4R,THR,98,16.28,91.62
P50391,NPY4R,TYR,101,64.22,91.06
P50391,NPY4R,THR,102,10.67,86.94
P50391,NPY4R,TYR,106,31.94,90.81
P50391,NPY4R,THR,112,96.11,97.25
P50391,NPY4R,LYS,115,50.78,97.56
P50391,NPY4R,THR,147,139.64,90.06
P50391,NPY4R,LYS,150,125.26,92.06
P50391,NPY4R,SER,152,49.38,94.38
P50391,NPY4R,SER,154,86.25,95.44
P50391,NPY4R,TYR,157,120.95,97.75
P50391,NPY4R,CYS,168,42.68,98.5
P50391,NPY4R,LYS,186,189.59,56.44
P50391,NPY4R,SER,189,80.37,60.75
P50391,NPY4R,LYS,190,186.02,60.91
P50391,NPY4R,LYS,198,55.35,89.94
P50391,NPY4R,CYS,201,29.17,95.38
P50391,NPY4R,THR,202,47.38,93.25
P50391,NPY4R,SER,204,53.73,95.12
P50391,NPY4R,THR,212,32.31,96.12
P50391,NPY4R,TYR,214,22.04,97.81
P50391,NPY4R,THR,215,19.45,97.5
P50391,NPY4R,THR,216,41.52,98.0
P50391,NPY4R,TYR,223,20.87,98.5
P50391,NPY4R,CYS,224,54.25,98.5
P50391,NPY4R,TYR,234,22.64,96.62
P50391,NPY4R,TYR,238,135.13,93.56
P50391,NPY4R,CYS,240,24.81,91.31
P50391,NPY4R,LYS,250,182.07,54.81
P50391,NPY4R,THR,252,110.45,58.59
P50391,NPY4R,TYR,253,149.39,62.53
P50391,NPY4R,SER,254,67.78,70.62
P50391,NPY4R,LYS,261,133.78,84.75
P50391,NPY4R,CYS,298,35.02,79.5
P50391,NPY4R,CYS,307,13.52,96.25
P50391,NPY4R,CYS,316,10.63,92.31
P50391,NPY4R,TYR,322,10.71,83.19
P50391,NPY4R,THR,327,77.44,69.44
P50391,NPY4R,LYS,330,85.52,75.75
P50391,NPY4R,LYS,331,144.33,76.69
P50391,NPY4R,LYS,334,141.89,80.69
P50391,NPY4R,THR,339,70.5,80.44
P50391,NPY4R,CYS,340,83.82,79.69
P50391,NPY4R,SER,343,82.69,62.91
P50391,NPY4R,SER,349,87.58,43.44
P50391,NPY4R,SER,355,84.73,40.34
P50391,NPY4R,THR,356,113.59,38.44
P50391,NPY4R,THR,359,107.28,38.19
P50391,NPY4R,SER,362,108.1,44.56
P50391,NPY4R,LYS,363,186.01,37.09
P50391,NPY4R,SER,365,124.15,43.75
P50391,NPY4R,SER,369,117.76,41.19
P50391,NPY4R,SER,372,100.09,42.28
P50607,TUB,THR,2,139.87,39.03
P50607,TUB,SER,3,113.18,43.62
P50607,TUB,LYS,4,200.99,41.91
P50607,TUB,SER,7,91.52,47.44
P50607,TUB,TYR,12,217.9,46.0
P50607,TUB,SER,13,86.48,51.38
P50607,TUB,LYS,26,133.29,84.25
P50607,TUB,LYS,37,138.86,83.44
P50607,TUB,LYS,39,115.89,79.56
P50607,TUB,LYS,40,148.07,75.75
P50607,TUB,LYS,41,138.1,70.62
P50607,TUB,SER,58,100.09,43.38
P50607,TUB,SER,64,86.72,35.19
P50607,TUB,SER,73,97.4,35.53
P50607,TUB,TYR,74,191.67,44.5
P50607,TUB,SER,76,112.28,37.75
P50607,TUB,SER,77,96.86,35.22
P50607,TUB,SER,78,115.76,33.88
P50607,TUB,SER,80,114.7,33.12
P50607,TUB,THR,81,116.74,37.28
P50607,TUB,SER,82,99.7,35.78
P50607,TUB,TYR,83,204.56,37.06
P50607,TUB,SER,90,101.92,43.06
P50607,TUB,SER,93,99.66,40.59
P50607,TUB,THR,99,137.05,45.09
P50607,TUB,THR,102,128.75,42.22
P50607,TUB,SER,106,118.06,47.62
P50607,TUB,LYS,108,194.01,43.84
P50607,TUB,THR,110,125.16,37.97
P50607,TUB,LYS,111,201.75,48.06
P50607,TUB,THR,115,126.61,43.12
P50607,TUB,LYS,125,202.83,41.62
P50607,TUB,LYS,127,196.87,40.5
P50607,TUB,LYS,128,205.7,35.56
P50607,TUB,LYS,130,172.59,40.81
P50607,TUB,LYS,132,189.14,42.81
P50607,TUB,THR,134,141.43,41.75
P50607,TUB,SER,135,115.67,35.62
P50607,TUB,LYS,144,190.12,30.62
P50607,TUB,SER,145,111.06,35.81
P50607,TUB,THR,155,100.87,37.75
P50607,TUB,SER,159,99.87,33.16
P50607,TUB,THR,168,132.82,29.23
P50607,TUB,SER,177,95.73,37.25
P50607,TUB,THR,184,72.27,56.34
P50607,TUB,LYS,188,151.54,54.69
P50607,TUB,SER,191,106.75,40.0
P50607,TUB,SER,192,116.7,34.09
P50607,TUB,SER,193,96.69,38.81
P50607,TUB,SER,195,110.73,35.91
P50607,TUB,SER,207,107.19,39.94
P50607,TUB,SER,208,111.25,38.25
P50607,TUB,SER,209,105.79,35.12
P50607,TUB,SER,210,101.5,39.78
P50607,TUB,SER,211,100.64,45.47
P50607,TUB,SER,215,100.2,41.75
P50607,TUB,THR,217,131.88,41.84
P50607,TUB,SER,220,111.91,39.5
P50607,TUB,SER,221,112.55,55.28
P50607,TUB,THR,223,136.76,45.94
P50607,TUB,SER,224,120.71,55.91
P50607,TUB,LYS,226,190.6,44.56
P50607,TUB,SER,227,100.84,58.47
P50607,TUB,SER,233,122.75,48.28
P50607,TUB,SER,236,99.74,44.75
P50607,TUB,THR,238,133.23,46.19
P50607,TUB,THR,264,57.32,97.06
P50607,TUB,LYS,266,79.35,97.06
P50607,TUB,THR,270,46.78,97.19
P50607,TUB,LYS,273,76.67,90.12
P50607,TUB,LYS,274,193.7,80.69
P50607,TUB,TYR,281,68.09,88.06
P50607,TUB,THR,283,18.33,95.0
P50607,TUB,LYS,294,138.11,89.06
P50607,TUB,LYS,295,129.47,89.75
P50607,TUB,LYS,303,43.54,93.81
P50607,TUB,LYS,305,94.93,87.19
P50607,TUB,LYS,306,210.37,87.0
P50607,TUB,SER,307,40.89,89.44
P50607,TUB,LYS,308,197.82,90.12
P50607,TUB,THR,309,16.31,92.62
P50607,TUB,THR,319,124.03,91.0
P50607,TUB,SER,322,55.07,83.62
P50607,TUB,SER,327,24.28,94.0
P50607,TUB,TYR,328,21.93,95.75
P50607,TUB,LYS,331,32.06,97.5
P50607,TUB,THR,339,11.25,91.38
P50607,TUB,LYS,340,55.36,95.19
P50607,TUB,THR,342,11.42,98.38
P50607,TUB,TYR,344,20.08,98.12
P50607,TUB,LYS,352,146.66,88.06
P50607,TUB,SER,354,58.75,85.19
P50607,TUB,SER,355,99.47,80.56
P50607,TUB,SER,356,75.02,78.12
P50607,TUB,THR,357,26.8,76.75
P50607,TUB,SER,360,76.39,70.0
P50607,TUB,THR,362,71.08,88.44
P50607,TUB,CYS,371,15.25,95.25
P50607,TUB,TYR,372,11.09,91.81
P50607,TUB,THR,374,49.95,76.69
P50607,TUB,LYS,380,197.0,55.03
P50607,TUB,LYS,384,104.79,88.06
P50607,TUB,SER,400,56.18,95.06
P50607,TUB,THR,409,31.2,96.75
P50607,TUB,LYS,417,138.19,94.69
P50607,TUB,THR,419,80.19,90.94
P50607,TUB,SER,421,16.57,94.69
P50607,TUB,LYS,428,47.31,95.38
P50607,TUB,THR,429,99.71,92.38
P50607,TUB,THR,436,83.01,87.94
P50607,TUB,SER,438,42.32,85.06
P50607,TUB,TYR,439,130.76,86.44
P50607,TUB,THR,448,95.85,92.0
P50607,TUB,SER,451,34.47,86.12
P50607,TUB,LYS,453,42.38,87.5
P50607,TUB,TYR,465,81.5,97.56
P50607,TUB,TYR,484,21.48,98.5
P50607,TUB,SER,501,82.04,63.38
P50607,TUB,LYS,502,48.52,67.38
P54826,GAS1,THR,16,133.58,61.03
P54826,GAS1,CYS,23,77.52,81.44
P54826,GAS1,SER,33,86.79,59.75
P54826,GAS1,SER,38,98.51,45.47
P54826,GAS1,CYS,48,20.05,92.38
P54826,GAS1,SER,62,29.93,95.19
P54826,GAS1,TYR,63,143.49,96.06
P54826,GAS1,TYR,65,53.02,94.44
P54826,GAS1,TYR,68,23.62,93.44
P54826,GAS1,SER,95,92.7,45.22
P54826,GAS1,SER,98,85.48,41.09
P54826,GAS1,SER,100,115.6,46.75
P54826,GAS1,SER,101,91.45,41.88
P54826,GAS1,CYS,105,16.55,80.62
P54826,GAS1,SER,107,76.59,82.81
P54826,GAS1,SER,111,53.32,89.69
P54826,GAS1,THR,119,22.21,90.25
P54826,GAS1,CYS,130,11.26,92.5
P54826,GAS1,CYS,136,24.06,92.31
P54826,GAS1,LYS,137,61.26,92.19
P54826,GAS1,SER,138,22.39,90.38
P54826,GAS1,THR,139,41.04,89.94
P54826,GAS1,LYS,140,74.23,89.75
P54826,GAS1,THR,150,67.58,44.62
P54826,GAS1,SER,151,67.69,39.38
P54826,GAS1,CYS,166,12.99,90.25
P54826,GAS1,THR,167,58.23,89.75
P54826,GAS1,SER,177,96.45,96.0
P54826,GAS1,SER,184,53.74,95.5
P54826,GAS1,TYR,186,29.7,95.06
P54826,GAS1,THR,188,102.62,95.81
P54826,GAS1,TYR,189,108.4,95.75
P54826,GAS1,LYS,192,94.66,93.25
P54826,GAS1,CYS,199,18.4,94.94
P54826,GAS1,THR,200,16.03,94.56
P54826,GAS1,THR,205,78.43,94.62
P54826,GAS1,LYS,215,79.18,88.56
P54826,GAS1,CYS,224,15.63,90.12
P54826,GAS1,CYS,232,24.47,92.56
P54826,GAS1,SER,234,49.52,93.19
P54826,GAS1,LYS,236,63.64,90.62
P54826,GAS1,SER,254,107.86,44.78
P54826,GAS1,SER,255,126.03,46.62
P54826,GAS1,SER,257,114.42,46.12
P54826,GAS1,TYR,264,197.81,56.81
P54826,GAS1,TYR,265,196.19,53.84
P54826,GAS1,TYR,269,201.32,59.12
P54826,GAS1,THR,275,122.95,47.0
P54826,GAS1,SER,298,123.09,51.22
P54826,GAS1,SER,303,111.43,50.44
P54826,GAS1,TYR,311,214.65,51.06
P54826,GAS1,SER,317,93.55,45.06
P54826,GAS1,SER,318,118.9,46.41
P54826,GAS1,THR,331,121.08,56.41
P54826,GAS1,SER,335,69.37,63.19
P54855,UGT2B15,SER,2,65.95,76.12
P54855,UGT2B15,LYS,4,169.06,75.69
P54855,UGT2B15,THR,6,59.24,78.19
P54855,UGT2B15,SER,7,54.28,79.75
P54855,UGT2B15,SER,15,68.78,64.31
P54855,UGT2B15,CYS,16,101.6,63.0
P54855,UGT2B15,TYR,17,174.49,61.03
P54855,UGT2B15,SER,19,102.64,51.22
P54855,UGT2B15,SER,20,102.52,52.78
P54855,UGT2B15,SER,22,59.82,63.94
P54855,UGT2B15,CYS,23,92.5,86.12
P54855,UGT2B15,LYS,25,73.9,97.62
P54855,UGT2B15,THR,31,11.8,93.5
P54855,UGT2B15,TYR,33,60.52,88.38
P54855,UGT2B15,SER,34,33.0,86.88
P54855,UGT2B15,LYS,40,52.34,94.0
P54855,UGT2B15,THR,41,14.93,94.62
P54855,UGT2B15,THR,54,12.21,96.56
P54855,UGT2B15,SER,59,59.5,91.88
P54855,UGT2B15,THR,62,32.08,81.31
P54855,UGT2B15,LYS,68,173.83,60.03
P54855,UGT2B15,SER,69,119.09,59.12
P54855,UGT2B15,SER,70,30.52,70.12
P54855,UGT2B15,LYS,73,110.55,92.81
P54855,UGT2B15,THR,79,23.57,92.38
P54855,UGT2B15,SER,80,90.73,87.31
P54855,UGT2B15,THR,82,82.86,87.75
P54855,UGT2B15,LYS,83,69.4,87.19
P54855,UGT2B15,TYR,85,124.43,87.94
P54855,UGT2B15,SER,89,25.65,87.56
P54855,UGT2B15,LYS,92,129.37,90.88
P54855,UGT2B15,TYR,99,124.76,86.75
P54855,UGT2B15,SER,102,39.68,79.38
P54855,UGT2B15,LYS,103,78.88,79.62
P54855,UGT2B15,THR,105,75.8,86.25
P54855,UGT2B15,SER,108,44.51,89.38
P54855,UGT2B15,TYR,109,26.05,91.19
P54855,UGT2B15,SER,111,55.49,91.75
P54855,UGT2B15,CYS,117,12.04,94.62
P54855,UGT2B15,TYR,120,37.13,92.38
P54855,UGT2B15,TYR,123,34.97,89.44
P54855,UGT2B15,LYS,126,80.57,94.38
P54855,UGT2B15,LYS,129,54.73,97.19
P54855,UGT2B15,LYS,135,169.94,96.75
P54855,UGT2B15,LYS,136,175.34,97.62
P54855,UGT2B15,LYS,140,104.79,98.06
P54855,UGT2B15,SER,144,34.39,96.88
P54855,UGT2B15,LYS,145,163.11,96.06
P54855,UGT2B15,TYR,179,13.05,96.31
P54855,UGT2B15,THR,180,12.93,95.62
P54855,UGT2B15,LYS,183,42.48,94.94
P54855,UGT2B15,SER,193,63.48,96.06
P54855,UGT2B15,TYR,194,90.65,96.12
P54855,UGT2B15,SER,203,27.43,96.44
P54855,UGT2B15,LYS,213,89.1,96.94
P54855,UGT2B15,TYR,220,13.89,95.75
P54855,UGT2B15,LYS,231,163.59,93.88
P54855,UGT2B15,LYS,232,69.8,95.5
P54855,UGT2B15,SER,238,27.73,98.69
P54855,UGT2B15,THR,245,11.02,97.31
P54855,UGT2B15,THR,246,57.57,96.56
P54855,UGT2B15,LYS,253,50.19,96.5
P54855,UGT2B15,TYR,262,41.82,97.25
P54855,UGT2B15,CYS,283,13.83,97.56
P54855,UGT2B15,LYS,284,91.17,96.12
P54855,UGT2B15,LYS,287,134.19,97.81
P54855,UGT2B15,LYS,291,162.89,97.94
P54855,UGT2B15,SER,299,70.96,98.31
P54855,UGT2B15,SER,312,34.63,85.19
P54855,UGT2B15,SER,315,42.13,83.62
P54855,UGT2B15,SER,318,60.09,91.56
P54855,UGT2B15,SER,321,15.71,95.0
P54855,UGT2B15,SER,327,34.7,98.62
P54855,UGT2B15,LYS,335,46.21,98.88
P54855,UGT2B15,LYS,343,132.86,94.88
P54855,UGT2B15,LYS,344,137.75,96.88
P54855,UGT2B15,THR,347,61.85,98.31
P54855,UGT2B15,SER,350,114.49,97.0
P54855,UGT2B15,TYR,355,44.81,97.12
P54855,UGT2B15,LYS,356,144.5,94.81
P54855,UGT2B15,LYS,368,43.36,98.62
P54855,UGT2B15,LYS,370,80.78,98.81
P54855,UGT2B15,THR,378,14.98,97.69
P54855,UGT2B15,TYR,386,36.79,98.75
P54855,UGT2B15,LYS,408,100.57,98.31
P54855,UGT2B15,LYS,410,44.02,97.94
P54855,UGT2B15,SER,415,42.43,98.5
P54855,UGT2B15,THR,420,112.34,91.94
P54855,UGT2B15,SER,422,50.39,97.44
P54855,UGT2B15,SER,423,25.4,98.12
P54855,UGT2B15,LYS,431,98.74,98.81
P54855,UGT2B15,SER,432,43.16,98.81
P54855,UGT2B15,TYR,439,33.44,98.88
P54855,UGT2B15,LYS,440,80.25,98.69
P54855,UGT2B15,LYS,445,120.8,98.81
P54855,UGT2B15,LYS,456,148.15,96.69
P54855,UGT2B15,LYS,472,177.86,95.62
P54855,UGT2B15,LYS,475,144.29,94.31
P54855,UGT2B15,THR,485,81.27,92.5
P54855,UGT2B15,TYR,489,99.56,93.06
P54855,UGT2B15,SER,491,48.58,97.5
P54855,UGT2B15,CYS,501,54.66,98.5
P54855,UGT2B15,THR,504,73.91,97.88
P54855,UGT2B15,THR,510,63.19,95.06
P54855,UGT2B15,LYS,511,112.47,93.69
P54855,UGT2B15,CYS,513,51.91,91.31
P54855,UGT2B15,CYS,516,46.38,85.75
P54855,UGT2B15,LYS,519,126.85,74.75
P54855,UGT2B15,LYS,522,155.88,62.97
P54855,UGT2B15,LYS,523,154.43,59.75
P54855,UGT2B15,LYS,525,173.37,56.5
P54855,UGT2B15,LYS,526,177.33,55.0
P54855,UGT2B15,LYS,527,179.87,56.03
P54855,UGT2B15,LYS,528,193.3,53.94
P55291,CDH15,SER,15,98.29,33.88
P55291,CDH15,CYS,17,130.68,30.33
P55291,CDH15,SER,19,109.78,38.56
P55291,CDH15,THR,29,122.56,39.0
P55291,CDH15,THR,30,104.65,41.25
P55291,CDH15,TYR,32,170.71,42.81
P55291,CDH15,SER,41,86.4,45.88
P55291,CDH15,SER,53,80.29,94.38
P55291,CDH15,SER,55,48.14,94.38
P55291,CDH15,LYS,59,175.16,89.88
P55291,CDH15,TYR,63,78.38,94.19
P55291,CDH15,LYS,69,132.0,90.19
P55291,CDH15,SER,70,11.53,88.25
P55291,CDH15,LYS,72,69.13,81.19
P55291,CDH15,SER,77,65.04,79.88
P55291,CDH15,SER,81,33.31,94.38
P55291,CDH15,SER,96,41.79,96.06
P55291,CDH15,LYS,99,113.25,92.88
P55291,CDH15,THR,101,56.98,91.62
P55291,CDH15,LYS,103,85.46,95.38
P55291,CDH15,LYS,114,164.34,93.88
P55291,CDH15,THR,115,40.67,93.75
P55291,CDH15,SER,130,66.5,86.75
P55291,CDH15,THR,131,80.01,88.38
P55291,CDH15,THR,136,51.23,90.31
P55291,CDH15,THR,158,105.41,96.44
P55291,CDH15,THR,169,41.49,96.31
P55291,CDH15,TYR,170,116.39,96.69
P55291,CDH15,THR,172,16.58,96.56
P55291,CDH15,THR,177,72.16,96.38
P55291,CDH15,THR,184,53.31,94.0
P55291,CDH15,SER,192,45.23,96.88
P55291,CDH15,SER,198,111.4,77.5
P55291,CDH15,SER,203,49.31,95.38
P55291,CDH15,THR,208,54.82,95.75
P55291,CDH15,TYR,226,26.77,94.0
P55291,CDH15,THR,229,45.74,96.75
P55291,CDH15,SER,236,49.3,93.0
P55291,CDH15,THR,241,53.03,96.62
P55291,CDH15,THR,243,85.58,97.06
P55291,CDH15,SER,245,40.66,96.44
P55291,CDH15,THR,249,46.84,96.44
P55291,CDH15,THR,261,45.38,94.69
P55291,CDH15,SER,274,64.22,86.44
P55291,CDH15,SER,291,16.51,93.88
P55291,CDH15,THR,299,58.45,96.25
P55291,CDH15,THR,310,60.92,95.94
P55291,CDH15,THR,313,40.11,96.44
P55291,CDH15,LYS,316,184.84,88.69
P55291,CDH15,THR,317,69.88,93.31
P55291,CDH15,LYS,326,106.26,92.25
P55291,CDH15,TYR,330,18.83,92.56
P55291,CDH15,SER,332,88.43,90.5
P55291,CDH15,CYS,333,44.64,91.31
P55291,CDH15,TYR,336,21.09,94.88
P55291,CDH15,LYS,339,68.2,96.81
P55291,CDH15,LYS,361,83.82,96.69
P55291,CDH15,THR,369,55.97,89.62
P55291,CDH15,THR,382,29.84,93.62
P55291,CDH15,SER,383,56.49,93.0
P55291,CDH15,THR,392,40.28,93.62
P55291,CDH15,THR,396,79.79,93.56
P55291,CDH15,SER,398,58.61,91.25
P55291,CDH15,THR,404,85.39,81.12
P55291,CDH15,SER,411,51.23,94.56
P55291,CDH15,TYR,412,14.56,95.81
P55291,CDH15,SER,413,55.42,94.88
P55291,CDH15,LYS,414,76.49,93.31
P55291,CDH15,TYR,416,99.47,94.56
P55291,CDH15,THR,428,75.29,91.94
P55291,CDH15,SER,438,48.25,80.69
P55291,CDH15,SER,441,11.49,83.81
P55291,CDH15,LYS,445,138.2,84.81
P55291,CDH15,SER,460,116.51,84.94
P55291,CDH15,THR,464,61.9,94.38
P55291,CDH15,THR,466,76.22,96.06
P55291,CDH15,THR,468,40.93,96.12
P55291,CDH15,SER,470,10.39,94.44
P55291,CDH15,SER,490,64.54,78.25
P55291,CDH15,THR,506,70.61,91.62
P55291,CDH15,SER,533,32.73,89.44
P55291,CDH15,SER,535,57.51,90.25
P55291,CDH15,SER,540,26.33,91.06
P55291,CDH15,SER,558,24.35,89.44
P55291,CDH15,SER,564,42.04,89.81
P55291,CDH15,THR,578,62.49,86.81
P55291,CDH15,CYS,580,19.57,85.44
P55291,CDH15,LYS,584,213.13,76.19
P55291,CDH15,CYS,588,37.44,77.38
P55291,CDH15,THR,600,147.24,42.19
P55291,CDH15,SER,603,69.53,67.06
P55291,CDH15,SER,613,56.21,89.06
P55291,CDH15,LYS,632,179.99,53.59
P55291,CDH15,SER,634,92.63,54.12
P55291,CDH15,LYS,637,203.41,40.44
P55291,CDH15,TYR,654,230.59,39.06
P55291,CDH15,TYR,667,170.79,44.28
P55291,CDH15,SER,670,79.37,53.62
P55291,CDH15,THR,676,130.35,38.78
P55291,CDH15,SER,679,106.5,34.38
P55291,CDH15,THR,706,130.84,72.56
P55291,CDH15,SER,707,40.08,71.12
P55291,CDH15,SER,724,79.65,77.62
P55291,CDH15,SER,727,93.68,76.94
P55291,CDH15,TYR,731,165.36,58.84
P55291,CDH15,THR,733,41.14,56.19
P55291,CDH15,TYR,737,177.54,52.34
P55291,CDH15,TYR,739,187.98,43.19
P55291,CDH15,SER,744,95.41,38.53
P55291,CDH15,THR,748,113.75,40.22
P55291,CDH15,SER,750,109.26,38.28
P55291,CDH15,SER,751,105.56,39.41
P55291,CDH15,SER,754,108.22,33.0
P55291,CDH15,SER,755,103.91,37.44
P55291,CDH15,TYR,763,65.84,70.56
P55291,CDH15,TYR,765,118.97,81.06
P55291,CDH15,TYR,780,115.01,74.06
P55291,CDH15,CYS,784,120.51,35.88
P55291,CDH15,TYR,788,220.72,33.94
P55291,CDH15,SER,801,98.78,36.09
P55291,CDH15,THR,813,128.54,49.94
P56373,P2RX3,CYS,3,109.39,68.0
P56373,P2RX3,SER,5,65.57,72.69
P56373,P2RX3,THR,9,96.65,86.25
P56373,P2RX3,TYR,10,193.19,85.06
P56373,P2RX3,THR,12,109.82,87.56
P56373,P2RX3,THR,13,124.81,86.69
P56373,P2RX3,LYS,14,212.31,87.94
P56373,P2RX3,SER,15,88.81,85.44
P56373,P2RX3,LYS,19,196.81,87.0
P56373,P2RX3,SER,20,27.95,86.94
P56373,P2RX3,THR,22,72.8,87.75
P56373,P2RX3,SER,36,60.56,96.06
P56373,P2RX3,TYR,37,120.34,96.62
P56373,P2RX3,LYS,47,54.91,95.75
P56373,P2RX3,TYR,49,48.37,96.25
P56373,P2RX3,THR,54,101.99,95.06
P56373,P2RX3,SER,58,59.0,96.0
P56373,P2RX3,SER,59,63.86,96.5
P56373,P2RX3,LYS,63,116.89,97.38
P56373,P2RX3,LYS,65,132.18,96.75
P56373,P2RX3,SER,67,73.93,97.12
P56373,P2RX3,TYR,70,11.79,94.25
P56373,P2RX3,SER,78,91.49,96.5
P56373,P2RX3,THR,82,38.66,96.94
P56373,P2RX3,THR,87,64.51,96.19
P56373,P2RX3,SER,88,39.74,96.56
P56373,P2RX3,LYS,95,14.96,96.5
P56373,P2RX3,THR,99,14.89,95.81
P56373,P2RX3,CYS,107,13.33,95.94
P56373,P2RX3,LYS,113,124.81,88.62
P56373,P2RX3,SER,118,53.34,94.44
P56373,P2RX3,SER,120,101.14,92.0
P56373,P2RX3,THR,134,49.93,93.19
P56373,P2RX3,TYR,140,88.29,94.0
P56373,P2RX3,SER,141,48.79,93.31
P56373,P2RX3,SER,142,121.24,93.12
P56373,P2RX3,CYS,153,17.18,95.88
P56373,P2RX3,THR,155,12.75,94.25
P56373,P2RX3,THR,159,104.1,80.81
P56373,P2RX3,THR,162,30.69,90.62
P56373,P2RX3,THR,172,44.54,97.0
P56373,P2RX3,LYS,176,84.59,96.5
P56373,P2RX3,SER,178,55.25,95.94
P56373,P2RX3,LYS,188,12.09,94.25
P56373,P2RX3,THR,196,70.9,93.5
P56373,P2RX3,LYS,201,180.27,88.81
P56373,P2RX3,THR,202,95.73,91.75
P56373,P2RX3,CYS,203,24.67,93.75
P56373,P2RX3,LYS,209,171.9,90.25
P56373,P2RX3,LYS,223,142.79,97.19
P56373,P2RX3,LYS,231,109.12,94.44
P56373,P2RX3,THR,235,30.25,93.81
P56373,P2RX3,LYS,242,75.51,97.19
P56373,P2RX3,LYS,251,121.93,95.06
P56373,P2RX3,LYS,259,150.07,95.38
P56373,P2RX3,TYR,260,13.86,96.06
P56373,P2RX3,SER,261,41.48,96.19
P56373,P2RX3,THR,263,50.39,97.06
P56373,P2RX3,SER,267,61.98,88.31
P56373,P2RX3,SER,269,10.45,86.19
P56373,P2RX3,LYS,271,184.14,87.38
P56373,P2RX3,SER,272,34.35,87.56
P56373,P2RX3,SER,273,115.05,85.0
P56373,P2RX3,SER,275,62.67,87.88
P56373,P2RX3,TYR,278,40.05,95.44
P56373,P2RX3,LYS,284,89.11,96.75
P56373,P2RX3,TYR,285,138.24,96.56
P56373,P2RX3,TYR,286,95.53,96.56
P56373,P2RX3,LYS,287,142.54,94.62
P56373,P2RX3,SER,292,40.05,92.94
P56373,P2RX3,TYR,294,50.99,96.81
P56373,P2RX3,LYS,299,13.67,96.31
P56373,P2RX3,TYR,310,91.08,96.75
P56373,P2RX3,LYS,315,89.96,97.0
P56373,P2RX3,THR,321,25.89,96.56
P56373,P2RX3,SER,324,14.83,95.69
P56373,P2RX3,SER,325,31.71,95.19
P56373,P2RX3,THR,330,102.11,93.31
P56373,P2RX3,SER,331,33.01,92.88
P56373,P2RX3,THR,336,71.1,87.75
P56373,P2RX3,CYS,339,10.15,87.44
P56373,P2RX3,LYS,348,228.5,79.0
P56373,P2RX3,TYR,353,50.25,85.5
P56373,P2RX3,LYS,354,84.6,88.31
P56373,P2RX3,LYS,356,159.62,87.75
P56373,P2RX3,LYS,357,81.02,87.12
P56373,P2RX3,THR,364,98.02,74.44
P56373,P2RX3,THR,365,82.81,66.56
P56373,P2RX3,LYS,367,122.34,62.59
P56373,P2RX3,THR,372,98.93,58.62
P56373,P2RX3,TYR,376,196.16,39.59
P56373,P2RX3,SER,378,108.54,32.97
P56373,P2RX3,THR,381,121.4,30.23
P56373,P2RX3,THR,382,132.93,28.48
P56373,P2RX3,LYS,385,183.95,30.59
P56373,P2RX3,SER,387,103.12,31.06
P56373,P2RX3,THR,388,122.99,29.67
P56373,P2RX3,SER,390,104.37,32.84
P56373,P2RX3,SER,394,102.73,36.41
P56559,ARL4C,SER,5,92.66,47.06
P56559,ARL4C,SER,6,71.65,45.56
P56559,ARL4C,SER,9,49.88,50.19
P56559,ARL4C,SER,13,39.37,91.19
P56559,ARL4C,SER,23,79.0,97.75
P56559,ARL4C,LYS,26,11.98,98.75
P56559,ARL4C,THR,27,17.64,98.69
P56559,ARL4C,THR,28,15.54,98.75
P56559,ARL4C,TYR,31,47.08,98.25
P56559,ARL4C,LYS,34,77.12,96.88
P56559,ARL4C,THR,41,56.87,95.25
P56559,ARL4C,THR,44,26.05,95.06
P56559,ARL4C,THR,49,49.45,97.31
P56559,ARL4C,LYS,51,149.55,97.5
P56559,ARL4C,LYS,53,144.5,96.5
P56559,ARL4C,SER,55,73.48,92.44
P56559,ARL4C,THR,58,115.4,94.5
P56559,ARL4C,LYS,60,142.32,93.75
P56559,ARL4C,SER,63,39.18,96.44
P56559,ARL4C,LYS,74,158.43,97.12
P56559,ARL4C,LYS,80,107.3,96.62
P56559,ARL4C,SER,81,65.32,95.38
P56559,ARL4C,TYR,82,51.58,95.56
P56559,ARL4C,CYS,85,111.13,88.75
P56559,ARL4C,THR,86,10.46,96.31
P56559,ARL4C,LYS,105,50.37,98.81
P56559,ARL4C,THR,106,77.11,98.69
P56559,ARL4C,LYS,110,90.92,97.12
P56559,ARL4C,LYS,113,129.41,94.94
P56559,ARL4C,LYS,128,48.5,98.62
P56559,ARL4C,LYS,133,188.99,95.5
P56559,ARL4C,SER,134,30.4,98.19
P56559,ARL4C,LYS,142,137.83,98.56
P56559,ARL4C,THR,154,53.48,97.81
P56559,ARL4C,TYR,155,69.22,98.69
P56559,ARL4C,THR,169,44.88,98.44
P56559,ARL4C,LYS,174,87.32,98.81
P56559,ARL4C,TYR,176,29.28,97.75
P56559,ARL4C,LYS,181,141.96,95.75
P56559,ARL4C,LYS,184,137.06,92.56
P56559,ARL4C,SER,185,47.71,91.12
P56559,ARL4C,LYS,187,126.64,89.06
P56559,ARL4C,LYS,189,142.36,85.56
P56559,ARL4C,LYS,190,181.21,81.38
P56559,ARL4C,LYS,191,184.92,74.69
P57738,TCTA,SER,4,94.21,56.66
P57738,TCTA,SER,6,71.7,59.28
P57738,TCTA,THR,16,93.51,77.81
P57738,TCTA,SER,23,61.12,79.94
P57738,TCTA,LYS,40,110.98,87.5
P57738,TCTA,SER,49,50.69,94.75
P57738,TCTA,TYR,60,166.15,64.31
P57738,TCTA,THR,63,91.46,57.66
P57738,TCTA,THR,65,68.24,57.12
P57738,TCTA,TYR,68,183.49,54.59
P57738,TCTA,SER,79,96.54,44.72
P57738,TCTA,THR,80,125.04,41.69
P57738,TCTA,SER,84,77.39,46.31
P57738,TCTA,THR,85,136.7,50.97
P57738,TCTA,SER,89,57.48,52.25
P57738,TCTA,LYS,99,189.97,49.91
P57738,TCTA,THR,100,117.08,50.53
P60033,CD81,CYS,6,95.52,87.5
P60033,CD81,THR,7,27.17,87.69
P60033,CD81,LYS,8,93.13,89.25
P60033,CD81,CYS,9,76.73,92.12
P60033,CD81,LYS,11,36.57,92.12
P60033,CD81,TYR,12,142.02,93.62
P60033,CD81,THR,41,17.82,50.75
P60033,CD81,THR,42,56.17,49.25
P60033,CD81,TYR,46,210.02,49.5
P60033,CD81,LYS,52,149.48,40.16
P60033,CD81,THR,57,24.56,75.88
P60033,CD81,TYR,59,39.0,81.62
P60033,CD81,TYR,63,110.67,91.12
P60033,CD81,CYS,80,10.25,95.12
P60033,CD81,TYR,81,90.85,94.81
P60033,CD81,SER,87,34.89,91.25
P60033,CD81,CYS,89,100.98,94.31
P60033,CD81,THR,93,59.29,96.25
P60033,CD81,THR,96,72.53,97.44
P60033,CD81,CYS,97,28.96,97.12
P60033,CD81,CYS,104,68.67,96.75
P60033,CD81,LYS,116,63.47,92.31
P60033,CD81,LYS,121,130.53,93.56
P60033,CD81,LYS,124,35.64,94.0
P60033,CD81,LYS,144,37.09,90.0
P60033,CD81,LYS,148,91.71,92.81
P60033,CD81,THR,149,85.27,91.88
P60033,CD81,THR,153,105.24,91.25
P60033,CD81,SER,159,18.4,91.81
P60033,CD81,SER,160,49.28,90.25
P60033,CD81,THR,161,83.08,87.25
P60033,CD81,THR,163,34.17,88.62
P60033,CD81,THR,166,56.4,88.38
P60033,CD81,LYS,171,27.23,87.75
P60033,CD81,SER,177,96.08,79.31
P60033,CD81,SER,179,23.28,75.44
P60033,CD81,SER,183,40.59,84.06
P60033,CD81,LYS,187,60.39,84.56
P60033,CD81,LYS,193,37.57,92.5
P60033,CD81,SER,199,79.18,88.69
P60033,CD81,LYS,201,87.47,88.12
P60033,CD81,TYR,203,132.87,90.5
P60033,CD81,CYS,227,19.37,92.88
P60033,CD81,CYS,228,69.31,92.31
P60033,CD81,SER,233,46.96,82.38
P60033,CD81,SER,234,85.31,70.5
P60033,CD81,TYR,236,225.69,47.25
P61006,RAB8A,LYS,3,182.2,68.88
P61006,RAB8A,THR,4,89.23,87.44
P61006,RAB8A,TYR,5,64.57,92.25
P61006,RAB8A,TYR,7,32.35,95.94
P61006,RAB8A,LYS,10,83.27,96.81
P61006,RAB8A,SER,17,41.41,92.31
P61006,RAB8A,LYS,21,10.99,95.0
P61006,RAB8A,THR,22,52.13,94.12
P61006,RAB8A,CYS,23,35.66,95.25
P61006,RAB8A,SER,29,30.8,93.06
P61006,RAB8A,SER,35,98.22,79.44
P61006,RAB8A,THR,36,88.09,81.12
P61006,RAB8A,SER,39,44.97,80.81
P61006,RAB8A,THR,40,32.03,75.12
P61006,RAB8A,LYS,46,64.64,93.19
P61006,RAB8A,THR,49,62.32,95.69
P61006,RAB8A,LYS,55,83.49,95.0
P61006,RAB8A,LYS,58,55.18,97.12
P61006,RAB8A,THR,72,118.34,73.81
P61006,RAB8A,THR,75,29.33,78.81
P61006,RAB8A,TYR,77,64.66,87.12
P61006,RAB8A,THR,91,29.46,98.25
P61006,RAB8A,LYS,94,148.59,97.94
P61006,RAB8A,SER,111,48.92,92.88
P61006,RAB8A,LYS,116,56.59,98.19
P61006,RAB8A,LYS,122,61.4,97.81
P61006,RAB8A,CYS,123,12.29,98.0
P61006,RAB8A,LYS,128,135.1,97.31
P61006,RAB8A,SER,132,39.94,98.19
P61006,RAB8A,LYS,133,96.38,98.31
P61006,RAB8A,LYS,138,135.62,98.56
P61006,RAB8A,TYR,143,79.04,97.06
P61006,RAB8A,LYS,146,95.67,97.56
P61006,RAB8A,LYS,153,127.74,96.62
P61006,RAB8A,THR,164,28.54,98.38
P61006,RAB8A,LYS,170,26.52,96.75
P61006,RAB8A,LYS,172,64.6,94.12
P61006,RAB8A,LYS,175,150.05,91.5
P61006,RAB8A,LYS,176,105.6,87.88
P61006,RAB8A,SER,181,66.75,49.59
P61006,RAB8A,SER,185,112.11,38.28
P61006,RAB8A,LYS,190,206.42,32.16
P61006,RAB8A,THR,192,112.55,38.47
P61006,RAB8A,LYS,197,204.95,33.0
P61006,RAB8A,SER,199,101.15,34.69
P61006,RAB8A,SER,200,89.36,38.59
P61006,RAB8A,CYS,204,128.93,36.38
P61764,STXBP1,LYS,7,15.69,94.69
P61764,STXBP1,LYS,13,48.28,95.06
P61764,STXBP1,LYS,20,97.37,96.38
P61764,STXBP1,LYS,21,116.91,96.38
P61764,STXBP1,LYS,23,96.58,95.0
P61764,STXBP1,LYS,24,102.54,93.81
P61764,STXBP1,LYS,25,210.16,90.62
P61764,STXBP1,SER,42,92.9,91.81
P61764,STXBP1,SER,43,33.42,89.56
P61764,STXBP1,CYS,45,18.34,93.69
P61764,STXBP1,LYS,46,91.86,91.38
P61764,STXBP1,THR,48,90.53,93.0
P61764,STXBP1,THR,52,103.08,94.0
P61764,STXBP1,THR,56,54.4,95.38
P61764,STXBP1,LYS,63,142.84,96.12
P61764,STXBP1,SER,70,82.24,94.75
P61764,STXBP1,THR,78,18.35,96.94
P61764,STXBP1,SER,80,43.98,95.31
P61764,STXBP1,LYS,82,128.6,96.81
P61764,STXBP1,SER,86,25.25,98.12
P61764,STXBP1,SER,89,70.94,97.0
P61764,STXBP1,LYS,92,146.86,94.06
P61764,STXBP1,THR,96,90.32,91.25
P61764,STXBP1,LYS,98,45.0,96.81
P61764,STXBP1,SER,109,45.38,93.62
P61764,STXBP1,CYS,110,17.97,95.0
P61764,STXBP1,LYS,120,176.27,97.31
P61764,STXBP1,SER,121,19.17,97.0
P61764,STXBP1,LYS,125,181.55,96.56
P61764,STXBP1,LYS,128,116.27,97.94
P61764,STXBP1,THR,129,26.9,98.06
P61764,STXBP1,THR,131,44.47,96.19
P61764,STXBP1,TYR,140,41.91,95.88
P61764,STXBP1,SER,149,19.14,93.69
P61764,STXBP1,LYS,161,47.77,84.69
P61764,STXBP1,LYS,165,30.96,91.25
P61764,STXBP1,THR,182,17.58,94.62
P61764,STXBP1,LYS,184,105.59,93.94
P61764,STXBP1,TYR,186,45.65,95.75
P61764,STXBP1,TYR,191,30.75,98.19
P61764,STXBP1,TYR,195,31.29,92.94
P61764,STXBP1,LYS,196,160.06,90.81
P61764,STXBP1,LYS,208,71.85,97.56
P61764,STXBP1,TYR,212,25.87,95.81
P61764,STXBP1,LYS,213,57.38,95.81
P61764,STXBP1,THR,218,61.93,93.12
P61764,STXBP1,LYS,225,33.45,89.44
P61764,STXBP1,THR,248,13.56,98.38
P61764,STXBP1,TYR,254,22.31,98.31
P61764,STXBP1,LYS,265,111.57,96.38
P61764,STXBP1,TYR,266,12.32,92.88
P61764,STXBP1,THR,268,48.06,80.94
P61764,STXBP1,SER,269,115.19,72.56
P61764,STXBP1,LYS,277,63.95,92.38
P61764,STXBP1,LYS,294,60.57,97.94
P61764,STXBP1,SER,300,52.03,90.44
P61764,STXBP1,THR,304,30.51,89.56
P61764,STXBP1,SER,306,26.33,92.44
P61764,STXBP1,LYS,308,71.08,87.69
P61764,STXBP1,SER,312,71.08,85.69
P61764,STXBP1,SER,313,78.73,86.44
P61764,STXBP1,LYS,314,85.9,83.56
P61764,STXBP1,THR,318,41.55,64.0
P61764,STXBP1,LYS,321,178.01,61.22
P61764,STXBP1,THR,322,17.82,67.88
P61764,STXBP1,THR,323,69.2,71.44
P61764,STXBP1,SER,328,50.73,77.81
P61764,STXBP1,LYS,332,144.28,78.81
P61764,STXBP1,LYS,333,160.27,79.81
P61764,STXBP1,TYR,337,59.27,86.62
P61764,STXBP1,LYS,339,159.92,87.06
P61764,STXBP1,SER,342,23.91,88.88
P61764,STXBP1,LYS,343,48.48,92.5
P61764,STXBP1,TYR,344,22.67,92.88
P61764,STXBP1,SER,345,14.6,90.19
P61764,STXBP1,LYS,356,152.66,96.38
P61764,STXBP1,TYR,358,37.03,96.12
P61764,STXBP1,THR,361,30.07,92.69
P61764,STXBP1,LYS,364,74.6,95.38
P61764,STXBP1,THR,376,30.79,95.69
P61764,STXBP1,LYS,382,163.01,95.88
P61764,STXBP1,LYS,384,189.19,92.38
P61764,STXBP1,SER,400,56.19,96.69
P61764,STXBP1,THR,401,42.95,97.94
P61764,STXBP1,TYR,402,50.05,98.12
P61764,STXBP1,LYS,404,16.65,98.44
P61764,STXBP1,TYR,411,20.1,98.0
P61764,STXBP1,LYS,415,72.33,93.44
P61764,STXBP1,THR,419,60.21,95.56
P61764,STXBP1,LYS,425,96.3,96.62
P61764,STXBP1,SER,437,19.23,96.75
P61764,STXBP1,THR,441,59.38,96.75
P61764,STXBP1,THR,452,27.58,89.62
P61764,STXBP1,SER,454,114.18,66.75
P61764,STXBP1,THR,455,122.0,59.0
P61764,STXBP1,SER,460,108.42,69.56
P61764,STXBP1,LYS,461,121.71,74.56
P61764,STXBP1,LYS,465,66.84,95.0
P61764,STXBP1,SER,469,65.04,89.25
P61764,STXBP1,THR,472,38.64,92.75
P61764,STXBP1,TYR,473,87.31,95.31
P61764,STXBP1,SER,476,35.02,96.69
P61764,STXBP1,THR,479,19.82,97.31
P61764,STXBP1,LYS,483,35.42,98.5
P61764,STXBP1,LYS,493,143.39,96.19
P61764,STXBP1,THR,496,85.42,94.38
P61764,STXBP1,LYS,497,170.81,93.5
P61764,STXBP1,TYR,499,26.5,96.75
P61764,STXBP1,TYR,501,68.5,95.94
P61764,STXBP1,SER,503,61.55,81.69
P61764,STXBP1,THR,504,129.94,61.0
P61764,STXBP1,SER,506,88.48,44.5
P61764,STXBP1,SER,507,86.23,46.53
P61764,STXBP1,SER,509,83.28,40.97
P61764,STXBP1,SER,511,85.26,38.41
P61764,STXBP1,THR,512,132.64,39.62
P61764,STXBP1,THR,513,116.19,36.88
P61764,STXBP1,SER,516,77.84,36.81
P61764,STXBP1,TYR,519,154.3,31.78
P61764,STXBP1,LYS,524,179.58,32.47
P61764,STXBP1,LYS,526,125.0,35.34
P61764,STXBP1,TYR,531,139.56,49.09
P61764,STXBP1,SER,533,73.26,62.72
P61764,STXBP1,TYR,554,13.31,98.0
P61764,STXBP1,LYS,562,97.4,89.0
P61764,STXBP1,THR,574,10.54,97.88
P61764,STXBP1,LYS,577,106.89,96.88
P61764,STXBP1,THR,581,30.05,95.12
P61764,STXBP1,LYS,583,58.44,95.62
P61764,STXBP1,LYS,584,99.45,92.44
P61764,STXBP1,LYS,587,55.99,86.88
P61764,STXBP1,THR,588,53.79,81.75
P61764,STXBP1,SER,593,100.76,70.25
P61764,STXBP1,SER,594,136.27,59.59
P62070,RRAS2,SER,10,95.39,58.72
P62070,RRAS2,LYS,14,63.23,95.31
P62070,RRAS2,LYS,27,10.64,95.5
P62070,RRAS2,SER,28,29.23,94.44
P62070,RRAS2,SER,37,68.58,91.62
P62070,RRAS2,TYR,38,115.88,88.88
P62070,RRAS2,THR,41,115.58,78.75
P62070,RRAS2,TYR,43,155.32,68.44
P62070,RRAS2,THR,46,26.83,79.38
P62070,RRAS2,SER,50,91.4,93.94
P62070,RRAS2,TYR,51,42.34,95.81
P62070,RRAS2,THR,52,70.95,96.62
P62070,RRAS2,LYS,53,43.29,96.06
P62070,RRAS2,CYS,55,23.51,95.12
P62070,RRAS2,THR,85,59.43,93.81
P62070,RRAS2,THR,96,21.07,98.69
P62070,RRAS2,TYR,105,99.68,95.0
P62070,RRAS2,LYS,106,137.0,93.12
P62070,RRAS2,LYS,115,39.08,95.69
P62070,RRAS2,LYS,128,60.27,98.31
P62070,RRAS2,THR,138,67.25,98.62
P62070,RRAS2,LYS,150,148.35,96.75
P62070,RRAS2,THR,152,58.82,97.31
P62070,RRAS2,TYR,153,29.13,98.75
P62070,RRAS2,LYS,159,117.14,97.0
P62070,RRAS2,LYS,177,131.42,96.56
P62070,RRAS2,CYS,183,72.56,76.69
P62070,RRAS2,SER,186,94.22,63.88
P62070,RRAS2,THR,190,121.87,50.44
P62070,RRAS2,LYS,192,193.32,46.16
P62070,RRAS2,LYS,194,192.09,43.38
P62070,RRAS2,LYS,196,199.78,42.16
P62070,RRAS2,LYS,197,166.34,41.53
P62070,RRAS2,CYS,199,115.29,35.44
P62070,RRAS2,CYS,201,102.32,36.22
P62166,NCS1,LYS,3,203.48,45.41
P62166,NCS1,SER,4,70.8,53.81
P62166,NCS1,SER,6,65.79,65.0
P62166,NCS1,LYS,7,153.34,75.38
P62166,NCS1,LYS,9,140.9,89.31
P62166,NCS1,THR,17,40.35,96.38
P62166,NCS1,LYS,19,109.7,95.25
P62166,NCS1,THR,20,16.79,95.94
P62166,NCS1,TYR,21,105.61,94.69
P62166,NCS1,THR,23,79.35,95.62
P62166,NCS1,LYS,25,146.52,94.44
P62166,NCS1,TYR,31,29.62,94.5
P62166,NCS1,LYS,32,116.18,92.25
P62166,NCS1,LYS,36,168.84,89.5
P62166,NCS1,CYS,38,11.71,88.81
P62166,NCS1,SER,40,92.27,89.06
P62166,NCS1,LYS,50,138.62,89.56
P62166,NCS1,TYR,52,41.79,84.44
P62166,NCS1,LYS,53,99.56,88.0
P62166,NCS1,THR,62,37.89,92.62
P62166,NCS1,LYS,63,96.63,93.06
P62166,NCS1,THR,66,48.05,94.62
P62166,NCS1,LYS,76,138.47,91.69
P62166,NCS1,SER,83,37.57,94.94
P62166,NCS1,THR,92,41.88,87.12
P62166,NCS1,THR,96,75.27,91.38
P62166,NCS1,LYS,106,107.41,94.56
P62166,NCS1,TYR,108,35.28,94.19
P62166,NCS1,TYR,115,74.97,98.0
P62166,NCS1,THR,117,49.41,97.62
P62166,NCS1,TYR,129,45.07,86.69
P62166,NCS1,THR,135,91.6,70.31
P62166,NCS1,THR,144,47.66,89.06
P62166,NCS1,LYS,147,83.16,91.81
P62166,NCS1,LYS,158,146.41,91.06
P62166,NCS1,LYS,163,65.26,97.31
P62166,NCS1,THR,165,42.92,97.62
P62166,NCS1,LYS,174,94.34,89.75
P62166,NCS1,SER,178,65.37,74.19
P62166,NCS1,SER,184,49.75,65.62
P62166,NCS1,TYR,186,137.63,53.56
P78324,SIRPA,CYS,16,99.42,51.38
P78324,SIRPA,SER,22,82.34,46.22
P78324,SIRPA,CYS,23,121.69,45.34
P78324,SIRPA,SER,26,94.84,42.97
P78324,SIRPA,LYS,41,185.0,97.5
P78324,SIRPA,SER,42,76.2,96.75
P78324,SIRPA,THR,50,73.08,97.56
P78324,SIRPA,THR,52,51.0,98.06
P78324,SIRPA,THR,56,54.59,97.31
P78324,SIRPA,THR,58,63.98,95.06
P78324,SIRPA,SER,59,32.02,92.19
P78324,SIRPA,TYR,80,33.83,96.94
P78324,SIRPA,LYS,83,109.44,83.81
P78324,SIRPA,THR,91,79.71,96.19
P78324,SIRPA,THR,92,42.25,95.75
P78324,SIRPA,SER,94,25.98,93.12
P78324,SIRPA,THR,97,126.1,83.06
P78324,SIRPA,LYS,98,124.37,88.19
P78324,SIRPA,THR,112,52.6,93.25
P78324,SIRPA,THR,118,41.7,97.44
P78324,SIRPA,TYR,120,48.94,98.38
P78324,SIRPA,LYS,126,122.15,91.62
P78324,SIRPA,SER,128,110.43,86.19
P78324,SIRPA,LYS,135,55.84,95.06
P78324,SIRPA,SER,136,48.86,96.12
P78324,SIRPA,SER,143,45.62,94.25
P78324,SIRPA,LYS,147,138.26,97.19
P78324,SIRPA,SER,149,32.98,97.81
P78324,SIRPA,SER,154,56.75,97.69
P78324,SIRPA,THR,161,34.42,96.69
P78324,SIRPA,THR,165,78.58,96.62
P78324,SIRPA,SER,167,43.03,97.69
P78324,SIRPA,THR,169,51.03,98.38
P78324,SIRPA,SER,176,13.24,95.19
P78324,SIRPA,THR,181,72.07,97.62
P78324,SIRPA,LYS,183,73.8,98.19
P78324,SIRPA,LYS,186,24.6,97.31
P78324,SIRPA,SER,192,108.17,95.69
P78324,SIRPA,THR,196,52.06,98.06
P78324,SIRPA,SER,204,40.86,90.88
P78324,SIRPA,SER,206,38.12,93.69
P78324,SIRPA,TYR,207,17.99,97.06
P78324,SIRPA,SER,208,31.5,98.06
P78324,SIRPA,THR,212,35.13,98.44
P78324,SIRPA,LYS,214,89.21,97.69
P78324,SIRPA,THR,218,59.33,95.25
P78324,SIRPA,THR,234,17.86,96.06
P78324,SIRPA,THR,243,77.73,97.69
P78324,SIRPA,SER,247,20.36,96.19
P78324,SIRPA,THR,255,78.05,96.31
P78324,SIRPA,THR,259,54.09,93.56
P78324,SIRPA,THR,272,16.72,94.12
P78324,SIRPA,LYS,277,92.18,96.0
P78324,SIRPA,TYR,279,30.27,97.94
P78324,SIRPA,THR,286,43.93,92.31
P78324,SIRPA,SER,294,27.46,69.56
P78324,SIRPA,THR,296,87.02,62.44
P78324,SIRPA,THR,298,81.88,66.69
P78324,SIRPA,SER,300,43.64,87.56
P78324,SIRPA,THR,301,63.35,91.88
P78324,SIRPA,THR,303,75.25,96.25
P78324,SIRPA,LYS,306,214.99,94.44
P78324,SIRPA,TYR,310,36.57,97.25
P78324,SIRPA,SER,321,55.04,69.06
P78324,SIRPA,LYS,328,99.58,89.19
P78324,SIRPA,THR,330,16.14,93.31
P78324,SIRPA,SER,342,70.01,95.25
P78324,SIRPA,LYS,343,103.14,95.62
P78324,SIRPA,SER,344,47.0,93.12
P78324,SIRPA,LYS,348,154.78,77.19
P78324,SIRPA,SER,350,107.47,59.0
P78324,SIRPA,LYS,354,196.35,35.88
P78324,SIRPA,SER,358,94.1,33.75
P78324,SIRPA,THR,360,112.86,37.06
P78324,SIRPA,THR,365,103.04,47.16
P78324,SIRPA,SER,367,72.22,55.84
P78324,SIRPA,TYR,373,156.18,82.0
P78324,SIRPA,CYS,380,64.72,93.06
P78324,SIRPA,THR,381,93.31,92.31
P78324,SIRPA,TYR,392,145.21,92.56
P78324,SIRPA,LYS,399,168.03,77.56
P78324,SIRPA,LYS,400,163.62,71.25
P78324,SIRPA,SER,404,89.59,46.75
P78324,SIRPA,THR,405,133.38,47.19
P78324,SIRPA,SER,406,112.73,37.91
P78324,SIRPA,SER,407,99.42,40.41
P78324,SIRPA,THR,408,120.54,39.03
P78324,SIRPA,LYS,415,171.78,42.38
P78324,SIRPA,THR,421,123.82,36.78
P78324,SIRPA,THR,424,118.15,40.09
P78324,SIRPA,THR,428,126.01,48.12
P78324,SIRPA,TYR,429,205.92,46.84
P78324,SIRPA,LYS,436,208.91,40.94
P78324,SIRPA,LYS,438,202.32,39.78
P78324,SIRPA,LYS,439,200.94,45.0
P78324,SIRPA,THR,451,119.08,48.03
P78324,SIRPA,TYR,453,204.95,47.81
P78324,SIRPA,SER,455,100.38,43.41
P78324,SIRPA,THR,458,131.88,39.84
P78324,SIRPA,SER,459,98.78,44.66
P78324,SIRPA,SER,464,99.05,38.72
P78324,SIRPA,THR,467,125.55,34.25
P78324,SIRPA,THR,469,125.79,38.94
P78324,SIRPA,TYR,470,225.09,39.25
P78324,SIRPA,THR,481,138.95,47.03
P78324,SIRPA,LYS,483,208.21,39.25
P78324,SIRPA,LYS,488,193.71,48.34
P78324,SIRPA,SER,492,115.97,42.09
P78324,SIRPA,SER,494,92.2,47.25
P78324,SIRPA,TYR,496,202.79,47.09
P78324,SIRPA,SER,498,102.56,50.5
P78324,SIRPA,LYS,504,269.46,50.81
P78383,SLC35B1,SER,3,102.97,38.38
P78383,SLC35B1,SER,4,82.81,42.88
P78383,SLC35B1,SER,5,106.62,42.03
P78383,SLC35B1,SER,6,47.56,54.78
P78383,SLC35B1,CYS,24,15.72,95.25
P78383,SLC35B1,TYR,25,40.31,91.88
P78383,SLC35B1,TYR,27,91.81,92.62
P78383,SLC35B1,TYR,28,22.68,91.75
P78383,SLC35B1,LYS,34,121.07,88.56
P78383,SLC35B1,THR,36,50.74,87.19
P78383,SLC35B1,LYS,39,145.36,87.19
P78383,SLC35B1,TYR,40,27.7,87.38
P78383,SLC35B1,LYS,45,173.4,76.38
P78383,SLC35B1,THR,48,76.83,87.38
P78383,SLC35B1,THR,50,99.71,87.62
P78383,SLC35B1,LYS,68,117.29,94.19
P78383,SLC35B1,THR,76,109.63,67.06
P78383,SLC35B1,THR,82,15.52,84.94
P78383,SLC35B1,SER,84,58.75,87.12
P78383,SLC35B1,TYR,94,56.8,94.69
P78383,SLC35B1,SER,101,10.37,91.62
P78383,SLC35B1,SER,103,34.53,87.62
P78383,SLC35B1,TYR,110,129.85,78.06
P78383,SLC35B1,THR,112,50.92,81.88
P78383,SLC35B1,LYS,117,23.6,89.88
P78383,SLC35B1,CYS,119,32.75,91.44
P78383,SLC35B1,LYS,120,48.13,94.38
P78383,SLC35B1,THR,130,88.75,95.12
P78383,SLC35B1,LYS,133,173.22,90.31
P78383,SLC35B1,LYS,134,69.35,88.25
P78383,SLC35B1,LYS,135,199.56,89.06
P78383,SLC35B1,TYR,136,38.63,88.81
P78383,SLC35B1,LYS,140,21.9,91.19
P78383,SLC35B1,TYR,141,64.96,94.12
P78383,SLC35B1,TYR,156,141.53,78.69
P78383,SLC35B1,LYS,157,166.2,70.19
P78383,SLC35B1,LYS,159,168.49,54.47
P78383,SLC35B1,LYS,160,191.0,49.94
P78383,SLC35B1,THR,168,115.76,61.41
P78383,SLC35B1,TYR,171,131.86,88.69
P78383,SLC35B1,THR,181,49.76,96.62
P78383,SLC35B1,THR,186,11.53,96.12
P78383,SLC35B1,SER,189,16.84,94.5
P78383,SLC35B1,TYR,197,73.67,86.19
P78383,SLC35B1,SER,201,18.38,90.62
P78383,SLC35B1,THR,213,22.05,95.81
P78383,SLC35B1,THR,223,76.48,90.81
P78383,SLC35B1,SER,231,51.58,93.62
P78383,SLC35B1,TYR,236,42.63,92.38
P78383,SLC35B1,TYR,241,149.76,94.5
P78383,SLC35B1,SER,255,19.58,95.06
P78383,SLC35B1,TYR,263,81.32,89.88
P78383,SLC35B1,THR,268,12.56,92.81
P78383,SLC35B1,CYS,269,10.67,93.94
P78383,SLC35B1,THR,273,25.96,91.62
P78383,SLC35B1,LYS,277,53.78,86.88
P78383,SLC35B1,THR,280,44.03,85.19
P78383,SLC35B1,SER,284,45.18,83.88
P78383,SLC35B1,SER,293,46.23,86.94
P78383,SLC35B1,LYS,312,154.12,79.75
P78383,SLC35B1,LYS,315,134.96,60.78
P78383,SLC35B1,LYS,318,178.29,31.31
P78383,SLC35B1,LYS,319,201.63,31.16
P78383,SLC35B1,THR,320,112.45,29.8
P78383,SLC35B1,SER,321,111.39,28.39
P81605,DCD,THR,5,76.18,78.38
P81605,DCD,THR,10,97.16,86.38
P81605,DCD,CYS,18,103.73,68.81
P81605,DCD,TYR,20,178.73,60.34
P81605,DCD,SER,26,74.1,41.69
P81605,DCD,SER,30,109.99,42.41
P81605,DCD,CYS,34,119.01,42.94
P81605,DCD,SER,38,114.75,44.81
P81605,DCD,LYS,42,180.88,50.34
P81605,DCD,LYS,57,192.98,64.81
P81605,DCD,LYS,60,173.83,59.03
P81605,DCD,SER,63,65.01,56.31
P81605,DCD,SER,64,60.88,57.91
P81605,DCD,LYS,68,150.77,72.81
P81605,DCD,LYS,74,160.79,77.81
P81605,DCD,LYS,75,165.48,77.75
P81605,DCD,LYS,82,156.62,66.0
P81605,DCD,LYS,85,149.92,68.19
P81605,DCD,SER,93,67.29,73.75
P81605,DCD,LYS,96,136.68,72.56
P81605,DCD,LYS,103,133.88,79.88
P81605,DCD,SER,108,99.71,82.0
P98153,DGCR2,LYS,4,191.18,55.59
P98153,DGCR2,SER,7,86.17,62.94
P98153,DGCR2,THR,19,104.4,68.44
P98153,DGCR2,THR,21,80.4,53.91
P98153,DGCR2,CYS,30,26.69,79.69
P98153,DGCR2,SER,39,70.25,82.12
P98153,DGCR2,THR,41,119.92,77.62
P98153,DGCR2,CYS,44,42.81,87.0
P98153,DGCR2,CYS,51,53.53,88.88
P98153,DGCR2,THR,56,19.3,84.62
P98153,DGCR2,SER,61,12.99,88.62
P98153,DGCR2,CYS,66,42.41,83.69
P98153,DGCR2,THR,70,137.75,50.09
P98153,DGCR2,LYS,79,202.11,40.66
P98153,DGCR2,SER,95,108.22,49.38
P98153,DGCR2,SER,109,106.35,30.62
P98153,DGCR2,SER,110,96.39,33.94
P98153,DGCR2,LYS,114,177.54,64.94
P98153,DGCR2,CYS,115,20.53,71.38
P98153,DGCR2,THR,117,137.03,79.56
P98153,DGCR2,TYR,122,29.02,80.81
P98153,DGCR2,THR,125,22.1,70.12
P98153,DGCR2,TYR,132,35.48,89.31
P98153,DGCR2,SER,134,53.58,80.56
P98153,DGCR2,THR,144,27.95,91.19
P98153,DGCR2,SER,151,34.88,86.88
P98153,DGCR2,THR,154,23.05,87.38
P98153,DGCR2,SER,156,43.05,75.88
P98153,DGCR2,THR,157,61.76,78.62
P98153,DGCR2,SER,175,100.27,34.88
P98153,DGCR2,LYS,179,173.95,45.34
P98153,DGCR2,LYS,183,72.45,86.75
P98153,DGCR2,TYR,190,11.41,86.94
P98153,DGCR2,THR,193,79.47,76.62
P98153,DGCR2,SER,198,52.98,60.94
P98153,DGCR2,LYS,208,208.36,52.62
P98153,DGCR2,SER,210,76.87,39.97
P98153,DGCR2,SER,211,56.37,48.94
P98153,DGCR2,SER,223,45.56,66.25
P98153,DGCR2,SER,226,62.26,61.78
P98153,DGCR2,CYS,238,20.38,78.38
P98153,DGCR2,THR,243,129.07,55.81
P98153,DGCR2,SER,251,18.69,85.38
P98153,DGCR2,SER,256,25.67,90.0
P98153,DGCR2,TYR,258,165.94,90.56
P98153,DGCR2,LYS,260,156.2,91.69
P98153,DGCR2,SER,261,13.39,91.06
P98153,DGCR2,SER,262,21.91,92.06
P98153,DGCR2,LYS,266,20.23,86.56
P98153,DGCR2,SER,268,59.08,63.94
P98153,DGCR2,THR,270,29.11,62.97
P98153,DGCR2,LYS,275,131.46,75.69
P98153,DGCR2,TYR,284,157.51,87.56
P98153,DGCR2,THR,286,29.35,87.56
P98153,DGCR2,LYS,288,129.3,75.69
P98153,DGCR2,CYS,293,22.02,87.31
P98153,DGCR2,SER,295,43.79,89.5
P98153,DGCR2,CYS,306,59.32,87.69
P98153,DGCR2,CYS,311,41.4,85.88
P98153,DGCR2,CYS,317,14.04,78.12
P98153,DGCR2,TYR,320,74.19,81.88
P98153,DGCR2,LYS,322,118.91,81.69
P98153,DGCR2,LYS,325,135.42,75.06
P98153,DGCR2,CYS,327,50.77,85.69
P98153,DGCR2,CYS,328,65.22,85.0
P98153,DGCR2,LYS,329,92.05,85.44
P98153,DGCR2,CYS,332,75.97,84.0
P98153,DGCR2,SER,339,71.51,54.88
P98153,DGCR2,SER,343,81.1,56.97
P98153,DGCR2,SER,346,64.21,65.81
P98153,DGCR2,SER,353,59.52,90.88
P98153,DGCR2,CYS,354,61.61,93.44
P98153,DGCR2,SER,356,44.9,94.62
P98153,DGCR2,SER,357,59.75,95.0
P98153,DGCR2,SER,362,55.74,95.56
P98153,DGCR2,SER,381,59.89,60.66
P98153,DGCR2,TYR,401,232.72,38.41
P98153,DGCR2,THR,408,147.4,37.38
P98153,DGCR2,THR,411,116.13,41.81
P98153,DGCR2,SER,416,84.13,40.72
P98153,DGCR2,THR,423,123.68,40.09
P98153,DGCR2,TYR,433,206.7,36.78
P98153,DGCR2,THR,434,140.74,51.59
P98153,DGCR2,TYR,436,207.88,37.28
P98153,DGCR2,LYS,437,186.38,41.09
P98153,DGCR2,TYR,438,191.18,50.0
P98153,DGCR2,TYR,451,167.8,52.19
P98153,DGCR2,SER,454,97.58,49.25
P98153,DGCR2,SER,459,101.21,37.16
P98153,DGCR2,TYR,462,222.76,36.69
P98153,DGCR2,SER,476,110.5,36.25
P98153,DGCR2,SER,485,105.34,36.66
P98153,DGCR2,THR,499,139.41,33.34
P98153,DGCR2,SER,503,101.89,37.5
P98153,DGCR2,SER,510,96.75,39.94
P98153,DGCR2,SER,513,114.77,43.5
P98153,DGCR2,SER,514,105.9,38.03
P98153,DGCR2,SER,515,105.07,39.5
P98153,DGCR2,SER,526,122.81,38.22
P98153,DGCR2,SER,528,118.86,46.34
P98153,DGCR2,THR,529,125.76,36.59
P98153,DGCR2,SER,542,119.48,47.09
P98153,DGCR2,SER,544,123.58,48.19
P98153,DGCR2,SER,545,86.88,43.94
P98153,DGCR2,THR,548,113.53,46.91
Q00535,CDK5,LYS,3,80.15,89.94
Q00535,CDK5,TYR,4,12.8,94.06
Q00535,CDK5,LYS,6,78.92,94.19
Q00535,CDK5,LYS,9,116.64,93.81
Q00535,CDK5,THR,14,117.76,64.44
Q00535,CDK5,TYR,15,72.87,67.44
Q00535,CDK5,THR,17,22.64,88.5
Q00535,CDK5,LYS,20,43.75,96.38
Q00535,CDK5,LYS,22,66.17,97.38
Q00535,CDK5,THR,26,87.55,95.12
Q00535,CDK5,LYS,33,18.7,91.62
Q00535,CDK5,SER,46,79.65,80.25
Q00535,CDK5,SER,47,13.56,77.69
Q00535,CDK5,CYS,53,81.12,90.94
Q00535,CDK5,LYS,56,119.42,91.81
Q00535,CDK5,LYS,59,126.06,96.75
Q00535,CDK5,LYS,61,122.7,96.94
Q00535,CDK5,SER,72,59.35,81.69
Q00535,CDK5,LYS,74,120.08,79.25
Q00535,CDK5,LYS,75,94.14,83.5
Q00535,CDK5,CYS,83,11.88,96.0
Q00535,CDK5,LYS,88,59.59,95.38
Q00535,CDK5,LYS,89,103.23,94.75
Q00535,CDK5,TYR,90,41.23,96.06
Q00535,CDK5,SER,93,83.87,94.19
Q00535,CDK5,CYS,94,37.64,93.31
Q00535,CDK5,LYS,104,30.86,96.38
Q00535,CDK5,SER,105,13.72,96.94
Q00535,CDK5,LYS,112,74.65,98.25
Q00535,CDK5,SER,119,83.2,96.31
Q00535,CDK5,LYS,128,39.81,96.25
Q00535,CDK5,LYS,141,15.53,98.44
Q00535,CDK5,CYS,157,71.83,62.91
Q00535,CDK5,TYR,158,17.98,68.19
Q00535,CDK5,SER,159,62.16,69.12
Q00535,CDK5,THR,164,52.08,86.25
Q00535,CDK5,LYS,177,77.31,84.81
Q00535,CDK5,TYR,179,16.62,83.88
Q00535,CDK5,SER,180,57.16,90.75
Q00535,CDK5,THR,181,31.96,95.81
Q00535,CDK5,LYS,213,69.08,98.19
Q00535,CDK5,THR,221,12.55,98.06
Q00535,CDK5,THR,223,56.85,96.44
Q00535,CDK5,SER,229,56.81,96.12
Q00535,CDK5,THR,231,64.48,96.25
Q00535,CDK5,LYS,232,169.05,96.38
Q00535,CDK5,TYR,236,69.05,97.31
Q00535,CDK5,LYS,237,92.99,95.94
Q00535,CDK5,TYR,239,23.52,97.25
Q00535,CDK5,TYR,242,46.1,96.75
Q00535,CDK5,THR,245,120.53,83.62
Q00535,CDK5,THR,246,60.35,86.75
Q00535,CDK5,SER,247,68.78,90.69
Q00535,CDK5,LYS,254,49.79,91.94
Q00535,CDK5,THR,258,44.81,97.5
Q00535,CDK5,LYS,268,79.4,98.25
Q00535,CDK5,CYS,269,13.48,98.06
Q00535,CDK5,SER,276,41.12,98.69
Q00535,CDK5,TYR,285,17.74,97.56
Q00535,CDK5,SER,287,84.8,93.19
Q00535,CDK5,CYS,290,110.87,71.38
Q02846,GUCY2D,THR,2,120.07,28.58
Q02846,GUCY2D,CYS,4,111.93,27.67
Q02846,GUCY2D,CYS,17,118.92,32.19
Q02846,GUCY2D,SER,25,83.74,33.88
Q02846,GUCY2D,SER,51,69.76,60.31
Q02846,GUCY2D,THR,55,35.72,93.25
Q02846,GUCY2D,CYS,64,67.97,91.19
Q02846,GUCY2D,SER,69,47.86,93.38
Q02846,GUCY2D,CYS,105,31.67,87.0
Q02846,GUCY2D,THR,107,35.46,84.31
Q02846,GUCY2D,SER,115,58.57,91.94
Q02846,GUCY2D,SER,116,60.26,93.12
Q02846,GUCY2D,SER,122,42.06,92.19
Q02846,GUCY2D,THR,166,35.21,79.56
Q02846,GUCY2D,TYR,173,34.47,92.81
Q02846,GUCY2D,SER,200,34.04,92.31
Q02846,GUCY2D,THR,203,90.42,93.19
Q02846,GUCY2D,SER,214,22.16,91.56
Q02846,GUCY2D,THR,216,16.99,95.06
Q02846,GUCY2D,SER,217,22.96,95.0
Q02846,GUCY2D,SER,224,57.24,94.44
Q02846,GUCY2D,LYS,232,101.26,92.94
Q02846,GUCY2D,TYR,258,58.89,95.31
Q02846,GUCY2D,SER,272,67.52,85.81
Q02846,GUCY2D,SER,286,34.3,81.88
Q02846,GUCY2D,SER,298,28.2,87.69
Q02846,GUCY2D,SER,299,77.27,88.06
Q02846,GUCY2D,CYS,315,14.4,84.12
Q02846,GUCY2D,SER,317,113.13,59.81
Q02846,GUCY2D,SER,320,18.77,82.19
Q02846,GUCY2D,SER,336,107.38,88.06
Q02846,GUCY2D,SER,374,61.94,90.81
Q02846,GUCY2D,CYS,391,27.29,84.19
Q02846,GUCY2D,TYR,418,57.48,91.88
Q02846,GUCY2D,SER,426,32.22,83.62
Q02846,GUCY2D,SER,429,73.03,86.31
Q02846,GUCY2D,THR,432,60.7,84.5
Q02846,GUCY2D,SER,441,96.97,75.81
Q02846,GUCY2D,SER,448,93.96,84.38
Q02846,GUCY2D,CYS,449,42.42,85.38
Q02846,GUCY2D,CYS,457,10.27,66.69
Q02846,GUCY2D,TYR,486,140.98,75.12
Q02846,GUCY2D,SER,498,82.31,48.25
Q02846,GUCY2D,LYS,502,58.0,67.12
Q02846,GUCY2D,THR,506,49.19,82.06
Q02846,GUCY2D,THR,511,92.7,80.88
Q02846,GUCY2D,THR,519,141.15,29.55
Q02846,GUCY2D,SER,520,119.52,35.19
Q02846,GUCY2D,LYS,522,196.47,33.47
Q02846,GUCY2D,SER,527,104.84,37.41
Q02846,GUCY2D,SER,529,95.22,35.03
Q02846,GUCY2D,SER,530,94.81,37.38
Q02846,GUCY2D,SER,535,94.43,29.56
Q02846,GUCY2D,SER,537,90.05,31.78
Q02846,GUCY2D,SER,541,106.27,27.69
Q02846,GUCY2D,SER,544,85.15,25.62
Q02846,GUCY2D,SER,549,27.32,60.12
Q02846,GUCY2D,TYR,555,33.21,85.19
Q02846,GUCY2D,LYS,563,53.82,88.19
Q02846,GUCY2D,LYS,564,74.72,86.81
Q02846,GUCY2D,LYS,578,79.95,86.62
Q02846,GUCY2D,THR,579,80.65,86.75
Q02846,GUCY2D,SER,582,35.68,86.38
Q02846,GUCY2D,LYS,583,136.67,87.12
Q02846,GUCY2D,THR,623,85.86,83.56
Q02846,GUCY2D,SER,626,11.6,92.31
Q02846,GUCY2D,LYS,637,192.79,79.06
Q02846,GUCY2D,LYS,643,27.17,89.38
Q02846,GUCY2D,SER,645,12.26,89.0
Q02846,GUCY2D,LYS,652,54.93,95.12
Q02846,GUCY2D,TYR,656,32.43,96.5
Q02846,GUCY2D,LYS,668,18.58,94.38
Q02846,GUCY2D,LYS,681,30.05,95.38
Q02846,GUCY2D,THR,683,16.46,93.69
Q02846,GUCY2D,LYS,695,158.27,86.5
Q02846,GUCY2D,THR,709,17.24,94.44
Q02846,GUCY2D,THR,724,36.3,93.88
Q02846,GUCY2D,CYS,741,32.19,90.44
Q02846,GUCY2D,SER,743,42.11,89.25
Q02846,GUCY2D,THR,752,70.23,92.69
Q02846,GUCY2D,SER,762,66.31,89.62
Q02846,GUCY2D,CYS,767,11.71,92.12
Q02846,GUCY2D,SER,772,61.16,86.44
Q02846,GUCY2D,LYS,785,109.98,93.25
Q02846,GUCY2D,SER,797,69.27,95.19
Q02846,GUCY2D,LYS,806,119.45,86.19
Q02846,GUCY2D,LYS,810,160.41,62.88
Q02846,GUCY2D,LYS,813,169.47,54.72
Q02846,GUCY2D,THR,814,32.23,56.38
Q02846,GUCY2D,SER,819,34.76,58.16
Q02846,GUCY2D,TYR,827,151.68,67.62
Q02846,GUCY2D,SER,828,56.1,67.38
Q02846,GUCY2D,SER,829,60.69,70.69
Q02846,GUCY2D,THR,839,83.18,79.06
Q02846,GUCY2D,LYS,846,108.46,83.69
Q02846,GUCY2D,LYS,848,120.54,84.19
Q02846,GUCY2D,THR,849,76.78,81.5
Q02846,GUCY2D,THR,854,55.03,82.5
Q02846,GUCY2D,SER,860,76.65,82.5
Q02846,GUCY2D,LYS,866,71.45,80.94
Q02846,GUCY2D,THR,867,100.32,81.12
Q02846,GUCY2D,THR,869,65.01,75.0
Q02846,GUCY2D,TYR,875,112.5,93.0
Q02846,GUCY2D,THR,890,96.45,85.81
Q02846,GUCY2D,THR,891,29.5,83.88
Q02846,GUCY2D,SER,893,38.46,87.12
Q02846,GUCY2D,SER,896,11.52,85.0
Q02846,GUCY2D,TYR,909,26.81,92.88
Q02846,GUCY2D,THR,910,80.54,92.06
Q02846,GUCY2D,SER,918,87.21,90.56
Q02846,GUCY2D,TYR,922,40.59,91.56
Q02846,GUCY2D,LYS,923,63.05,92.44
Q02846,GUCY2D,THR,926,53.66,87.69
Q02846,GUCY2D,THR,962,106.78,87.31
Q02846,GUCY2D,THR,992,145.69,71.81
Q02846,GUCY2D,TYR,996,13.47,88.44
Q02846,GUCY2D,CYS,997,19.06,90.31
Q02846,GUCY2D,SER,1007,39.4,93.5
Q02846,GUCY2D,SER,1011,45.12,90.12
Q02846,GUCY2D,THR,1012,36.07,90.0
Q02846,GUCY2D,TYR,1016,25.6,92.19
Q02846,GUCY2D,SER,1023,43.7,93.69
Q02846,GUCY2D,SER,1033,35.65,84.81
Q02846,GUCY2D,TYR,1035,25.65,92.75
Q02846,GUCY2D,THR,1043,14.79,86.81
Q02846,GUCY2D,LYS,1046,189.11,78.88
Q02846,GUCY2D,LYS,1048,76.75,81.31
Q02846,GUCY2D,LYS,1064,106.09,89.69
Q02846,GUCY2D,LYS,1068,187.72,82.94
Q02846,GUCY2D,SER,1076,52.75,47.78
Q02846,GUCY2D,SER,1077,83.66,49.53
Q02846,GUCY2D,SER,1082,55.73,63.88
Q02846,GUCY2D,LYS,1093,98.36,68.06
Q02846,GUCY2D,LYS,1096,175.85,64.88
Q02846,GUCY2D,SER,1103,158.93,36.53
Q02978,SLC25A11,THR,4,128.39,33.75
Q02978,SLC25A11,SER,6,115.93,31.88
Q02978,SLC25A11,LYS,15,168.44,44.59
Q02978,SLC25A11,THR,18,99.65,72.19
Q02978,SLC25A11,LYS,21,145.35,79.06
Q02978,SLC25A11,SER,22,77.3,81.94
Q02978,SLC25A11,LYS,24,106.06,81.56
Q02978,SLC25A11,LYS,46,14.74,93.94
Q02978,SLC25A11,LYS,57,213.27,54.22
Q02978,SLC25A11,THR,58,106.34,60.12
Q02978,SLC25A11,TYR,61,17.63,82.5
Q02978,SLC25A11,LYS,62,166.69,80.94
Q02978,SLC25A11,THR,63,74.22,88.75
Q02978,SLC25A11,SER,64,22.12,91.25
Q02978,SLC25A11,THR,69,38.72,93.19
Q02978,SLC25A11,SER,70,34.59,91.94
Q02978,SLC25A11,LYS,73,185.16,92.62
Q02978,SLC25A11,TYR,81,84.33,94.69
Q02978,SLC25A11,THR,82,41.53,92.94
Q02978,SLC25A11,SER,85,39.27,96.31
Q02978,SLC25A11,THR,93,37.12,92.19
Q02978,SLC25A11,TYR,94,32.73,88.69
Q02978,SLC25A11,THR,96,61.85,87.5
Q02978,SLC25A11,THR,97,25.03,90.19
Q02978,SLC25A11,TYR,102,73.48,89.31
Q02978,SLC25A11,THR,103,54.08,88.31
Q02978,SLC25A11,THR,110,36.98,89.19
Q02978,SLC25A11,THR,115,75.54,86.56
Q02978,SLC25A11,LYS,122,69.31,88.69
Q02978,SLC25A11,THR,128,60.84,89.5
Q02978,SLC25A11,THR,132,47.92,91.19
Q02978,SLC25A11,TYR,161,21.7,92.19
Q02978,SLC25A11,LYS,162,179.79,91.56
Q02978,SLC25A11,THR,172,46.87,94.75
Q02978,SLC25A11,THR,179,17.81,92.25
Q02978,SLC25A11,CYS,184,24.29,90.56
Q02978,SLC25A11,SER,201,13.16,93.12
Q02978,SLC25A11,TYR,202,71.43,92.19
Q02978,SLC25A11,SER,203,68.31,89.38
Q02978,SLC25A11,SER,205,10.64,93.06
Q02978,SLC25A11,LYS,206,47.15,91.69
Q02978,SLC25A11,SER,212,47.82,91.56
Q02978,SLC25A11,TYR,214,198.04,88.19
Q02978,SLC25A11,SER,216,74.33,88.31
Q02978,SLC25A11,CYS,224,32.15,93.06
Q02978,SLC25A11,SER,226,55.89,92.31
Q02978,SLC25A11,LYS,244,11.11,93.69
Q02978,SLC25A11,LYS,256,153.11,82.06
Q02978,SLC25A11,TYR,259,10.26,89.0
Q02978,SLC25A11,LYS,260,180.39,87.19
Q02978,SLC25A11,LYS,268,63.52,92.0
Q02978,SLC25A11,TYR,272,158.96,89.38
Q02978,SLC25A11,LYS,280,12.83,90.75
Q02978,SLC25A11,THR,283,85.31,93.5
Q02978,SLC25A11,TYR,285,21.73,92.69
Q02978,SLC25A11,TYR,286,46.57,93.06
Q02978,SLC25A11,THR,293,65.45,87.75
Q02978,SLC25A11,THR,296,28.52,91.19
Q02978,SLC25A11,LYS,305,142.85,89.31
Q02978,SLC25A11,TYR,307,37.42,90.12
Q02978,SLC25A11,LYS,308,114.0,87.44
Q02978,SLC25A11,SER,313,85.57,68.62
Q04759,PRKCQ,SER,2,47.33,68.12
Q04759,PRKCQ,SER,10,12.26,89.69
Q04759,PRKCQ,CYS,14,50.25,76.25
Q04759,PRKCQ,SER,16,128.6,55.44
Q04759,PRKCQ,CYS,17,72.54,43.69
Q04759,PRKCQ,SER,19,96.59,37.41
Q04759,PRKCQ,CYS,20,87.52,36.59
Q04759,PRKCQ,TYR,28,73.95,88.25
Q04759,PRKCQ,LYS,34,44.58,88.44
Q04759,PRKCQ,TYR,36,80.29,80.19
Q04759,PRKCQ,SER,39,46.82,65.38
Q04759,PRKCQ,TYR,45,116.0,80.94
Q04759,PRKCQ,LYS,48,134.85,70.0
Q04759,PRKCQ,LYS,49,89.47,73.0
Q04759,PRKCQ,THR,51,42.14,87.56
Q04759,PRKCQ,TYR,53,135.0,91.06
Q04759,PRKCQ,SER,58,33.85,85.12
Q04759,PRKCQ,THR,59,79.86,87.31
Q04759,PRKCQ,LYS,66,181.67,74.06
Q04759,PRKCQ,LYS,75,48.59,88.38
Q04759,PRKCQ,LYS,77,180.55,74.75
Q04759,PRKCQ,THR,85,22.64,94.94
Q04759,PRKCQ,THR,86,81.51,94.19
Q04759,PRKCQ,TYR,90,103.72,89.12
Q04759,PRKCQ,SER,91,59.84,90.56
Q04759,PRKCQ,LYS,98,167.39,86.62
Q04759,PRKCQ,LYS,102,133.51,89.12
Q04759,PRKCQ,THR,103,10.66,90.94
Q04759,PRKCQ,LYS,110,161.59,89.25
Q04759,PRKCQ,TYR,121,39.46,89.31
Q04759,PRKCQ,SER,126,76.98,36.78
Q04759,PRKCQ,THR,128,123.49,34.06
Q04759,PRKCQ,LYS,129,193.21,30.58
Q04759,PRKCQ,THR,136,104.98,39.19
Q04759,PRKCQ,LYS,150,70.19,60.25
Q04759,PRKCQ,LYS,153,128.54,68.62
Q04759,PRKCQ,LYS,158,101.48,78.88
Q04759,PRKCQ,CYS,159,51.18,81.75
Q04759,PRKCQ,THR,163,22.61,85.31
Q04759,PRKCQ,THR,165,29.37,78.44
Q04759,PRKCQ,SER,174,18.16,89.31
Q04759,PRKCQ,CYS,176,41.34,85.38
Q04759,PRKCQ,LYS,185,69.79,60.72
Q04759,PRKCQ,TYR,188,10.85,89.81
Q04759,PRKCQ,LYS,199,49.34,84.06
Q04759,PRKCQ,LYS,200,157.28,83.94
Q04759,PRKCQ,LYS,204,79.31,83.0
Q04759,PRKCQ,LYS,208,58.45,78.56
Q04759,PRKCQ,THR,210,55.92,76.38
Q04759,PRKCQ,SER,212,56.38,54.94
Q04759,PRKCQ,SER,216,45.79,49.53
Q04759,PRKCQ,THR,219,25.21,45.78
Q04759,PRKCQ,LYS,223,122.19,49.53
Q04759,PRKCQ,LYS,227,189.29,52.22
Q04759,PRKCQ,LYS,235,128.04,93.5
Q04759,PRKCQ,TYR,237,97.59,92.5
Q04759,PRKCQ,TYR,239,24.33,88.94
Q04759,PRKCQ,LYS,240,213.19,85.44
Q04759,PRKCQ,SER,241,72.23,84.81
Q04759,PRKCQ,THR,243,26.8,89.56
Q04759,PRKCQ,THR,250,19.83,88.56
Q04759,PRKCQ,LYS,261,67.33,95.38
Q04759,PRKCQ,CYS,265,52.76,88.94
Q04759,PRKCQ,THR,275,117.9,86.75
Q04759,PRKCQ,LYS,276,67.98,87.5
Q04759,PRKCQ,CYS,281,12.07,86.25
Q04759,PRKCQ,LYS,286,100.5,65.31
Q04759,PRKCQ,SER,297,63.29,64.19
Q04759,PRKCQ,THR,298,72.47,64.88
Q04759,PRKCQ,CYS,303,89.93,51.19
Q04759,PRKCQ,THR,307,93.26,42.09
Q04759,PRKCQ,CYS,322,122.33,30.53
Q04759,PRKCQ,SER,323,89.21,35.12
Q04759,PRKCQ,LYS,325,181.06,36.0
Q04759,PRKCQ,CYS,332,128.15,28.94
Q04759,PRKCQ,THR,335,136.67,30.09
Q04759,PRKCQ,LYS,338,185.1,32.91
Q04759,PRKCQ,SER,345,97.39,27.94
Q04759,PRKCQ,SER,348,105.05,33.56
Q04759,PRKCQ,LYS,355,199.32,37.16
Q04759,PRKCQ,CYS,357,124.75,37.19
Q04759,PRKCQ,LYS,366,192.49,39.19
Q04759,PRKCQ,SER,370,94.71,40.56
Q04759,PRKCQ,LYS,374,173.34,76.12
Q04759,PRKCQ,LYS,376,117.29,91.75
Q04759,PRKCQ,LYS,384,82.22,94.62
Q04759,PRKCQ,LYS,388,116.8,80.44
Q04759,PRKCQ,SER,390,90.6,57.5
Q04759,PRKCQ,LYS,393,27.51,90.94
Q04759,PRKCQ,LYS,400,93.86,91.75
Q04759,PRKCQ,LYS,401,206.82,83.75
Q04759,PRKCQ,THR,402,51.96,88.12
Q04759,PRKCQ,LYS,409,24.61,95.88
Q04759,PRKCQ,LYS,412,44.86,89.62
Q04759,PRKCQ,CYS,424,22.22,88.06
Q04759,PRKCQ,LYS,429,26.89,95.19
Q04759,PRKCQ,SER,433,33.99,93.0
Q04759,PRKCQ,THR,450,48.33,92.06
Q04759,PRKCQ,LYS,451,164.5,90.31
Q04759,PRKCQ,TYR,460,26.92,97.19
Q04759,PRKCQ,TYR,468,68.06,90.19
Q04759,PRKCQ,SER,472,92.29,83.06
Q04759,PRKCQ,CYS,473,56.83,88.62
Q04759,PRKCQ,LYS,475,82.42,92.12
Q04759,PRKCQ,SER,479,73.99,97.69
Q04759,PRKCQ,THR,482,15.09,98.62
Q04759,PRKCQ,SER,497,75.16,97.06
Q04759,PRKCQ,LYS,498,87.51,97.38
Q04759,PRKCQ,LYS,506,24.55,95.19
Q04759,PRKCQ,LYS,514,126.55,96.06
Q04759,PRKCQ,LYS,527,77.03,94.94
Q04759,PRKCQ,LYS,535,100.68,94.62
Q04759,PRKCQ,THR,536,13.77,88.94
Q04759,PRKCQ,THR,538,41.95,81.38
Q04759,PRKCQ,LYS,555,141.62,91.88
Q04759,PRKCQ,TYR,598,40.62,96.56
Q04759,PRKCQ,LYS,604,166.35,98.0
Q04759,PRKCQ,LYS,607,88.66,98.5
Q04759,PRKCQ,LYS,612,81.98,98.44
Q04759,PRKCQ,LYS,620,115.78,97.62
Q04759,PRKCQ,LYS,645,66.98,97.81
Q04759,PRKCQ,LYS,654,175.79,95.19
Q04759,PRKCQ,LYS,656,185.68,93.62
Q04759,PRKCQ,SER,657,26.87,92.5
Q04759,PRKCQ,SER,662,60.55,92.5
Q04759,PRKCQ,LYS,666,164.6,84.75
Q04759,PRKCQ,LYS,672,140.99,88.88
Q04759,PRKCQ,SER,676,50.28,80.0
Q04759,PRKCQ,SER,685,85.75,72.56
Q04759,PRKCQ,SER,695,70.06,92.75
Q04759,PRKCQ,SER,706,124.82,73.94
Q04912,MST1R,SER,10,99.98,30.69
Q04912,MST1R,LYS,20,180.6,29.06
Q04912,MST1R,THR,32,51.97,69.19
Q04912,MST1R,TYR,34,84.72,72.0
Q04912,MST1R,LYS,43,135.12,91.19
Q04912,MST1R,TYR,44,20.15,92.75
Q04912,MST1R,SER,48,60.51,94.5
Q04912,MST1R,SER,50,70.75,95.25
Q04912,MST1R,THR,60,23.12,94.56
Q04912,MST1R,TYR,61,38.27,93.06
Q04912,MST1R,SER,68,11.91,92.19
Q04912,MST1R,LYS,86,136.17,93.19
Q04912,MST1R,SER,87,62.36,93.25
Q04912,MST1R,SER,90,46.19,94.75
Q04912,MST1R,CYS,107,25.08,89.75
Q04912,MST1R,THR,120,12.15,96.19
Q04912,MST1R,LYS,121,53.79,95.5
Q04912,MST1R,SER,137,29.47,93.44
Q04912,MST1R,SER,138,15.1,91.19
Q04912,MST1R,THR,153,88.01,84.25
Q04912,MST1R,CYS,162,19.14,95.25
Q04912,MST1R,SER,165,17.53,91.31
Q04912,MST1R,THR,187,15.1,96.5
Q04912,MST1R,TYR,196,36.54,94.88
Q04912,MST1R,SER,202,14.06,97.12
Q04912,MST1R,SER,210,52.61,91.31
Q04912,MST1R,LYS,222,33.12,93.0
Q04912,MST1R,SER,226,38.02,91.38
Q04912,MST1R,SER,236,31.46,95.5
Q04912,MST1R,LYS,240,130.19,92.75
Q04912,MST1R,SER,244,48.45,90.12
Q04912,MST1R,SER,246,74.05,91.75
Q04912,MST1R,TYR,249,10.18,97.25
Q04912,MST1R,SER,252,16.47,97.31
Q04912,MST1R,THR,255,19.79,95.12
Q04912,MST1R,SER,268,42.25,89.25
Q04912,MST1R,THR,270,119.7,87.62
Q04912,MST1R,SER,274,47.08,83.94
Q04912,MST1R,SER,284,14.11,95.38
Q04912,MST1R,THR,286,94.48,90.69
Q04912,MST1R,LYS,305,159.49,59.06
Q04912,MST1R,SER,326,23.47,97.19
Q04912,MST1R,THR,335,107.42,90.31
Q04912,MST1R,SER,338,104.95,92.88
Q04912,MST1R,THR,352,36.41,86.75
Q04912,MST1R,LYS,354,135.98,65.38
Q04912,MST1R,THR,376,73.98,96.12
Q04912,MST1R,CYS,386,25.33,90.94
Q04912,MST1R,SER,388,109.1,77.12
Q04912,MST1R,SER,403,56.39,92.25
Q04912,MST1R,SER,405,14.26,92.12
Q04912,MST1R,CYS,407,10.77,90.06
Q04912,MST1R,SER,417,43.04,73.56
Q04912,MST1R,THR,420,47.28,77.81
Q04912,MST1R,SER,421,44.77,87.0
Q04912,MST1R,SER,430,75.5,88.19
Q04912,MST1R,SER,431,42.93,88.5
Q04912,MST1R,SER,432,59.14,92.19
Q04912,MST1R,SER,434,57.45,92.94
Q04912,MST1R,THR,449,17.37,95.56
Q04912,MST1R,TYR,452,33.67,97.94
Q04912,MST1R,THR,454,11.23,95.88
Q04912,MST1R,TYR,482,105.5,71.25
Q04912,MST1R,TYR,485,45.63,88.56
Q04912,MST1R,SER,490,26.68,94.44
Q04912,MST1R,SER,494,60.31,80.44
Q04912,MST1R,SER,503,12.05,93.12
Q04912,MST1R,THR,532,55.88,89.81
Q04912,MST1R,CYS,533,10.06,91.5
Q04912,MST1R,CYS,548,13.15,93.56
Q04912,MST1R,LYS,556,192.48,92.25
Q04912,MST1R,CYS,558,18.61,90.94
Q04912,MST1R,SER,561,60.81,91.94
Q04912,MST1R,LYS,570,125.29,89.69
Q04912,MST1R,THR,572,61.72,90.0
Q04912,MST1R,SER,578,23.31,89.69
Q04912,MST1R,SER,584,29.52,83.62
Q04912,MST1R,THR,588,31.46,89.88
Q04912,MST1R,SER,592,24.72,85.69
Q04912,MST1R,TYR,595,87.31,75.69
Q04912,MST1R,SER,599,108.15,36.53
Q04912,MST1R,THR,610,51.44,91.56
Q04912,MST1R,LYS,621,86.95,58.38
Q04912,MST1R,SER,623,77.45,38.97
Q04912,MST1R,SER,624,55.25,32.81
Q04912,MST1R,LYS,625,124.8,36.38
Q04912,MST1R,LYS,632,164.31,53.62
Q04912,MST1R,THR,647,109.44,67.69
Q04912,MST1R,THR,653,29.58,90.81
Q04912,MST1R,SER,656,22.61,93.38
Q04912,MST1R,THR,658,35.54,93.19
Q04912,MST1R,THR,660,50.8,89.69
Q04912,MST1R,LYS,666,192.86,76.94
Q04912,MST1R,THR,673,73.49,92.31
Q04912,MST1R,SER,674,11.09,93.12
Q04912,MST1R,SER,680,21.17,89.62
Q04912,MST1R,CYS,701,57.23,91.31
Q04912,MST1R,THR,703,30.42,93.25
Q04912,MST1R,SER,708,20.8,87.06
Q04912,MST1R,SER,710,33.29,87.31
Q04912,MST1R,THR,713,62.55,82.69
Q04912,MST1R,SER,714,56.5,83.81
Q04912,MST1R,THR,722,73.02,89.94
Q04912,MST1R,SER,730,41.16,85.69
Q04912,MST1R,THR,743,88.42,87.12
Q04912,MST1R,SER,746,77.78,92.69
Q04912,MST1R,SER,750,30.28,92.0
Q04912,MST1R,SER,761,115.13,81.56
Q04912,MST1R,THR,763,77.3,93.19
Q04912,MST1R,SER,774,49.96,90.5
Q04912,MST1R,SER,776,62.32,88.75
Q04912,MST1R,TYR,781,23.81,87.75
Q04912,MST1R,THR,787,32.95,88.81
Q04912,MST1R,CYS,789,45.09,90.06
Q04912,MST1R,THR,794,41.89,88.06
Q04912,MST1R,SER,802,12.91,91.56
Q04912,MST1R,SER,812,21.49,87.88
Q04912,MST1R,CYS,814,15.3,83.69
Q04912,MST1R,TYR,829,15.01,87.69
Q04912,MST1R,SER,843,28.43,92.38
Q04912,MST1R,THR,853,58.51,91.06
Q04912,MST1R,SER,867,131.82,62.62
Q04912,MST1R,LYS,874,128.92,59.28
Q04912,MST1R,LYS,881,130.46,85.06
Q04912,MST1R,CYS,893,12.14,79.44
Q04912,MST1R,THR,899,13.98,88.75
Q04912,MST1R,SER,904,69.97,86.12
Q04912,MST1R,SER,921,72.6,75.5
Q04912,MST1R,CYS,934,23.91,88.06
Q04912,MST1R,CYS,939,60.47,85.69
Q04912,MST1R,SER,956,97.02,41.31
Q04912,MST1R,THR,957,91.66,44.97
Q04912,MST1R,THR,974,82.88,77.44
Q04912,MST1R,SER,979,57.91,66.5
Q04912,MST1R,TYR,980,131.73,67.38
Q04912,MST1R,LYS,985,124.87,52.75
Q04912,MST1R,SER,998,88.23,30.34
Q04912,MST1R,THR,1002,128.08,29.33
Q04912,MST1R,THR,1006,130.77,28.34
Q04912,MST1R,TYR,1012,200.44,25.7
Q04912,MST1R,SER,1013,94.62,28.81
Q04912,MST1R,SER,1015,49.34,28.08
Q04912,MST1R,TYR,1017,111.02,28.06
Q04912,MST1R,SER,1019,33.76,29.97
Q04912,MST1R,SER,1031,82.72,27.67
Q04912,MST1R,THR,1032,121.98,27.58
Q04912,MST1R,THR,1033,114.27,26.55
Q04912,MST1R,CYS,1034,119.53,23.27
Q04912,MST1R,SER,1039,98.79,24.11
Q04912,MST1R,SER,1041,89.6,23.58
Q04912,MST1R,SER,1043,93.11,26.84
Q04912,MST1R,SER,1047,94.4,27.42
Q04912,MST1R,CYS,1048,144.75,26.8
Q04912,MST1R,LYS,1054,137.47,37.25
Q04912,MST1R,SER,1056,48.73,43.84
Q04912,MST1R,SER,1064,89.47,75.25
Q04912,MST1R,LYS,1071,127.63,82.5
Q04912,MST1R,THR,1082,43.93,89.94
Q04912,MST1R,SER,1084,83.69,82.94
Q04912,MST1R,LYS,1090,160.42,73.5
Q04912,MST1R,TYR,1097,46.21,90.56
Q04912,MST1R,TYR,1101,27.11,93.06
Q04912,MST1R,LYS,1114,24.66,89.19
Q04912,MST1R,SER,1115,10.45,85.44
Q04912,MST1R,SER,1117,37.78,63.25
Q04912,MST1R,THR,1120,89.83,51.31
Q04912,MST1R,TYR,1163,54.02,92.12
Q04912,MST1R,CYS,1165,43.92,86.88
Q04912,MST1R,SER,1175,24.63,83.56
Q04912,MST1R,THR,1181,11.41,87.38
Q04912,MST1R,LYS,1183,58.43,90.31
Q04912,MST1R,SER,1187,35.99,94.12
Q04912,MST1R,TYR,1198,40.46,96.38
Q04912,MST1R,LYS,1203,130.56,87.12
Q04912,MST1R,SER,1219,81.46,88.94
Q04912,MST1R,THR,1221,33.46,93.44
Q04912,MST1R,LYS,1223,37.25,95.56
Q04912,MST1R,TYR,1238,92.81,37.12
Q04912,MST1R,TYR,1239,72.09,34.81
Q04912,MST1R,SER,1240,45.04,34.31
Q04912,MST1R,LYS,1252,25.48,92.88
Q04912,MST1R,THR,1261,70.64,83.62
Q04912,MST1R,TYR,1262,83.5,82.88
Q04912,MST1R,THR,1265,36.15,91.44
Q04912,MST1R,THR,1266,43.64,93.44
Q04912,MST1R,LYS,1267,44.86,96.31
Q04912,MST1R,THR,1282,39.33,92.44
Q04912,MST1R,TYR,1288,11.87,91.69
Q04912,MST1R,THR,1297,37.97,91.19
Q04912,MST1R,TYR,1311,84.92,83.69
Q04912,MST1R,SER,1315,52.91,94.56
Q04912,MST1R,TYR,1317,29.46,97.5
Q04912,MST1R,THR,1333,66.28,97.19
Q04912,MST1R,SER,1346,85.85,90.0
Q04912,MST1R,TYR,1353,179.17,39.56
Q04912,MST1R,THR,1359,119.55,33.81
Q04912,MST1R,TYR,1360,116.99,29.36
Q04912,MST1R,SER,1366,99.91,27.41
Q04912,MST1R,THR,1367,130.65,29.56
Q04912,MST1R,SER,1368,88.25,28.89
Q04912,MST1R,SER,1381,100.22,35.16
Q04912,MST1R,SER,1394,109.97,43.91
Q04912,MST1R,THR,1400,200.85,37.75
Q05655,PRKCD,SER,11,43.56,93.81
Q05655,PRKCD,TYR,12,67.12,92.88
Q05655,PRKCD,SER,16,100.25,71.75
Q05655,PRKCD,LYS,31,64.22,93.38
Q05655,PRKCD,LYS,33,46.01,90.88
Q05655,PRKCD,SER,37,92.0,73.88
Q05655,PRKCD,THR,38,67.69,71.06
Q05655,PRKCD,LYS,42,171.94,71.12
Q05655,PRKCD,THR,43,62.92,81.0
Q05655,PRKCD,LYS,47,94.39,73.88
Q05655,PRKCD,LYS,48,132.37,79.0
Q05655,PRKCD,THR,50,32.91,89.56
Q05655,PRKCD,TYR,52,139.0,92.56
Q05655,PRKCD,LYS,56,159.53,90.19
Q05655,PRKCD,SER,57,38.22,90.06
Q05655,PRKCD,THR,58,85.81,91.75
Q05655,PRKCD,TYR,64,103.05,79.5
Q05655,PRKCD,THR,85,71.37,94.88
Q05655,PRKCD,SER,89,47.64,88.38
Q05655,PRKCD,LYS,96,121.43,80.25
Q05655,PRKCD,LYS,97,175.6,78.06
Q05655,PRKCD,LYS,101,123.69,88.69
Q05655,PRKCD,LYS,113,82.39,93.94
Q05655,PRKCD,SER,117,29.94,94.38
Q05655,PRKCD,TYR,120,33.01,89.5
Q05655,PRKCD,CYS,127,105.56,28.09
Q05655,PRKCD,LYS,128,184.11,29.8
Q05655,PRKCD,SER,130,58.82,32.28
Q05655,PRKCD,SER,133,90.48,32.56
Q05655,PRKCD,LYS,138,162.19,29.2
Q05655,PRKCD,THR,141,106.49,34.5
Q05655,PRKCD,LYS,149,74.92,53.0
Q05655,PRKCD,LYS,152,155.69,64.0
Q05655,PRKCD,TYR,155,155.24,82.44
Q05655,PRKCD,LYS,157,102.51,76.62
Q05655,PRKCD,THR,164,32.96,75.06
Q05655,PRKCD,SER,173,14.92,88.25
Q05655,PRKCD,CYS,175,33.38,85.06
Q05655,PRKCD,LYS,176,91.68,82.88
Q05655,PRKCD,LYS,184,39.23,54.78
Q05655,PRKCD,LYS,188,74.32,89.62
Q05655,PRKCD,LYS,198,74.48,84.44
Q05655,PRKCD,LYS,199,148.82,85.0
Q05655,PRKCD,LYS,203,73.01,81.12
Q05655,PRKCD,THR,209,64.24,75.12
Q05655,PRKCD,THR,211,62.44,49.06
Q05655,PRKCD,SER,215,47.21,43.75
Q05655,PRKCD,THR,218,33.23,41.0
Q05655,PRKCD,LYS,222,120.36,45.62
Q05655,PRKCD,LYS,234,112.86,92.44
Q05655,PRKCD,TYR,238,22.57,86.25
Q05655,PRKCD,SER,240,72.02,80.31
Q05655,PRKCD,THR,242,24.9,87.38
Q05655,PRKCD,CYS,247,13.08,89.19
Q05655,PRKCD,SER,249,24.93,85.19
Q05655,PRKCD,LYS,256,136.19,84.75
Q05655,PRKCD,LYS,260,76.6,94.94
Q05655,PRKCD,CYS,264,52.27,86.44
Q05655,PRKCD,LYS,271,152.99,90.31
Q05655,PRKCD,LYS,275,70.87,86.19
Q05655,PRKCD,LYS,285,87.07,65.38
Q05655,PRKCD,THR,295,88.55,55.72
Q05655,PRKCD,SER,299,75.47,44.62
Q05655,PRKCD,SER,302,84.75,36.16
Q05655,PRKCD,SER,304,105.11,29.55
Q05655,PRKCD,SER,306,107.45,29.14
Q05655,PRKCD,SER,307,113.54,31.45
Q05655,PRKCD,TYR,313,146.52,31.03
Q05655,PRKCD,LYS,318,202.02,27.72
Q05655,PRKCD,LYS,319,185.82,32.97
Q05655,PRKCD,THR,320,137.81,29.14
Q05655,PRKCD,SER,331,97.37,36.5
Q05655,PRKCD,THR,333,117.95,35.38
Q05655,PRKCD,TYR,334,161.93,36.75
Q05655,PRKCD,LYS,336,200.61,35.38
Q05655,PRKCD,SER,341,55.9,41.53
Q05655,PRKCD,SER,342,121.03,50.31
Q05655,PRKCD,LYS,343,123.54,61.94
Q05655,PRKCD,CYS,344,19.3,73.5
Q05655,PRKCD,LYS,353,57.05,94.62
Q05655,PRKCD,LYS,357,112.92,81.38
Q05655,PRKCD,SER,359,94.26,58.88
Q05655,PRKCD,LYS,362,26.31,90.81
Q05655,PRKCD,LYS,369,106.56,88.94
Q05655,PRKCD,TYR,374,39.39,94.81
Q05655,PRKCD,LYS,378,25.81,95.62
Q05655,PRKCD,LYS,381,38.75,90.5
Q05655,PRKCD,CYS,393,28.01,88.0
Q05655,PRKCD,THR,402,42.65,94.5
Q05655,PRKCD,THR,419,42.15,92.38
Q05655,PRKCD,LYS,420,157.13,90.5
Q05655,PRKCD,TYR,437,76.05,89.88
Q05655,PRKCD,LYS,442,117.64,84.62
Q05655,PRKCD,TYR,448,113.85,96.56
Q05655,PRKCD,SER,466,79.56,95.12
Q05655,PRKCD,LYS,467,78.5,96.12
Q05655,PRKCD,LYS,475,21.53,94.69
Q05655,PRKCD,LYS,496,85.51,92.69
Q05655,PRKCD,SER,503,52.35,86.94
Q05655,PRKCD,SER,506,81.13,82.0
Q05655,PRKCD,THR,507,50.99,78.25
Q05655,PRKCD,TYR,514,13.31,95.06
Q05655,PRKCD,LYS,524,154.93,88.81
Q05655,PRKCD,THR,526,29.87,94.44
Q05655,PRKCD,SER,546,13.61,90.56
Q05655,PRKCD,THR,564,112.55,95.06
Q05655,PRKCD,TYR,567,36.09,95.69
Q05655,PRKCD,THR,572,53.38,96.5
Q05655,PRKCD,LYS,573,178.22,97.44
Q05655,PRKCD,LYS,576,83.52,98.25
Q05655,PRKCD,LYS,581,84.3,97.94
Q05655,PRKCD,THR,588,94.69,94.94
Q05655,PRKCD,LYS,589,126.96,96.69
Q05655,PRKCD,THR,594,55.85,89.94
Q05655,PRKCD,LYS,598,47.06,96.12
Q05655,PRKCD,LYS,604,151.67,96.31
Q05655,PRKCD,THR,605,94.71,94.31
Q05655,PRKCD,THR,609,80.03,95.81
Q05655,PRKCD,LYS,613,123.29,95.31
Q05655,PRKCD,LYS,623,176.03,94.56
Q05655,PRKCD,LYS,625,185.89,92.69
Q05655,PRKCD,SER,626,39.69,92.31
Q05655,PRKCD,TYR,630,76.2,92.38
Q05655,PRKCD,SER,631,58.2,92.94
Q05655,PRKCD,LYS,641,154.13,89.0
Q05655,PRKCD,SER,645,45.72,79.44
Q05655,PRKCD,TYR,646,208.87,75.38
Q05655,PRKCD,SER,647,15.74,69.75
Q05655,PRKCD,LYS,649,162.06,76.44
Q05655,PRKCD,SER,654,68.96,76.31
Q05655,PRKCD,SER,658,77.7,88.38
Q05655,PRKCD,SER,664,62.39,93.62
Q05655,PRKCD,LYS,669,112.97,85.31
Q08174,PCDH1,SER,3,111.94,36.5
Q08174,PCDH1,CYS,10,122.07,36.91
Q08174,PCDH1,SER,29,104.38,35.81
Q08174,PCDH1,SER,41,91.3,34.88
Q08174,PCDH1,SER,53,112.23,34.06
Q08174,PCDH1,THR,58,109.7,50.59
Q08174,PCDH1,TYR,62,25.07,90.19
Q08174,PCDH1,LYS,63,125.79,89.31
Q08174,PCDH1,THR,72,38.29,86.94
Q08174,PCDH1,SER,76,23.27,83.25
Q08174,PCDH1,TYR,81,62.03,74.81
Q08174,PCDH1,LYS,91,115.83,82.94
Q08174,PCDH1,TYR,98,56.8,87.31
Q08174,PCDH1,LYS,104,160.86,77.31
Q08174,PCDH1,THR,105,58.64,81.88
Q08174,PCDH1,THR,111,24.01,88.62
Q08174,PCDH1,THR,113,58.71,86.25
Q08174,PCDH1,SER,114,53.43,84.75
Q08174,PCDH1,CYS,123,13.13,79.25
Q08174,PCDH1,SER,139,20.17,82.88
Q08174,PCDH1,THR,141,39.37,77.75
Q08174,PCDH1,SER,148,97.12,61.69
Q08174,PCDH1,THR,165,52.22,91.12
Q08174,PCDH1,SER,170,46.31,89.31
Q08174,PCDH1,THR,174,95.74,93.12
Q08174,PCDH1,THR,181,24.92,92.06
Q08174,PCDH1,SER,185,36.35,93.38
Q08174,PCDH1,SER,193,80.0,88.81
Q08174,PCDH1,SER,204,52.05,91.38
Q08174,PCDH1,TYR,205,21.5,94.06
Q08174,PCDH1,LYS,228,65.62,85.88
Q08174,PCDH1,SER,245,51.05,92.69
Q08174,PCDH1,TYR,246,14.97,92.56
Q08174,PCDH1,THR,249,46.72,94.44
Q08174,PCDH1,LYS,251,61.77,94.0
Q08174,PCDH1,SER,257,112.73,86.12
Q08174,PCDH1,SER,262,27.02,93.88
Q08174,PCDH1,SER,263,65.2,94.12
Q08174,PCDH1,THR,269,56.04,94.25
Q08174,PCDH1,THR,273,39.07,90.19
Q08174,PCDH1,LYS,279,156.55,93.38
Q08174,PCDH1,SER,284,57.78,94.38
Q08174,PCDH1,SER,290,46.01,92.62
Q08174,PCDH1,SER,293,15.03,92.19
Q08174,PCDH1,SER,298,62.5,94.44
Q08174,PCDH1,LYS,303,102.18,94.81
Q08174,PCDH1,SER,307,72.39,91.56
Q08174,PCDH1,TYR,317,13.29,96.31
Q08174,PCDH1,THR,318,51.67,95.81
Q08174,PCDH1,THR,336,70.5,93.31
Q08174,PCDH1,THR,340,21.52,96.0
Q08174,PCDH1,SER,351,56.94,91.25
Q08174,PCDH1,THR,352,44.24,93.0
Q08174,PCDH1,SER,356,16.53,94.88
Q08174,PCDH1,LYS,360,85.51,94.81
Q08174,PCDH1,THR,364,138.03,85.0
Q08174,PCDH1,LYS,367,68.27,92.38
Q08174,PCDH1,SER,368,58.26,94.38
Q08174,PCDH1,THR,376,65.61,94.44
Q08174,PCDH1,LYS,378,95.22,92.69
Q08174,PCDH1,THR,386,84.53,91.88
Q08174,PCDH1,THR,396,77.43,67.19
Q08174,PCDH1,SER,405,41.01,89.75
Q08174,PCDH1,THR,412,34.6,86.75
Q08174,PCDH1,SER,420,25.89,90.88
Q08174,PCDH1,THR,431,85.48,88.62
Q08174,PCDH1,CYS,432,15.32,89.88
Q08174,PCDH1,SER,446,51.16,68.5
Q08174,PCDH1,THR,448,126.92,56.38
Q08174,PCDH1,SER,450,77.39,62.72
Q08174,PCDH1,SER,452,28.27,70.0
Q08174,PCDH1,LYS,453,123.22,80.88
Q08174,PCDH1,LYS,454,49.26,83.69
Q08174,PCDH1,LYS,455,96.92,87.44
Q08174,PCDH1,TYR,456,27.88,89.25
Q08174,PCDH1,THR,461,50.76,89.81
Q08174,PCDH1,THR,462,66.81,88.88
Q08174,PCDH1,TYR,466,31.8,93.38
Q08174,PCDH1,LYS,468,165.26,90.69
Q08174,PCDH1,LYS,470,91.18,90.94
Q08174,PCDH1,TYR,472,30.28,91.0
Q08174,PCDH1,THR,473,76.69,91.25
Q08174,PCDH1,SER,481,52.94,89.94
Q08174,PCDH1,SER,487,70.29,92.94
Q08174,PCDH1,SER,488,28.0,93.56
Q08174,PCDH1,THR,489,84.65,92.94
Q08174,PCDH1,SER,491,61.22,90.75
Q08174,PCDH1,LYS,493,119.07,90.38
Q08174,PCDH1,THR,507,111.62,89.38
Q08174,PCDH1,SER,509,83.9,88.62
Q08174,PCDH1,THR,511,25.12,92.75
Q08174,PCDH1,LYS,520,161.55,91.0
Q08174,PCDH1,THR,529,70.82,93.25
Q08174,PCDH1,SER,531,74.42,93.56
Q08174,PCDH1,SER,535,35.21,91.19
Q08174,PCDH1,SER,537,62.3,89.94
Q08174,PCDH1,TYR,543,18.13,95.75
Q08174,PCDH1,SER,544,49.57,94.88
Q08174,PCDH1,LYS,552,176.44,79.31
Q08174,PCDH1,THR,556,62.81,93.31
Q08174,PCDH1,SER,558,35.03,94.5
Q08174,PCDH1,THR,561,68.78,92.12
Q08174,PCDH1,LYS,567,121.79,90.88
Q08174,PCDH1,THR,568,55.13,89.44
Q08174,PCDH1,SER,569,67.12,91.31
Q08174,PCDH1,SER,577,38.97,93.0
Q08174,PCDH1,TYR,578,13.33,92.62
Q08174,PCDH1,LYS,581,99.92,93.12
Q08174,PCDH1,SER,589,109.81,85.81
Q08174,PCDH1,SER,591,53.11,92.31
Q08174,PCDH1,THR,595,100.79,94.62
Q08174,PCDH1,THR,597,30.88,94.31
Q08174,PCDH1,CYS,605,43.16,91.31
Q08174,PCDH1,LYS,611,138.21,91.62
Q08174,PCDH1,SER,615,122.46,87.38
Q08174,PCDH1,TYR,617,20.11,92.31
Q08174,PCDH1,SER,620,67.72,92.44
Q08174,PCDH1,SER,629,17.85,89.31
Q08174,PCDH1,THR,635,61.3,89.75
Q08174,PCDH1,LYS,641,122.32,90.25
Q08174,PCDH1,SER,650,46.5,92.31
Q08174,PCDH1,THR,664,68.78,85.06
Q08174,PCDH1,THR,666,20.91,92.06
Q08174,PCDH1,SER,670,48.52,87.75
Q08174,PCDH1,SER,672,65.75,89.44
Q08174,PCDH1,SER,679,54.98,91.56
Q08174,PCDH1,THR,680,59.1,93.25
Q08174,PCDH1,TYR,681,22.83,92.12
Q08174,PCDH1,THR,682,96.41,92.56
Q08174,PCDH1,LYS,686,47.4,93.75
Q08174,PCDH1,SER,696,46.57,94.31
Q08174,PCDH1,TYR,698,113.46,93.75
Q08174,PCDH1,THR,702,39.57,94.0
Q08174,PCDH1,TYR,714,83.93,91.38
Q08174,PCDH1,THR,716,69.3,91.5
Q08174,PCDH1,SER,719,69.8,82.12
Q08174,PCDH1,THR,721,92.79,76.0
Q08174,PCDH1,SER,722,41.34,82.5
Q08174,PCDH1,LYS,724,86.96,87.62
Q08174,PCDH1,THR,727,47.14,87.62
Q08174,PCDH1,THR,730,22.35,87.38
Q08174,PCDH1,THR,735,65.53,91.75
Q08174,PCDH1,SER,737,20.22,92.19
Q08174,PCDH1,SER,746,51.52,90.94
Q08174,PCDH1,TYR,754,18.0,95.12
Q08174,PCDH1,SER,755,49.22,94.62
Q08174,PCDH1,TYR,762,79.24,84.69
Q08174,PCDH1,SER,769,51.69,93.31
Q08174,PCDH1,SER,771,59.12,92.31
Q08174,PCDH1,THR,775,34.05,93.69
Q08174,PCDH1,LYS,778,105.92,88.94
Q08174,PCDH1,LYS,793,69.81,93.88
Q08174,PCDH1,SER,795,20.8,94.81
Q08174,PCDH1,LYS,799,195.51,87.12
Q08174,PCDH1,TYR,803,127.81,93.38
Q08174,PCDH1,THR,805,74.99,90.94
Q08174,PCDH1,TYR,811,18.42,88.25
Q08174,PCDH1,THR,815,85.54,77.38
Q08174,PCDH1,THR,820,95.87,78.56
Q08174,PCDH1,THR,824,73.8,80.81
Q08174,PCDH1,THR,832,31.36,78.94
Q08174,PCDH1,TYR,844,136.24,52.34
Q08174,PCDH1,SER,847,61.7,54.66
Q08174,PCDH1,LYS,848,108.98,50.91
Q08174,PCDH1,TYR,876,115.49,70.19
Q08174,PCDH1,CYS,877,59.89,65.88
Q08174,PCDH1,LYS,883,180.91,41.69
Q08174,PCDH1,SER,884,113.08,34.0
Q08174,PCDH1,TYR,886,215.35,29.83
Q08174,PCDH1,LYS,890,192.28,33.16
Q08174,PCDH1,LYS,891,173.78,42.38
Q08174,PCDH1,THR,893,105.67,39.0
Q08174,PCDH1,LYS,894,187.09,35.56
Q08174,PCDH1,TYR,897,205.72,40.53
Q08174,PCDH1,LYS,900,193.54,33.28
Q08174,PCDH1,SER,902,117.2,27.78
Q08174,PCDH1,LYS,904,207.52,28.78
Q08174,PCDH1,SER,906,89.08,32.06
Q08174,PCDH1,LYS,907,206.43,32.41
Q08174,PCDH1,LYS,910,187.68,33.09
Q08174,PCDH1,SER,911,104.96,33.62
Q08174,PCDH1,LYS,912,206.03,32.62
Q08174,PCDH1,LYS,914,215.3,34.22
Q08174,PCDH1,LYS,915,208.88,34.94
Q08174,PCDH1,SER,916,117.87,31.84
Q08174,PCDH1,LYS,917,197.98,33.06
Q08174,PCDH1,SER,918,105.06,30.19
Q08174,PCDH1,LYS,920,193.37,35.19
Q08174,PCDH1,LYS,923,184.31,33.19
Q08174,PCDH1,LYS,935,167.32,38.97
Q08174,PCDH1,SER,936,92.43,35.81
Q08174,PCDH1,LYS,938,186.24,32.88
Q08174,PCDH1,SER,943,84.82,33.81
Q08174,PCDH1,SER,949,96.8,36.31
Q08174,PCDH1,TYR,958,215.36,39.22
Q08174,PCDH1,SER,962,115.3,42.72
Q08174,PCDH1,TYR,969,225.69,37.78
Q08174,PCDH1,SER,971,99.0,40.09
Q08174,PCDH1,SER,973,112.94,39.56
Q08174,PCDH1,SER,977,89.77,34.53
Q08174,PCDH1,SER,984,102.76,39.56
Q08174,PCDH1,SER,986,108.51,36.41
Q08174,PCDH1,SER,988,110.83,38.16
Q08174,PCDH1,LYS,989,181.67,36.16
Q08174,PCDH1,LYS,990,150.42,34.38
Q08174,PCDH1,THR,1002,124.98,31.94
Q08174,PCDH1,THR,1006,135.92,34.66
Q08174,PCDH1,THR,1009,135.79,38.88
Q08174,PCDH1,THR,1010,137.7,32.47
Q08174,PCDH1,SER,1011,111.61,35.0
Q08174,PCDH1,THR,1012,140.94,34.5
Q08174,PCDH1,SER,1014,101.43,37.09
Q08174,PCDH1,TYR,1017,217.23,36.03
Q08174,PCDH1,SER,1018,93.71,38.44
Q08174,PCDH1,TYR,1020,198.97,36.06
Q08174,PCDH1,SER,1021,108.16,37.06
Q08174,PCDH1,TYR,1022,211.68,34.38
Q08174,PCDH1,THR,1024,117.78,39.03
Q08174,PCDH1,LYS,1028,207.08,37.44
Q08174,PCDH1,TYR,1029,209.64,44.16
Q08174,PCDH1,SER,1031,109.9,36.22
Q08174,PCDH1,LYS,1032,183.37,39.22
Q08174,PCDH1,SER,1041,113.2,38.78
Q08174,PCDH1,THR,1042,128.19,37.16
Q08174,PCDH1,TYR,1050,183.69,41.94
Q08174,PCDH1,THR,1056,105.73,39.69
Q12772,SREBF2,SER,4,122.96,36.16
Q12772,SREBF2,THR,12,114.23,41.88
Q12772,SREBF2,THR,15,78.91,39.53
Q12772,SREBF2,THR,17,90.22,42.09
Q12772,SREBF2,THR,24,80.93,48.28
Q12772,SREBF2,SER,36,70.04,44.25
Q12772,SREBF2,SER,47,91.81,30.48
Q12772,SREBF2,CYS,51,136.7,29.5
Q12772,SREBF2,SER,52,90.89,28.84
Q12772,SREBF2,SER,53,106.14,29.95
Q12772,SREBF2,SER,57,124.3,31.84
Q12772,SREBF2,SER,60,127.08,36.84
Q12772,SREBF2,SER,62,109.07,36.47
Q12772,SREBF2,SER,63,103.04,34.56
Q12772,SREBF2,SER,64,117.73,38.59
Q12772,SREBF2,SER,66,108.61,36.72
Q12772,SREBF2,SER,67,123.54,38.19
Q12772,SREBF2,SER,69,109.0,38.09
Q12772,SREBF2,SER,70,99.1,37.78
Q12772,SREBF2,SER,71,106.18,37.03
Q12772,SREBF2,SER,72,101.18,37.03
Q12772,SREBF2,SER,73,107.88,35.53
Q12772,SREBF2,SER,74,120.03,38.59
Q12772,SREBF2,SER,79,106.94,36.75
Q12772,SREBF2,SER,80,111.07,33.06
Q12772,SREBF2,SER,81,121.96,38.03
Q12772,SREBF2,SER,87,101.64,30.45
Q12772,SREBF2,SER,91,104.87,31.44
Q12772,SREBF2,THR,93,115.49,33.75
Q12772,SREBF2,THR,96,107.19,29.16
Q12772,SREBF2,SER,99,110.59,29.47
Q12772,SREBF2,SER,101,109.19,32.19
Q12772,SREBF2,SER,103,110.66,29.78
Q12772,SREBF2,SER,106,109.3,31.3
Q12772,SREBF2,THR,111,120.33,30.55
Q12772,SREBF2,LYS,115,179.77,32.12
Q12772,SREBF2,SER,117,99.57,38.47
Q12772,SREBF2,THR,119,125.12,40.97
Q12772,SREBF2,SER,120,89.54,41.78
Q12772,SREBF2,THR,123,112.96,36.81
Q12772,SREBF2,THR,124,145.5,38.88
Q12772,SREBF2,THR,128,123.8,35.97
Q12772,SREBF2,THR,143,98.8,37.06
Q12772,SREBF2,THR,149,118.65,29.53
Q12772,SREBF2,THR,153,119.5,31.17
Q12772,SREBF2,THR,155,101.34,32.34
Q12772,SREBF2,SER,157,82.02,37.69
Q12772,SREBF2,THR,158,123.33,39.31
Q12772,SREBF2,THR,159,124.99,39.28
Q12772,SREBF2,THR,162,105.37,32.19
Q12772,SREBF2,TYR,171,198.74,27.64
Q12772,SREBF2,THR,176,131.3,30.78
Q12772,SREBF2,SER,177,109.42,29.03
Q12772,SREBF2,SER,187,99.99,26.05
Q12772,SREBF2,THR,190,129.01,33.12
Q12772,SREBF2,SER,191,98.01,29.05
Q12772,SREBF2,SER,192,100.42,35.22
Q12772,SREBF2,THR,198,135.97,27.16
Q12772,SREBF2,THR,205,116.52,31.3
Q12772,SREBF2,THR,213,95.76,31.77
Q12772,SREBF2,THR,215,130.93,31.97
Q12772,SREBF2,THR,219,118.67,31.73
Q12772,SREBF2,THR,222,108.66,34.28
Q12772,SREBF2,THR,227,126.19,35.03
Q12772,SREBF2,THR,230,121.44,35.97
Q12772,SREBF2,LYS,249,170.03,28.67
Q12772,SREBF2,THR,250,129.0,36.84
Q12772,SREBF2,SER,252,97.68,35.09
Q12772,SREBF2,THR,256,116.21,35.41
Q12772,SREBF2,THR,257,109.56,36.44
Q12772,SREBF2,LYS,259,162.06,34.03
Q12772,SREBF2,THR,260,97.56,38.22
Q12772,SREBF2,SER,263,115.9,30.8
Q12772,SREBF2,THR,275,115.63,34.25
Q12772,SREBF2,THR,278,109.66,30.14
Q12772,SREBF2,THR,279,123.04,36.84
Q12772,SREBF2,THR,283,134.68,29.92
Q12772,SREBF2,THR,290,117.75,32.72
Q12772,SREBF2,SER,294,114.01,33.34
Q12772,SREBF2,SER,295,111.28,33.91
Q12772,SREBF2,THR,297,121.07,33.19
Q12772,SREBF2,THR,300,105.87,32.22
Q12772,SREBF2,THR,301,124.41,33.03
Q12772,SREBF2,LYS,310,166.32,32.0
Q12772,SREBF2,LYS,314,176.87,40.19
Q12772,SREBF2,LYS,321,183.53,34.19
Q12772,SREBF2,LYS,327,193.16,35.62
Q12772,SREBF2,THR,333,70.84,74.88
Q12772,SREBF2,THR,334,77.32,77.25
Q12772,SREBF2,LYS,340,150.69,90.06
Q12772,SREBF2,TYR,342,145.44,92.12
Q12772,SREBF2,SER,344,53.3,90.56
Q12772,SREBF2,SER,345,46.29,90.06
Q12772,SREBF2,LYS,349,132.44,89.19
Q12772,SREBF2,LYS,354,31.92,85.56
Q12772,SREBF2,THR,360,103.76,74.31
Q12772,SREBF2,LYS,363,216.02,70.62
Q12772,SREBF2,LYS,366,105.52,83.12
Q12772,SREBF2,SER,367,59.92,84.12
Q12772,SREBF2,LYS,372,85.03,86.19
Q12772,SREBF2,TYR,376,96.8,91.31
Q12772,SREBF2,LYS,378,117.21,93.12
Q12772,SREBF2,TYR,379,126.28,93.88
Q12772,SREBF2,LYS,386,125.14,94.06
Q12772,SREBF2,LYS,395,91.02,88.81
Q12772,SREBF2,LYS,400,141.93,79.5
Q12772,SREBF2,LYS,402,150.13,68.56
Q12772,SREBF2,LYS,405,145.75,53.34
Q12772,SREBF2,SER,411,106.0,35.44
Q12772,SREBF2,LYS,420,166.49,28.39
Q12772,SREBF2,SER,432,102.86,31.48
Q12772,SREBF2,SER,436,121.72,39.41
Q12772,SREBF2,SER,438,105.57,31.67
Q12772,SREBF2,SER,440,122.22,37.81
Q12772,SREBF2,SER,445,97.66,34.09
Q12772,SREBF2,TYR,447,207.92,32.56
Q12772,SREBF2,SER,448,81.95,31.91
Q12772,SREBF2,SER,451,96.77,35.12
Q12772,SREBF2,SER,455,99.22,32.19
Q12772,SREBF2,LYS,462,195.87,27.75
Q12772,SREBF2,LYS,464,132.36,30.64
Q12772,SREBF2,SER,469,101.61,29.06
Q12772,SREBF2,SER,480,44.59,87.31
Q12772,SREBF2,THR,488,24.07,86.75
Q12772,SREBF2,CYS,491,63.98,85.12
Q12772,SREBF2,SER,493,82.9,81.88
Q12772,SREBF2,THR,498,56.8,64.25
Q12772,SREBF2,SER,499,64.54,61.88
Q12772,SREBF2,SER,509,119.85,40.75
Q12772,SREBF2,SER,515,128.56,37.09
Q12772,SREBF2,SER,517,131.29,38.25
Q12772,SREBF2,SER,520,103.46,39.16
Q12772,SREBF2,SER,523,98.41,39.09
Q12772,SREBF2,SER,526,118.31,38.06
Q12772,SREBF2,SER,528,125.31,44.78
Q12772,SREBF2,THR,538,61.35,79.0
Q12772,SREBF2,SER,551,51.59,83.5
Q12772,SREBF2,LYS,555,131.28,82.12
Q12772,SREBF2,SER,568,41.49,81.5
Q12772,SREBF2,SER,570,21.69,80.75
Q12772,SREBF2,SER,571,10.88,84.25
Q12772,SREBF2,THR,573,41.12,87.81
Q12772,SREBF2,LYS,579,108.49,92.44
Q12772,SREBF2,THR,599,55.62,90.38
Q12772,SREBF2,THR,610,142.77,76.81
Q12772,SREBF2,SER,611,55.0,84.25
Q12772,SREBF2,CYS,617,24.17,88.81
Q12772,SREBF2,SER,620,42.73,89.5
Q12772,SREBF2,TYR,626,29.96,85.56
Q12772,SREBF2,SER,627,56.29,84.88
Q12772,SREBF2,LYS,630,62.26,77.31
Q12772,SREBF2,LYS,639,113.9,71.19
Q12772,SREBF2,LYS,640,86.95,74.31
Q12772,SREBF2,CYS,644,93.31,56.78
Q12772,SREBF2,THR,648,91.3,45.19
Q12772,SREBF2,THR,651,118.47,48.31
Q12772,SREBF2,LYS,660,53.27,84.19
Q12772,SREBF2,THR,661,48.5,84.88
Q12772,SREBF2,LYS,681,53.99,71.06
Q12772,SREBF2,SER,686,45.07,79.0
Q12772,SREBF2,CYS,688,48.15,84.19
Q12772,SREBF2,SER,689,19.58,85.12
Q12772,SREBF2,CYS,703,48.78,83.94
Q12772,SREBF2,LYS,707,59.23,79.75
Q12772,SREBF2,SER,711,47.3,81.38
Q12772,SREBF2,THR,712,31.21,84.88
Q12772,SREBF2,LYS,725,39.52,84.25
Q12772,SREBF2,THR,726,46.71,79.06
Q12772,SREBF2,CYS,728,28.87,70.0
Q12772,SREBF2,LYS,731,190.55,72.19
Q12772,SREBF2,SER,737,40.19,85.62
Q12772,SREBF2,TYR,738,99.0,86.94
Q12772,SREBF2,SER,741,60.06,85.0
Q12772,SREBF2,SER,745,67.24,80.69
Q12772,SREBF2,CYS,747,16.07,71.19
Q12772,SREBF2,SER,752,102.87,43.84
Q12772,SREBF2,SER,757,29.9,62.19
Q12772,SREBF2,CYS,762,61.93,74.38
Q12772,SREBF2,LYS,768,105.76,80.75
Q12772,SREBF2,SER,774,114.25,61.41
Q12772,SREBF2,SER,776,73.51,62.62
Q12772,SREBF2,LYS,778,116.17,61.34
Q12772,SREBF2,SER,779,54.12,51.41
Q12772,SREBF2,LYS,782,139.5,53.72
Q12772,SREBF2,SER,784,18.69,65.69
Q12772,SREBF2,LYS,805,47.43,83.56
Q12772,SREBF2,SER,814,27.84,79.88
Q12772,SREBF2,LYS,817,53.88,69.38
Q12772,SREBF2,LYS,821,195.77,39.47
Q12772,SREBF2,LYS,822,165.26,30.09
Q12772,SREBF2,LYS,823,164.96,32.62
Q12772,SREBF2,SER,831,83.2,52.97
Q12772,SREBF2,CYS,832,45.46,63.38
Q12772,SREBF2,SER,835,39.06,79.38
Q12772,SREBF2,SER,836,31.44,78.69
Q12772,SREBF2,TYR,840,53.43,81.75
Q12772,SREBF2,LYS,842,130.41,85.44
Q12772,SREBF2,SER,846,56.65,79.75
Q12772,SREBF2,SER,850,23.36,57.47
Q12772,SREBF2,SER,855,99.3,29.36
Q12772,SREBF2,SER,859,64.27,30.7
Q12772,SREBF2,SER,861,111.02,31.03
Q12772,SREBF2,SER,862,43.25,36.47
Q12772,SREBF2,LYS,865,120.78,34.38
Q12772,SREBF2,SER,866,106.0,35.0
Q12772,SREBF2,THR,882,17.93,90.94
Q12772,SREBF2,SER,897,65.51,87.31
Q12772,SREBF2,THR,900,79.68,85.62
Q12772,SREBF2,LYS,901,96.1,82.19
Q12772,SREBF2,LYS,907,169.08,75.56
Q12772,SREBF2,THR,912,57.12,68.62
Q12772,SREBF2,SER,914,12.19,77.88
Q12772,SREBF2,LYS,918,64.56,88.88
Q12772,SREBF2,LYS,934,145.32,67.25
Q12772,SREBF2,SER,940,46.52,85.88
Q12772,SREBF2,CYS,943,55.68,90.19
Q12772,SREBF2,SER,954,41.35,87.62
Q12772,SREBF2,SER,959,27.32,60.25
Q12772,SREBF2,THR,962,51.79,60.53
Q12772,SREBF2,SER,963,44.6,58.88
Q12772,SREBF2,SER,981,20.67,89.44
Q12772,SREBF2,THR,984,14.41,89.81
Q12772,SREBF2,LYS,989,80.54,83.88
Q12772,SREBF2,SER,992,53.64,77.0
Q12772,SREBF2,SER,994,25.42,71.06
Q12772,SREBF2,THR,1000,123.13,63.78
Q12772,SREBF2,TYR,1001,70.92,71.62
Q12772,SREBF2,SER,1004,52.77,84.25
Q12772,SREBF2,SER,1024,76.49,77.44
Q12772,SREBF2,TYR,1029,125.11,81.0
Q12772,SREBF2,LYS,1031,10.77,82.19
Q12772,SREBF2,SER,1046,67.14,85.81
Q12772,SREBF2,THR,1048,76.69,84.62
Q12772,SREBF2,THR,1062,124.36,38.25
Q12772,SREBF2,THR,1063,100.91,39.0
Q12772,SREBF2,SER,1065,82.93,34.59
Q12772,SREBF2,THR,1066,139.16,37.47
Q12772,SREBF2,LYS,1067,162.53,38.84
Q12772,SREBF2,THR,1082,25.2,87.0
Q12772,SREBF2,SER,1094,105.13,68.75
Q12772,SREBF2,SER,1097,74.16,57.78
Q12772,SREBF2,SER,1098,71.08,63.0
Q12772,SREBF2,THR,1112,11.7,84.88
Q12772,SREBF2,LYS,1115,96.58,83.5
Q12772,SREBF2,SER,1121,15.96,85.56
Q12772,SREBF2,CYS,1122,12.64,88.56
Q12772,SREBF2,LYS,1131,152.91,83.06
Q12772,SREBF2,THR,1136,105.63,46.0
Q12772,SREBF2,SER,1141,144.85,31.55
Q12797,ASPH,LYS,5,176.53,48.81
Q12797,ASPH,LYS,8,200.75,39.34
Q12797,ASPH,SER,9,97.28,40.25
Q12797,ASPH,SER,10,109.92,41.28
Q12797,ASPH,SER,13,101.72,41.28
Q12797,ASPH,SER,14,103.15,41.53
Q12797,ASPH,SER,15,100.04,41.78
Q12797,ASPH,SER,16,122.69,42.0
Q12797,ASPH,SER,18,128.03,39.97
Q12797,ASPH,SER,20,127.67,40.72
Q12797,ASPH,SER,22,109.49,42.25
Q12797,ASPH,THR,23,129.29,41.09
Q12797,ASPH,SER,24,96.57,44.34
Q12797,ASPH,SER,27,106.91,43.59
Q12797,ASPH,SER,28,111.98,42.03
Q12797,ASPH,SER,29,107.79,44.69
Q12797,ASPH,THR,36,145.33,38.88
Q12797,ASPH,LYS,37,150.68,34.59
Q12797,ASPH,LYS,42,182.67,37.53
Q12797,ASPH,LYS,46,203.93,39.5
Q12797,ASPH,SER,50,119.33,45.25
Q12797,ASPH,THR,52,133.56,45.22
Q12797,ASPH,SER,53,79.27,58.94
Q12797,ASPH,THR,56,91.81,61.31
Q12797,ASPH,THR,68,86.16,60.72
Q12797,ASPH,SER,69,60.5,60.94
Q12797,ASPH,TYR,80,112.37,43.5
Q12797,ASPH,LYS,86,102.19,43.0
Q12797,ASPH,TYR,90,113.7,55.59
Q12797,ASPH,LYS,104,66.54,74.12
Q12797,ASPH,LYS,110,74.93,52.22
Q12797,ASPH,SER,113,104.7,41.34
Q12797,ASPH,THR,114,125.21,34.47
Q12797,ASPH,SER,115,95.64,35.25
Q12797,ASPH,THR,128,135.59,33.25
Q12797,ASPH,LYS,148,109.13,46.72
Q12797,ASPH,SER,153,62.21,51.31
Q12797,ASPH,THR,176,151.76,34.88
Q12797,ASPH,THR,190,123.99,31.12
Q12797,ASPH,THR,198,114.09,27.38
Q12797,ASPH,SER,204,115.48,32.09
Q12797,ASPH,THR,208,139.06,33.09
Q12797,ASPH,SER,211,88.93,29.73
Q12797,ASPH,TYR,212,223.76,35.81
Q12797,ASPH,THR,217,139.7,33.38
Q12797,ASPH,SER,219,114.95,37.22
Q12797,ASPH,CYS,222,135.31,30.67
Q12797,ASPH,SER,231,81.4,37.78
Q12797,ASPH,SER,238,94.2,39.22
Q12797,ASPH,SER,239,103.27,39.31
Q12797,ASPH,THR,252,141.09,34.03
Q12797,ASPH,THR,256,107.9,28.27
Q12797,ASPH,TYR,257,204.52,31.97
Q12797,ASPH,TYR,260,191.7,34.16
Q12797,ASPH,TYR,266,215.18,31.34
Q12797,ASPH,THR,277,106.57,33.72
Q12797,ASPH,THR,280,131.79,33.94
Q12797,ASPH,SER,291,117.47,35.59
Q12797,ASPH,SER,299,73.51,28.97
Q12797,ASPH,THR,313,93.73,32.5
Q12797,ASPH,LYS,316,196.33,29.33
Q12797,ASPH,THR,317,112.25,33.69
Q12797,ASPH,LYS,323,200.88,31.8
Q12797,ASPH,LYS,325,187.05,31.23
Q12797,ASPH,LYS,327,183.76,31.73
Q12797,ASPH,LYS,328,192.78,48.09
Q12797,ASPH,LYS,329,194.16,56.22
Q12797,ASPH,LYS,330,187.59,70.25
Q12797,ASPH,LYS,332,155.68,88.44
Q12797,ASPH,LYS,336,171.9,93.94
Q12797,ASPH,LYS,339,121.53,94.38
Q12797,ASPH,THR,340,105.16,95.38
Q12797,ASPH,LYS,342,86.79,95.38
Q12797,ASPH,LYS,350,115.55,96.5
Q12797,ASPH,LYS,353,151.78,95.31
Q12797,ASPH,LYS,356,94.84,95.56
Q12797,ASPH,LYS,365,92.35,96.62
Q12797,ASPH,LYS,370,114.97,96.5
Q12797,ASPH,TYR,371,46.64,95.94
Q12797,ASPH,TYR,379,12.89,97.81
Q12797,ASPH,LYS,381,29.92,97.5
Q12797,ASPH,LYS,391,121.25,92.56
Q12797,ASPH,SER,394,33.37,93.12
Q12797,ASPH,SER,410,91.02,94.62
Q12797,ASPH,LYS,420,49.94,96.31
Q12797,ASPH,LYS,424,71.57,97.0
Q12797,ASPH,THR,454,36.93,95.19
Q12797,ASPH,SER,455,58.45,94.94
Q12797,ASPH,LYS,457,24.46,96.69
Q12797,ASPH,TYR,464,28.53,97.25
Q12797,ASPH,LYS,474,39.0,97.69
Q12797,ASPH,LYS,475,122.37,97.56
Q12797,ASPH,SER,482,86.68,96.88
Q12797,ASPH,THR,484,49.87,95.25
Q12797,ASPH,LYS,491,25.15,98.25
Q12797,ASPH,TYR,494,26.59,98.0
Q12797,ASPH,LYS,499,18.64,94.44
Q12797,ASPH,LYS,503,81.47,94.69
Q12797,ASPH,TYR,510,76.8,98.06
Q12797,ASPH,LYS,512,67.36,97.88
Q12797,ASPH,SER,517,57.48,96.81
Q12797,ASPH,LYS,541,175.51,94.12
Q12797,ASPH,TYR,544,75.54,96.62
Q12797,ASPH,LYS,545,131.92,97.44
Q12797,ASPH,LYS,552,143.2,97.62
Q12797,ASPH,SER,558,35.3,97.44
Q12797,ASPH,TYR,565,130.86,93.44
Q12797,ASPH,LYS,571,79.58,98.31
Q12797,ASPH,THR,577,72.29,98.38
Q12797,ASPH,LYS,579,178.67,97.94
Q12797,ASPH,TYR,583,26.91,97.88
Q12797,ASPH,THR,584,45.27,97.81
Q12797,ASPH,LYS,588,87.44,98.19
Q12797,ASPH,SER,589,13.35,98.19
Q12797,ASPH,LYS,595,115.98,98.5
Q12797,ASPH,LYS,607,178.6,88.31
Q12797,ASPH,LYS,609,141.78,81.06
Q12797,ASPH,LYS,622,112.02,91.62
Q12797,ASPH,SER,626,20.78,94.62
Q12797,ASPH,THR,629,25.64,97.06
Q12797,ASPH,LYS,642,148.65,95.19
Q12797,ASPH,LYS,646,127.63,98.06
Q12797,ASPH,THR,649,85.79,98.06
Q12797,ASPH,LYS,653,137.96,97.56
Q12797,ASPH,THR,658,14.16,97.56
Q12797,ASPH,THR,680,16.4,96.38
Q12797,ASPH,LYS,697,210.1,94.88
Q12797,ASPH,LYS,701,66.88,98.12
Q12797,ASPH,THR,708,76.72,98.44
Q12797,ASPH,LYS,709,64.03,98.44
Q12797,ASPH,THR,710,85.32,98.31
Q12797,ASPH,LYS,715,98.94,98.56
Q12797,ASPH,SER,732,121.12,95.56
Q12797,ASPH,SER,733,57.35,96.31
Q12797,ASPH,THR,748,70.46,97.5
Q12797,ASPH,SER,754,75.91,93.5
Q13255,GRM1,SER,17,90.16,42.28
Q13255,GRM1,SER,22,88.25,36.5
Q13255,GRM1,LYS,26,199.72,33.5
Q13255,GRM1,SER,33,99.44,32.56
Q13255,GRM1,SER,34,98.37,46.91
Q13255,GRM1,SER,37,47.15,86.88
Q13255,GRM1,LYS,61,92.11,77.88
Q13255,GRM1,LYS,66,113.72,86.0
Q13255,GRM1,CYS,67,27.82,89.75
Q13255,GRM1,TYR,74,16.64,88.94
Q13255,GRM1,LYS,88,73.39,95.31
Q13255,GRM1,THR,100,62.7,94.69
Q13255,GRM1,SER,112,41.03,90.75
Q13255,GRM1,SER,113,47.4,91.88
Q13255,GRM1,SER,129,14.7,70.75
Q13255,GRM1,LYS,134,170.19,54.62
Q13255,GRM1,CYS,140,124.1,32.25
Q13255,GRM1,SER,146,108.76,34.34
Q13255,GRM1,THR,152,118.08,53.41
Q13255,GRM1,LYS,153,77.97,65.75
Q13255,GRM1,LYS,154,83.26,74.69
Q13255,GRM1,SER,164,11.19,88.06
Q13255,GRM1,SER,166,51.19,88.06
Q13255,GRM1,SER,186,17.37,91.56
Q13255,GRM1,SER,193,16.66,93.5
Q13255,GRM1,LYS,195,46.08,93.62
Q13255,GRM1,THR,196,126.9,94.06
Q13255,GRM1,TYR,198,25.52,94.69
Q13255,GRM1,LYS,199,100.95,95.62
Q13255,GRM1,TYR,200,12.25,96.62
Q13255,GRM1,SER,207,11.3,92.75
Q13255,GRM1,THR,209,52.01,91.5
Q13255,GRM1,LYS,220,99.97,93.06
Q13255,GRM1,TYR,222,32.69,91.19
Q13255,GRM1,THR,225,47.79,92.88
Q13255,GRM1,TYR,226,16.21,94.88
Q13255,GRM1,TYR,236,34.33,88.12
Q13255,GRM1,SER,239,23.35,91.44
Q13255,GRM1,LYS,245,61.6,94.81
Q13255,GRM1,SER,258,43.36,92.81
Q13255,GRM1,LYS,260,99.72,93.44
Q13255,GRM1,TYR,262,122.17,87.12
Q13255,GRM1,SER,263,27.39,83.81
Q13255,GRM1,LYS,268,181.49,92.31
Q13255,GRM1,SER,269,32.39,93.5
Q13255,GRM1,LYS,276,65.15,94.06
Q13255,GRM1,LYS,283,97.81,91.69
Q13255,GRM1,SER,301,18.68,94.69
Q13255,GRM1,SER,313,12.01,91.69
Q13255,GRM1,TYR,330,44.42,93.56
Q13255,GRM1,LYS,341,37.03,91.62
Q13255,GRM1,SER,344,19.32,87.12
Q13255,GRM1,SER,349,54.37,92.75
Q13255,GRM1,TYR,353,42.31,95.38
Q13255,GRM1,LYS,356,142.37,93.38
Q13255,GRM1,THR,361,89.56,90.06
Q13255,GRM1,THR,363,127.66,89.56
Q13255,GRM1,LYS,391,188.8,87.38
Q13255,GRM1,CYS,394,13.9,89.38
Q13255,GRM1,THR,395,102.69,87.06
Q13255,GRM1,SER,399,46.18,89.75
Q13255,GRM1,TYR,404,43.84,88.44
Q13255,GRM1,SER,408,26.16,86.75
Q13255,GRM1,LYS,409,16.58,89.62
Q13255,GRM1,TYR,418,54.77,96.81
Q13255,GRM1,CYS,439,16.07,91.56
Q13255,GRM1,LYS,443,112.95,84.5
Q13255,GRM1,SER,448,34.74,93.0
Q13255,GRM1,LYS,449,95.07,94.12
Q13255,GRM1,LYS,456,147.51,93.5
Q13255,GRM1,SER,458,56.61,94.75
Q13255,GRM1,SER,463,49.29,84.75
Q13255,GRM1,LYS,472,112.94,92.69
Q13255,GRM1,TYR,486,85.15,87.81
Q13255,GRM1,THR,487,63.18,85.31
Q13255,GRM1,TYR,492,51.57,89.44
Q13255,GRM1,TYR,494,26.44,90.81
Q13255,GRM1,THR,499,42.36,94.88
Q13255,GRM1,TYR,510,183.34,84.12
Q13255,GRM1,LYS,511,86.98,85.88
Q13255,GRM1,LYS,516,186.04,52.84
Q13255,GRM1,SER,517,115.09,53.31
Q13255,GRM1,SER,525,19.85,90.88
Q13255,GRM1,CYS,528,31.22,91.0
Q13255,GRM1,LYS,530,163.07,84.5
Q13255,GRM1,LYS,534,33.46,91.5
Q13255,GRM1,LYS,538,218.1,80.0
Q13255,GRM1,SER,542,71.94,85.12
Q13255,GRM1,CYS,544,13.23,91.44
Q13255,GRM1,CYS,547,46.72,93.31
Q13255,GRM1,THR,548,61.94,92.38
Q13255,GRM1,CYS,550,19.99,91.69
Q13255,GRM1,LYS,551,131.45,90.75
Q13255,GRM1,TYR,555,27.72,91.62
Q13255,GRM1,THR,561,59.61,91.88
Q13255,GRM1,CYS,562,30.69,93.31
Q13255,GRM1,LYS,563,94.41,93.06
Q13255,GRM1,CYS,565,20.93,92.56
Q13255,GRM1,THR,576,90.47,87.88
Q13255,GRM1,CYS,578,40.91,93.44
Q13255,GRM1,TYR,585,63.0,88.75
Q13255,GRM1,SER,589,73.83,89.62
Q13255,GRM1,CYS,601,54.14,96.5
Q13255,GRM1,THR,611,39.57,93.38
Q13255,GRM1,TYR,617,102.38,89.94
Q13255,GRM1,THR,620,26.82,86.0
Q13255,GRM1,LYS,624,117.65,80.25
Q13255,GRM1,SER,625,39.9,72.88
Q13255,GRM1,SER,627,16.23,80.56
Q13255,GRM1,TYR,632,56.95,93.0
Q13255,GRM1,THR,647,17.16,92.5
Q13255,GRM1,LYS,651,99.48,93.25
Q13255,GRM1,THR,653,66.24,93.75
Q13255,GRM1,THR,654,62.71,93.25
Q13255,GRM1,THR,655,98.34,92.81
Q13255,GRM1,TYR,658,82.98,93.94
Q13255,GRM1,SER,689,91.1,61.34
Q13255,GRM1,LYS,690,180.53,56.66
Q13255,GRM1,LYS,691,146.26,46.16
Q13255,GRM1,LYS,692,213.11,45.22
Q13255,GRM1,CYS,694,76.68,45.0
Q13255,GRM1,THR,695,134.5,49.84
Q13255,GRM1,LYS,697,186.32,51.88
Q13255,GRM1,SER,702,68.76,78.56
Q13255,GRM1,SER,711,54.48,93.38
Q13255,GRM1,SER,715,51.11,95.88
Q13255,GRM1,THR,719,87.73,95.31
Q13255,GRM1,THR,723,64.17,94.06
Q13255,GRM1,SER,735,36.24,89.62
Q13255,GRM1,TYR,736,90.18,89.75
Q13255,GRM1,SER,738,50.38,85.94
Q13255,GRM1,LYS,740,107.92,85.19
Q13255,GRM1,TYR,743,78.81,90.75
Q13255,GRM1,CYS,746,15.44,92.62
Q13255,GRM1,THR,748,54.56,87.38
Q13255,GRM1,SER,749,43.25,89.75
Q13255,GRM1,TYR,759,32.56,95.38
Q13255,GRM1,SER,766,43.81,92.94
Q13255,GRM1,THR,768,23.57,92.12
Q13255,GRM1,TYR,769,132.67,92.25
Q13255,GRM1,TYR,770,57.03,90.06
Q13255,GRM1,LYS,773,118.32,87.12
Q13255,GRM1,LYS,785,137.82,85.31
Q13255,GRM1,TYR,786,87.08,88.5
Q13255,GRM1,TYR,792,83.17,92.94
Q13255,GRM1,THR,793,38.48,93.38
Q13255,GRM1,CYS,795,22.85,93.31
Q13255,GRM1,TYR,805,22.25,91.81
Q13255,GRM1,SER,808,29.5,87.62
Q13255,GRM1,TYR,810,116.57,84.31
Q13255,GRM1,LYS,811,87.04,89.56
Q13255,GRM1,THR,814,19.5,92.06
Q13255,GRM1,THR,815,11.55,92.69
Q13255,GRM1,THR,824,48.2,95.38
Q13255,GRM1,CYS,829,19.9,91.06
Q13255,GRM1,THR,832,80.07,90.0
Q13255,GRM1,LYS,834,22.13,88.25
Q13255,GRM1,TYR,836,118.59,89.25
Q13255,GRM1,LYS,841,74.31,86.94
Q13255,GRM1,SER,848,85.65,63.47
Q13255,GRM1,THR,851,109.04,53.44
Q13255,GRM1,THR,852,99.35,47.84
Q13255,GRM1,SER,853,74.74,42.56
Q13255,GRM1,LYS,864,193.34,35.72
Q13255,GRM1,CYS,867,130.34,29.64
Q13255,GRM1,SER,869,91.42,34.28
Q13255,GRM1,THR,871,113.09,36.31
Q13255,GRM1,LYS,879,206.54,35.09
Q13255,GRM1,LYS,880,197.64,36.97
Q13255,GRM1,SER,888,105.7,39.19
Q13255,GRM1,LYS,891,215.89,37.25
Q13255,GRM1,SER,892,107.33,32.78
Q13255,GRM1,SER,894,93.44,33.59
Q13255,GRM1,SER,896,110.16,37.41
Q13255,GRM1,LYS,905,193.66,32.91
Q13255,GRM1,SER,914,103.75,33.59
Q13255,GRM1,LYS,918,196.64,30.61
Q13255,GRM1,THR,919,122.51,31.03
Q13255,GRM1,THR,922,134.71,37.75
Q13255,GRM1,CYS,924,118.7,31.95
Q13255,GRM1,THR,927,126.81,28.61
Q13255,GRM1,LYS,931,172.35,27.95
Q13255,GRM1,THR,934,133.87,29.48
Q13255,GRM1,LYS,935,211.16,28.06
Q13255,GRM1,SER,936,97.61,26.92
Q13255,GRM1,TYR,937,227.57,26.95
Q13255,GRM1,SER,940,128.73,28.98
Q13255,GRM1,LYS,942,206.1,29.3
Q13255,GRM1,SER,943,102.72,24.34
Q13255,GRM1,THR,945,116.06,28.09
Q13255,GRM1,SER,947,81.41,29.98
Q13255,GRM1,THR,949,111.96,27.61
Q13255,GRM1,SER,950,114.58,25.11
Q13255,GRM1,THR,951,122.27,26.3
Q13255,GRM1,LYS,952,195.99,25.17
Q13255,GRM1,THR,953,126.81,27.84
Q13255,GRM1,TYR,955,228.96,24.84
Q13255,GRM1,SER,969,89.7,25.5
Q13255,GRM1,SER,973,102.01,24.48
Q13255,GRM1,SER,975,83.51,25.33
Q13255,GRM1,SER,984,110.66,29.42
Q13255,GRM1,THR,987,133.06,30.23
Q13255,GRM1,THR,988,126.49,31.67
Q13255,GRM1,SER,993,92.23,32.78
Q13255,GRM1,THR,996,120.56,31.73
Q13255,GRM1,THR,1000,120.02,32.25
Q13255,GRM1,LYS,1011,195.48,29.86
Q13255,GRM1,LYS,1028,201.75,27.39
Q13255,GRM1,SER,1029,100.26,32.78
Q13255,GRM1,SER,1039,95.75,30.83
Q13255,GRM1,SER,1042,112.38,32.5
Q13255,GRM1,THR,1043,134.63,31.64
Q13255,GRM1,SER,1064,115.76,31.31
Q13255,GRM1,TYR,1066,202.82,34.16
Q13255,GRM1,SER,1083,108.86,29.61
Q13255,GRM1,THR,1084,119.2,30.62
Q13255,GRM1,SER,1091,92.46,29.61
Q13255,GRM1,SER,1100,46.47,35.09
Q13255,GRM1,LYS,1104,130.52,33.28
Q13255,GRM1,TYR,1109,206.08,33.53
Q13255,GRM1,TYR,1111,191.42,35.34
Q13255,GRM1,THR,1119,110.77,33.78
Q13255,GRM1,SER,1135,95.41,34.06
Q13255,GRM1,LYS,1136,182.08,33.22
Q13255,GRM1,THR,1138,115.43,31.25
Q13255,GRM1,SER,1142,104.31,32.78
Q13255,GRM1,THR,1146,123.65,34.81
Q13255,GRM1,SER,1149,108.3,34.88
Q13255,GRM1,SER,1154,120.04,33.59
Q13255,GRM1,SER,1157,122.19,35.25
Q13255,GRM1,SER,1159,116.12,34.5
Q13255,GRM1,SER,1160,113.71,36.0
Q13255,GRM1,SER,1163,102.4,37.03
Q13255,GRM1,SER,1164,99.34,34.81
Q13255,GRM1,SER,1167,86.44,33.59
Q13255,GRM1,SER,1169,98.01,31.86
Q13255,GRM1,CYS,1172,111.57,28.81
Q13255,GRM1,THR,1173,119.05,31.94
Q13255,GRM1,SER,1178,86.71,28.3
Q13255,GRM1,TYR,1179,216.39,27.47
Q13255,GRM1,SER,1181,97.15,27.47
Q13255,GRM1,TYR,1187,230.16,32.09
Q13255,GRM1,LYS,1188,190.7,29.77
Q13255,GRM1,SER,1190,109.58,32.31
Q13255,GRM1,SER,1191,98.91,30.73
Q13255,GRM1,SER,1192,100.94,25.06
Q13255,GRM1,THR,1193,130.63,28.0
Q13410,BTN1A1,SER,6,118.3,49.34
Q13410,BTN1A1,SER,7,83.62,53.94
Q13410,BTN1A1,CYS,12,75.12,56.94
Q13410,BTN1A1,THR,15,73.89,59.25
Q13410,BTN1A1,LYS,23,193.47,48.41
Q13410,BTN1A1,SER,26,38.73,60.31
Q13410,BTN1A1,SER,53,36.41,94.88
Q13410,BTN1A1,SER,57,51.63,93.19
Q13410,BTN1A1,LYS,68,208.71,93.12
Q13410,BTN1A1,LYS,69,149.22,94.88
Q13410,BTN1A1,SER,71,61.93,94.19
Q13410,BTN1A1,THR,96,39.6,97.19
Q13410,BTN1A1,LYS,104,132.95,95.06
Q13410,BTN1A1,SER,117,74.22,95.62
Q13410,BTN1A1,THR,123,10.31,98.31
Q13410,BTN1A1,SER,131,55.91,87.88
Q13410,BTN1A1,TYR,132,126.31,93.0
Q13410,BTN1A1,LYS,140,83.66,98.19
Q13410,BTN1A1,SER,146,48.65,96.62
Q13410,BTN1A1,SER,151,37.02,94.81
Q13410,BTN1A1,CYS,161,27.53,91.62
Q13410,BTN1A1,THR,165,46.56,97.56
Q13410,BTN1A1,TYR,170,39.27,97.81
Q13410,BTN1A1,THR,179,28.35,89.25
Q13410,BTN1A1,SER,180,79.18,85.44
Q13410,BTN1A1,LYS,181,176.66,85.5
Q13410,BTN1A1,LYS,184,138.65,91.0
Q13410,BTN1A1,SER,187,24.35,94.19
Q13410,BTN1A1,THR,188,84.3,92.56
Q13410,BTN1A1,SER,189,62.3,95.06
Q13410,BTN1A1,SER,191,45.38,95.69
Q13410,BTN1A1,THR,201,49.92,97.62
Q13410,BTN1A1,SER,205,14.82,95.94
Q13410,BTN1A1,THR,211,61.62,65.56
Q13410,BTN1A1,SER,212,84.62,66.0
Q13410,BTN1A1,LYS,214,163.34,76.12
Q13410,BTN1A1,TYR,219,28.4,95.94
Q13410,BTN1A1,LYS,229,48.5,97.69
Q13410,BTN1A1,LYS,230,112.23,95.62
Q13410,BTN1A1,SER,234,76.87,88.0
Q13410,BTN1A1,SER,238,75.56,57.62
Q13410,BTN1A1,SER,239,94.81,49.88
Q13410,BTN1A1,THR,244,58.24,64.06
Q13410,BTN1A1,THR,261,71.93,86.88
Q13410,BTN1A1,SER,264,59.61,86.75
Q13410,BTN1A1,THR,268,71.1,80.69
Q13410,BTN1A1,TYR,272,164.4,69.44
Q13410,BTN1A1,SER,284,58.14,75.81
Q13410,BTN1A1,SER,285,57.81,78.94
Q13410,BTN1A1,LYS,286,120.62,81.5
Q13410,BTN1A1,LYS,294,116.55,86.0
Q13410,BTN1A1,LYS,296,85.95,88.56
Q13410,BTN1A1,LYS,297,120.77,89.31
Q13410,BTN1A1,THR,299,44.73,88.5
Q13410,BTN1A1,THR,306,27.82,97.06
Q13410,BTN1A1,TYR,319,81.81,94.44
Q13410,BTN1A1,SER,322,26.45,95.06
Q13410,BTN1A1,LYS,323,27.35,95.69
Q13410,BTN1A1,SER,330,64.88,91.19
Q13410,BTN1A1,LYS,333,210.27,92.44
Q13410,BTN1A1,LYS,337,70.75,88.44
Q13410,BTN1A1,THR,338,117.31,89.69
Q13410,BTN1A1,SER,343,26.27,91.62
Q13410,BTN1A1,THR,352,59.84,97.0
Q13410,BTN1A1,THR,354,78.73,96.38
Q13410,BTN1A1,SER,355,63.57,96.19
Q13410,BTN1A1,THR,368,82.1,90.81
Q13410,BTN1A1,LYS,381,25.2,91.69
Q13410,BTN1A1,LYS,382,66.37,88.75
Q13410,BTN1A1,THR,388,16.7,95.19
Q13410,BTN1A1,TYR,399,124.93,93.44
Q13410,BTN1A1,TYR,403,40.78,97.06
Q13410,BTN1A1,THR,407,19.48,95.5
Q13410,BTN1A1,THR,411,48.63,95.94
Q13410,BTN1A1,TYR,428,42.24,96.5
Q13410,BTN1A1,SER,430,52.04,94.31
Q13410,BTN1A1,TYR,436,16.58,94.69
Q13410,BTN1A1,SER,442,39.19,89.75
Q13410,BTN1A1,TYR,445,51.95,96.25
Q13410,BTN1A1,THR,446,45.36,96.06
Q13410,BTN1A1,SER,448,63.2,95.31
Q13410,BTN1A1,THR,451,122.31,92.81
Q13410,BTN1A1,SER,453,74.16,89.44
Q13410,BTN1A1,SER,464,29.34,92.06
Q13410,BTN1A1,SER,465,61.96,87.44
Q13410,BTN1A1,LYS,467,202.51,79.38
Q13410,BTN1A1,LYS,468,113.27,87.62
Q13410,BTN1A1,THR,471,34.82,96.88
Q13410,BTN1A1,CYS,473,22.43,94.06
Q13410,BTN1A1,THR,483,114.15,35.28
Q13410,BTN1A1,SER,492,103.78,41.56
Q13410,BTN1A1,LYS,493,186.98,41.25
Q13410,BTN1A1,SER,498,95.38,35.5
Q13410,BTN1A1,SER,504,112.89,31.67
Q13410,BTN1A1,THR,511,112.28,29.06
Q13410,BTN1A1,SER,514,91.1,30.11
Q13410,BTN1A1,LYS,515,195.6,29.42
Q13410,BTN1A1,THR,519,118.93,29.0
Q13410,BTN1A1,SER,522,92.24,30.53
Q13477,MADCAM1,SER,20,69.08,52.72
Q13477,MADCAM1,LYS,24,161.26,78.62
Q13477,MADCAM1,SER,42,72.17,95.5
Q13477,MADCAM1,THR,46,13.73,97.31
Q13477,MADCAM1,CYS,51,36.86,90.81
Q13477,MADCAM1,SER,57,54.17,91.62
Q13477,MADCAM1,THR,65,25.4,76.25
Q13477,MADCAM1,SER,66,88.59,75.88
Q13477,MADCAM1,SER,72,71.07,91.75
Q13477,MADCAM1,THR,74,128.36,85.38
Q13477,MADCAM1,THR,80,11.37,96.44
Q13477,MADCAM1,SER,85,40.69,92.31
Q13477,MADCAM1,SER,87,85.75,89.56
Q13477,MADCAM1,THR,91,25.16,95.75
Q13477,MADCAM1,SER,97,32.49,93.44
Q13477,MADCAM1,CYS,98,18.19,92.44
Q13477,MADCAM1,THR,102,103.32,92.62
Q13477,MADCAM1,THR,106,67.71,95.56
Q13477,MADCAM1,TYR,112,22.32,97.56
Q13477,MADCAM1,THR,119,60.77,98.06
Q13477,MADCAM1,SER,121,69.34,97.94
Q13477,MADCAM1,THR,135,17.89,98.5
Q13477,MADCAM1,LYS,138,72.58,95.0
Q13477,MADCAM1,THR,140,14.77,97.0
Q13477,MADCAM1,SER,148,37.12,97.94
Q13477,MADCAM1,SER,150,17.78,98.19
Q13477,MADCAM1,THR,186,13.75,98.5
Q13477,MADCAM1,THR,196,134.06,89.88
Q13477,MADCAM1,TYR,203,44.01,98.44
Q13477,MADCAM1,SER,216,65.23,97.88
Q13477,MADCAM1,SER,226,74.03,64.62
Q13477,MADCAM1,THR,228,122.98,46.16
Q13477,MADCAM1,SER,229,90.66,38.75
Q13477,MADCAM1,THR,235,121.73,47.91
Q13477,MADCAM1,THR,236,122.08,52.06
Q13477,MADCAM1,SER,237,91.87,47.97
Q13477,MADCAM1,SER,240,108.25,44.75
Q13477,MADCAM1,THR,243,134.01,45.09
Q13477,MADCAM1,THR,244,122.33,45.41
Q13477,MADCAM1,SER,245,105.15,50.75
Q13477,MADCAM1,SER,248,92.52,45.0
Q13477,MADCAM1,THR,251,122.5,43.88
Q13477,MADCAM1,THR,252,115.99,45.0
Q13477,MADCAM1,SER,253,93.79,47.56
Q13477,MADCAM1,THR,259,121.64,41.81
Q13477,MADCAM1,THR,260,117.47,45.84
Q13477,MADCAM1,SER,261,98.89,51.75
Q13477,MADCAM1,LYS,267,198.07,53.22
Q13477,MADCAM1,THR,268,132.81,51.16
Q13477,MADCAM1,SER,269,105.53,55.0
Q13477,MADCAM1,SER,278,100.65,43.75
Q13477,MADCAM1,THR,279,106.45,39.81
Q13477,MADCAM1,THR,281,131.17,38.44
Q13477,MADCAM1,SER,284,99.67,39.19
Q13477,MADCAM1,SER,287,102.34,43.28
Q13477,MADCAM1,THR,288,115.04,45.16
Q13477,MADCAM1,THR,290,98.79,46.59
Q13477,MADCAM1,SER,296,87.52,42.69
Q13477,MADCAM1,THR,301,136.11,41.81
Q13477,MADCAM1,THR,308,144.54,39.06
Q13477,MADCAM1,SER,310,117.71,39.94
Q13477,MADCAM1,SER,311,118.69,45.66
Q13477,MADCAM1,LYS,312,204.86,43.09
Q13477,MADCAM1,THR,324,87.29,64.25
Q13477,MADCAM1,SER,325,72.16,65.06
Q13477,MADCAM1,SER,326,78.51,75.81
Q13477,MADCAM1,THR,338,84.68,86.38
Q13477,MADCAM1,TYR,339,118.43,84.44
Q13477,MADCAM1,LYS,343,98.87,80.38
Q13477,MADCAM1,CYS,345,76.12,77.62
Q13477,MADCAM1,THR,353,92.87,48.88
Q13477,MADCAM1,SER,358,88.72,43.38
Q13477,MADCAM1,SER,366,91.86,44.56
Q13477,MADCAM1,THR,374,147.01,51.72
Q13477,MADCAM1,SER,380,104.1,61.91
Q13477,MADCAM1,SER,382,181.56,57.31
Q13492,PICALM,SER,2,98.75,60.28
Q13492,PICALM,SER,5,53.47,88.94
Q13492,PICALM,THR,7,96.24,92.31
Q13492,PICALM,THR,11,55.52,89.31
Q13492,PICALM,SER,16,76.79,88.75
Q13492,PICALM,THR,18,45.99,85.31
Q13492,PICALM,SER,20,68.7,90.69
Q13492,PICALM,SER,23,48.14,94.69
Q13492,PICALM,LYS,24,133.92,96.62
Q13492,PICALM,THR,25,11.02,97.5
Q13492,PICALM,CYS,27,61.62,97.56
Q13492,PICALM,LYS,28,95.46,98.06
Q13492,PICALM,THR,31,50.39,98.0
Q13492,PICALM,LYS,38,92.16,97.19
Q13492,PICALM,LYS,39,118.82,96.25
Q13492,PICALM,LYS,40,139.53,96.88
Q13492,PICALM,TYR,44,91.44,97.25
Q13492,PICALM,SER,62,18.13,96.75
Q13492,PICALM,THR,68,115.29,97.25
Q13492,PICALM,SER,70,94.32,96.31
Q13492,PICALM,SER,71,22.97,97.62
Q13492,PICALM,TYR,88,85.93,95.81
Q13492,PICALM,TYR,96,50.05,97.25
Q13492,PICALM,SER,99,87.94,96.69
Q13492,PICALM,THR,102,93.17,91.12
Q13492,PICALM,SER,107,77.42,96.06
Q13492,PICALM,LYS,112,164.99,96.25
Q13492,PICALM,SER,113,100.09,92.75
Q13492,PICALM,TYR,118,129.61,96.88
Q13492,PICALM,THR,122,40.66,97.69
Q13492,PICALM,TYR,138,17.39,97.94
Q13492,PICALM,LYS,147,99.71,93.44
Q13492,PICALM,LYS,149,127.21,90.56
Q13492,PICALM,THR,158,86.42,95.38
Q13492,PICALM,THR,161,18.49,96.94
Q13492,PICALM,LYS,163,99.61,97.12
Q13492,PICALM,LYS,166,152.32,97.75
Q13492,PICALM,SER,185,33.3,92.56
Q13492,PICALM,THR,189,102.78,93.81
Q13492,PICALM,LYS,202,51.04,92.56
Q13492,PICALM,LYS,221,67.44,94.69
Q13492,PICALM,LYS,226,156.43,94.0
Q13492,PICALM,LYS,227,97.91,93.12
Q13492,PICALM,LYS,231,140.43,96.19
Q13492,PICALM,LYS,238,87.03,94.25
Q13492,PICALM,LYS,239,80.24,95.75
Q13492,PICALM,THR,242,80.15,92.38
Q13492,PICALM,THR,245,78.63,91.44
Q13492,PICALM,SER,248,27.45,89.56
Q13492,PICALM,LYS,252,115.81,90.69
Q13492,PICALM,SER,268,36.78,70.81
Q13492,PICALM,SER,272,94.21,72.31
Q13492,PICALM,SER,273,58.05,80.69
Q13492,PICALM,SER,284,62.33,88.19
Q13492,PICALM,LYS,288,122.91,70.0
Q13492,PICALM,LYS,289,216.01,56.88
Q13492,PICALM,LYS,291,194.43,62.5
Q13492,PICALM,SER,293,33.04,60.41
Q13492,PICALM,THR,294,93.42,70.94
Q13492,PICALM,SER,297,61.44,80.81
Q13492,PICALM,THR,300,82.45,84.19
Q13492,PICALM,THR,301,26.62,84.0
Q13492,PICALM,SER,303,62.68,85.56
Q13492,PICALM,SER,307,68.25,86.06
Q13492,PICALM,SER,308,29.71,85.19
Q13492,PICALM,SER,311,59.65,80.56
Q13492,PICALM,SER,315,34.04,70.12
Q13492,PICALM,THR,317,40.25,65.56
Q13492,PICALM,LYS,318,131.08,65.44
Q13492,PICALM,LYS,324,124.66,66.75
Q13492,PICALM,LYS,336,149.94,86.81
Q13492,PICALM,LYS,339,149.32,84.81
Q13492,PICALM,LYS,344,123.44,80.38
Q13492,PICALM,LYS,348,175.86,57.72
Q13492,PICALM,LYS,349,172.88,42.41
Q13492,PICALM,THR,352,135.34,40.06
Q13492,PICALM,SER,353,86.94,38.25
Q13492,PICALM,THR,355,115.19,37.44
Q13492,PICALM,THR,356,116.76,37.5
Q13492,PICALM,SER,359,107.77,35.88
Q13492,PICALM,SER,362,92.22,40.47
Q13492,PICALM,THR,363,125.99,37.56
Q13492,PICALM,SER,364,100.91,37.88
Q13492,PICALM,THR,370,119.29,40.62
Q13492,PICALM,SER,378,109.39,37.16
Q13492,PICALM,THR,379,121.66,37.38
Q13492,PICALM,SER,381,115.19,33.09
Q13492,PICALM,SER,382,112.7,42.16
Q13492,PICALM,SER,383,103.51,38.56
Q13492,PICALM,SER,385,120.96,35.72
Q13492,PICALM,THR,386,136.34,30.8
Q13492,PICALM,SER,387,97.27,38.06
Q13492,PICALM,LYS,388,203.11,34.03
Q13492,PICALM,THR,400,80.8,32.94
Q13492,PICALM,SER,404,100.25,34.88
Q13492,PICALM,SER,409,100.33,34.16
Q13492,PICALM,THR,410,139.71,33.12
Q13492,PICALM,SER,412,116.77,31.88
Q13492,PICALM,SER,416,105.14,33.78
Q13492,PICALM,THR,417,128.91,29.67
Q13492,PICALM,SER,423,116.78,29.14
Q13492,PICALM,THR,425,126.1,36.47
Q13492,PICALM,SER,435,106.63,32.5
Q13492,PICALM,THR,441,132.17,35.25
Q13492,PICALM,LYS,442,199.14,31.5
Q13492,PICALM,SER,443,117.47,31.88
Q13492,PICALM,SER,444,113.8,29.66
Q13492,PICALM,SER,450,76.55,29.73
Q13492,PICALM,SER,452,95.57,34.84
Q13492,PICALM,SER,453,106.02,40.41
Q13492,PICALM,SER,456,96.29,37.38
Q13492,PICALM,THR,457,121.9,41.09
Q13492,PICALM,THR,459,103.83,37.31
Q13492,PICALM,THR,460,127.15,34.78
Q13492,PICALM,THR,462,122.0,32.12
Q13492,PICALM,THR,464,124.16,33.84
Q13492,PICALM,THR,472,121.83,33.91
Q13492,PICALM,SER,474,103.37,35.88
Q13492,PICALM,SER,482,113.5,34.28
Q13492,PICALM,SER,491,103.35,48.47
Q13492,PICALM,LYS,496,206.93,37.06
Q13492,PICALM,SER,497,108.83,33.56
Q13492,PICALM,THR,498,139.58,37.72
Q13492,PICALM,SER,504,109.83,37.97
Q13492,PICALM,LYS,515,192.24,38.66
Q13492,PICALM,THR,517,122.7,41.16
Q13492,PICALM,SER,520,106.46,31.86
Q13492,PICALM,LYS,529,182.55,33.44
Q13492,PICALM,SER,533,105.24,34.84
Q13492,PICALM,LYS,534,185.35,33.06
Q13492,PICALM,SER,537,96.42,41.38
Q13492,PICALM,SER,542,60.78,61.16
Q13492,PICALM,SER,543,66.7,57.91
Q13492,PICALM,THR,557,130.84,33.44
Q13492,PICALM,THR,558,139.18,41.47
Q13492,PICALM,LYS,559,193.1,31.81
Q13492,PICALM,SER,565,94.35,39.69
Q13492,PICALM,LYS,570,207.74,39.91
Q13492,PICALM,LYS,571,198.59,34.22
Q13492,PICALM,THR,573,137.46,41.66
Q13492,PICALM,SER,576,123.08,35.34
Q13492,PICALM,LYS,581,198.9,33.09
Q13492,PICALM,THR,585,130.61,28.55
Q13492,PICALM,THR,586,115.11,36.22
Q13492,PICALM,THR,592,117.68,29.91
Q13492,PICALM,TYR,600,211.88,42.44
Q13492,PICALM,THR,603,142.2,48.94
Q13492,PICALM,THR,604,128.96,43.38
Q13492,PICALM,THR,606,118.96,42.94
Q13492,PICALM,TYR,611,236.61,39.19
Q13492,PICALM,SER,619,117.11,40.66
Q13492,PICALM,THR,624,128.77,43.16
Q13492,PICALM,THR,627,119.04,36.28
Q13492,PICALM,TYR,630,207.92,37.81
Q13492,PICALM,SER,631,69.14,43.81
Q13492,PICALM,SER,645,121.09,46.72
Q14126,DSG2,SER,4,103.22,35.5
Q14126,DSG2,TYR,9,224.87,35.91
Q14126,DSG2,CYS,17,84.22,41.69
Q14126,DSG2,SER,22,107.51,44.31
Q14126,DSG2,SER,30,105.05,42.41
Q14126,DSG2,THR,31,138.89,36.03
Q14126,DSG2,LYS,36,203.25,40.91
Q14126,DSG2,LYS,40,180.26,40.19
Q14126,DSG2,LYS,48,195.31,44.47
Q14126,DSG2,THR,53,43.34,70.0
Q14126,DSG2,SER,65,65.5,92.19
Q14126,DSG2,LYS,66,192.13,91.94
Q14126,DSG2,LYS,67,101.61,92.56
Q14126,DSG2,LYS,72,118.3,92.06
Q14126,DSG2,LYS,84,149.17,87.25
Q14126,DSG2,THR,86,33.34,93.25
Q14126,DSG2,TYR,87,10.51,94.5
Q14126,DSG2,LYS,88,89.63,94.81
Q14126,DSG2,THR,90,28.13,95.88
Q14126,DSG2,LYS,92,65.16,94.0
Q14126,DSG2,THR,95,67.32,95.06
Q14126,DSG2,LYS,106,114.75,94.5
Q14126,DSG2,THR,108,51.6,92.75
Q14126,DSG2,THR,114,80.02,94.44
Q14126,DSG2,SER,115,45.72,92.0
Q14126,DSG2,THR,128,32.31,94.38
Q14126,DSG2,TYR,130,54.76,94.25
Q14126,DSG2,LYS,141,180.41,90.19
Q14126,DSG2,LYS,148,64.01,94.12
Q14126,DSG2,THR,160,71.05,96.75
Q14126,DSG2,SER,167,51.1,97.81
Q14126,DSG2,SER,172,22.8,95.44
Q14126,DSG2,THR,176,47.7,97.44
Q14126,DSG2,LYS,180,113.58,97.75
Q14126,DSG2,THR,184,71.13,95.75
Q14126,DSG2,THR,191,46.62,93.94
Q14126,DSG2,SER,194,23.34,93.69
Q14126,DSG2,LYS,195,86.53,94.38
Q14126,DSG2,SER,197,10.35,94.44
Q14126,DSG2,TYR,198,14.99,95.75
Q14126,DSG2,SER,202,50.12,94.25
Q14126,DSG2,TYR,207,177.42,90.69
Q14126,DSG2,TYR,212,101.57,96.44
Q14126,DSG2,LYS,215,111.91,95.44
Q14126,DSG2,THR,217,49.74,95.69
Q14126,DSG2,TYR,221,43.11,98.06
Q14126,DSG2,THR,223,30.52,96.38
Q14126,DSG2,SER,224,105.76,94.62
Q14126,DSG2,THR,226,89.03,94.06
Q14126,DSG2,SER,233,55.47,96.06
Q14126,DSG2,SER,234,70.09,96.44
Q14126,DSG2,THR,236,48.52,97.19
Q14126,DSG2,THR,238,32.8,96.75
Q14126,DSG2,THR,249,69.67,85.25
Q14126,DSG2,LYS,251,96.39,80.5
Q14126,DSG2,LYS,254,100.67,87.06
Q14126,DSG2,LYS,275,207.29,73.62
Q14126,DSG2,THR,291,18.69,94.94
Q14126,DSG2,LYS,294,65.07,94.75
Q14126,DSG2,SER,303,26.61,96.69
Q14126,DSG2,THR,311,74.6,96.88
Q14126,DSG2,SER,314,56.14,96.56
Q14126,DSG2,TYR,320,41.18,96.69
Q14126,DSG2,THR,325,37.09,97.69
Q14126,DSG2,THR,329,53.74,94.69
Q14126,DSG2,THR,335,27.35,97.44
Q14126,DSG2,LYS,338,88.49,95.5
Q14126,DSG2,TYR,342,55.78,95.25
Q14126,DSG2,LYS,346,96.7,94.12
Q14126,DSG2,SER,351,16.46,96.06
Q14126,DSG2,LYS,357,120.19,96.88
Q14126,DSG2,LYS,362,166.57,92.88
Q14126,DSG2,SER,363,37.29,92.5
Q14126,DSG2,SER,366,103.82,88.0
Q14126,DSG2,LYS,367,144.16,90.38
Q14126,DSG2,TYR,368,41.82,92.31
Q14126,DSG2,LYS,369,160.7,91.88
Q14126,DSG2,THR,371,96.28,92.06
Q14126,DSG2,LYS,376,100.91,95.5
Q14126,DSG2,LYS,378,77.97,95.44
Q14126,DSG2,LYS,380,103.82,95.25
Q14126,DSG2,LYS,383,161.88,92.0
Q14126,DSG2,LYS,389,140.66,92.19
Q14126,DSG2,SER,390,59.57,93.06
Q14126,DSG2,SER,391,69.89,93.06
Q14126,DSG2,SER,394,62.76,95.06
Q14126,DSG2,TYR,396,173.53,95.12
Q14126,DSG2,SER,400,26.14,91.62
Q14126,DSG2,SER,405,59.59,91.25
Q14126,DSG2,LYS,406,150.85,91.25
Q14126,DSG2,THR,420,82.62,91.38
Q14126,DSG2,LYS,430,61.88,95.25
Q14126,DSG2,SER,439,51.74,95.44
Q14126,DSG2,SER,442,56.69,94.62
Q14126,DSG2,THR,444,65.38,93.19
Q14126,DSG2,LYS,448,54.49,95.75
Q14126,DSG2,LYS,451,80.67,93.44
Q14126,DSG2,SER,457,15.56,95.5
Q14126,DSG2,TYR,459,63.75,95.62
Q14126,DSG2,THR,464,29.76,96.0
Q14126,DSG2,THR,466,66.23,96.75
Q14126,DSG2,LYS,468,62.99,96.69
Q14126,DSG2,SER,473,14.14,93.81
Q14126,DSG2,TYR,476,209.04,82.19
Q14126,DSG2,LYS,479,70.58,92.69
Q14126,DSG2,THR,480,72.67,94.81
Q14126,DSG2,THR,482,72.77,96.69
Q14126,DSG2,THR,484,32.05,96.94
Q14126,DSG2,CYS,496,20.34,93.75
Q14126,DSG2,THR,498,62.17,94.94
Q14126,DSG2,THR,505,82.25,89.69
Q14126,DSG2,CYS,507,42.43,87.62
Q14126,DSG2,TYR,512,89.52,91.5
Q14126,DSG2,THR,516,47.54,95.0
Q14126,DSG2,SER,526,15.41,91.38
Q14126,DSG2,SER,530,56.63,93.75
Q14126,DSG2,SER,532,48.96,92.19
Q14126,DSG2,LYS,536,136.17,87.12
Q14126,DSG2,LYS,543,80.36,88.25
Q14126,DSG2,LYS,545,112.89,90.06
Q14126,DSG2,SER,551,66.27,90.06
Q14126,DSG2,THR,552,57.96,92.5
Q14126,DSG2,SER,559,62.72,83.5
Q14126,DSG2,LYS,561,122.7,78.62
Q14126,DSG2,LYS,562,115.53,81.69
Q14126,DSG2,SER,566,17.51,89.81
Q14126,DSG2,SER,573,19.61,93.88
Q14126,DSG2,SER,579,34.21,93.31
Q14126,DSG2,CYS,580,16.18,94.25
Q14126,DSG2,LYS,583,155.29,92.06
Q14126,DSG2,THR,587,20.27,93.62
Q14126,DSG2,THR,589,44.21,90.88
Q14126,DSG2,CYS,591,14.99,88.56
Q14126,DSG2,CYS,593,16.36,83.56
Q14126,DSG2,SER,597,78.22,67.81
Q14126,DSG2,CYS,599,56.11,77.25
Q14126,DSG2,SER,606,90.78,49.53
Q14126,DSG2,TYR,607,219.06,50.88
Q14126,DSG2,CYS,635,108.13,54.16
Q14126,DSG2,CYS,637,134.1,51.94
Q14126,DSG2,LYS,639,215.76,39.84
Q14126,DSG2,LYS,642,200.51,42.19
Q14126,DSG2,THR,645,115.96,40.59
Q14126,DSG2,THR,650,124.42,32.03
Q14126,DSG2,LYS,667,180.48,40.03
Q14126,DSG2,SER,671,99.17,27.3
Q14126,DSG2,SER,680,105.99,31.02
Q14126,DSG2,LYS,692,173.28,28.97
Q14126,DSG2,THR,695,119.51,28.84
Q14126,DSG2,LYS,697,192.63,32.25
Q14126,DSG2,SER,699,111.05,32.53
Q14126,DSG2,SER,700,105.38,29.02
Q14126,DSG2,SER,701,103.44,29.64
Q14126,DSG2,SER,703,85.33,27.62
Q14126,DSG2,LYS,706,215.0,25.72
Q14126,DSG2,SER,712,89.6,25.92
Q14126,DSG2,SER,723,97.44,28.42
Q14126,DSG2,SER,726,111.85,29.06
Q14126,DSG2,THR,730,118.6,32.97
Q14126,DSG2,THR,733,120.21,31.91
Q14126,DSG2,THR,736,143.0,32.81
Q14126,DSG2,THR,741,110.14,36.47
Q14126,DSG2,THR,742,117.75,35.66
Q14126,DSG2,THR,744,134.4,36.44
Q14126,DSG2,THR,745,101.88,35.47
Q14126,DSG2,LYS,746,179.72,35.56
Q14126,DSG2,THR,747,127.51,35.12
Q14126,DSG2,THR,751,143.62,35.5
Q14126,DSG2,SER,754,105.98,32.5
Q14126,DSG2,TYR,775,103.99,74.94
Q14126,DSG2,THR,777,81.64,77.88
Q14126,DSG2,LYS,779,89.33,71.31
Q14126,DSG2,SER,782,60.79,56.34
Q14126,DSG2,TYR,783,166.09,54.16
Q14126,DSG2,THR,784,111.27,51.97
Q14126,DSG2,THR,791,138.7,31.12
Q14126,DSG2,LYS,793,190.74,35.16
Q14126,DSG2,CYS,795,120.26,31.72
Q14126,DSG2,TYR,799,207.11,28.92
Q14126,DSG2,SER,800,89.52,30.52
Q14126,DSG2,THR,804,144.25,35.38
Q14126,DSG2,SER,806,103.91,31.66
Q14126,DSG2,SER,810,112.12,30.86
Q14126,DSG2,CYS,813,123.45,35.12
Q14126,DSG2,CYS,814,119.03,34.0
Q14126,DSG2,SER,815,103.82,27.95
Q14126,DSG2,LYS,832,176.23,44.75
Q14126,DSG2,LYS,834,123.26,59.66
Q14126,DSG2,THR,835,68.39,60.94
Q14126,DSG2,CYS,840,106.74,52.06
Q14126,DSG2,LYS,844,207.77,43.75
Q14126,DSG2,LYS,849,154.15,41.12
Q14126,DSG2,LYS,856,202.06,27.39
Q14126,DSG2,THR,859,128.42,28.47
Q14126,DSG2,THR,861,108.31,31.36
Q14126,DSG2,SER,862,88.12,32.03
Q14126,DSG2,THR,865,120.48,31.78
Q14126,DSG2,SER,867,87.59,33.59
Q14126,DSG2,SER,869,91.44,35.31
Q14126,DSG2,CYS,871,137.63,32.31
Q14126,DSG2,THR,874,115.37,32.5
Q14126,DSG2,SER,878,97.83,36.81
Q14126,DSG2,THR,881,104.83,32.47
Q14126,DSG2,TYR,882,228.16,38.19
Q14126,DSG2,SER,883,95.83,34.69
Q14126,DSG2,SER,884,122.76,36.09
Q14126,DSG2,SER,886,104.39,37.19
Q14126,DSG2,SER,887,90.11,34.53
Q14126,DSG2,LYS,892,188.58,33.69
Q14126,DSG2,SER,893,95.37,34.34
Q14126,DSG2,LYS,901,192.89,29.64
Q14126,DSG2,THR,903,123.8,32.91
Q14126,DSG2,THR,908,98.45,28.16
Q14126,DSG2,SER,911,111.1,28.7
Q14126,DSG2,SER,913,106.27,26.12
Q14126,DSG2,SER,914,104.45,29.34
Q14126,DSG2,LYS,919,175.8,30.3
Q14126,DSG2,THR,922,125.91,31.67
Q14126,DSG2,SER,930,106.07,27.52
Q14126,DSG2,THR,936,108.61,25.06
Q14126,DSG2,THR,938,105.14,26.91
Q14126,DSG2,SER,939,103.34,25.84
Q14126,DSG2,TYR,940,209.01,27.19
Q14126,DSG2,THR,942,141.46,25.33
Q14126,DSG2,SER,944,102.99,26.08
Q14126,DSG2,THR,945,115.34,25.86
Q14126,DSG2,THR,949,131.77,28.14
Q14126,DSG2,THR,950,119.26,26.83
Q14126,DSG2,SER,956,104.35,30.8
Q14126,DSG2,SER,960,115.77,29.27
Q14126,DSG2,THR,964,77.41,31.55
Q14126,DSG2,TYR,968,150.93,34.0
Q14126,DSG2,SER,972,115.69,37.91
Q14126,DSG2,THR,973,130.77,30.06
Q14126,DSG2,TYR,979,220.44,34.69
Q14126,DSG2,THR,984,114.62,33.53
Q14126,DSG2,THR,988,90.46,35.66
Q14126,DSG2,SER,999,105.99,28.33
Q14126,DSG2,THR,1005,140.52,27.55
Q14126,DSG2,TYR,1013,203.79,28.5
Q14126,DSG2,SER,1021,99.29,28.41
Q14126,DSG2,SER,1026,103.64,31.22
Q14126,DSG2,SER,1027,121.04,36.03
Q14126,DSG2,THR,1032,110.81,29.52
Q14126,DSG2,THR,1045,133.86,24.91
Q14126,DSG2,THR,1047,127.47,26.55
Q14126,DSG2,SER,1055,108.34,30.09
Q14126,DSG2,THR,1056,133.86,32.19
Q14126,DSG2,SER,1059,107.58,27.14
Q14126,DSG2,SER,1060,107.2,30.53
Q14126,DSG2,TYR,1061,205.28,26.61
Q14126,DSG2,THR,1065,119.96,30.0
Q14126,DSG2,SER,1068,103.7,33.41
Q14126,DSG2,THR,1070,148.45,35.16
Q14126,DSG2,THR,1074,139.98,33.03
Q14126,DSG2,THR,1075,106.42,31.27
Q14126,DSG2,SER,1077,102.91,31.95
Q14126,DSG2,SER,1093,119.56,29.39
Q14126,DSG2,SER,1096,107.67,33.0
Q14126,DSG2,SER,1098,101.1,29.89
Q14126,DSG2,THR,1099,107.36,29.62
Q14126,DSG2,THR,1101,107.58,28.8
Q14126,DSG2,THR,1102,123.02,29.03
Q14126,DSG2,SER,1103,85.81,27.83
Q14126,DSG2,SER,1104,110.15,27.91
Q14126,DSG2,THR,1105,111.53,29.12
Q14126,DSG2,THR,1108,114.94,27.39
Q14126,DSG2,LYS,1109,151.84,32.53
Q14126,DSG2,SER,1111,102.39,29.11
Q14126,DSG2,THR,1112,113.88,30.69
Q14126,DSG2,SER,1116,119.37,30.16
Q14126,DSG2,TYR,1117,181.08,31.41
Q14126,DSG2,SER,1118,142.52,28.06
Q14162,SCARF1,THR,14,115.85,55.94
Q14162,SCARF1,THR,17,148.06,40.5
Q14162,SCARF1,SER,20,69.97,57.5
Q14162,SCARF1,LYS,25,186.94,84.75
Q14162,SCARF1,CYS,30,46.95,89.5
Q14162,SCARF1,SER,33,127.94,75.44
Q14162,SCARF1,SER,34,46.71,69.56
Q14162,SCARF1,SER,36,76.68,69.0
Q14162,SCARF1,CYS,41,26.51,90.25
Q14162,SCARF1,CYS,42,28.17,90.38
Q14162,SCARF1,LYS,48,104.01,88.12
Q14162,SCARF1,THR,53,52.88,91.0
Q14162,SCARF1,CYS,57,17.48,87.88
Q14162,SCARF1,CYS,63,32.08,86.88
Q14162,SCARF1,LYS,65,175.25,81.06
Q14162,SCARF1,CYS,69,36.86,91.25
Q14162,SCARF1,LYS,71,122.07,85.81
Q14162,SCARF1,LYS,78,48.33,91.88
Q14162,SCARF1,SER,87,86.63,89.06
Q14162,SCARF1,SER,88,45.09,92.19
Q14162,SCARF1,TYR,94,97.03,94.94
Q14162,SCARF1,CYS,99,13.72,93.81
Q14162,SCARF1,SER,102,78.04,94.81
Q14162,SCARF1,THR,115,82.83,93.94
Q14162,SCARF1,CYS,118,34.95,92.69
Q14162,SCARF1,CYS,120,31.52,92.75
Q14162,SCARF1,CYS,133,27.69,92.75
Q14162,SCARF1,CYS,135,20.79,92.56
Q14162,SCARF1,CYS,141,16.04,92.25
Q14162,SCARF1,THR,145,82.03,91.12
Q14162,SCARF1,CYS,148,14.82,92.31
Q14162,SCARF1,CYS,150,16.69,92.44
Q14162,SCARF1,SER,156,20.73,91.81
Q14162,SCARF1,SER,157,101.16,90.69
Q14162,SCARF1,THR,158,37.41,92.06
Q14162,SCARF1,CYS,163,24.3,92.56
Q14162,SCARF1,CYS,165,15.95,92.62
Q14162,SCARF1,THR,167,130.71,88.56
Q14162,SCARF1,CYS,172,30.64,91.38
Q14162,SCARF1,THR,176,78.02,90.0
Q14162,SCARF1,CYS,179,25.04,92.69
Q14162,SCARF1,LYS,182,102.6,92.12
Q14162,SCARF1,SER,191,56.29,93.12
Q14162,SCARF1,CYS,194,23.62,93.38
Q14162,SCARF1,CYS,201,17.13,93.31
Q14162,SCARF1,SER,205,62.27,91.88
Q14162,SCARF1,CYS,208,21.26,93.81
Q14162,SCARF1,CYS,210,23.15,93.75
Q14162,SCARF1,CYS,223,28.81,93.94
Q14162,SCARF1,CYS,225,31.17,93.81
Q14162,SCARF1,CYS,230,24.85,93.0
Q14162,SCARF1,SER,231,39.48,92.94
Q14162,SCARF1,SER,234,62.87,92.06
Q14162,SCARF1,THR,238,82.27,94.88
Q14162,SCARF1,CYS,252,18.8,92.81
Q14162,SCARF1,SER,256,21.24,93.25
Q14162,SCARF1,CYS,261,19.29,93.31
Q14162,SCARF1,SER,264,82.35,93.5
Q14162,SCARF1,CYS,265,24.63,93.31
Q14162,SCARF1,LYS,269,53.2,90.88
Q14162,SCARF1,SER,275,34.97,93.75
Q14162,SCARF1,THR,278,70.09,92.44
Q14162,SCARF1,SER,280,34.45,94.0
Q14162,SCARF1,CYS,281,18.22,93.12
Q14162,SCARF1,SER,283,51.74,91.31
Q14162,SCARF1,CYS,284,19.8,93.12
Q14162,SCARF1,THR,291,104.16,91.75
Q14162,SCARF1,CYS,297,11.17,94.06
Q14162,SCARF1,THR,301,32.66,93.69
Q14162,SCARF1,SER,305,64.6,86.25
Q14162,SCARF1,CYS,306,11.9,92.31
Q14162,SCARF1,CYS,310,25.4,92.12
Q14162,SCARF1,THR,323,69.92,92.19
Q14162,SCARF1,CYS,329,18.48,92.56
Q14162,SCARF1,THR,344,152.57,89.38
Q14162,SCARF1,THR,346,34.5,94.81
Q14162,SCARF1,CYS,351,10.23,91.94
Q14162,SCARF1,SER,353,47.44,94.25
Q14162,SCARF1,THR,354,113.42,94.31
Q14162,SCARF1,CYS,355,24.74,93.19
Q14162,SCARF1,THR,357,113.94,92.88
Q14162,SCARF1,CYS,358,25.91,92.62
Q14162,SCARF1,SER,362,71.13,93.06
Q14162,SCARF1,CYS,363,31.12,93.06
Q14162,SCARF1,THR,365,40.47,92.69
Q14162,SCARF1,THR,367,84.23,93.38
Q14162,SCARF1,CYS,370,13.1,94.12
Q14162,SCARF1,SER,373,55.21,94.81
Q14162,SCARF1,TYR,376,60.73,95.5
Q14162,SCARF1,SER,380,42.18,93.75
Q14162,SCARF1,SER,384,70.91,92.25
Q14162,SCARF1,CYS,385,16.98,93.25
Q14162,SCARF1,CYS,394,10.17,92.94
Q14162,SCARF1,SER,395,82.06,93.62
Q14162,SCARF1,CYS,398,16.32,91.69
Q14162,SCARF1,CYS,400,16.01,85.94
Q14162,SCARF1,CYS,405,20.02,89.06
Q14162,SCARF1,SER,409,70.55,91.0
Q14162,SCARF1,SER,411,63.94,89.44
Q14162,SCARF1,CYS,412,62.79,87.25
Q14162,SCARF1,SER,416,107.23,55.56
Q14162,SCARF1,SER,418,90.86,57.03
Q14162,SCARF1,THR,421,100.07,59.38
Q14162,SCARF1,SER,427,63.97,74.06
Q14162,SCARF1,CYS,440,78.27,80.0
Q14162,SCARF1,CYS,441,76.06,77.94
Q14162,SCARF1,CYS,443,97.26,68.19
Q14162,SCARF1,CYS,444,101.19,70.56
Q14162,SCARF1,CYS,445,92.89,69.25
Q14162,SCARF1,SER,450,101.85,43.84
Q14162,SCARF1,LYS,453,169.83,45.16
Q14162,SCARF1,THR,462,127.81,42.12
Q14162,SCARF1,SER,464,97.94,34.19
Q14162,SCARF1,LYS,467,169.76,32.41
Q14162,SCARF1,THR,473,127.81,43.03
Q14162,SCARF1,THR,475,144.47,41.34
Q14162,SCARF1,SER,476,95.75,45.69
Q14162,SCARF1,SER,479,95.79,40.72
Q14162,SCARF1,THR,480,133.71,43.5
Q14162,SCARF1,CYS,483,121.5,41.72
Q14162,SCARF1,SER,485,97.42,37.31
Q14162,SCARF1,SER,487,85.73,35.16
Q14162,SCARF1,SER,488,111.72,40.44
Q14162,SCARF1,LYS,490,202.16,41.38
Q14162,SCARF1,THR,495,97.07,49.66
Q14162,SCARF1,SER,497,78.3,41.5
Q14162,SCARF1,SER,508,91.86,39.97
Q14162,SCARF1,SER,514,117.53,36.72
Q14162,SCARF1,THR,519,120.52,34.25
Q14162,SCARF1,SER,522,95.97,39.84
Q14162,SCARF1,SER,524,87.91,38.16
Q14162,SCARF1,SER,525,117.95,45.53
Q14162,SCARF1,SER,529,108.95,41.09
Q14162,SCARF1,TYR,538,213.09,41.12
Q14162,SCARF1,CYS,539,109.2,33.78
Q14162,SCARF1,SER,554,113.03,35.69
Q14162,SCARF1,SER,555,118.84,36.88
Q14162,SCARF1,SER,558,101.0,30.52
Q14162,SCARF1,SER,571,119.02,35.81
Q14162,SCARF1,THR,572,99.85,44.22
Q14162,SCARF1,THR,579,112.2,45.72
Q14162,SCARF1,SER,580,89.78,41.88
Q14162,SCARF1,SER,581,122.98,37.03
Q14162,SCARF1,LYS,586,142.81,44.53
Q14162,SCARF1,SER,589,114.44,36.84
Q14162,SCARF1,SER,591,111.06,43.12
Q14162,SCARF1,THR,596,137.01,41.34
Q14162,SCARF1,LYS,597,165.11,39.75
Q14162,SCARF1,SER,602,86.92,35.41
Q14162,SCARF1,SER,605,107.65,38.56
Q14162,SCARF1,SER,606,113.16,38.19
Q14162,SCARF1,SER,610,102.75,38.12
Q14162,SCARF1,SER,611,94.68,34.59
Q14162,SCARF1,LYS,615,180.25,36.03
Q14162,SCARF1,LYS,617,206.79,36.69
Q14162,SCARF1,SER,620,93.76,33.38
Q14162,SCARF1,SER,625,114.51,37.81
Q14162,SCARF1,SER,635,85.12,33.97
Q14162,SCARF1,THR,636,126.34,35.47
Q14162,SCARF1,SER,646,85.69,37.81
Q14162,SCARF1,SER,652,105.6,37.09
Q14162,SCARF1,SER,656,120.92,43.22
Q14162,SCARF1,THR,658,148.73,44.34
Q14162,SCARF1,THR,669,133.77,41.69
Q14162,SCARF1,SER,680,102.35,34.62
Q14162,SCARF1,SER,684,107.36,36.28
Q14162,SCARF1,SER,685,120.79,39.19
Q14162,SCARF1,THR,689,134.2,37.06
Q14162,SCARF1,THR,690,86.4,37.06
Q14162,SCARF1,TYR,692,184.7,31.66
Q14162,SCARF1,LYS,697,193.02,36.97
Q14162,SCARF1,SER,701,101.8,38.44
Q14162,SCARF1,SER,707,85.11,34.38
Q14162,SCARF1,SER,714,105.84,31.39
Q14162,SCARF1,LYS,717,195.18,30.61
Q14162,SCARF1,LYS,723,151.28,32.28
Q14162,SCARF1,LYS,725,182.25,36.09
Q14162,SCARF1,LYS,730,196.39,29.23
Q14162,SCARF1,LYS,739,215.98,39.28
Q14162,SCARF1,LYS,740,209.75,34.0
Q14162,SCARF1,SER,742,110.79,36.31
Q14162,SCARF1,SER,747,124.48,38.03
Q14162,SCARF1,SER,749,104.69,39.75
Q14162,SCARF1,SER,753,100.08,37.28
Q14162,SCARF1,SER,756,118.08,39.03
Q14162,SCARF1,LYS,759,201.33,40.47
Q14162,SCARF1,THR,766,140.42,37.12
Q14162,SCARF1,THR,784,130.58,38.75
Q14162,SCARF1,SER,786,98.78,38.84
Q14162,SCARF1,SER,787,100.76,38.69
Q14162,SCARF1,SER,795,113.27,38.03
Q14162,SCARF1,CYS,797,140.77,30.41
Q14162,SCARF1,SER,799,117.9,37.47
Q14162,SCARF1,LYS,806,169.66,39.69
Q14162,SCARF1,TYR,818,177.79,40.09
Q14162,SCARF1,SER,825,95.75,41.44
Q14435,GALNT3,LYS,5,163.91,61.34
Q14435,GALNT3,LYS,9,160.54,62.47
Q14435,GALNT3,LYS,13,161.8,59.59
Q14435,GALNT3,TYR,16,141.95,59.72
Q14435,GALNT3,LYS,18,156.24,62.31
Q14435,GALNT3,LYS,19,153.7,65.0
Q14435,GALNT3,LYS,22,153.07,74.94
Q14435,GALNT3,SER,42,62.42,68.25
Q14435,GALNT3,TYR,45,156.23,62.03
Q14435,GALNT3,SER,46,66.45,67.56
Q14435,GALNT3,LYS,47,146.83,69.38
Q14435,GALNT3,SER,50,46.83,67.5
Q14435,GALNT3,LYS,57,155.9,67.44
Q14435,GALNT3,LYS,59,154.49,63.94
Q14435,GALNT3,LYS,61,148.91,70.62
Q14435,GALNT3,LYS,74,164.83,44.44
Q14435,GALNT3,LYS,79,192.05,32.16
Q14435,GALNT3,CYS,97,67.02,83.81
Q14435,GALNT3,TYR,101,108.77,97.38
Q14435,GALNT3,TYR,102,28.72,97.44
Q14435,GALNT3,THR,103,69.06,96.94
Q14435,GALNT3,LYS,108,105.46,97.0
Q14435,GALNT3,SER,118,78.99,94.94
Q14435,GALNT3,SER,124,23.35,97.81
Q14435,GALNT3,LYS,126,127.19,98.0
Q14435,GALNT3,LYS,129,150.84,96.38
Q14435,GALNT3,THR,130,19.33,94.19
Q14435,GALNT3,THR,131,96.88,93.38
Q14435,GALNT3,SER,134,51.42,96.62
Q14435,GALNT3,LYS,139,119.97,97.25
Q14435,GALNT3,LYS,141,38.48,97.44
Q14435,GALNT3,LYS,147,93.91,95.31
Q14435,GALNT3,CYS,149,27.92,95.38
Q14435,GALNT3,SER,159,38.29,98.56
Q14435,GALNT3,THR,168,34.3,96.94
Q14435,GALNT3,LYS,177,134.92,97.75
Q14435,GALNT3,LYS,179,119.53,96.62
Q14435,GALNT3,CYS,181,45.53,94.94
Q14435,GALNT3,THR,186,19.3,98.56
Q14435,GALNT3,TYR,210,23.66,98.38
Q14435,GALNT3,SER,211,13.24,97.81
Q14435,GALNT3,LYS,218,111.41,98.5
Q14435,GALNT3,TYR,231,57.75,97.81
Q14435,GALNT3,LYS,235,118.31,98.25
Q14435,GALNT3,TYR,239,60.26,98.12
Q14435,GALNT3,LYS,241,136.44,96.62
Q14435,GALNT3,SER,244,117.35,95.12
Q14435,GALNT3,LYS,247,64.02,97.5
Q14435,GALNT3,LYS,255,98.07,92.81
Q14435,GALNT3,THR,259,39.14,95.75
Q14435,GALNT3,THR,266,106.24,97.62
Q14435,GALNT3,THR,269,93.83,98.38
Q14435,GALNT3,TYR,284,64.21,97.62
Q14435,GALNT3,TYR,298,47.32,96.75
Q14435,GALNT3,SER,308,35.93,96.69
Q14435,GALNT3,THR,313,30.54,98.0
Q14435,GALNT3,LYS,318,69.31,95.62
Q14435,GALNT3,SER,320,40.69,92.5
Q14435,GALNT3,TYR,322,204.95,88.69
Q14435,GALNT3,SER,324,59.25,70.06
Q14435,GALNT3,SER,334,20.0,89.31
Q14435,GALNT3,SER,336,51.76,91.12
Q14435,GALNT3,SER,341,76.24,93.81
Q14435,GALNT3,LYS,347,105.82,94.25
Q14435,GALNT3,LYS,351,168.87,94.81
Q14435,GALNT3,THR,354,32.57,97.12
Q14435,GALNT3,TYR,355,67.37,97.75
Q14435,GALNT3,LYS,358,77.42,98.31
Q14435,GALNT3,SER,370,10.06,98.75
Q14435,GALNT3,LYS,371,42.45,98.56
Q14435,GALNT3,TYR,376,88.33,97.56
Q14435,GALNT3,SER,379,21.09,97.5
Q14435,GALNT3,SER,419,101.56,76.19
Q14435,GALNT3,LYS,420,152.86,78.06
Q14435,GALNT3,SER,421,61.59,80.81
Q14435,GALNT3,SER,424,74.02,79.69
Q14435,GALNT3,LYS,427,146.5,78.81
Q14435,GALNT3,THR,429,94.85,81.62
Q14435,GALNT3,TYR,447,24.2,97.62
Q14435,GALNT3,LYS,448,43.55,97.38
Q14435,GALNT3,TYR,452,14.1,92.62
Q14435,GALNT3,THR,456,58.19,84.5
Q14435,GALNT3,LYS,460,114.61,92.25
Q14435,GALNT3,LYS,463,178.01,94.94
Q14435,GALNT3,LYS,465,167.88,94.38
Q14435,GALNT3,SER,471,62.88,97.69
Q14435,GALNT3,LYS,472,132.92,97.25
Q14435,GALNT3,LYS,477,26.37,97.81
Q14435,GALNT3,CYS,482,18.48,98.38
Q14435,GALNT3,LYS,483,57.7,98.5
Q14435,GALNT3,THR,486,43.71,98.06
Q14435,GALNT3,TYR,497,21.12,87.25
Q14435,GALNT3,SER,506,15.91,90.88
Q14435,GALNT3,TYR,508,47.41,92.25
Q14435,GALNT3,LYS,510,75.01,96.0
Q14435,GALNT3,LYS,528,97.11,88.44
Q14435,GALNT3,TYR,533,117.87,94.69
Q14435,GALNT3,THR,534,85.48,94.31
Q14435,GALNT3,CYS,535,41.8,92.44
Q14435,GALNT3,TYR,546,16.76,93.94
Q14435,GALNT3,LYS,558,99.95,78.69
Q14435,GALNT3,LYS,572,81.55,94.12
Q14435,GALNT3,THR,575,50.27,91.88
Q14435,GALNT3,TYR,576,47.54,89.62
Q14435,GALNT3,LYS,577,113.47,83.19
Q14435,GALNT3,LYS,580,203.38,78.31
Q14435,GALNT3,THR,581,54.01,86.62
Q14435,GALNT3,THR,584,48.92,94.12
Q14435,GALNT3,LYS,593,218.73,91.44
Q14435,GALNT3,TYR,598,42.85,97.44
Q14435,GALNT3,LYS,603,153.85,96.44
Q14435,GALNT3,SER,614,19.53,96.38
Q14435,GALNT3,SER,617,90.73,96.06
Q14435,GALNT3,CYS,618,45.7,96.25
Q14435,GALNT3,SER,621,93.17,95.56
Q14435,GALNT3,LYS,626,51.55,97.0
Q14435,GALNT3,SER,630,29.77,85.75
Q14626,IL11RA,SER,2,113.26,39.38
Q14626,IL11RA,SER,3,100.18,42.03
Q14626,IL11RA,SER,4,112.54,39.97
Q14626,IL11RA,CYS,5,131.73,50.31
Q14626,IL11RA,SER,6,111.57,44.22
Q14626,IL11RA,SER,9,96.91,41.41
Q14626,IL11RA,THR,17,114.09,51.72
Q14626,IL11RA,SER,21,102.52,50.0
Q14626,IL11RA,SER,23,104.86,60.66
Q14626,IL11RA,SER,24,69.48,68.31
Q14626,IL11RA,CYS,26,13.65,80.69
Q14626,IL11RA,TYR,37,26.35,96.56
Q14626,IL11RA,SER,43,79.27,96.19
Q14626,IL11RA,LYS,45,117.83,94.06
Q14626,IL11RA,CYS,47,15.4,94.62
Q14626,IL11RA,THR,52,96.53,85.56
Q14626,IL11RA,SER,58,19.49,93.94
Q14626,IL11RA,LYS,66,150.0,92.38
Q14626,IL11RA,SER,73,46.34,86.0
Q14626,IL11RA,SER,86,98.61,94.19
Q14626,IL11RA,THR,87,93.17,94.25
Q14626,IL11RA,THR,91,41.63,96.94
Q14626,IL11RA,THR,96,35.94,90.5
Q14626,IL11RA,THR,104,64.58,93.44
Q14626,IL11RA,THR,106,49.87,96.81
Q14626,IL11RA,TYR,111,108.04,97.44
Q14626,IL11RA,SER,119,63.51,98.06
Q14626,IL11RA,CYS,120,21.41,98.06
Q14626,IL11RA,TYR,125,10.66,94.94
Q14626,IL11RA,THR,131,47.92,98.44
Q14626,IL11RA,SER,133,55.0,97.5
Q14626,IL11RA,SER,135,60.7,97.19
Q14626,IL11RA,SER,138,11.09,95.88
Q14626,IL11RA,THR,142,40.19,96.31
Q14626,IL11RA,TYR,144,43.78,97.25
Q14626,IL11RA,THR,146,14.48,98.19
Q14626,IL11RA,SER,147,24.13,97.44
Q14626,IL11RA,TYR,148,30.42,96.31
Q14626,IL11RA,LYS,150,55.35,92.19
Q14626,IL11RA,LYS,151,60.4,87.62
Q14626,IL11RA,THR,152,64.37,67.56
Q14626,IL11RA,SER,158,107.48,46.22
Q14626,IL11RA,SER,162,64.73,45.12
Q14626,IL11RA,SER,164,57.19,54.44
Q14626,IL11RA,THR,165,64.56,64.62
Q14626,IL11RA,SER,189,10.87,90.62
Q14626,IL11RA,THR,196,15.87,98.25
Q14626,IL11RA,SER,204,16.58,98.38
Q14626,IL11RA,THR,205,58.14,98.25
Q14626,IL11RA,SER,211,34.22,95.5
Q14626,IL11RA,SER,214,74.96,96.12
Q14626,IL11RA,SER,228,52.87,97.69
Q14626,IL11RA,TYR,232,105.61,96.38
Q14626,IL11RA,SER,239,30.81,98.56
Q14626,IL11RA,THR,241,75.77,97.81
Q14626,IL11RA,TYR,242,53.21,97.5
Q14626,IL11RA,SER,245,39.86,96.38
Q14626,IL11RA,CYS,248,132.87,82.88
Q14626,IL11RA,LYS,255,49.52,97.62
Q14626,IL11RA,TYR,260,16.23,98.38
Q14626,IL11RA,SER,269,46.75,98.19
Q14626,IL11RA,THR,270,68.62,98.12
Q14626,IL11RA,THR,281,83.46,97.5
Q14626,IL11RA,THR,303,72.82,97.75
Q14626,IL11RA,THR,306,76.29,98.44
Q14626,IL11RA,THR,314,61.7,97.62
Q14626,IL11RA,SER,316,19.82,93.62
Q14626,IL11RA,THR,317,116.47,86.19
Q14626,IL11RA,THR,319,105.34,61.22
Q14626,IL11RA,LYS,322,167.78,42.75
Q14626,IL11RA,THR,332,132.14,35.31
Q14626,IL11RA,SER,342,95.92,50.59
Q14626,IL11RA,SER,349,110.68,37.69
Q14626,IL11RA,SER,362,61.09,63.97
Q14626,IL11RA,SER,371,51.31,82.94
Q14626,IL11RA,SER,376,65.84,88.25
Q14626,IL11RA,LYS,398,178.85,51.53
Q14626,IL11RA,SER,401,104.96,41.47
Q14626,IL11RA,LYS,403,205.19,42.28
Q14626,IL11RA,SER,409,106.84,41.22
Q14656,TMEM187,THR,25,92.5,95.94
Q14656,TMEM187,SER,30,89.77,94.56
Q14656,TMEM187,SER,32,60.31,93.62
Q14656,TMEM187,TYR,37,73.94,91.94
Q14656,TMEM187,TYR,40,15.19,94.25
Q14656,TMEM187,THR,65,30.03,97.31
Q14656,TMEM187,SER,70,51.15,96.31
Q14656,TMEM187,TYR,84,45.91,93.12
Q14656,TMEM187,TYR,96,10.28,97.69
Q14656,TMEM187,THR,106,23.12,94.88
Q14656,TMEM187,TYR,132,33.32,94.81
Q14656,TMEM187,SER,144,61.15,96.94
Q14656,TMEM187,CYS,147,66.4,96.62
Q14656,TMEM187,SER,152,24.67,98.25
Q14656,TMEM187,TYR,185,64.57,91.19
Q14656,TMEM187,SER,187,43.19,94.06
Q14656,TMEM187,THR,188,118.13,95.56
Q14656,TMEM187,THR,189,59.52,96.38
Q14656,TMEM187,THR,192,67.49,98.31
Q14656,TMEM187,TYR,193,48.78,98.25
Q14656,TMEM187,SER,200,10.04,98.5
Q14656,TMEM187,LYS,208,76.95,93.94
Q14656,TMEM187,CYS,210,35.64,95.81
Q14656,TMEM187,CYS,222,70.74,85.25
Q14656,TMEM187,LYS,230,15.26,96.94
Q14656,TMEM187,CYS,232,22.28,98.12
Q14656,TMEM187,THR,245,18.42,93.81
Q14656,TMEM187,THR,249,85.49,66.56
Q14656,TMEM187,SER,256,112.8,32.91
Q14656,TMEM187,LYS,259,205.13,26.41
Q14656,TMEM187,THR,260,143.96,31.67
Q15388,TOMM20,SER,6,66.64,84.31
Q15388,TOMM20,CYS,13,82.55,92.25
Q15388,TOMM20,TYR,20,140.43,91.81
Q15388,TOMM20,CYS,21,56.8,92.31
Q15388,TOMM20,TYR,23,131.89,88.69
Q15388,TOMM20,LYS,27,118.54,76.25
Q15388,TOMM20,SER,30,80.0,63.31
Q15388,TOMM20,LYS,35,164.72,69.25
Q15388,TOMM20,LYS,43,122.7,79.69
Q15388,TOMM20,LYS,44,145.44,79.62
Q15388,TOMM20,LYS,46,143.93,76.81
Q15388,TOMM20,LYS,49,167.93,69.56
Q15388,TOMM20,SER,55,93.04,55.0
Q15388,TOMM20,LYS,56,161.22,61.34
Q15388,TOMM20,LYS,61,191.44,68.12
Q15388,TOMM20,LYS,68,146.49,84.94
Q15388,TOMM20,TYR,86,104.6,86.81
Q15388,TOMM20,LYS,88,112.15,85.69
Q15388,TOMM20,CYS,100,35.13,71.94
Q15388,TOMM20,THR,113,79.29,80.5
Q15388,TOMM20,THR,124,95.99,81.25
Q15388,TOMM20,LYS,125,79.5,74.69
Q15388,TOMM20,THR,128,65.54,70.19
Q15388,TOMM20,SER,130,61.95,61.28
Q15388,TOMM20,SER,135,55.0,55.75
Q15388,TOMM20,SER,138,66.48,51.97
Q15619,OR1C1,LYS,3,191.68,41.53
Q15619,OR1C1,THR,7,110.96,58.72
Q15619,OR1C1,SER,19,30.43,68.0
Q15619,OR1C1,SER,20,63.06,77.31
Q15619,OR1C1,CYS,33,70.06,94.19
Q15619,OR1C1,TYR,35,49.64,94.75
Q15619,OR1C1,THR,39,20.89,96.56
Q15619,OR1C1,SER,53,81.14,91.56
Q15619,OR1C1,SER,57,35.92,93.69
Q15619,OR1C1,TYR,60,13.89,94.94
Q15619,OR1C1,SER,64,23.74,97.19
Q15619,OR1C1,CYS,72,27.27,97.06
Q15619,OR1C1,SER,75,43.5,95.5
Q15619,OR1C1,THR,76,24.06,94.56
Q15619,OR1C1,THR,87,83.6,87.38
Q15619,OR1C1,THR,89,78.7,83.75
Q15619,OR1C1,LYS,90,62.85,86.81
Q15619,OR1C1,THR,91,60.33,89.75
Q15619,OR1C1,SER,93,61.78,93.81
Q15619,OR1C1,THR,99,71.58,96.56
Q15619,OR1C1,CYS,116,17.82,97.5
Q15619,OR1C1,TYR,120,88.02,97.06
Q15619,OR1C1,TYR,123,43.76,96.19
Q15619,OR1C1,CYS,127,28.33,94.06
Q15619,OR1C1,TYR,132,37.14,95.44
Q15619,OR1C1,THR,133,110.26,92.25
Q15619,OR1C1,CYS,139,82.11,96.69
Q15619,OR1C1,TYR,153,85.7,98.06
Q15619,OR1C1,THR,160,17.83,96.0
Q15619,OR1C1,SER,167,43.34,90.25
Q15619,OR1C1,CYS,169,71.24,82.38
Q15619,OR1C1,SER,171,64.32,79.81
Q15619,OR1C1,SER,188,18.71,88.88
Q15619,OR1C1,CYS,189,68.39,89.62
Q15619,OR1C1,SER,190,38.86,89.0
Q15619,OR1C1,SER,193,74.85,92.19
Q15619,OR1C1,THR,209,71.69,95.06
Q15619,OR1C1,CYS,213,31.82,97.25
Q15619,OR1C1,TYR,218,20.03,96.5
Q15619,OR1C1,SER,223,47.74,94.44
Q15619,OR1C1,THR,224,36.19,93.31
Q15619,OR1C1,LYS,227,159.78,93.0
Q15619,OR1C1,THR,229,138.84,89.88
Q15619,OR1C1,SER,230,59.27,91.0
Q15619,OR1C1,THR,231,111.18,88.19
Q15619,OR1C1,LYS,234,81.03,87.88
Q15619,OR1C1,SER,239,45.35,86.31
Q15619,OR1C1,THR,240,32.47,85.5
Q15619,OR1C1,CYS,241,10.65,91.12
Q15619,OR1C1,SER,242,36.86,90.31
Q15619,OR1C1,SER,246,30.15,92.38
Q15619,OR1C1,TYR,252,17.76,88.19
Q15619,OR1C1,THR,254,22.79,82.81
Q15619,OR1C1,TYR,259,165.02,57.91
Q15619,OR1C1,SER,261,42.46,56.44
Q15619,OR1C1,SER,263,60.26,47.12
Q15619,OR1C1,SER,264,53.88,42.62
Q15619,OR1C1,SER,270,26.82,54.53
Q15619,OR1C1,THR,272,10.65,72.94
Q15619,OR1C1,TYR,278,28.87,83.12
Q15619,OR1C1,THR,291,12.45,85.5
Q15619,OR1C1,LYS,298,102.94,88.88
Q15619,OR1C1,LYS,303,85.25,89.44
Q15619,OR1C1,LYS,307,114.42,84.25
Q15619,OR1C1,CYS,308,57.31,81.38
Q15619,OR1C1,THR,309,69.34,77.0
Q15743,GPR68,THR,5,124.71,44.16
Q15743,GPR68,SER,9,79.97,40.19
Q15743,GPR68,SER,10,111.01,44.09
Q15743,GPR68,SER,12,52.34,62.81
Q15743,GPR68,CYS,13,23.72,70.44
Q15743,GPR68,THR,14,70.18,75.69
Q15743,GPR68,THR,18,72.53,79.81
Q15743,GPR68,THR,22,83.43,87.75
Q15743,GPR68,TYR,28,21.12,95.62
Q15743,GPR68,THR,30,48.99,94.38
Q15743,GPR68,CYS,40,54.87,94.12
Q15743,GPR68,TYR,44,114.86,92.19
Q15743,GPR68,TYR,47,128.86,93.12
Q15743,GPR68,LYS,51,133.3,93.31
Q15743,GPR68,TYR,59,13.03,96.31
Q15743,GPR68,CYS,61,13.58,95.94
Q15743,GPR68,CYS,72,75.2,96.88
Q15743,GPR68,SER,88,70.01,88.69
Q15743,GPR68,SER,93,24.71,91.12
Q15743,GPR68,TYR,102,20.1,93.62
Q15743,GPR68,TYR,106,16.07,96.56
Q15743,GPR68,CYS,113,10.94,97.38
Q15743,GPR68,CYS,114,19.22,96.88
Q15743,GPR68,TYR,120,54.45,93.88
Q15743,GPR68,THR,134,51.27,94.56
Q15743,GPR68,LYS,136,180.86,96.38
Q15743,GPR68,LYS,148,68.45,95.19
Q15743,GPR68,THR,152,22.3,88.06
Q15743,GPR68,TYR,155,71.3,80.19
Q15743,GPR68,TYR,176,38.56,73.25
Q15743,GPR68,TYR,187,91.78,94.38
Q15743,GPR68,TYR,188,78.23,93.81
Q15743,GPR68,CYS,199,70.95,97.5
Q15743,GPR68,TYR,205,44.25,94.94
Q15743,GPR68,SER,215,39.49,77.12
Q15743,GPR68,THR,218,75.29,65.75
Q15743,GPR68,LYS,220,160.92,79.88
Q15743,GPR68,SER,221,62.34,80.25
Q15743,GPR68,LYS,223,20.27,83.31
Q15743,GPR68,SER,232,15.76,91.62
Q15743,GPR68,SER,257,52.56,88.31
Q15743,GPR68,CYS,258,19.04,87.62
Q15743,GPR68,LYS,262,86.71,88.44
Q15743,GPR68,TYR,268,24.95,93.75
Q15743,GPR68,CYS,287,36.23,79.0
Q15743,GPR68,SER,290,27.03,69.31
Q15743,GPR68,THR,292,81.4,67.94
Q15743,GPR68,CYS,304,78.05,74.94
Q15743,GPR68,THR,309,83.17,76.12
Q15743,GPR68,CYS,310,87.49,65.12
Q15743,GPR68,SER,311,59.28,58.38
Q15743,GPR68,THR,313,94.59,53.62
Q15743,GPR68,TYR,320,216.5,41.88
Q15743,GPR68,SER,328,118.88,36.88
Q15743,GPR68,LYS,330,205.41,34.28
Q15743,GPR68,SER,331,114.38,38.47
Q15743,GPR68,THR,342,109.07,46.81
Q15743,GPR68,LYS,343,139.6,47.41
Q15743,GPR68,THR,350,124.96,41.25
Q15743,GPR68,SER,353,108.94,38.84
Q15743,GPR68,SER,356,123.4,40.03
Q15743,GPR68,THR,361,143.47,42.72
Q16394,EXT1,LYS,4,166.79,55.44
Q16394,EXT1,LYS,5,168.0,60.06
Q16394,EXT1,TYR,7,150.13,71.62
Q16394,EXT1,SER,12,61.2,76.19
Q16394,EXT1,SER,15,60.22,74.5
Q16394,EXT1,CYS,16,73.73,74.5
Q16394,EXT1,TYR,22,198.16,62.38
Q16394,EXT1,SER,31,99.05,23.05
Q16394,EXT1,SER,33,91.32,25.11
Q16394,EXT1,SER,35,103.92,26.94
Q16394,EXT1,SER,41,117.33,23.61
Q16394,EXT1,SER,50,99.59,30.95
Q16394,EXT1,SER,76,109.29,43.75
Q16394,EXT1,SER,77,76.16,42.56
Q16394,EXT1,SER,81,50.24,64.69
Q16394,EXT1,LYS,85,128.4,56.69
Q16394,EXT1,SER,90,52.48,54.56
Q16394,EXT1,SER,91,71.77,60.69
Q16394,EXT1,TYR,93,68.24,70.88
Q16394,EXT1,LYS,94,90.8,70.75
Q16394,EXT1,LYS,96,132.07,80.56
Q16394,EXT1,LYS,97,127.36,86.56
Q16394,EXT1,SER,102,30.08,93.75
Q16394,EXT1,THR,107,90.7,94.5
Q16394,EXT1,LYS,110,161.41,91.06
Q16394,EXT1,LYS,111,165.64,87.81
Q16394,EXT1,LYS,115,67.06,97.81
Q16394,EXT1,TYR,117,24.95,98.31
Q16394,EXT1,LYS,123,212.84,83.62
Q16394,EXT1,LYS,126,197.27,87.12
Q16394,EXT1,SER,141,19.22,95.31
Q16394,EXT1,TYR,144,77.03,97.0
Q16394,EXT1,THR,145,17.5,96.56
Q16394,EXT1,SER,146,85.95,96.19
Q16394,EXT1,SER,149,80.25,95.81
Q16394,EXT1,SER,167,18.68,84.81
Q16394,EXT1,TYR,170,43.37,88.56
Q16394,EXT1,SER,176,64.97,91.38
Q16394,EXT1,LYS,177,60.26,92.06
Q16394,EXT1,SER,180,83.23,92.25
Q16394,EXT1,TYR,196,32.96,88.81
Q16394,EXT1,THR,199,49.78,76.69
Q16394,EXT1,TYR,203,25.31,76.19
Q16394,EXT1,THR,204,81.11,67.62
Q16394,EXT1,SER,222,14.18,91.62
Q16394,EXT1,THR,223,69.94,91.19
Q16394,EXT1,SER,238,42.78,92.44
Q16394,EXT1,LYS,239,136.5,91.5
Q16394,EXT1,THR,244,36.78,93.12
Q16394,EXT1,LYS,252,164.28,69.31
Q16394,EXT1,THR,255,87.41,63.62
Q16394,EXT1,LYS,261,137.82,90.75
Q16394,EXT1,TYR,262,14.0,94.81
Q16394,EXT1,LYS,267,18.36,95.38
Q16394,EXT1,LYS,269,94.06,91.88
Q16394,EXT1,TYR,271,30.19,86.25
Q16394,EXT1,THR,273,47.06,77.31
Q16394,EXT1,THR,279,19.53,86.81
Q16394,EXT1,TYR,284,89.85,92.12
Q16394,EXT1,THR,296,12.96,94.94
Q16394,EXT1,LYS,299,101.79,91.19
Q16394,EXT1,LYS,302,197.09,84.06
Q16394,EXT1,LYS,306,163.54,90.62
Q16394,EXT1,LYS,308,91.85,91.94
Q16394,EXT1,SER,310,117.52,93.31
Q16394,EXT1,THR,317,75.75,95.44
Q16394,EXT1,TYR,319,47.03,95.5
Q16394,EXT1,LYS,321,136.4,93.88
Q16394,EXT1,TYR,322,53.28,92.69
Q16394,EXT1,TYR,324,48.3,93.44
Q16394,EXT1,SER,361,12.21,93.75
Q16394,EXT1,SER,369,38.02,96.81
Q16394,EXT1,SER,391,73.2,96.69
Q16394,EXT1,THR,392,62.54,96.62
Q16394,EXT1,SER,395,82.66,96.69
Q16394,EXT1,LYS,400,92.74,94.38
Q16394,EXT1,LYS,421,28.43,97.69
Q16394,EXT1,LYS,436,127.9,93.62
Q16394,EXT1,SER,439,47.47,95.12
Q16394,EXT1,SER,442,72.91,94.31
Q16394,EXT1,LYS,447,85.65,95.12
Q16394,EXT1,TYR,458,52.26,96.0
Q16394,EXT1,SER,459,24.31,94.69
Q16394,EXT1,SER,460,90.08,90.56
Q16394,EXT1,TYR,461,125.42,93.69
Q16394,EXT1,TYR,467,26.3,95.88
Q16394,EXT1,TYR,469,10.34,95.44
Q16394,EXT1,LYS,475,184.88,93.56
Q16394,EXT1,SER,478,68.24,95.75
Q16394,EXT1,LYS,479,85.96,98.12
Q16394,EXT1,THR,488,59.23,88.19
Q16394,EXT1,SER,492,48.48,83.88
Q16394,EXT1,SER,494,75.03,80.69
Q16394,EXT1,LYS,499,122.57,90.94
Q16394,EXT1,LYS,506,146.81,96.62
Q16394,EXT1,TYR,509,55.06,97.75
Q16394,EXT1,LYS,521,122.53,87.56
Q16394,EXT1,LYS,526,194.19,84.0
Q16394,EXT1,THR,532,39.73,91.75
Q16394,EXT1,SER,543,53.71,77.75
Q16394,EXT1,LYS,544,78.18,82.69
Q16394,EXT1,SER,547,14.47,91.25
Q16394,EXT1,TYR,553,39.58,94.88
Q16394,EXT1,THR,558,11.59,97.94
Q16394,EXT1,SER,571,46.9,92.19
Q16394,EXT1,THR,572,30.27,93.56
Q16394,EXT1,THR,573,88.8,91.94
Q16394,EXT1,THR,580,68.25,96.44
Q16394,EXT1,SER,584,76.55,96.12
Q16394,EXT1,SER,602,99.02,95.56
Q16394,EXT1,LYS,603,121.03,93.56
Q16394,EXT1,TYR,608,15.19,93.94
Q16394,EXT1,THR,609,20.71,90.88
Q16394,EXT1,SER,610,35.63,87.62
Q16394,EXT1,LYS,611,160.67,84.62
Q16394,EXT1,THR,613,67.46,83.12
Q16394,EXT1,LYS,628,49.0,97.94
Q16394,EXT1,TYR,632,32.93,97.94
Q16394,EXT1,SER,635,15.61,95.81
Q16394,EXT1,TYR,637,36.35,96.06
Q16394,EXT1,SER,641,73.51,94.25
Q16394,EXT1,LYS,643,44.98,95.25
Q16394,EXT1,LYS,666,43.09,93.5
Q16394,EXT1,LYS,671,35.45,95.62
Q16394,EXT1,LYS,675,138.27,62.06
Q16394,EXT1,LYS,676,149.05,56.31
Q16394,EXT1,TYR,678,22.67,50.75
Q16394,EXT1,LYS,679,44.87,52.41
Q16394,EXT1,THR,681,102.33,41.34
Q16394,EXT1,THR,686,151.49,38.44
Q16394,EXT1,SER,687,104.8,43.19
Q16394,EXT1,SER,690,62.87,52.0
Q16394,EXT1,SER,703,62.45,95.12
Q16394,EXT1,THR,707,42.55,97.19
Q16394,EXT1,SER,710,83.04,94.62
Q16394,EXT1,TYR,714,45.54,93.5
Q16394,EXT1,SER,720,16.3,95.69
Q16394,EXT1,LYS,730,176.11,66.69
Q16394,EXT1,SER,734,74.44,61.81
Q16394,EXT1,LYS,738,193.04,64.25
Q16394,EXT1,LYS,739,145.67,63.72
Q16394,EXT1,TYR,740,104.66,66.44
Q16512,PKN1,SER,3,112.79,32.31
Q16512,PKN1,SER,8,98.04,30.2
Q16512,PKN1,SER,12,112.41,42.81
Q16512,PKN1,SER,14,45.52,59.53
Q16512,PKN1,LYS,48,137.49,86.88
Q16512,PKN1,LYS,51,151.91,85.81
Q16512,PKN1,LYS,53,60.71,84.12
Q16512,PKN1,THR,63,20.31,70.5
Q16512,PKN1,THR,64,76.84,63.41
Q16512,PKN1,SER,69,94.32,62.97
Q16512,PKN1,SER,81,31.85,79.69
Q16512,PKN1,THR,106,127.07,29.66
Q16512,PKN1,SER,112,118.41,25.84
Q16512,PKN1,THR,119,113.78,30.91
Q16512,PKN1,CYS,120,77.02,33.09
Q16512,PKN1,SER,121,62.93,36.97
Q16512,PKN1,THR,123,86.33,56.91
Q16512,PKN1,SER,126,75.99,68.56
Q16512,PKN1,LYS,133,76.73,79.88
Q16512,PKN1,LYS,140,158.71,88.25
Q16512,PKN1,LYS,142,56.47,87.44
Q16512,PKN1,THR,151,96.7,79.25
Q16512,PKN1,TYR,152,53.92,77.0
Q16512,PKN1,SER,153,67.78,74.25
Q16512,PKN1,SER,156,77.24,57.47
Q16512,PKN1,THR,157,128.86,56.94
Q16512,PKN1,LYS,158,181.4,55.78
Q16512,PKN1,LYS,161,166.9,71.62
Q16512,PKN1,THR,165,69.03,74.69
Q16512,PKN1,LYS,174,80.86,79.94
Q16512,PKN1,THR,175,14.45,70.12
Q16512,PKN1,LYS,176,24.77,77.31
Q16512,PKN1,THR,202,120.0,37.38
Q16512,PKN1,SER,205,95.54,35.47
Q16512,PKN1,LYS,233,88.57,82.06
Q16512,PKN1,SER,240,88.76,75.44
Q16512,PKN1,LYS,243,220.02,61.41
Q16512,PKN1,LYS,248,148.22,77.56
Q16512,PKN1,SER,251,68.89,80.81
Q16512,PKN1,LYS,256,32.57,82.5
Q16512,PKN1,THR,258,63.7,87.88
Q16512,PKN1,LYS,284,52.68,72.19
Q16512,PKN1,SER,296,91.01,61.88
Q16512,PKN1,SER,297,57.57,57.19
Q16512,PKN1,SER,301,49.85,53.22
Q16512,PKN1,THR,302,98.39,48.59
Q16512,PKN1,THR,311,107.05,28.38
Q16512,PKN1,TYR,313,128.73,30.17
Q16512,PKN1,SER,314,93.24,31.69
Q16512,PKN1,THR,315,73.94,37.19
Q16512,PKN1,CYS,317,73.88,51.34
Q16512,PKN1,LYS,318,127.56,59.22
Q16512,PKN1,THR,323,28.99,75.44
Q16512,PKN1,THR,325,34.06,79.56
Q16512,PKN1,THR,339,117.9,70.38
Q16512,PKN1,THR,345,116.86,32.62
Q16512,PKN1,SER,347,108.44,32.25
Q16512,PKN1,THR,353,136.24,31.38
Q16512,PKN1,SER,356,113.81,26.81
Q16512,PKN1,SER,362,113.83,27.39
Q16512,PKN1,TYR,369,199.16,27.97
Q16512,PKN1,SER,370,117.44,28.41
Q16512,PKN1,SER,372,124.55,24.92
Q16512,PKN1,SER,374,110.76,25.8
Q16512,PKN1,SER,376,129.01,26.03
Q16512,PKN1,SER,379,110.79,26.3
Q16512,PKN1,SER,380,105.67,29.5
Q16512,PKN1,LYS,382,209.6,40.94
Q16512,PKN1,THR,388,48.12,64.62
Q16512,PKN1,SER,389,69.4,81.75
Q16512,PKN1,LYS,396,11.4,89.75
Q16512,PKN1,THR,400,83.04,78.81
Q16512,PKN1,SER,406,49.85,91.5
Q16512,PKN1,LYS,408,74.45,89.38
Q16512,PKN1,CYS,410,50.52,84.69
Q16512,PKN1,SER,418,82.03,89.38
Q16512,PKN1,THR,420,89.47,87.94
Q16512,PKN1,LYS,445,22.65,91.06
Q16512,PKN1,LYS,448,46.51,83.31
Q16512,PKN1,CYS,469,11.58,90.06
Q16512,PKN1,LYS,491,172.8,64.19
Q16512,PKN1,LYS,492,78.64,58.41
Q16512,PKN1,SER,495,19.37,53.69
Q16512,PKN1,LYS,496,24.13,51.0
Q16512,PKN1,LYS,500,144.88,50.88
Q16512,PKN1,THR,527,119.35,26.31
Q16512,PKN1,THR,529,82.67,26.08
Q16512,PKN1,THR,531,130.19,22.91
Q16512,PKN1,SER,533,101.68,22.31
Q16512,PKN1,SER,537,106.04,28.55
Q16512,PKN1,SER,540,113.29,24.03
Q16512,PKN1,THR,544,125.89,25.47
Q16512,PKN1,THR,545,139.3,25.23
Q16512,PKN1,SER,549,99.98,24.05
Q16512,PKN1,LYS,552,183.65,25.95
Q16512,PKN1,THR,557,138.17,25.39
Q16512,PKN1,SER,559,99.12,27.25
Q16512,PKN1,SER,561,99.28,29.11
Q16512,PKN1,SER,562,102.33,22.55
Q16512,PKN1,LYS,565,188.0,23.19
Q16512,PKN1,SER,566,116.92,28.55
Q16512,PKN1,SER,567,106.29,23.62
Q16512,PKN1,SER,572,95.21,25.95
Q16512,PKN1,SER,573,102.96,32.44
Q16512,PKN1,SER,575,99.06,25.16
Q16512,PKN1,SER,576,92.0,25.16
Q16512,PKN1,SER,578,90.84,27.45
Q16512,PKN1,SER,579,102.3,24.91
Q16512,PKN1,SER,584,97.73,23.34
Q16512,PKN1,THR,585,131.3,28.41
Q16512,PKN1,SER,591,102.44,26.34
Q16512,PKN1,THR,593,146.12,27.7
Q16512,PKN1,THR,596,129.76,25.77
Q16512,PKN1,CYS,602,32.34,42.06
Q16512,PKN1,SER,603,74.07,39.69
Q16512,PKN1,LYS,607,197.65,54.97
Q16512,PKN1,SER,608,59.38,70.62
Q16512,PKN1,THR,611,61.92,90.31
Q16512,PKN1,LYS,616,92.06,95.5
Q16512,PKN1,LYS,628,21.09,91.19
Q16512,PKN1,SER,637,58.24,90.25
Q16512,PKN1,LYS,644,25.18,94.94
Q16512,PKN1,LYS,647,22.58,91.88
Q16512,PKN1,SER,659,17.91,86.25
Q16512,PKN1,CYS,662,14.39,91.0
Q16512,PKN1,LYS,664,25.26,93.44
Q16512,PKN1,THR,671,15.15,92.12
Q16512,PKN1,SER,672,101.94,91.75
Q16512,PKN1,THR,687,19.71,91.06
Q16512,PKN1,TYR,697,26.9,94.19
Q16512,PKN1,SER,709,105.76,68.62
Q16512,PKN1,SER,713,67.58,94.31
Q16512,PKN1,LYS,735,102.47,97.31
Q16512,PKN1,THR,750,75.65,92.56
Q16512,PKN1,LYS,755,14.51,97.12
Q16512,PKN1,LYS,763,66.89,91.25
Q16512,PKN1,TYR,768,121.74,95.5
Q16512,PKN1,SER,773,62.31,86.31
Q16512,PKN1,THR,774,10.27,84.5
Q16512,PKN1,THR,788,16.2,85.25
Q16512,PKN1,THR,790,78.1,78.94
Q16512,PKN1,SER,791,22.98,88.25
Q16512,PKN1,THR,793,28.27,95.5
Q16512,PKN1,SER,813,21.93,89.75
Q16512,PKN1,TYR,834,39.41,92.94
Q16512,PKN1,SER,839,37.63,96.81
Q16512,PKN1,SER,860,22.86,95.88
Q16512,PKN1,SER,861,42.24,95.75
Q16512,PKN1,LYS,869,33.21,98.38
Q16512,PKN1,LYS,870,138.68,97.0
Q16512,PKN1,THR,876,118.52,92.19
Q16512,PKN1,THR,894,120.23,86.88
Q16512,PKN1,SER,896,110.71,86.0
Q16512,PKN1,THR,899,79.49,84.5
Q16512,PKN1,SER,902,80.24,85.12
Q16512,PKN1,THR,909,29.46,87.5
Q16512,PKN1,THR,914,79.94,89.94
Q16512,PKN1,SER,916,20.01,83.81
Q16512,PKN1,THR,925,77.31,90.0
Q16512,PKN1,CYS,942,69.66,35.94
Q2M3G0,ABCB5,SER,4,66.08,61.19
Q2M3G0,ABCB5,TYR,14,186.71,42.91
Q2M3G0,ABCB5,THR,19,130.69,32.91
Q2M3G0,ABCB5,LYS,25,190.92,37.38
Q2M3G0,ABCB5,LYS,28,185.13,56.16
Q2M3G0,ABCB5,SER,33,56.34,88.69
Q2M3G0,ABCB5,THR,46,73.12,97.31
Q2M3G0,ABCB5,SER,78,92.36,68.94
Q2M3G0,ABCB5,CYS,80,40.97,51.59
Q2M3G0,ABCB5,THR,84,66.63,40.22
Q2M3G0,ABCB5,THR,86,131.86,46.47
Q2M3G0,ABCB5,THR,87,123.63,45.25
Q2M3G0,ABCB5,TYR,89,170.59,44.78
Q2M3G0,ABCB5,THR,93,81.37,55.59
Q2M3G0,ABCB5,SER,95,40.13,61.44
Q2M3G0,ABCB5,LYS,98,135.19,74.06
Q2M3G0,ABCB5,THR,104,51.36,87.88
Q2M3G0,ABCB5,THR,107,16.8,90.56
Q2M3G0,ABCB5,TYR,109,103.49,93.94
Q2M3G0,ABCB5,TYR,122,82.8,95.88
Q2M3G0,ABCB5,THR,136,11.33,93.0
Q2M3G0,ABCB5,LYS,137,50.77,93.25
Q2M3G0,ABCB5,LYS,141,77.47,94.38
Q2M3G0,ABCB5,SER,157,81.1,81.75
Q2M3G0,ABCB5,CYS,158,24.81,82.5
Q2M3G0,ABCB5,THR,165,65.45,85.0
Q2M3G0,ABCB5,THR,168,29.12,84.44
Q2M3G0,ABCB5,LYS,173,86.53,92.44
Q2M3G0,ABCB5,SER,175,28.23,91.0
Q2M3G0,ABCB5,LYS,181,41.33,92.5
Q2M3G0,ABCB5,SER,193,63.77,94.38
Q2M3G0,ABCB5,LYS,202,89.74,90.62
Q2M3G0,ABCB5,LYS,205,55.18,94.69
Q2M3G0,ABCB5,SER,212,67.89,88.0
Q2M3G0,ABCB5,THR,213,14.64,84.06
Q2M3G0,ABCB5,SER,214,14.93,82.38
Q2M3G0,ABCB5,SER,220,18.66,83.44
Q2M3G0,ABCB5,CYS,224,15.09,84.06
Q2M3G0,ABCB5,SER,225,51.63,83.81
Q2M3G0,ABCB5,SER,230,53.86,93.94
Q2M3G0,ABCB5,THR,232,53.6,94.44
Q2M3G0,ABCB5,SER,233,68.57,94.12
Q2M3G0,ABCB5,LYS,234,104.09,95.56
Q2M3G0,ABCB5,SER,237,54.95,93.81
Q2M3G0,ABCB5,TYR,239,38.61,93.06
Q2M3G0,ABCB5,SER,240,72.51,91.5
Q2M3G0,ABCB5,LYS,241,127.03,92.12
Q2M3G0,ABCB5,SER,251,55.28,91.0
Q2M3G0,ABCB5,THR,255,18.05,90.69
Q2M3G0,ABCB5,LYS,264,87.91,92.69
Q2M3G0,ABCB5,THR,270,20.46,96.81
Q2M3G0,ABCB5,LYS,274,92.38,96.94
Q2M3G0,ABCB5,LYS,277,38.27,95.75
Q2M3G0,ABCB5,LYS,282,116.4,95.69
Q2M3G0,ABCB5,THR,284,22.41,92.81
Q2M3G0,ABCB5,SER,287,47.27,91.56
Q2M3G0,ABCB5,LYS,288,29.03,92.88
Q2M3G0,ABCB5,SER,290,17.6,89.31
Q2M3G0,ABCB5,TYR,295,44.36,90.94
Q2M3G0,ABCB5,TYR,302,18.65,90.56
Q2M3G0,ABCB5,TYR,308,58.48,93.38
Q2M3G0,ABCB5,SER,311,37.72,90.5
Q2M3G0,ABCB5,TYR,320,22.29,90.19
Q2M3G0,ABCB5,THR,321,58.39,89.5
Q2M3G0,ABCB5,THR,324,17.14,91.75
Q2M3G0,ABCB5,SER,336,30.4,84.62
Q2M3G0,ABCB5,TYR,337,166.23,83.94
Q2M3G0,ABCB5,THR,348,29.58,92.56
Q2M3G0,ABCB5,LYS,365,87.05,93.12
Q2M3G0,ABCB5,LYS,366,186.62,91.88
Q2M3G0,ABCB5,SER,368,93.72,88.81
Q2M3G0,ABCB5,SER,373,36.69,88.94
Q2M3G0,ABCB5,THR,374,117.56,86.56
Q2M3G0,ABCB5,TYR,377,127.74,90.56
Q2M3G0,ABCB5,LYS,378,109.93,90.75
Q2M3G0,ABCB5,SER,381,83.55,83.38
Q2M3G0,ABCB5,THR,385,32.16,94.69
Q2M3G0,ABCB5,LYS,389,86.42,94.75
Q2M3G0,ABCB5,TYR,395,28.27,89.62
Q2M3G0,ABCB5,SER,397,53.09,81.5
Q2M3G0,ABCB5,SER,400,106.81,84.25
Q2M3G0,ABCB5,LYS,402,93.13,88.62
Q2M3G0,ABCB5,LYS,405,88.49,92.56
Q2M3G0,ABCB5,LYS,412,145.26,93.88
Q2M3G0,ABCB5,SER,413,59.88,93.19
Q2M3G0,ABCB5,THR,416,25.99,93.12
Q2M3G0,ABCB5,LYS,427,12.45,89.69
Q2M3G0,ABCB5,SER,428,39.25,89.38
Q2M3G0,ABCB5,SER,468,41.99,89.5
Q2M3G0,ABCB5,THR,476,26.45,89.44
Q2M3G0,ABCB5,THR,477,25.46,92.94
Q2M3G0,ABCB5,SER,479,10.9,94.19
Q2M3G0,ABCB5,LYS,483,62.87,93.0
Q2M3G0,ABCB5,TYR,484,29.69,91.81
Q2M3G0,ABCB5,THR,490,74.91,93.12
Q2M3G0,ABCB5,TYR,504,53.6,92.69
Q2M3G0,ABCB5,LYS,513,107.08,93.44
Q2M3G0,ABCB5,THR,516,20.69,90.62
Q2M3G0,ABCB5,LYS,521,106.69,75.0
Q2M3G0,ABCB5,SER,526,60.14,82.88
Q2M3G0,ABCB5,LYS,530,37.86,90.38
Q2M3G0,ABCB5,LYS,544,88.94,93.44
Q2M3G0,ABCB5,THR,552,12.43,77.81
Q2M3G0,ABCB5,SER,553,39.28,69.31
Q2M3G0,ABCB5,SER,557,72.98,61.72
Q2M3G0,ABCB5,SER,559,21.05,70.5
Q2M3G0,ABCB5,LYS,560,54.58,75.19
Q2M3G0,ABCB5,SER,561,74.89,78.0
Q2M3G0,ABCB5,LYS,569,99.76,87.44
Q2M3G0,ABCB5,SER,571,20.52,89.5
Q2M3G0,ABCB5,LYS,572,155.08,88.12
Q2M3G0,ABCB5,SER,584,55.12,68.81
Q2M3G0,ABCB5,THR,585,14.64,71.25
Q2M3G0,ABCB5,SER,588,73.87,78.69
Q2M3G0,ABCB5,LYS,596,103.41,86.31
Q2M3G0,ABCB5,LYS,603,121.75,91.19
Q2M3G0,ABCB5,LYS,612,132.13,84.5
Q2M3G0,ABCB5,TYR,617,65.28,80.12
Q2M3G0,ABCB5,SER,618,52.25,75.44
Q2M3G0,ABCB5,SER,622,53.39,63.31
Q2M3G0,ABCB5,LYS,626,123.17,36.97
Q2M3G0,ABCB5,LYS,627,43.95,34.44
Q2M3G0,ABCB5,SER,634,39.52,32.47
Q2M3G0,ABCB5,THR,636,63.07,29.56
Q2M3G0,ABCB5,TYR,637,197.62,36.66
Q2M3G0,ABCB5,SER,638,91.78,30.73
Q2M3G0,ABCB5,THR,639,111.33,25.94
Q2M3G0,ABCB5,LYS,642,201.17,25.11
Q2M3G0,ABCB5,THR,643,131.65,27.34
Q2M3G0,ABCB5,SER,645,119.36,26.69
Q2M3G0,ABCB5,SER,650,97.34,26.2
Q2M3G0,ABCB5,LYS,652,178.05,27.91
Q2M3G0,ABCB5,SER,653,104.84,28.34
Q2M3G0,ABCB5,LYS,655,180.4,30.12
Q2M3G0,ABCB5,SER,656,106.09,33.16
Q2M3G0,ABCB5,LYS,661,133.65,27.83
Q2M3G0,ABCB5,SER,665,74.48,30.0
Q2M3G0,ABCB5,THR,666,120.28,32.62
Q2M3G0,ABCB5,SER,668,70.01,35.31
Q2M3G0,ABCB5,LYS,669,189.62,35.19
Q2M3G0,ABCB5,SER,672,104.02,52.56
Q2M3G0,ABCB5,SER,677,64.93,85.25
Q2M3G0,ABCB5,LYS,680,72.14,87.19
Q2M3G0,ABCB5,LYS,683,138.41,88.88
Q2M3G0,ABCB5,LYS,686,160.63,90.06
Q2M3G0,ABCB5,THR,696,39.36,94.75
Q2M3G0,ABCB5,THR,704,39.43,95.94
Q2M3G0,ABCB5,LYS,715,67.96,91.69
Q2M3G0,ABCB5,THR,718,26.81,85.94
Q2M3G0,ABCB5,LYS,725,138.82,75.12
Q2M3G0,ABCB5,THR,726,103.95,78.25
Q2M3G0,ABCB5,THR,727,66.78,80.56
Q2M3G0,ABCB5,LYS,729,115.38,83.19
Q2M3G0,ABCB5,TYR,735,34.57,92.5
Q2M3G0,ABCB5,TYR,750,10.6,95.75
Q2M3G0,ABCB5,LYS,774,66.97,96.12
Q2M3G0,ABCB5,TYR,778,21.72,93.06
Q2M3G0,ABCB5,LYS,787,188.44,77.38
Q2M3G0,ABCB5,SER,790,55.51,88.12
Q2M3G0,ABCB5,THR,791,37.68,90.19
Q2M3G0,ABCB5,THR,795,27.11,90.88
Q2M3G0,ABCB5,THR,796,62.01,89.19
Q2M3G0,ABCB5,SER,811,35.52,82.75
Q2M3G0,ABCB5,THR,817,30.24,93.0
Q2M3G0,ABCB5,THR,821,27.41,95.88
Q2M3G0,ABCB5,TYR,833,81.89,92.12
Q2M3G0,ABCB5,SER,843,69.51,86.94
Q2M3G0,ABCB5,THR,851,11.97,73.88
Q2M3G0,ABCB5,THR,856,82.27,71.31
Q2M3G0,ABCB5,THR,860,75.19,66.69
Q2M3G0,ABCB5,LYS,865,120.65,69.62
Q2M3G0,ABCB5,LYS,867,136.32,68.94
Q2M3G0,ABCB5,LYS,871,139.36,76.44
Q2M3G0,ABCB5,LYS,875,107.76,84.19
Q2M3G0,ABCB5,THR,878,41.21,88.44
Q2M3G0,ABCB5,THR,886,26.8,91.06
Q2M3G0,ABCB5,SER,889,11.97,90.06
Q2M3G0,ABCB5,LYS,894,107.21,92.25
Q2M3G0,ABCB5,THR,906,74.84,85.12
Q2M3G0,ABCB5,THR,911,29.8,84.44
Q2M3G0,ABCB5,SER,912,29.78,86.62
Q2M3G0,ABCB5,LYS,913,123.27,87.19
Q2M3G0,ABCB5,LYS,914,15.18,83.62
Q2M3G0,ABCB5,SER,920,53.77,90.69
Q2M3G0,ABCB5,CYS,921,22.94,87.5
Q2M3G0,ABCB5,TYR,922,19.77,88.44
Q2M3G0,ABCB5,SER,925,19.55,85.06
Q2M3G0,ABCB5,TYR,930,13.25,91.62
Q2M3G0,ABCB5,TYR,933,39.59,88.94
Q2M3G0,ABCB5,TYR,942,117.56,87.56
Q2M3G0,ABCB5,THR,950,83.26,87.81
Q2M3G0,ABCB5,THR,959,14.72,89.94
Q2M3G0,ABCB5,TYR,963,49.39,86.81
Q2M3G0,ABCB5,THR,971,36.83,82.25
Q2M3G0,ABCB5,TYR,978,44.36,84.06
Q2M3G0,ABCB5,SER,979,73.41,81.69
Q2M3G0,ABCB5,LYS,980,114.59,85.31
Q2M3G0,ABCB5,LYS,982,85.96,89.69
Q2M3G0,ABCB5,SER,983,53.11,87.62
Q2M3G0,ABCB5,LYS,994,98.87,89.75
Q2M3G0,ABCB5,LYS,995,177.26,88.19
Q2M3G0,ABCB5,SER,1002,32.63,84.56
Q2M3G0,ABCB5,LYS,1006,115.72,91.31
Q2M3G0,ABCB5,LYS,1007,105.75,90.75
Q2M3G0,ABCB5,THR,1010,107.28,86.0
Q2M3G0,ABCB5,CYS,1011,10.69,89.62
Q2M3G0,ABCB5,SER,1021,12.41,94.44
Q2M3G0,ABCB5,TYR,1024,40.87,87.25
Q2M3G0,ABCB5,CYS,1026,67.87,78.0
Q2M3G0,ABCB5,SER,1037,58.54,94.0
Q2M3G0,ABCB5,SER,1039,76.5,93.81
Q2M3G0,ABCB5,LYS,1044,79.0,92.56
Q2M3G0,ABCB5,SER,1051,60.35,73.69
Q2M3G0,ABCB5,SER,1052,95.5,73.06
Q2M3G0,ABCB5,SER,1057,37.6,87.19
Q2M3G0,ABCB5,LYS,1082,92.61,91.44
Q2M3G0,ABCB5,SER,1091,25.14,91.25
Q2M3G0,ABCB5,CYS,1105,25.54,89.81
Q2M3G0,ABCB5,SER,1117,91.15,86.69
Q2M3G0,ABCB5,LYS,1126,68.76,96.06
Q2M3G0,ABCB5,SER,1136,96.78,90.38
Q2M3G0,ABCB5,LYS,1144,110.59,94.25
Q2M3G0,ABCB5,TYR,1145,12.23,94.38
Q2M3G0,ABCB5,THR,1147,23.72,93.25
Q2M3G0,ABCB5,LYS,1152,133.53,76.38
Q2M3G0,ABCB5,SER,1157,58.26,85.88
Q2M3G0,ABCB5,LYS,1161,40.41,91.25
Q2M3G0,ABCB5,LYS,1173,138.63,90.25
Q2M3G0,ABCB5,LYS,1175,104.5,93.75
Q2M3G0,ABCB5,SER,1184,31.17,70.81
Q2M3G0,ABCB5,SER,1190,26.89,76.81
Q2M3G0,ABCB5,LYS,1192,149.04,81.88
Q2M3G0,ABCB5,LYS,1200,99.59,84.88
Q2M3G0,ABCB5,THR,1203,96.62,86.75
Q2M3G0,ABCB5,SER,1215,77.26,70.75
Q2M3G0,ABCB5,LYS,1230,115.12,88.25
Q2M3G0,ABCB5,LYS,1232,122.77,87.0
Q2M3G0,ABCB5,THR,1236,52.42,88.81
Q2M3G0,ABCB5,LYS,1249,67.69,73.69
Q2M3G0,ABCB5,SER,1255,85.5,40.34
Q2NKQ1,SGSM1,SER,3,62.41,54.97
Q2NKQ1,SGSM1,THR,10,59.12,88.0
Q2NKQ1,SGSM1,THR,17,58.31,92.88
Q2NKQ1,SGSM1,LYS,19,94.22,91.25
Q2NKQ1,SGSM1,LYS,20,124.59,91.12
Q2NKQ1,SGSM1,LYS,23,124.11,88.56
Q2NKQ1,SGSM1,THR,31,95.02,70.94
Q2NKQ1,SGSM1,LYS,33,189.25,73.75
Q2NKQ1,SGSM1,SER,39,12.73,82.94
Q2NKQ1,SGSM1,SER,40,74.67,85.75
Q2NKQ1,SGSM1,SER,44,52.49,91.44
Q2NKQ1,SGSM1,SER,67,124.35,69.0
Q2NKQ1,SGSM1,LYS,69,111.7,88.88
Q2NKQ1,SGSM1,LYS,76,79.98,89.56
Q2NKQ1,SGSM1,LYS,79,173.63,89.5
Q2NKQ1,SGSM1,LYS,90,90.72,89.56
Q2NKQ1,SGSM1,SER,100,61.17,78.62
Q2NKQ1,SGSM1,LYS,114,206.29,33.88
Q2NKQ1,SGSM1,LYS,117,208.84,33.41
Q2NKQ1,SGSM1,SER,122,45.35,69.06
Q2NKQ1,SGSM1,LYS,127,125.99,83.44
Q2NKQ1,SGSM1,THR,133,11.99,91.31
Q2NKQ1,SGSM1,LYS,138,67.44,92.88
Q2NKQ1,SGSM1,LYS,142,97.39,93.94
Q2NKQ1,SGSM1,TYR,146,29.45,94.62
Q2NKQ1,SGSM1,SER,151,13.1,90.88
Q2NKQ1,SGSM1,SER,152,69.29,90.0
Q2NKQ1,SGSM1,LYS,153,125.46,89.62
Q2NKQ1,SGSM1,LYS,157,171.7,86.81
Q2NKQ1,SGSM1,SER,172,76.82,91.94
Q2NKQ1,SGSM1,TYR,182,29.45,86.56
Q2NKQ1,SGSM1,THR,183,40.7,77.12
Q2NKQ1,SGSM1,LYS,184,162.73,67.81
Q2NKQ1,SGSM1,LYS,186,133.59,46.94
Q2NKQ1,SGSM1,THR,187,52.25,45.09
Q2NKQ1,SGSM1,THR,193,76.97,43.5
Q2NKQ1,SGSM1,SER,196,42.52,45.75
Q2NKQ1,SGSM1,SER,208,57.14,34.53
Q2NKQ1,SGSM1,SER,209,62.11,31.53
Q2NKQ1,SGSM1,SER,215,91.57,32.88
Q2NKQ1,SGSM1,THR,217,103.4,33.62
Q2NKQ1,SGSM1,LYS,218,177.34,34.38
Q2NKQ1,SGSM1,CYS,223,96.49,26.98
Q2NKQ1,SGSM1,LYS,226,156.09,31.0
Q2NKQ1,SGSM1,SER,229,106.08,30.19
Q2NKQ1,SGSM1,SER,230,117.52,30.34
Q2NKQ1,SGSM1,SER,232,118.26,33.53
Q2NKQ1,SGSM1,SER,238,41.15,44.03
Q2NKQ1,SGSM1,SER,240,59.91,55.56
Q2NKQ1,SGSM1,TYR,244,84.34,61.91
Q2NKQ1,SGSM1,SER,247,55.97,68.19
Q2NKQ1,SGSM1,SER,252,125.41,67.62
Q2NKQ1,SGSM1,THR,255,83.88,83.62
Q2NKQ1,SGSM1,TYR,258,11.17,92.5
Q2NKQ1,SGSM1,LYS,260,39.18,92.0
Q2NKQ1,SGSM1,TYR,277,40.02,92.94
Q2NKQ1,SGSM1,THR,283,57.36,82.75
Q2NKQ1,SGSM1,THR,288,20.94,90.94
Q2NKQ1,SGSM1,LYS,290,33.62,92.19
Q2NKQ1,SGSM1,SER,300,95.85,53.56
Q2NKQ1,SGSM1,TYR,306,25.41,54.12
Q2NKQ1,SGSM1,LYS,308,152.16,55.16
Q2NKQ1,SGSM1,SER,309,13.99,69.62
Q2NKQ1,SGSM1,TYR,311,66.25,79.69
Q2NKQ1,SGSM1,TYR,314,23.69,85.5
Q2NKQ1,SGSM1,THR,317,53.6,90.12
Q2NKQ1,SGSM1,TYR,325,87.3,93.31
Q2NKQ1,SGSM1,SER,334,50.32,63.06
Q2NKQ1,SGSM1,THR,337,18.56,90.75
Q2NKQ1,SGSM1,LYS,355,145.19,83.25
Q2NKQ1,SGSM1,SER,364,33.31,89.44
Q2NKQ1,SGSM1,CYS,365,29.35,92.25
Q2NKQ1,SGSM1,SER,382,61.42,52.81
Q2NKQ1,SGSM1,LYS,386,200.42,34.78
Q2NKQ1,SGSM1,LYS,388,209.84,36.66
Q2NKQ1,SGSM1,LYS,392,188.87,39.06
Q2NKQ1,SGSM1,LYS,395,208.06,33.62
Q2NKQ1,SGSM1,SER,397,84.79,32.56
Q2NKQ1,SGSM1,SER,401,120.73,31.55
Q2NKQ1,SGSM1,SER,404,98.77,35.97
Q2NKQ1,SGSM1,THR,405,140.5,31.84
Q2NKQ1,SGSM1,SER,406,116.04,35.94
Q2NKQ1,SGSM1,SER,407,110.54,32.28
Q2NKQ1,SGSM1,LYS,409,198.73,35.56
Q2NKQ1,SGSM1,THR,415,60.09,68.19
Q2NKQ1,SGSM1,TYR,417,53.83,85.12
Q2NKQ1,SGSM1,TYR,423,60.25,83.25
Q2NKQ1,SGSM1,SER,428,92.48,34.91
Q2NKQ1,SGSM1,SER,438,104.05,31.69
Q2NKQ1,SGSM1,THR,439,130.69,28.36
Q2NKQ1,SGSM1,SER,440,111.0,33.53
Q2NKQ1,SGSM1,SER,441,94.57,29.09
Q2NKQ1,SGSM1,SER,443,93.49,30.3
Q2NKQ1,SGSM1,SER,456,98.0,26.22
Q2NKQ1,SGSM1,SER,464,100.99,27.92
Q2NKQ1,SGSM1,THR,473,118.51,32.69
Q2NKQ1,SGSM1,THR,474,125.27,32.16
Q2NKQ1,SGSM1,THR,477,130.53,30.39
Q2NKQ1,SGSM1,SER,479,110.88,30.34
Q2NKQ1,SGSM1,LYS,481,192.94,28.25
Q2NKQ1,SGSM1,SER,494,109.54,30.8
Q2NKQ1,SGSM1,SER,496,98.89,28.47
Q2NKQ1,SGSM1,SER,500,100.71,29.66
Q2NKQ1,SGSM1,SER,505,113.61,32.97
Q2NKQ1,SGSM1,LYS,508,207.03,32.19
Q2NKQ1,SGSM1,SER,509,106.79,39.12
Q2NKQ1,SGSM1,SER,510,113.95,38.25
Q2NKQ1,SGSM1,CYS,511,136.58,29.25
Q2NKQ1,SGSM1,SER,512,105.62,32.38
Q2NKQ1,SGSM1,SER,513,107.97,38.44
Q2NKQ1,SGSM1,CYS,514,131.05,37.09
Q2NKQ1,SGSM1,SER,515,105.13,32.5
Q2NKQ1,SGSM1,SER,517,118.05,35.34
Q2NKQ1,SGSM1,SER,519,119.77,37.22
Q2NKQ1,SGSM1,SER,523,118.62,31.62
Q2NKQ1,SGSM1,SER,524,105.98,34.91
Q2NKQ1,SGSM1,THR,525,138.3,37.59
Q2NKQ1,SGSM1,CYS,528,124.35,28.67
Q2NKQ1,SGSM1,LYS,536,154.95,79.19
Q2NKQ1,SGSM1,CYS,539,65.59,78.69
Q2NKQ1,SGSM1,LYS,543,124.26,83.06
Q2NKQ1,SGSM1,TYR,544,140.21,80.0
Q2NKQ1,SGSM1,SER,548,43.75,75.5
Q2NKQ1,SGSM1,TYR,552,98.07,67.12
Q2NKQ1,SGSM1,TYR,557,129.09,72.0
Q2NKQ1,SGSM1,CYS,558,50.64,74.88
Q2NKQ1,SGSM1,SER,562,65.72,70.62
Q2NKQ1,SGSM1,THR,563,75.21,68.5
Q2NKQ1,SGSM1,THR,566,97.55,76.56
Q2NKQ1,SGSM1,SER,569,36.28,84.0
Q2NKQ1,SGSM1,SER,578,42.65,85.88
Q2NKQ1,SGSM1,CYS,583,69.42,82.62
Q2NKQ1,SGSM1,THR,590,26.57,95.31
Q2NKQ1,SGSM1,TYR,597,10.83,91.69
Q2NKQ1,SGSM1,SER,601,56.77,83.12
Q2NKQ1,SGSM1,THR,602,124.39,83.12
Q2NKQ1,SGSM1,SER,603,51.33,82.19
Q2NKQ1,SGSM1,TYR,604,61.54,85.44
Q2NKQ1,SGSM1,TYR,615,35.69,94.75
Q2NKQ1,SGSM1,LYS,624,102.34,96.69
Q2NKQ1,SGSM1,TYR,634,18.67,95.56
Q2NKQ1,SGSM1,THR,639,71.42,91.5
Q2NKQ1,SGSM1,THR,641,93.19,93.38
Q2NKQ1,SGSM1,LYS,644,103.67,95.12
Q2NKQ1,SGSM1,CYS,653,56.34,96.0
Q2NKQ1,SGSM1,SER,675,71.46,90.25
Q2NKQ1,SGSM1,LYS,682,152.37,85.94
Q2NKQ1,SGSM1,CYS,683,99.61,79.12
Q2NKQ1,SGSM1,SER,684,87.45,72.06
Q2NKQ1,SGSM1,SER,685,78.38,58.56
Q2NKQ1,SGSM1,SER,688,93.64,41.22
Q2NKQ1,SGSM1,SER,691,95.63,32.22
Q2NKQ1,SGSM1,SER,701,95.34,38.88
Q2NKQ1,SGSM1,THR,702,119.89,37.28
Q2NKQ1,SGSM1,SER,704,97.54,34.81
Q2NKQ1,SGSM1,SER,707,104.54,31.28
Q2NKQ1,SGSM1,SER,708,107.05,35.28
Q2NKQ1,SGSM1,SER,710,113.17,34.12
Q2NKQ1,SGSM1,CYS,711,127.18,26.12
Q2NKQ1,SGSM1,SER,712,109.56,31.16
Q2NKQ1,SGSM1,SER,713,120.08,30.28
Q2NKQ1,SGSM1,SER,722,80.77,32.0
Q2NKQ1,SGSM1,SER,724,113.29,31.62
Q2NKQ1,SGSM1,SER,725,103.53,31.56
Q2NKQ1,SGSM1,SER,726,103.03,28.52
Q2NKQ1,SGSM1,SER,727,98.42,27.86
Q2NKQ1,SGSM1,THR,728,134.75,27.45
Q2NKQ1,SGSM1,SER,733,92.24,28.61
Q2NKQ1,SGSM1,LYS,749,203.5,29.38
Q2NKQ1,SGSM1,LYS,752,194.69,28.72
Q2NKQ1,SGSM1,THR,762,116.4,30.52
Q2NKQ1,SGSM1,CYS,763,124.38,29.17
Q2NKQ1,SGSM1,SER,764,101.61,30.91
Q2NKQ1,SGSM1,SER,767,110.74,34.25
Q2NKQ1,SGSM1,SER,771,97.98,26.23
Q2NKQ1,SGSM1,SER,772,100.56,29.66
Q2NKQ1,SGSM1,SER,776,97.04,28.7
Q2NKQ1,SGSM1,SER,777,123.13,29.8
Q2NKQ1,SGSM1,SER,780,89.95,34.22
Q2NKQ1,SGSM1,SER,783,101.22,30.12
Q2NKQ1,SGSM1,SER,786,85.91,27.48
Q2NKQ1,SGSM1,SER,788,94.87,27.36
Q2NKQ1,SGSM1,THR,789,132.1,30.09
Q2NKQ1,SGSM1,SER,792,93.83,32.31
Q2NKQ1,SGSM1,THR,800,125.39,34.09
Q2NKQ1,SGSM1,THR,802,112.81,33.69
Q2NKQ1,SGSM1,SER,810,102.35,33.0
Q2NKQ1,SGSM1,SER,816,108.48,30.31
Q2NKQ1,SGSM1,SER,817,118.96,33.31
Q2NKQ1,SGSM1,THR,820,131.86,30.91
Q2NKQ1,SGSM1,THR,821,116.63,25.69
Q2NKQ1,SGSM1,SER,822,99.42,32.53
Q2NKQ1,SGSM1,SER,836,87.42,29.09
Q2NKQ1,SGSM1,SER,839,104.11,24.17
Q2NKQ1,SGSM1,SER,846,107.96,26.3
Q2NKQ1,SGSM1,SER,852,116.98,24.8
Q2NKQ1,SGSM1,THR,854,136.9,24.17
Q2NKQ1,SGSM1,SER,856,98.86,24.89
Q2NKQ1,SGSM1,LYS,864,162.25,27.28
Q2NKQ1,SGSM1,SER,874,90.62,23.34
Q2NKQ1,SGSM1,SER,875,87.47,23.72
Q2NKQ1,SGSM1,THR,877,119.47,28.92
Q2NKQ1,SGSM1,LYS,879,148.58,30.03
Q2NKQ1,SGSM1,SER,885,97.75,31.64
Q2NKQ1,SGSM1,SER,890,111.3,28.12
Q2NKQ1,SGSM1,SER,897,105.67,27.72
Q2NKQ1,SGSM1,SER,904,106.68,33.56
Q2NKQ1,SGSM1,THR,908,97.0,29.23
Q2NKQ1,SGSM1,THR,909,118.52,29.09
Q2NKQ1,SGSM1,SER,910,101.96,33.12
Q2NKQ1,SGSM1,SER,915,99.3,30.44
Q2NKQ1,SGSM1,SER,918,93.69,32.28
Q2NKQ1,SGSM1,SER,919,130.43,39.72
Q2NKQ1,SGSM1,SER,920,77.64,43.41
Q2NKQ1,SGSM1,THR,923,71.57,77.62
Q2NKQ1,SGSM1,TYR,924,37.6,86.62
Q2NKQ1,SGSM1,SER,925,32.15,89.81
Q2NKQ1,SGSM1,THR,933,27.92,94.0
Q2NKQ1,SGSM1,LYS,941,136.48,95.19
Q2NKQ1,SGSM1,TYR,950,58.58,94.0
Q2NKQ1,SGSM1,TYR,952,11.37,95.25
Q2NKQ1,SGSM1,THR,954,64.67,94.75
Q2NKQ1,SGSM1,LYS,960,45.51,97.31
Q2NKQ1,SGSM1,SER,1000,11.15,97.56
Q2NKQ1,SGSM1,THR,1003,28.36,97.0
Q2NKQ1,SGSM1,LYS,1007,126.0,93.81
Q2NKQ1,SGSM1,THR,1021,70.57,89.25
Q2NKQ1,SGSM1,SER,1028,36.61,86.62
Q2NKQ1,SGSM1,SER,1035,71.49,86.06
Q2NKQ1,SGSM1,THR,1048,42.59,60.25
Q2NKQ1,SGSM1,TYR,1051,91.65,86.31
Q2NKQ1,SGSM1,TYR,1054,63.97,92.12
Q2NKQ1,SGSM1,TYR,1067,19.21,95.56
Q2NKQ1,SGSM1,LYS,1081,113.78,94.12
Q2NKQ1,SGSM1,TYR,1100,22.26,94.44
Q2NKQ1,SGSM1,THR,1112,95.13,86.69
Q2NKQ1,SGSM1,LYS,1116,117.24,92.25
Q2NKQ1,SGSM1,LYS,1128,151.77,94.62
Q2NKQ1,SGSM1,LYS,1132,127.51,96.06
Q2NKQ1,SGSM1,TYR,1139,121.12,92.75
Q2NKQ1,SGSM1,LYS,1140,88.8,90.56
Q2NKQ1,SGSM1,THR,1143,44.96,86.25
Q2NKQ1,SGSM1,LYS,1148,224.63,55.69
Q3KNS1,PTCHD3,LYS,7,192.38,26.67
Q3KNS1,PTCHD3,LYS,15,198.65,27.98
Q3KNS1,PTCHD3,LYS,17,189.43,28.62
Q3KNS1,PTCHD3,THR,19,115.24,30.75
Q3KNS1,PTCHD3,LYS,20,175.09,27.34
Q3KNS1,PTCHD3,SER,23,114.39,30.7
Q3KNS1,PTCHD3,THR,25,142.38,32.88
Q3KNS1,PTCHD3,TYR,30,184.37,24.41
Q3KNS1,PTCHD3,SER,33,108.44,22.84
Q3KNS1,PTCHD3,SER,36,105.48,22.72
Q3KNS1,PTCHD3,SER,38,110.21,27.02
Q3KNS1,PTCHD3,LYS,41,204.52,29.23
Q3KNS1,PTCHD3,LYS,52,206.06,34.41
Q3KNS1,PTCHD3,SER,53,105.05,35.41
Q3KNS1,PTCHD3,SER,57,104.22,32.47
Q3KNS1,PTCHD3,SER,62,101.03,32.38
Q3KNS1,PTCHD3,SER,79,92.17,34.16
Q3KNS1,PTCHD3,THR,101,130.26,37.03
Q3KNS1,PTCHD3,THR,105,129.08,36.72
Q3KNS1,PTCHD3,CYS,108,108.01,30.62
Q3KNS1,PTCHD3,CYS,114,110.59,49.38
Q3KNS1,PTCHD3,THR,116,58.79,59.38
Q3KNS1,PTCHD3,CYS,118,113.58,66.81
Q3KNS1,PTCHD3,SER,124,21.58,88.5
Q3KNS1,PTCHD3,THR,126,70.15,93.12
Q3KNS1,PTCHD3,THR,154,63.81,95.38
Q3KNS1,PTCHD3,TYR,158,144.84,89.69
Q3KNS1,PTCHD3,LYS,161,185.35,66.38
Q3KNS1,PTCHD3,LYS,179,13.78,93.75
Q3KNS1,PTCHD3,THR,190,103.33,78.19
Q3KNS1,PTCHD3,THR,191,47.17,75.06
Q3KNS1,PTCHD3,SER,194,39.38,82.69
Q3KNS1,PTCHD3,TYR,195,111.44,83.94
Q3KNS1,PTCHD3,SER,198,31.12,85.06
Q3KNS1,PTCHD3,SER,200,39.06,83.12
Q3KNS1,PTCHD3,SER,203,12.35,86.5
Q3KNS1,PTCHD3,THR,204,54.18,85.81
Q3KNS1,PTCHD3,TYR,216,140.78,91.56
Q3KNS1,PTCHD3,SER,217,51.76,88.19
Q3KNS1,PTCHD3,SER,219,13.87,89.25
Q3KNS1,PTCHD3,SER,230,21.97,93.44
Q3KNS1,PTCHD3,LYS,231,125.81,92.94
Q3KNS1,PTCHD3,LYS,245,191.41,68.06
Q3KNS1,PTCHD3,SER,247,55.36,80.38
Q3KNS1,PTCHD3,TYR,258,84.59,85.44
Q3KNS1,PTCHD3,CYS,262,37.44,91.81
Q3KNS1,PTCHD3,TYR,270,102.01,89.75
Q3KNS1,PTCHD3,LYS,276,152.44,84.56
Q3KNS1,PTCHD3,THR,277,121.14,83.25
Q3KNS1,PTCHD3,SER,281,63.84,77.06
Q3KNS1,PTCHD3,SER,282,60.43,81.81
Q3KNS1,PTCHD3,SER,284,13.18,86.19
Q3KNS1,PTCHD3,TYR,288,36.02,81.88
Q3KNS1,PTCHD3,TYR,296,56.97,82.5
Q3KNS1,PTCHD3,THR,298,18.44,83.44
Q3KNS1,PTCHD3,TYR,304,47.43,89.25
Q3KNS1,PTCHD3,SER,309,102.99,74.38
Q3KNS1,PTCHD3,LYS,320,52.37,93.5
Q3KNS1,PTCHD3,TYR,327,17.43,93.62
Q3KNS1,PTCHD3,LYS,329,15.43,91.56
Q3KNS1,PTCHD3,THR,330,43.72,85.88
Q3KNS1,PTCHD3,TYR,335,79.17,87.0
Q3KNS1,PTCHD3,LYS,340,55.07,90.12
Q3KNS1,PTCHD3,THR,344,66.58,91.12
Q3KNS1,PTCHD3,THR,351,86.98,88.69
Q3KNS1,PTCHD3,LYS,354,85.44,88.62
Q3KNS1,PTCHD3,LYS,360,169.64,87.38
Q3KNS1,PTCHD3,LYS,361,75.74,89.31
Q3KNS1,PTCHD3,SER,369,22.12,88.5
Q3KNS1,PTCHD3,SER,380,22.57,78.88
Q3KNS1,PTCHD3,THR,382,88.62,81.38
Q3KNS1,PTCHD3,TYR,391,53.73,91.56
Q3KNS1,PTCHD3,THR,400,64.42,91.62
Q3KNS1,PTCHD3,SER,401,21.76,90.31
Q3KNS1,PTCHD3,CYS,413,94.04,90.06
Q3KNS1,PTCHD3,SER,464,17.54,90.88
Q3KNS1,PTCHD3,LYS,468,99.62,84.69
Q3KNS1,PTCHD3,SER,484,17.59,90.62
Q3KNS1,PTCHD3,LYS,485,125.03,85.81
Q3KNS1,PTCHD3,THR,494,12.72,92.81
Q3KNS1,PTCHD3,TYR,502,68.9,92.94
Q3KNS1,PTCHD3,THR,503,12.24,90.5
Q3KNS1,PTCHD3,SER,508,28.62,90.81
Q3KNS1,PTCHD3,TYR,527,28.26,95.25
Q3KNS1,PTCHD3,THR,532,30.75,94.81
Q3KNS1,PTCHD3,LYS,543,83.45,88.56
Q3KNS1,PTCHD3,CYS,550,66.78,73.38
Q3KNS1,PTCHD3,LYS,553,162.89,70.0
Q3KNS1,PTCHD3,LYS,554,159.01,64.25
Q3KNS1,PTCHD3,LYS,558,167.27,59.28
Q3KNS1,PTCHD3,SER,561,84.94,58.22
Q3KNS1,PTCHD3,LYS,563,128.19,52.84
Q3KNS1,PTCHD3,LYS,564,134.94,57.53
Q3KNS1,PTCHD3,CYS,566,19.24,62.88
Q3KNS1,PTCHD3,CYS,567,16.34,61.09
Q3KNS1,PTCHD3,SER,572,50.24,51.38
Q3KNS1,PTCHD3,THR,579,89.37,56.12
Q3KNS1,PTCHD3,SER,585,16.16,87.12
Q3KNS1,PTCHD3,TYR,591,153.09,94.44
Q3KNS1,PTCHD3,THR,597,18.18,91.25
Q3KNS1,PTCHD3,SER,599,69.25,91.44
Q3KNS1,PTCHD3,LYS,602,23.61,94.12
Q3KNS1,PTCHD3,TYR,603,146.77,93.5
Q3KNS1,PTCHD3,TYR,609,17.28,96.38
Q3KNS1,PTCHD3,TYR,612,22.6,97.38
Q3KNS1,PTCHD3,SER,615,37.46,96.75
Q3KNS1,PTCHD3,TYR,618,128.11,97.0
Q3KNS1,PTCHD3,CYS,620,45.97,94.0
Q3KNS1,PTCHD3,SER,634,21.01,84.44
Q3KNS1,PTCHD3,TYR,638,63.37,88.25
Q3KNS1,PTCHD3,THR,640,35.86,87.5
Q3KNS1,PTCHD3,TYR,649,59.83,90.62
Q3KNS1,PTCHD3,SER,651,38.31,85.0
Q3KNS1,PTCHD3,TYR,653,41.16,87.5
Q3KNS1,PTCHD3,THR,662,32.25,93.31
Q3KNS1,PTCHD3,LYS,663,130.2,91.56
Q3KNS1,PTCHD3,LYS,664,121.17,91.31
Q3KNS1,PTCHD3,LYS,670,146.46,92.69
Q3KNS1,PTCHD3,LYS,675,71.23,93.88
Q3KNS1,PTCHD3,THR,680,16.19,93.19
Q3KNS1,PTCHD3,LYS,681,88.13,93.5
Q3KNS1,PTCHD3,LYS,685,165.57,93.94
Q3KNS1,PTCHD3,TYR,688,25.84,92.38
Q3KNS1,PTCHD3,LYS,691,132.61,88.31
Q3KNS1,PTCHD3,THR,694,30.54,89.75
Q3KNS1,PTCHD3,TYR,704,43.99,91.0
Q3KNS1,PTCHD3,LYS,706,131.18,91.44
Q3KNS1,PTCHD3,SER,709,109.48,90.06
Q3KNS1,PTCHD3,LYS,715,92.24,90.75
Q3KNS1,PTCHD3,THR,717,29.45,90.94
Q3KNS1,PTCHD3,SER,727,85.79,87.31
Q3KNS1,PTCHD3,SER,739,23.02,87.94
Q3KNS1,PTCHD3,SER,740,133.33,85.5
Q3KNS1,PTCHD3,SER,741,73.6,83.88
Q3KNS1,PTCHD3,THR,754,27.3,91.19
Q3KNS1,PTCHD3,SER,757,44.67,78.19
Q3KNS1,PTCHD3,SER,758,52.09,78.75
Q3KNS1,PTCHD3,SER,759,34.96,77.12
Q3KNS1,PTCHD3,LYS,761,65.05,86.5
Q3KNS1,PTCHD3,LYS,762,52.23,87.69
Q3KNS1,PTCHD3,LYS,763,48.48,86.62
Q3KNS1,PTCHD3,CYS,776,15.04,94.06
Q3KNS1,PTCHD3,TYR,789,34.65,87.62
Q3KNS1,PTCHD3,TYR,793,13.73,81.31
Q3KNS1,PTCHD3,SER,808,18.31,88.44
Q3KNS1,PTCHD3,TYR,821,30.19,80.06
Q3KNS1,PTCHD3,THR,829,30.7,89.38
Q3KNS1,PTCHD3,THR,840,24.03,94.56
Q3KNS1,PTCHD3,LYS,847,182.8,91.44
Q3KNS1,PTCHD3,TYR,874,16.5,88.69
Q3KNS1,PTCHD3,SER,878,70.63,85.25
Q3KNS1,PTCHD3,SER,880,109.17,86.62
Q3KNS1,PTCHD3,SER,883,51.91,90.62
Q3KNS1,PTCHD3,LYS,887,37.93,93.31
Q3KNS1,PTCHD3,TYR,893,50.02,93.31
Q3KNS1,PTCHD3,TYR,897,24.9,93.0
Q3KNS1,PTCHD3,CYS,911,54.01,91.81
Q3KNS1,PTCHD3,LYS,917,125.02,85.06
Q3KNS1,PTCHD3,TYR,919,30.26,85.62
Q3KNS1,PTCHD3,LYS,926,58.35,93.88
Q3KNS1,PTCHD3,THR,948,11.52,90.62
Q53GL0,PLEKHO1,LYS,3,188.04,45.25
Q53GL0,PLEKHO1,LYS,4,185.39,47.78
Q53GL0,PLEKHO1,SER,7,113.2,46.12
Q53GL0,PLEKHO1,LYS,9,196.17,42.94
Q53GL0,PLEKHO1,LYS,24,31.91,95.0
Q53GL0,PLEKHO1,LYS,30,23.3,95.94
Q53GL0,PLEKHO1,CYS,32,48.8,92.44
Q53GL0,PLEKHO1,LYS,34,171.62,88.06
Q53GL0,PLEKHO1,LYS,42,96.13,94.88
Q53GL0,PLEKHO1,TYR,45,20.18,94.88
Q53GL0,PLEKHO1,LYS,49,50.99,91.94
Q53GL0,PLEKHO1,TYR,54,31.34,93.94
Q53GL0,PLEKHO1,LYS,58,151.67,85.38
Q53GL0,PLEKHO1,LYS,61,207.65,64.0
Q53GL0,PLEKHO1,LYS,64,191.7,67.5
Q53GL0,PLEKHO1,SER,73,44.34,93.56
Q53GL0,PLEKHO1,LYS,77,85.77,95.5
Q53GL0,PLEKHO1,LYS,83,132.05,66.56
Q53GL0,PLEKHO1,SER,84,117.48,60.38
Q53GL0,PLEKHO1,LYS,85,210.68,64.5
Q53GL0,PLEKHO1,SER,86,47.35,53.59
Q53GL0,PLEKHO1,SER,88,43.66,62.03
Q53GL0,PLEKHO1,LYS,89,168.25,67.56
Q53GL0,PLEKHO1,LYS,90,155.78,67.06
Q53GL0,PLEKHO1,SER,93,19.0,91.31
Q53GL0,PLEKHO1,LYS,94,40.04,93.25
Q53GL0,PLEKHO1,THR,96,16.85,95.88
Q53GL0,PLEKHO1,LYS,101,182.88,91.0
Q53GL0,PLEKHO1,THR,106,133.07,91.56
Q53GL0,PLEKHO1,SER,116,35.33,92.69
Q53GL0,PLEKHO1,SER,122,45.0,97.25
Q53GL0,PLEKHO1,SER,129,54.44,95.5
Q53GL0,PLEKHO1,THR,132,77.86,93.81
Q53GL0,PLEKHO1,LYS,135,90.47,89.44
Q53GL0,PLEKHO1,THR,143,130.15,66.44
Q53GL0,PLEKHO1,SER,148,60.89,71.56
Q53GL0,PLEKHO1,TYR,149,141.97,74.81
Q53GL0,PLEKHO1,THR,154,91.88,80.06
Q53GL0,PLEKHO1,LYS,159,177.91,77.69
Q53GL0,PLEKHO1,SER,163,103.74,70.5
Q53GL0,PLEKHO1,THR,168,89.87,84.19
Q53GL0,PLEKHO1,SER,177,81.96,64.0
Q53GL0,PLEKHO1,THR,178,115.75,62.44
Q53GL0,PLEKHO1,SER,179,71.62,55.41
Q53GL0,PLEKHO1,THR,180,113.96,54.59
Q53GL0,PLEKHO1,SER,181,115.87,55.53
Q53GL0,PLEKHO1,THR,186,109.76,51.38
Q53GL0,PLEKHO1,SER,196,83.59,43.09
Q53GL0,PLEKHO1,THR,201,131.24,42.75
Q53GL0,PLEKHO1,SER,202,93.11,40.75
Q53GL0,PLEKHO1,CYS,203,138.51,40.34
Q53GL0,PLEKHO1,SER,206,104.05,45.62
Q53GL0,PLEKHO1,LYS,213,168.47,47.22
Q53GL0,PLEKHO1,SER,214,64.57,41.91
Q53GL0,PLEKHO1,SER,221,106.68,34.81
Q53GL0,PLEKHO1,SER,227,101.62,30.09
Q53GL0,PLEKHO1,SER,233,116.01,30.91
Q53GL0,PLEKHO1,SER,238,105.04,32.72
Q53GL0,PLEKHO1,SER,239,113.05,31.08
Q53GL0,PLEKHO1,SER,241,109.56,32.91
Q53GL0,PLEKHO1,LYS,246,183.56,30.72
Q53GL0,PLEKHO1,THR,247,143.72,35.03
Q53GL0,PLEKHO1,LYS,249,213.54,35.41
Q53GL0,PLEKHO1,THR,252,112.15,38.31
Q53GL0,PLEKHO1,TYR,253,204.54,43.62
Q53GL0,PLEKHO1,THR,254,107.75,36.97
Q53GL0,PLEKHO1,LYS,259,177.79,57.47
Q53GL0,PLEKHO1,LYS,260,205.31,53.69
Q53GL0,PLEKHO1,THR,262,79.98,67.38
Q53GL0,PLEKHO1,THR,264,98.4,59.75
Q53GL0,PLEKHO1,LYS,266,169.51,58.84
Q53GL0,PLEKHO1,CYS,269,121.94,71.94
Q53GL0,PLEKHO1,SER,271,61.69,80.56
Q53GL0,PLEKHO1,SER,277,51.6,75.31
Q53GL0,PLEKHO1,SER,283,72.51,50.56
Q53GL0,PLEKHO1,THR,286,116.57,41.91
Q53GL0,PLEKHO1,THR,296,124.67,35.31
Q53GL0,PLEKHO1,SER,306,53.91,89.31
Q53GL0,PLEKHO1,LYS,315,122.03,96.81
Q53GL0,PLEKHO1,THR,319,71.22,94.94
Q53GL0,PLEKHO1,LYS,333,179.34,41.62
Q53GL0,PLEKHO1,LYS,335,193.7,31.98
Q53GL0,PLEKHO1,LYS,337,190.83,34.78
Q53GL0,PLEKHO1,SER,342,92.61,39.56
Q53GL0,PLEKHO1,SER,346,68.39,69.56
Q53GL0,PLEKHO1,SER,348,56.27,78.44
Q53GL0,PLEKHO1,THR,355,68.82,92.88
Q53GL0,PLEKHO1,SER,363,57.53,97.12
Q53GL0,PLEKHO1,SER,364,70.46,97.25
Q53GL0,PLEKHO1,SER,367,44.77,97.31
Q53GL0,PLEKHO1,LYS,370,130.01,97.69
Q53GL0,PLEKHO1,TYR,383,152.34,88.81
Q53GL0,PLEKHO1,THR,390,100.28,50.97
Q53GL0,PLEKHO1,SER,393,96.69,48.06
Q53GL0,PLEKHO1,THR,398,132.02,35.25
Q53GL0,PLEKHO1,THR,399,133.01,38.09
Q53GL0,PLEKHO1,SER,402,95.8,38.41
Q53GL0,PLEKHO1,TYR,404,201.93,39.12
Q53GL0,PLEKHO1,LYS,406,166.6,46.72
Q53GL0,PLEKHO1,SER,407,111.1,49.44
Q58HT5,AWAT1,SER,4,69.92,54.84
Q58HT5,AWAT1,LYS,5,194.43,59.34
Q58HT5,AWAT1,SER,8,57.18,78.56
Q58HT5,AWAT1,SER,21,23.51,90.69
Q58HT5,AWAT1,TYR,22,53.98,91.0
Q58HT5,AWAT1,TYR,35,138.5,95.5
Q58HT5,AWAT1,THR,39,35.52,96.69
Q58HT5,AWAT1,SER,40,105.92,96.81
Q58HT5,AWAT1,TYR,48,42.22,95.19
Q58HT5,AWAT1,LYS,57,121.52,94.06
Q58HT5,AWAT1,THR,58,28.68,94.19
Q58HT5,AWAT1,SER,66,31.36,96.5
Q58HT5,AWAT1,CYS,73,84.98,94.5
Q58HT5,AWAT1,THR,76,47.55,94.75
Q58HT5,AWAT1,THR,85,61.84,97.31
Q58HT5,AWAT1,LYS,88,83.07,96.0
Q58HT5,AWAT1,THR,89,65.69,96.81
Q58HT5,AWAT1,LYS,90,107.92,96.06
Q58HT5,AWAT1,SER,93,40.82,97.56
Q58HT5,AWAT1,THR,109,17.01,92.38
Q58HT5,AWAT1,THR,121,23.42,97.0
Q58HT5,AWAT1,SER,124,52.75,96.81
Q58HT5,AWAT1,LYS,125,186.03,97.12
Q58HT5,AWAT1,THR,126,30.26,97.31
Q58HT5,AWAT1,THR,131,45.15,97.38
Q58HT5,AWAT1,THR,136,34.55,93.12
Q58HT5,AWAT1,SER,138,41.7,91.56
Q58HT5,AWAT1,LYS,142,126.86,92.19
Q58HT5,AWAT1,TYR,149,25.32,94.56
Q58HT5,AWAT1,SER,159,25.7,93.88
Q58HT5,AWAT1,TYR,165,65.53,96.94
Q58HT5,AWAT1,SER,168,71.68,95.5
Q58HT5,AWAT1,THR,171,91.84,95.94
Q58HT5,AWAT1,THR,192,54.27,86.19
Q58HT5,AWAT1,THR,193,14.66,87.19
Q58HT5,AWAT1,THR,194,52.94,92.38
Q58HT5,AWAT1,LYS,199,171.95,94.62
Q58HT5,AWAT1,LYS,201,55.62,96.38
Q58HT5,AWAT1,THR,206,12.05,97.5
Q58HT5,AWAT1,THR,223,12.5,93.56
Q58HT5,AWAT1,TYR,226,16.12,94.62
Q58HT5,AWAT1,LYS,233,147.83,88.88
Q58HT5,AWAT1,SER,235,33.98,93.81
Q58HT5,AWAT1,TYR,238,58.04,92.44
Q58HT5,AWAT1,LYS,239,125.29,94.0
Q58HT5,AWAT1,SER,242,44.39,92.69
Q58HT5,AWAT1,CYS,243,51.97,93.81
Q58HT5,AWAT1,TYR,251,37.01,88.25
Q58HT5,AWAT1,CYS,252,49.64,89.19
Q58HT5,AWAT1,CYS,253,19.94,91.31
Q58HT5,AWAT1,TYR,256,89.35,93.0
Q58HT5,AWAT1,SER,259,32.04,86.81
Q58HT5,AWAT1,CYS,261,91.52,77.0
Q58HT5,AWAT1,SER,264,52.0,85.25
Q58HT5,AWAT1,THR,265,104.8,87.62
Q58HT5,AWAT1,TYR,270,41.71,93.12
Q58HT5,AWAT1,SER,271,11.78,92.25
Q58HT5,AWAT1,LYS,289,175.85,96.19
Q58HT5,AWAT1,SER,291,64.04,97.31
Q58HT5,AWAT1,LYS,297,120.71,98.06
Q58HT5,AWAT1,TYR,298,33.73,98.19
Q58HT5,AWAT1,LYS,308,128.64,96.81
Q58HT5,AWAT1,LYS,314,17.66,94.44
Q58HT5,AWAT1,THR,315,78.43,93.44
Q58HT5,AWAT1,TYR,317,62.56,92.5
Q58HT5,AWAT1,CYS,319,27.13,88.5
Q58HT5,AWAT1,SER,320,60.46,89.5
Q58HT5,AWAT1,THR,322,116.81,88.81
Q58HT5,AWAT1,LYS,324,134.32,91.75
Q5H943,CT83,TYR,4,172.56,89.44
Q5H943,CT83,SER,9,56.94,94.06
Q5H943,CT83,SER,10,68.18,93.31
Q5H943,CT83,CYS,13,72.21,93.38
Q5H943,CT83,LYS,20,134.0,82.0
Q5H943,CT83,TYR,21,143.74,81.69
Q5H943,CT83,THR,28,116.3,49.66
Q5H943,CT83,SER,32,92.71,45.5
Q5H943,CT83,SER,33,97.9,46.5
Q5H943,CT83,SER,35,104.92,45.62
Q5H943,CT83,THR,36,103.28,45.69
Q5H943,CT83,SER,44,92.41,41.09
Q5H943,CT83,SER,45,108.52,43.44
Q5H943,CT83,SER,46,123.01,42.53
Q5H943,CT83,SER,51,118.66,53.06
Q5H943,CT83,THR,53,88.76,55.38
Q5H943,CT83,TYR,60,134.03,74.25
Q5H943,CT83,SER,63,44.59,75.12
Q5H943,CT83,SER,73,37.91,77.19
Q5H943,CT83,LYS,78,136.28,83.75
Q5H943,CT83,SER,85,53.47,91.62
Q5H943,CT83,LYS,90,125.22,94.62
Q5H943,CT83,THR,97,53.88,88.69
Q5H943,CT83,SER,100,70.57,82.31
Q5H943,CT83,LYS,101,142.0,77.62
Q5H943,CT83,SER,107,92.46,49.94
Q5H943,CT83,LYS,111,174.88,63.75
Q5H943,CT83,SER,112,79.41,57.38
Q5H943,CT83,THR,113,200.89,55.62
Q5NUL3,FFAR4,SER,2,102.78,35.78
Q5NUL3,FFAR4,CYS,5,132.83,40.62
Q5NUL3,FFAR4,SER,16,68.57,42.16
Q5NUL3,FFAR4,THR,23,86.0,72.88
Q5NUL3,FFAR4,LYS,32,18.53,86.19
Q5NUL3,FFAR4,THR,44,34.57,97.69
Q5NUL3,FFAR4,THR,45,77.51,98.0
Q5NUL3,FFAR4,CYS,60,59.0,90.44
Q5NUL3,FFAR4,THR,74,11.54,85.38
Q5NUL3,FFAR4,CYS,76,29.14,91.19
Q5NUL3,FFAR4,CYS,83,54.47,96.56
Q5NUL3,FFAR4,SER,90,52.88,97.75
Q5NUL3,FFAR4,THR,101,58.15,93.81
Q5NUL3,FFAR4,TYR,116,39.29,97.94
Q5NUL3,FFAR4,THR,119,18.39,97.38
Q5NUL3,FFAR4,CYS,139,62.63,81.12
Q5NUL3,FFAR4,TYR,165,81.96,98.56
Q5NUL3,FFAR4,CYS,174,30.31,96.0
Q5NUL3,FFAR4,SER,192,41.76,94.19
Q5NUL3,FFAR4,THR,200,77.48,90.19
Q5NUL3,FFAR4,SER,206,66.43,94.5
Q5NUL3,FFAR4,SER,210,50.48,95.62
Q5NUL3,FFAR4,THR,213,49.47,95.69
Q5NUL3,FFAR4,TYR,227,10.37,83.62
Q5NUL3,FFAR4,SER,228,48.32,86.0
Q5NUL3,FFAR4,LYS,229,99.58,85.06
Q5NUL3,FFAR4,THR,234,13.27,74.19
Q5NUL3,FFAR4,LYS,235,147.42,77.19
Q5NUL3,FFAR4,SER,237,17.13,71.44
Q5NUL3,FFAR4,LYS,239,152.74,68.88
Q5NUL3,FFAR4,THR,242,96.42,59.84
Q5NUL3,FFAR4,SER,244,35.06,54.06
Q5NUL3,FFAR4,TYR,247,183.55,41.59
Q5NUL3,FFAR4,SER,248,93.77,41.94
Q5NUL3,FFAR4,SER,250,100.0,38.25
Q5NUL3,FFAR4,SER,256,47.64,56.22
Q5NUL3,FFAR4,SER,272,12.87,91.94
Q5NUL3,FFAR4,SER,278,32.05,95.88
Q5NUL3,FFAR4,LYS,293,137.16,71.06
Q5NUL3,FFAR4,SER,301,34.74,91.0
Q5NUL3,FFAR4,TYR,321,10.03,73.44
Q5NUL3,FFAR4,THR,324,32.46,65.06
Q5NUL3,FFAR4,CYS,326,50.04,55.81
Q5NUL3,FFAR4,LYS,331,146.97,46.88
Q5NUL3,FFAR4,LYS,332,129.86,46.12
Q5NUL3,FFAR4,CYS,335,87.84,39.41
Q5NUL3,FFAR4,CYS,336,94.97,31.84
Q5NUL3,FFAR4,LYS,342,200.72,29.59
Q5NUL3,FFAR4,THR,347,123.39,28.03
Q5NUL3,FFAR4,THR,349,113.32,28.61
Q5NUL3,FFAR4,SER,350,111.96,31.02
Q5NUL3,FFAR4,LYS,352,189.32,29.59
Q5NUL3,FFAR4,SER,357,105.15,32.41
Q5NUL3,FFAR4,SER,360,116.1,31.95
Q5SQI0,ATAT1,THR,31,81.95,76.38
Q5SQI0,ATAT1,THR,32,132.92,74.44
Q5SQI0,ATAT1,THR,33,72.85,72.0
Q5SQI0,ATAT1,THR,45,48.23,98.25
Q5SQI0,ATAT1,LYS,52,106.64,98.81
Q5SQI0,ATAT1,LYS,56,174.3,98.44
Q5SQI0,ATAT1,SER,61,128.85,97.38
Q5SQI0,ATAT1,SER,66,20.67,98.75
Q5SQI0,ATAT1,SER,68,78.84,98.38
Q5SQI0,ATAT1,SER,72,88.31,97.62
Q5SQI0,ATAT1,SER,83,66.67,82.44
Q5SQI0,ATAT1,SER,84,85.61,75.94
Q5SQI0,ATAT1,LYS,90,123.98,84.75
Q5SQI0,ATAT1,TYR,101,117.07,98.19
Q5SQI0,ATAT1,LYS,102,63.64,97.62
Q5SQI0,ATAT1,LYS,103,142.68,97.19
Q5SQI0,ATAT1,TYR,125,10.78,98.81
Q5SQI0,ATAT1,SER,129,83.2,96.19
Q5SQI0,ATAT1,TYR,142,65.17,98.81
Q5SQI0,ATAT1,LYS,146,119.54,98.12
Q5SQI0,ATAT1,SER,160,49.66,97.06
Q5SQI0,ATAT1,LYS,162,138.94,97.75
Q5SQI0,ATAT1,LYS,165,156.18,98.0
Q5SQI0,ATAT1,LYS,169,161.01,98.25
Q5SQI0,ATAT1,TYR,171,44.39,98.06
Q5SQI0,ATAT1,THR,175,80.06,91.88
Q5SQI0,ATAT1,THR,176,59.49,91.69
Q5SQI0,ATAT1,SER,200,68.09,44.0
Q5SQI0,ATAT1,THR,204,76.5,49.62
Q5SQI0,ATAT1,SER,207,87.36,55.66
Q5SQI0,ATAT1,THR,215,115.8,61.38
Q5SQI0,ATAT1,LYS,222,204.29,51.66
Q5SQI0,ATAT1,LYS,226,200.77,56.62
Q5SQI0,ATAT1,LYS,233,179.65,58.09
Q5SQI0,ATAT1,TYR,235,227.7,46.44
Q5SQI0,ATAT1,SER,236,94.95,54.06
Q5SQI0,ATAT1,SER,237,112.8,52.56
Q5SQI0,ATAT1,SER,238,96.14,48.91
Q5SQI0,ATAT1,LYS,244,188.28,47.75
Q5SQI0,ATAT1,THR,261,132.73,48.69
Q5SQI0,ATAT1,SER,270,108.97,45.66
Q5SQI0,ATAT1,SER,271,103.75,45.28
Q5SQI0,ATAT1,SER,272,119.06,47.66
Q5SQI0,ATAT1,SER,276,106.09,43.0
Q5SQI0,ATAT1,SER,294,86.03,48.44
Q5SQI0,ATAT1,CYS,298,125.5,43.22
Q5SQI0,ATAT1,THR,303,112.01,49.69
Q5SQI0,ATAT1,SER,315,118.97,37.84
Q5SQI0,ATAT1,THR,322,133.58,44.88
Q5SQI0,ATAT1,THR,325,129.75,50.62
Q5SQI0,ATAT1,SER,333,102.06,42.69
Q5SQI0,ATAT1,CYS,334,126.74,39.31
Q5SQI0,ATAT1,CYS,335,125.22,39.75
Q5SQI0,ATAT1,TYR,336,187.33,40.34
Q5SQI0,ATAT1,SER,337,118.13,47.09
Q5SQI0,ATAT1,SER,344,106.93,41.41
Q5SQI0,ATAT1,SER,345,112.23,43.59
Q5SQI0,ATAT1,SER,346,111.82,42.91
Q5SQI0,ATAT1,THR,349,133.17,38.75
Q5SQI0,ATAT1,SER,354,81.75,38.72
Q5SQI0,ATAT1,LYS,355,186.34,39.69
Q5SQI0,ATAT1,THR,361,122.01,39.41
Q5SQI0,ATAT1,LYS,362,191.57,37.88
Q5SQI0,ATAT1,SER,365,98.08,34.81
Q5SQI0,ATAT1,SER,367,100.11,40.62
Q5SQI0,ATAT1,SER,373,79.88,43.91
Q5SQI0,ATAT1,SER,377,125.07,44.75
Q5SQI0,ATAT1,LYS,380,193.93,45.94
Q5SQI0,ATAT1,THR,384,131.46,38.59
Q5SQI0,ATAT1,SER,396,116.24,38.94
Q5SQI0,ATAT1,THR,398,127.5,38.19
Q5SQI0,ATAT1,SER,417,105.52,38.81
Q5SQI0,ATAT1,THR,418,107.69,32.28
Q63HM2,PCNX4,SER,2,67.64,44.62
Q63HM2,PCNX4,TYR,11,106.39,67.5
Q63HM2,PCNX4,LYS,12,21.06,70.0
Q63HM2,PCNX4,LYS,18,43.09,77.44
Q63HM2,PCNX4,LYS,31,110.16,71.62
Q63HM2,PCNX4,TYR,34,51.77,62.72
Q63HM2,PCNX4,CYS,35,137.76,63.28
Q63HM2,PCNX4,TYR,39,53.47,87.62
Q63HM2,PCNX4,TYR,41,55.12,88.31
Q63HM2,PCNX4,TYR,62,54.08,91.94
Q63HM2,PCNX4,LYS,68,128.89,90.69
Q63HM2,PCNX4,TYR,70,114.07,90.06
Q63HM2,PCNX4,TYR,71,132.4,92.81
Q63HM2,PCNX4,THR,83,18.68,95.25
Q63HM2,PCNX4,THR,90,60.45,89.06
Q63HM2,PCNX4,TYR,93,141.71,84.94
Q63HM2,PCNX4,LYS,95,103.77,75.81
Q63HM2,PCNX4,LYS,97,135.39,69.5
Q63HM2,PCNX4,SER,98,43.41,55.91
Q63HM2,PCNX4,THR,99,119.44,39.19
Q63HM2,PCNX4,THR,100,135.59,40.28
Q63HM2,PCNX4,THR,106,78.93,29.92
Q63HM2,PCNX4,THR,107,112.2,38.75
Q63HM2,PCNX4,THR,119,110.21,72.19
Q63HM2,PCNX4,SER,120,50.63,79.06
Q63HM2,PCNX4,CYS,121,65.31,75.94
Q63HM2,PCNX4,THR,122,120.95,75.31
Q63HM2,PCNX4,LYS,128,110.24,80.5
Q63HM2,PCNX4,LYS,134,22.04,85.44
Q63HM2,PCNX4,LYS,135,147.34,81.94
Q63HM2,PCNX4,TYR,136,106.15,86.06
Q63HM2,PCNX4,THR,140,11.19,88.94
Q63HM2,PCNX4,THR,164,45.25,89.31
Q63HM2,PCNX4,TYR,167,63.23,86.25
Q63HM2,PCNX4,SER,169,50.64,86.75
Q63HM2,PCNX4,THR,170,109.97,85.06
Q63HM2,PCNX4,THR,195,47.36,81.69
Q63HM2,PCNX4,THR,197,42.62,76.19
Q63HM2,PCNX4,THR,199,12.99,81.44
Q63HM2,PCNX4,THR,201,22.9,79.81
Q63HM2,PCNX4,THR,204,73.76,69.75
Q63HM2,PCNX4,THR,207,65.9,76.44
Q63HM2,PCNX4,TYR,208,151.93,81.19
Q63HM2,PCNX4,TYR,218,14.47,93.88
Q63HM2,PCNX4,SER,224,55.93,93.69
Q63HM2,PCNX4,THR,260,12.39,87.56
Q63HM2,PCNX4,THR,287,39.94,88.25
Q63HM2,PCNX4,THR,301,13.09,93.75
Q63HM2,PCNX4,TYR,306,79.03,90.75
Q63HM2,PCNX4,SER,310,55.79,89.0
Q63HM2,PCNX4,THR,311,37.52,87.19
Q63HM2,PCNX4,SER,330,43.33,66.44
Q63HM2,PCNX4,LYS,335,121.65,41.75
Q63HM2,PCNX4,THR,338,132.86,31.83
Q63HM2,PCNX4,LYS,339,214.69,31.94
Q63HM2,PCNX4,SER,340,103.14,34.09
Q63HM2,PCNX4,LYS,341,183.6,31.3
Q63HM2,PCNX4,SER,345,61.06,29.88
Q63HM2,PCNX4,LYS,349,151.6,47.5
Q63HM2,PCNX4,SER,352,41.15,65.56
Q63HM2,PCNX4,LYS,354,166.48,79.44
Q63HM2,PCNX4,CYS,356,32.76,82.06
Q63HM2,PCNX4,TYR,359,19.85,90.31
Q63HM2,PCNX4,SER,371,30.82,89.62
Q63HM2,PCNX4,SER,380,47.63,51.5
Q63HM2,PCNX4,SER,383,52.74,50.66
Q63HM2,PCNX4,LYS,384,93.52,52.62
Q63HM2,PCNX4,SER,385,81.34,58.59
Q63HM2,PCNX4,SER,387,40.79,78.75
Q63HM2,PCNX4,TYR,393,118.56,91.25
Q63HM2,PCNX4,SER,410,32.73,85.94
Q63HM2,PCNX4,TYR,412,19.47,83.94
Q63HM2,PCNX4,TYR,422,12.96,77.44
Q63HM2,PCNX4,LYS,424,111.82,66.94
Q63HM2,PCNX4,THR,428,70.66,64.12
Q63HM2,PCNX4,THR,430,105.23,69.38
Q63HM2,PCNX4,LYS,435,79.77,74.19
Q63HM2,PCNX4,THR,437,71.83,80.06
Q63HM2,PCNX4,LYS,441,135.32,87.56
Q63HM2,PCNX4,THR,451,37.32,90.94
Q63HM2,PCNX4,SER,466,66.11,79.25
Q63HM2,PCNX4,SER,467,28.16,81.75
Q63HM2,PCNX4,SER,473,47.98,84.25
Q63HM2,PCNX4,SER,475,38.83,88.12
Q63HM2,PCNX4,THR,481,11.81,93.38
Q63HM2,PCNX4,THR,491,16.01,93.62
Q63HM2,PCNX4,THR,503,44.31,89.94
Q63HM2,PCNX4,SER,508,21.98,79.25
Q63HM2,PCNX4,SER,509,69.66,70.81
Q63HM2,PCNX4,THR,510,110.16,67.0
Q63HM2,PCNX4,SER,517,61.9,79.31
Q63HM2,PCNX4,SER,539,18.91,91.56
Q63HM2,PCNX4,THR,546,11.96,87.94
Q63HM2,PCNX4,THR,553,91.34,82.56
Q63HM2,PCNX4,LYS,555,187.22,73.69
Q63HM2,PCNX4,LYS,556,142.33,69.81
Q63HM2,PCNX4,LYS,560,145.62,76.81
Q63HM2,PCNX4,THR,561,78.3,78.19
Q63HM2,PCNX4,THR,564,81.94,86.62
Q63HM2,PCNX4,CYS,566,16.86,85.5
Q63HM2,PCNX4,SER,573,54.96,90.5
Q63HM2,PCNX4,THR,616,66.97,76.75
Q63HM2,PCNX4,THR,617,38.6,78.62
Q63HM2,PCNX4,CYS,619,40.9,85.06
Q63HM2,PCNX4,CYS,621,54.94,85.12
Q63HM2,PCNX4,TYR,628,107.46,92.5
Q63HM2,PCNX4,THR,635,24.77,93.25
Q63HM2,PCNX4,THR,640,64.22,88.94
Q63HM2,PCNX4,SER,646,24.5,85.44
Q63HM2,PCNX4,CYS,672,13.45,91.38
Q63HM2,PCNX4,THR,675,10.66,88.56
Q63HM2,PCNX4,THR,689,67.35,67.75
Q63HM2,PCNX4,SER,690,96.06,74.44
Q63HM2,PCNX4,CYS,691,49.97,75.5
Q63HM2,PCNX4,THR,693,71.16,82.81
Q63HM2,PCNX4,TYR,711,203.68,52.28
Q63HM2,PCNX4,THR,712,73.53,51.78
Q63HM2,PCNX4,CYS,715,72.75,62.31
Q63HM2,PCNX4,SER,716,29.11,71.62
Q63HM2,PCNX4,THR,726,58.96,89.31
Q63HM2,PCNX4,CYS,728,14.93,89.19
Q63HM2,PCNX4,LYS,734,81.64,90.88
Q63HM2,PCNX4,SER,737,20.23,91.25
Q63HM2,PCNX4,SER,744,42.12,83.44
Q63HM2,PCNX4,SER,749,33.38,89.06
Q63HM2,PCNX4,LYS,754,161.52,85.5
Q63HM2,PCNX4,LYS,757,29.02,88.31
Q63HM2,PCNX4,LYS,762,54.34,94.75
Q63HM2,PCNX4,TYR,771,63.0,89.75
Q63HM2,PCNX4,SER,773,22.24,83.94
Q63HM2,PCNX4,LYS,774,138.62,81.5
Q63HM2,PCNX4,LYS,779,192.14,34.53
Q63HM2,PCNX4,THR,785,134.09,26.47
Q63HM2,PCNX4,LYS,788,207.97,28.05
Q63HM2,PCNX4,LYS,790,211.42,26.28
Q63HM2,PCNX4,THR,800,125.65,25.03
Q63HM2,PCNX4,LYS,805,190.37,25.66
Q63HM2,PCNX4,SER,806,99.73,22.73
Q63HM2,PCNX4,SER,812,99.49,29.05
Q63HM2,PCNX4,SER,815,96.52,28.5
Q63HM2,PCNX4,THR,817,99.24,25.98
Q63HM2,PCNX4,SER,822,103.93,24.31
Q63HM2,PCNX4,THR,832,132.91,27.05
Q63HM2,PCNX4,LYS,834,201.16,23.95
Q63HM2,PCNX4,LYS,835,140.68,25.45
Q63HM2,PCNX4,LYS,840,204.0,23.52
Q63HM2,PCNX4,LYS,844,199.26,24.38
Q63HM2,PCNX4,THR,849,118.53,22.8
Q63HM2,PCNX4,SER,856,85.52,23.66
Q63HM2,PCNX4,SER,859,67.36,28.77
Q63HM2,PCNX4,SER,866,103.1,28.31
Q63HM2,PCNX4,THR,867,145.64,25.41
Q63HM2,PCNX4,THR,869,133.09,25.45
Q63HM2,PCNX4,TYR,876,203.2,28.17
Q63HM2,PCNX4,LYS,877,203.52,25.33
Q63HM2,PCNX4,TYR,883,173.05,28.97
Q63HM2,PCNX4,LYS,888,206.35,32.69
Q63HM2,PCNX4,LYS,890,187.53,30.8
Q63HM2,PCNX4,TYR,896,213.19,35.94
Q63HM2,PCNX4,SER,903,90.37,75.5
Q63HM2,PCNX4,CYS,904,12.59,76.56
Q63HM2,PCNX4,SER,905,90.3,71.38
Q63HM2,PCNX4,CYS,911,12.05,83.94
Q63HM2,PCNX4,THR,918,50.24,75.75
Q63HM2,PCNX4,SER,919,46.57,66.81
Q63HM2,PCNX4,CYS,920,39.07,74.19
Q63HM2,PCNX4,SER,923,86.05,75.0
Q63HM2,PCNX4,SER,924,84.1,79.75
Q63HM2,PCNX4,LYS,925,53.69,76.94
Q63HM2,PCNX4,LYS,927,162.81,82.38
Q63HM2,PCNX4,SER,930,41.63,83.0
Q63HM2,PCNX4,SER,931,94.76,84.44
Q63HM2,PCNX4,CYS,947,67.66,55.0
Q63HM2,PCNX4,TYR,948,62.32,50.78
Q63HM2,PCNX4,SER,950,72.81,45.16
Q63HM2,PCNX4,LYS,953,158.72,53.94
Q63HM2,PCNX4,SER,955,81.95,60.75
Q63HM2,PCNX4,LYS,963,122.12,82.5
Q63HM2,PCNX4,LYS,965,152.23,85.19
Q63HM2,PCNX4,LYS,968,50.82,89.25
Q63HM2,PCNX4,SER,991,60.24,84.69
Q63HM2,PCNX4,THR,1013,83.45,85.19
Q63HM2,PCNX4,LYS,1015,21.05,89.62
Q63HM2,PCNX4,LYS,1024,64.34,94.88
Q63HM2,PCNX4,TYR,1028,10.19,97.0
Q63HM2,PCNX4,LYS,1031,11.19,95.19
Q63HM2,PCNX4,LYS,1036,36.85,92.88
Q63HM2,PCNX4,SER,1038,75.8,87.88
Q63HM2,PCNX4,LYS,1050,143.55,93.0
Q63HM2,PCNX4,TYR,1051,39.93,94.44
Q63HM2,PCNX4,TYR,1060,27.27,96.06
Q63HM2,PCNX4,SER,1065,81.93,86.69
Q63HM2,PCNX4,LYS,1068,120.71,91.44
Q63HM2,PCNX4,LYS,1070,66.45,92.5
Q63HM2,PCNX4,LYS,1077,50.63,94.25
Q63HM2,PCNX4,TYR,1079,77.06,96.81
Q63HM2,PCNX4,TYR,1085,59.85,88.12
Q63HM2,PCNX4,SER,1087,73.92,83.31
Q63HM2,PCNX4,TYR,1092,27.89,90.81
Q63HM2,PCNX4,THR,1093,12.77,91.19
Q63HM2,PCNX4,SER,1098,15.86,94.88
Q63HM2,PCNX4,LYS,1108,50.69,93.56
Q63HM2,PCNX4,SER,1122,13.73,72.06
Q63HM2,PCNX4,THR,1129,27.73,56.88
Q63HM2,PCNX4,TYR,1136,41.19,50.78
Q63HM2,PCNX4,SER,1137,12.6,51.12
Q63HM2,PCNX4,TYR,1159,69.05,87.38
Q63HM2,PCNX4,TYR,1162,18.2,93.25
Q63HM2,PCNX4,SER,1163,14.48,92.81
Q63HM2,PCNX4,LYS,1165,116.95,90.94
Q63HM2,PCNX4,TYR,1172,89.64,70.0
Q68CQ7,GLT8D1,SER,2,73.11,53.28
Q68CQ7,GLT8D1,LYS,5,128.48,70.75
Q68CQ7,GLT8D1,SER,28,51.61,65.69
Q68CQ7,GLT8D1,SER,30,52.82,63.97
Q68CQ7,GLT8D1,SER,31,59.63,63.69
Q68CQ7,GLT8D1,THR,38,108.86,45.62
Q68CQ7,GLT8D1,SER,40,96.33,34.47
Q68CQ7,GLT8D1,SER,73,27.12,95.31
Q68CQ7,GLT8D1,THR,91,18.07,96.94
Q68CQ7,GLT8D1,SER,93,28.99,95.88
Q68CQ7,GLT8D1,TYR,98,12.6,98.5
Q68CQ7,GLT8D1,SER,111,50.57,96.0
Q68CQ7,GLT8D1,SER,115,23.78,92.69
Q68CQ7,GLT8D1,SER,117,71.27,90.0
Q68CQ7,GLT8D1,LYS,119,142.08,88.25
Q68CQ7,GLT8D1,SER,120,86.67,90.88
Q68CQ7,GLT8D1,TYR,123,73.18,97.5
Q68CQ7,GLT8D1,LYS,124,101.84,97.56
Q68CQ7,GLT8D1,LYS,131,157.05,94.25
Q68CQ7,GLT8D1,LYS,136,26.57,93.94
Q68CQ7,GLT8D1,LYS,138,111.62,80.44
Q68CQ7,GLT8D1,SER,146,97.29,59.16
Q68CQ7,GLT8D1,LYS,148,110.0,87.38
Q68CQ7,GLT8D1,THR,151,51.52,92.31
Q68CQ7,GLT8D1,SER,163,94.94,92.75
Q68CQ7,GLT8D1,LYS,165,155.26,97.25
Q68CQ7,GLT8D1,LYS,166,40.34,98.12
Q68CQ7,GLT8D1,TYR,184,15.64,98.31
Q68CQ7,GLT8D1,THR,186,22.76,97.88
Q68CQ7,GLT8D1,LYS,189,135.29,98.0
Q68CQ7,GLT8D1,CYS,200,44.51,82.81
Q68CQ7,GLT8D1,SER,202,12.22,59.66
Q68CQ7,GLT8D1,THR,205,48.48,54.62
Q68CQ7,GLT8D1,LYS,206,188.82,50.25
Q68CQ7,GLT8D1,TYR,216,17.66,82.38
Q68CQ7,GLT8D1,TYR,221,17.05,92.56
Q68CQ7,GLT8D1,TYR,224,46.42,93.25
Q68CQ7,GLT8D1,LYS,225,187.99,93.31
Q68CQ7,GLT8D1,LYS,226,71.68,95.19
Q68CQ7,GLT8D1,LYS,231,151.58,97.38
Q68CQ7,GLT8D1,SER,233,95.1,95.75
Q68CQ7,GLT8D1,LYS,235,142.11,95.0
Q68CQ7,GLT8D1,SER,237,85.42,91.25
Q68CQ7,GLT8D1,THR,238,33.61,93.12
Q68CQ7,GLT8D1,CYS,239,25.3,92.19
Q68CQ7,GLT8D1,THR,251,77.84,97.88
Q68CQ7,GLT8D1,LYS,254,93.7,98.25
Q68CQ7,GLT8D1,THR,259,17.7,98.56
Q68CQ7,GLT8D1,LYS,264,127.1,98.0
Q68CQ7,GLT8D1,LYS,267,91.9,96.31
Q68CQ7,GLT8D1,TYR,275,14.79,92.19
Q68CQ7,GLT8D1,SER,276,16.22,84.19
Q68CQ7,GLT8D1,THR,278,120.7,65.44
Q68CQ7,GLT8D1,SER,282,28.27,82.56
Q68CQ7,GLT8D1,TYR,293,35.6,97.56
Q68CQ7,GLT8D1,THR,298,71.7,96.31
Q68CQ7,GLT8D1,SER,310,60.9,87.31
Q68CQ7,GLT8D1,SER,311,55.83,85.88
Q68CQ7,GLT8D1,LYS,314,137.77,82.69
Q68CQ7,GLT8D1,TYR,316,18.17,89.31
Q68CQ7,GLT8D1,SER,317,54.09,92.0
Q68CQ7,GLT8D1,LYS,322,175.12,96.31
Q68CQ7,GLT8D1,LYS,325,91.37,98.0
Q68CQ7,GLT8D1,LYS,334,26.34,95.31
Q68CQ7,GLT8D1,THR,339,63.54,88.88
Q68CQ7,GLT8D1,THR,343,36.1,93.81
Q68CQ7,GLT8D1,LYS,348,152.4,96.81
Q68CQ7,GLT8D1,TYR,350,38.55,97.12
Q68CQ7,GLT8D1,THR,355,59.91,94.31
Q68CQ7,GLT8D1,LYS,357,148.16,94.25
Q68CQ7,GLT8D1,TYR,364,215.42,52.38
Q68CQ7,GLT8D1,THR,365,124.49,47.06
Q68CQ7,GLT8D1,SER,368,89.01,36.47
Q68CQ7,GLT8D1,LYS,371,261.4,32.0
Q6E213,AWAT2,SER,5,57.33,87.44
Q6E213,AWAT2,LYS,6,191.74,88.81
Q6E213,AWAT2,LYS,7,159.02,88.25
Q6E213,AWAT2,LYS,10,84.36,92.56
Q6E213,AWAT2,THR,11,48.68,91.62
Q6E213,AWAT2,SER,22,32.24,89.19
Q6E213,AWAT2,THR,29,28.75,93.75
Q6E213,AWAT2,THR,30,68.5,94.69
Q6E213,AWAT2,THR,31,67.4,95.12
Q6E213,AWAT2,TYR,38,126.44,96.69
Q6E213,AWAT2,THR,43,25.13,96.06
Q6E213,AWAT2,TYR,45,138.77,96.06
Q6E213,AWAT2,THR,49,11.56,95.44
Q6E213,AWAT2,THR,54,79.59,96.88
Q6E213,AWAT2,LYS,61,129.08,96.25
Q6E213,AWAT2,THR,62,27.26,96.62
Q6E213,AWAT2,THR,71,91.52,94.62
Q6E213,AWAT2,CYS,72,96.26,96.12
Q6E213,AWAT2,LYS,80,137.41,96.06
Q6E213,AWAT2,SER,83,10.57,96.44
Q6E213,AWAT2,LYS,89,120.41,97.81
Q6E213,AWAT2,LYS,92,76.19,97.12
Q6E213,AWAT2,THR,93,53.77,97.38
Q6E213,AWAT2,CYS,97,63.68,96.25
Q6E213,AWAT2,SER,99,70.97,96.75
Q6E213,AWAT2,SER,125,19.36,93.44
Q6E213,AWAT2,SER,128,58.82,96.69
Q6E213,AWAT2,LYS,129,181.41,97.12
Q6E213,AWAT2,THR,135,41.38,97.69
Q6E213,AWAT2,TYR,137,14.39,98.0
Q6E213,AWAT2,THR,140,33.23,94.62
Q6E213,AWAT2,TYR,153,38.0,95.0
Q6E213,AWAT2,SER,163,38.69,95.25
Q6E213,AWAT2,SER,165,64.96,96.69
Q6E213,AWAT2,THR,172,71.18,96.44
Q6E213,AWAT2,LYS,174,79.96,94.56
Q6E213,AWAT2,THR,176,93.58,96.62
Q6E213,AWAT2,TYR,192,72.1,89.38
Q6E213,AWAT2,SER,197,26.44,92.0
Q6E213,AWAT2,SER,198,10.79,93.56
Q6E213,AWAT2,THR,199,20.22,95.56
Q6E213,AWAT2,LYS,203,130.49,94.56
Q6E213,AWAT2,SER,206,24.6,96.38
Q6E213,AWAT2,THR,228,15.01,95.62
Q6E213,AWAT2,THR,237,102.66,85.62
Q6E213,AWAT2,LYS,247,100.51,86.06
Q6E213,AWAT2,SER,251,80.39,83.12
Q6E213,AWAT2,TYR,256,17.07,81.12
Q6E213,AWAT2,CYS,258,20.03,87.81
Q6E213,AWAT2,TYR,261,71.98,93.5
Q6E213,AWAT2,THR,266,93.43,85.12
Q6E213,AWAT2,LYS,267,158.93,76.62
Q6E213,AWAT2,SER,269,40.47,89.38
Q6E213,AWAT2,TYR,275,43.8,95.25
Q6E213,AWAT2,SER,276,60.38,94.44
Q6E213,AWAT2,LYS,291,144.41,97.94
Q6E213,AWAT2,SER,296,53.31,97.62
Q6E213,AWAT2,LYS,302,131.47,98.19
Q6E213,AWAT2,TYR,303,37.63,98.44
Q6E213,AWAT2,THR,305,76.76,98.25
Q6E213,AWAT2,LYS,313,125.02,98.0
Q6E213,AWAT2,LYS,319,11.19,96.75
Q6E213,AWAT2,THR,320,69.3,96.31
Q6E213,AWAT2,LYS,321,152.48,95.94
Q6E213,AWAT2,SER,325,58.61,93.75
Q6E213,AWAT2,THR,327,122.92,94.06
Q6P9G4,TMEM154,TYR,24,204.68,41.22
Q6P9G4,TMEM154,SER,30,118.45,39.09
Q6P9G4,TMEM154,THR,33,118.9,43.38
Q6P9G4,TMEM154,THR,34,134.64,33.19
Q6P9G4,TMEM154,SER,37,108.02,41.94
Q6P9G4,TMEM154,LYS,42,194.29,53.88
Q6P9G4,TMEM154,THR,44,133.88,37.62
Q6P9G4,TMEM154,SER,47,105.29,42.12
Q6P9G4,TMEM154,THR,48,107.49,42.44
Q6P9G4,TMEM154,THR,53,109.59,44.28
Q6P9G4,TMEM154,LYS,55,187.08,52.84
Q6P9G4,TMEM154,THR,57,121.22,48.09
Q6P9G4,TMEM154,SER,64,94.28,45.97
Q6P9G4,TMEM154,THR,65,80.78,47.0
Q6P9G4,TMEM154,SER,93,45.52,92.44
Q6P9G4,TMEM154,THR,99,77.88,87.94
Q6P9G4,TMEM154,TYR,100,97.33,87.56
Q6P9G4,TMEM154,TYR,101,134.83,84.5
Q6P9G4,TMEM154,LYS,102,153.39,81.94
Q6P9G4,TMEM154,LYS,104,115.6,65.62
Q6P9G4,TMEM154,THR,106,91.56,55.84
Q6P9G4,TMEM154,LYS,107,146.38,53.44
Q6P9G4,TMEM154,SER,111,61.47,47.22
Q6P9G4,TMEM154,SER,112,107.46,45.56
Q6P9G4,TMEM154,SER,115,95.47,49.47
Q6P9G4,TMEM154,SER,117,84.66,52.38
Q6P9G4,TMEM154,THR,121,130.92,52.56
Q6P9G4,TMEM154,TYR,122,220.88,48.59
Q6P9G4,TMEM154,SER,126,103.41,45.34
Q6P9G4,TMEM154,LYS,130,194.11,53.81
Q6P9G4,TMEM154,THR,138,103.55,67.0
Q6P9G4,TMEM154,SER,140,107.75,69.25
Q6P9G4,TMEM154,LYS,151,158.2,87.44
Q6P9G4,TMEM154,SER,155,43.83,80.75
Q6P9G4,TMEM154,CYS,164,120.88,52.62
Q6P9G4,TMEM154,THR,167,126.03,55.09
Q6P9G4,TMEM154,LYS,169,189.35,63.97
Q6P9G4,TMEM154,LYS,172,187.42,59.62
Q6P9G4,TMEM154,SER,174,94.44,61.75
Q6P9G4,TMEM154,SER,179,111.07,62.47
Q6P9G4,TMEM154,SER,181,94.31,64.25
Q6P9G4,TMEM154,SER,183,172.64,56.88
Q6PCB0,VWA1,THR,5,137.23,35.97
Q6PCB0,VWA1,SER,12,94.41,24.84
Q6PCB0,VWA1,SER,20,96.5,28.36
Q6PCB0,VWA1,SER,29,47.48,58.66
Q6PCB0,VWA1,SER,44,76.19,89.31
Q6PCB0,VWA1,SER,46,59.56,92.12
Q6PCB0,VWA1,TYR,48,111.59,94.75
Q6PCB0,VWA1,SER,51,43.44,96.38
Q6PCB0,VWA1,THR,68,120.29,77.0
Q6PCB0,VWA1,SER,80,44.11,94.44
Q6PCB0,VWA1,TYR,83,89.2,96.75
Q6PCB0,VWA1,THR,84,34.03,97.44
Q6PCB0,VWA1,SER,92,91.95,90.38
Q6PCB0,VWA1,SER,93,46.14,94.31
Q6PCB0,VWA1,THR,111,11.56,91.75
Q6PCB0,VWA1,TYR,119,59.34,98.06
Q6PCB0,VWA1,LYS,121,51.41,92.94
Q6PCB0,VWA1,SER,129,16.98,87.12
Q6PCB0,VWA1,LYS,137,12.74,90.31
Q6PCB0,VWA1,SER,147,45.69,88.94
Q6PCB0,VWA1,SER,148,75.68,89.44
Q6PCB0,VWA1,LYS,159,49.47,78.69
Q6PCB0,VWA1,THR,164,28.46,89.0
Q6PCB0,VWA1,THR,170,16.76,90.06
Q6PCB0,VWA1,SER,179,31.52,83.56
Q6PCB0,VWA1,SER,183,17.84,83.62
Q6PCB0,VWA1,LYS,188,125.23,80.56
Q6PCB0,VWA1,SER,208,28.31,90.56
Q6PCB0,VWA1,THR,221,44.34,82.81
Q6PCB0,VWA1,THR,224,65.03,90.69
Q6PCB0,VWA1,SER,225,37.73,92.19
Q6PCB0,VWA1,SER,226,57.65,93.38
Q6PCB0,VWA1,THR,237,86.48,75.88
Q6PCB0,VWA1,SER,240,17.5,70.69
Q6PCB0,VWA1,TYR,242,89.12,82.56
Q6PCB0,VWA1,SER,250,40.11,82.12
Q6PCB0,VWA1,THR,266,50.81,88.06
Q6PCB0,VWA1,THR,277,30.09,90.56
Q6PCB0,VWA1,SER,287,29.9,67.12
Q6PCB0,VWA1,SER,311,109.67,39.16
Q6PCB0,VWA1,SER,315,124.21,32.72
Q6PCB0,VWA1,THR,322,133.49,32.09
Q6PCB0,VWA1,SER,341,13.48,71.88
Q6PCB0,VWA1,SER,347,27.85,88.19
Q6PCB0,VWA1,SER,358,85.53,67.75
Q6PCB0,VWA1,CYS,387,17.1,84.94
Q6PCB0,VWA1,THR,389,30.8,87.62
Q6PCB0,VWA1,THR,397,34.48,87.19
Q6PCB0,VWA1,TYR,399,11.23,89.0
Q6PCB0,VWA1,THR,402,31.89,90.75
Q6PCB0,VWA1,SER,409,75.79,79.62
Q6PCB0,VWA1,SER,413,37.52,85.0
Q6PCB0,VWA1,SER,416,59.62,82.81
Q6PCB0,VWA1,LYS,418,140.33,78.44
Q6PCB0,VWA1,CYS,420,69.98,79.38
Q6PCB0,VWA1,THR,437,125.33,52.06
Q6PCB0,VWA1,THR,440,134.38,40.97
Q6PCB0,VWA1,SER,442,123.78,40.59
Q6PIL6,KCNIP4,SER,8,61.74,29.27
Q6PIL6,KCNIP4,SER,10,62.6,32.38
Q6PIL6,KCNIP4,SER,17,94.98,30.25
Q6PIL6,KCNIP4,SER,18,102.26,31.8
Q6PIL6,KCNIP4,THR,19,98.87,32.75
Q6PIL6,KCNIP4,TYR,24,117.26,33.12
Q6PIL6,KCNIP4,SER,28,107.64,27.72
Q6PIL6,KCNIP4,THR,29,125.29,31.52
Q6PIL6,KCNIP4,LYS,30,159.77,32.31
Q6PIL6,KCNIP4,SER,32,45.6,43.56
Q6PIL6,KCNIP4,LYS,34,112.38,40.69
Q6PIL6,KCNIP4,LYS,39,89.97,47.19
Q6PIL6,KCNIP4,CYS,43,102.81,32.16
Q6PIL6,KCNIP4,SER,44,92.43,32.72
Q6PIL6,KCNIP4,LYS,47,194.28,33.44
Q6PIL6,KCNIP4,THR,48,124.6,31.33
Q6PIL6,KCNIP4,SER,49,112.87,35.47
Q6PIL6,KCNIP4,SER,50,111.74,32.97
Q6PIL6,KCNIP4,SER,56,53.29,45.09
Q6PIL6,KCNIP4,THR,65,77.98,46.56
Q6PIL6,KCNIP4,SER,80,14.96,88.06
Q6PIL6,KCNIP4,LYS,81,87.71,88.0
Q6PIL6,KCNIP4,THR,83,73.91,89.0
Q6PIL6,KCNIP4,LYS,84,77.83,88.0
Q6PIL6,KCNIP4,LYS,85,149.89,87.81
Q6PIL6,KCNIP4,TYR,91,47.53,83.81
Q6PIL6,KCNIP4,LYS,95,59.98,80.38
Q6PIL6,KCNIP4,SER,100,87.17,82.12
Q6PIL6,KCNIP4,THR,107,41.56,86.44
Q6PIL6,KCNIP4,LYS,109,52.49,87.69
Q6PIL6,KCNIP4,TYR,112,10.57,80.0
Q6PIL6,KCNIP4,SER,113,51.81,82.94
Q6PIL6,KCNIP4,THR,122,66.67,89.44
Q6PIL6,KCNIP4,THR,123,60.29,90.06
Q6PIL6,KCNIP4,THR,134,82.44,81.5
Q6PIL6,KCNIP4,SER,141,32.4,88.94
Q6PIL6,KCNIP4,LYS,147,74.73,88.0
Q6PIL6,KCNIP4,THR,156,80.84,90.31
Q6PIL6,KCNIP4,LYS,160,47.44,87.44
Q6PIL6,KCNIP4,LYS,172,57.91,90.5
Q6PIL6,KCNIP4,TYR,175,100.04,96.44
Q6PIL6,KCNIP4,THR,177,34.21,95.5
Q6PIL6,KCNIP4,LYS,178,71.3,93.88
Q6PIL6,KCNIP4,LYS,186,93.42,86.5
Q6PIL6,KCNIP4,TYR,189,34.1,77.94
Q6PIL6,KCNIP4,LYS,194,196.33,56.19
Q6PIL6,KCNIP4,CYS,195,91.21,50.41
Q6PIL6,KCNIP4,THR,196,11.96,50.28
Q6PIL6,KCNIP4,TYR,197,174.07,38.09
Q6PIL6,KCNIP4,LYS,201,163.64,57.69
Q6PIL6,KCNIP4,THR,211,71.53,86.0
Q6PIL6,KCNIP4,LYS,215,78.5,89.12
Q6PIL6,KCNIP4,LYS,218,105.23,91.12
Q6PIL6,KCNIP4,LYS,220,171.57,92.81
Q6PIL6,KCNIP4,THR,225,37.24,96.25
Q6PIL6,KCNIP4,LYS,235,149.28,88.94
Q6PIL6,KCNIP4,SER,242,21.09,72.56
Q6QAJ8,TMEM220,TYR,37,14.76,98.56
Q6QAJ8,TMEM220,THR,38,56.41,98.56
Q6QAJ8,TMEM220,LYS,60,75.17,97.06
Q6QAJ8,TMEM220,SER,61,53.08,97.81
Q6QAJ8,TMEM220,THR,71,58.51,98.5
Q6QAJ8,TMEM220,SER,79,49.08,94.69
Q6QAJ8,TMEM220,TYR,80,79.43,92.75
Q6QAJ8,TMEM220,THR,85,41.58,71.25
Q6QAJ8,TMEM220,SER,99,32.52,95.31
Q6QAJ8,TMEM220,THR,105,15.47,98.31
Q6QAJ8,TMEM220,SER,113,39.98,86.75
Q6QAJ8,TMEM220,SER,114,26.3,81.12
Q6QAJ8,TMEM220,SER,115,75.87,69.81
Q6QAJ8,TMEM220,LYS,116,140.93,68.94
Q6QAJ8,TMEM220,SER,138,23.94,92.88
Q6QAJ8,TMEM220,TYR,141,115.7,92.75
Q6QAJ8,TMEM220,TYR,143,116.11,90.5
Q6QAJ8,TMEM220,LYS,146,153.03,89.81
Q6QAJ8,TMEM220,SER,150,74.26,88.0
Q6QAJ8,TMEM220,SER,151,80.3,87.25
Q6QAJ8,TMEM220,THR,154,110.64,86.69
Q6QAJ8,TMEM220,CYS,156,11.63,84.94
Q6QAJ8,TMEM220,LYS,157,85.79,83.12
Q6QAJ8,TMEM220,THR,158,97.69,75.5
Q6UXK5,LRRN1,SER,5,98.89,36.0
Q6UXK5,LRRN1,CYS,11,113.96,35.72
Q6UXK5,LRRN1,THR,20,126.41,40.47
Q6UXK5,LRRN1,SER,21,92.83,35.75
Q6UXK5,LRRN1,THR,23,141.38,33.03
Q6UXK5,LRRN1,SER,25,87.46,31.62
Q6UXK5,LRRN1,SER,26,107.22,30.97
Q6UXK5,LRRN1,SER,30,50.92,58.44
Q6UXK5,LRRN1,CYS,32,52.15,88.12
Q6UXK5,LRRN1,CYS,36,12.75,94.44
Q6UXK5,LRRN1,CYS,38,53.74,94.81
Q6UXK5,LRRN1,THR,45,16.4,89.75
Q6UXK5,LRRN1,SER,48,72.85,89.62
Q6UXK5,LRRN1,THR,49,73.62,91.69
Q6UXK5,LRRN1,TYR,50,119.54,93.69
Q6UXK5,LRRN1,THR,54,49.19,95.81
Q6UXK5,LRRN1,THR,64,98.25,95.69
Q6UXK5,LRRN1,SER,68,67.39,86.69
Q6UXK5,LRRN1,SER,71,34.88,90.25
Q6UXK5,LRRN1,SER,72,47.68,90.12
Q6UXK5,LRRN1,SER,81,33.27,97.44
Q6UXK5,LRRN1,LYS,86,116.47,96.75
Q6UXK5,LRRN1,THR,87,10.76,94.62
Q6UXK5,LRRN1,THR,98,25.41,96.31
Q6UXK5,LRRN1,SER,103,13.87,97.44
Q6UXK5,LRRN1,THR,108,61.48,96.69
Q6UXK5,LRRN1,LYS,111,178.09,93.75
Q6UXK5,LRRN1,THR,119,60.33,92.31
Q6UXK5,LRRN1,THR,122,20.11,97.5
Q6UXK5,LRRN1,THR,132,63.98,97.75
Q6UXK5,LRRN1,THR,135,55.98,97.06
Q6UXK5,LRRN1,TYR,137,115.02,96.31
Q6UXK5,LRRN1,CYS,138,29.18,96.44
Q6UXK5,LRRN1,SER,143,51.03,94.0
Q6UXK5,LRRN1,TYR,149,35.71,98.38
Q6UXK5,LRRN1,SER,156,56.21,97.38
Q6UXK5,LRRN1,THR,157,79.03,97.19
Q6UXK5,LRRN1,SER,159,37.48,97.5
Q6UXK5,LRRN1,LYS,167,140.76,94.94
Q6UXK5,LRRN1,SER,176,17.87,97.06
Q6UXK5,LRRN1,LYS,178,113.51,97.44
Q6UXK5,LRRN1,LYS,180,134.15,94.88
Q6UXK5,LRRN1,SER,184,39.71,95.94
Q6UXK5,LRRN1,SER,189,31.23,95.44
Q6UXK5,LRRN1,LYS,212,117.78,96.75
Q6UXK5,LRRN1,TYR,226,155.85,94.44
Q6UXK5,LRRN1,THR,228,90.71,94.88
Q6UXK5,LRRN1,SER,240,44.09,96.88
Q6UXK5,LRRN1,LYS,250,78.87,96.94
Q6UXK5,LRRN1,LYS,253,118.8,96.75
Q6UXK5,LRRN1,LYS,261,86.15,96.44
Q6UXK5,LRRN1,LYS,266,49.41,98.44
Q6UXK5,LRRN1,LYS,272,67.33,97.62
Q6UXK5,LRRN1,LYS,277,51.4,94.88
Q6UXK5,LRRN1,LYS,284,86.06,95.69
Q6UXK5,LRRN1,LYS,290,71.38,98.25
Q6UXK5,LRRN1,TYR,306,49.77,96.0
Q6UXK5,LRRN1,THR,315,49.16,98.31
Q6UXK5,LRRN1,LYS,316,63.14,98.06
Q6UXK5,LRRN1,THR,320,20.91,97.81
Q6UXK5,LRRN1,LYS,324,69.68,95.25
Q6UXK5,LRRN1,TYR,327,15.15,94.5
Q6UXK5,LRRN1,SER,335,63.24,95.69
Q6UXK5,LRRN1,SER,341,11.37,97.44
Q6UXK5,LRRN1,TYR,353,16.28,92.25
Q6UXK5,LRRN1,LYS,355,107.53,88.88
Q6UXK5,LRRN1,SER,359,47.35,90.5
Q6UXK5,LRRN1,SER,370,62.16,96.25
Q6UXK5,LRRN1,CYS,377,26.19,88.56
Q6UXK5,LRRN1,SER,384,35.09,70.38
Q6UXK5,LRRN1,LYS,386,188.94,67.38
Q6UXK5,LRRN1,THR,387,47.35,76.06
Q6UXK5,LRRN1,SER,396,39.97,94.19
Q6UXK5,LRRN1,TYR,405,64.05,90.25
Q6UXK5,LRRN1,LYS,406,145.61,93.56
Q6UXK5,LRRN1,LYS,411,103.04,85.25
Q6UXK5,LRRN1,SER,418,104.34,55.28
Q6UXK5,LRRN1,SER,419,75.45,63.53
Q6UXK5,LRRN1,CYS,422,13.65,90.5
Q6UXK5,LRRN1,THR,441,57.22,91.38
Q6UXK5,LRRN1,THR,442,63.55,94.31
Q6UXK5,LRRN1,TYR,458,31.56,95.44
Q6UXK5,LRRN1,LYS,466,98.08,91.25
Q6UXK5,LRRN1,THR,468,20.44,93.12
Q6UXK5,LRRN1,THR,471,71.02,86.31
Q6UXK5,LRRN1,SER,473,54.29,90.75
Q6UXK5,LRRN1,LYS,475,52.35,92.81
Q6UXK5,LRRN1,TYR,476,25.31,94.94
Q6UXK5,LRRN1,LYS,477,95.5,94.81
Q6UXK5,LRRN1,SER,479,42.46,91.12
Q6UXK5,LRRN1,SER,480,74.34,86.94
Q6UXK5,LRRN1,SER,487,22.56,94.88
Q6UXK5,LRRN1,SER,494,41.78,89.69
Q6UXK5,LRRN1,THR,498,31.9,95.12
Q6UXK5,LRRN1,THR,509,75.16,93.75
Q6UXK5,LRRN1,THR,513,47.66,94.12
Q6UXK5,LRRN1,LYS,515,92.47,91.62
Q6UXK5,LRRN1,THR,519,113.84,46.34
Q6UXK5,LRRN1,THR,524,95.37,50.75
Q6UXK5,LRRN1,LYS,528,109.28,82.31
Q6UXK5,LRRN1,TYR,530,90.59,89.38
Q6UXK5,LRRN1,LYS,532,122.27,88.31
Q6UXK5,LRRN1,THR,534,30.98,89.94
Q6UXK5,LRRN1,SER,536,26.85,87.75
Q6UXK5,LRRN1,SER,538,24.34,88.88
Q6UXK5,LRRN1,SER,542,20.99,88.88
Q6UXK5,LRRN1,LYS,544,149.39,77.31
Q6UXK5,LRRN1,SER,547,68.76,51.41
Q6UXK5,LRRN1,THR,551,91.29,35.81
Q6UXK5,LRRN1,SER,552,88.73,39.88
Q6UXK5,LRRN1,LYS,555,151.47,56.97
Q6UXK5,LRRN1,SER,557,71.25,60.28
Q6UXK5,LRRN1,SER,558,42.92,74.0
Q6UXK5,LRRN1,THR,560,42.75,79.75
Q6UXK5,LRRN1,LYS,562,76.37,81.88
Q6UXK5,LRRN1,THR,569,83.51,77.88
Q6UXK5,LRRN1,TYR,570,123.86,73.44
Q6UXK5,LRRN1,THR,571,78.4,82.38
Q6UXK5,LRRN1,TYR,581,53.98,84.5
Q6UXK5,LRRN1,THR,584,69.39,83.44
Q6UXK5,LRRN1,SER,589,61.47,86.12
Q6UXK5,LRRN1,THR,590,22.9,86.31
Q6UXK5,LRRN1,THR,597,38.72,86.69
Q6UXK5,LRRN1,SER,599,21.35,76.88
Q6UXK5,LRRN1,THR,605,94.13,75.06
Q6UXK5,LRRN1,LYS,607,134.34,86.06
Q6UXK5,LRRN1,SER,608,14.88,87.94
Q6UXK5,LRRN1,CYS,609,54.46,90.19
Q6UXK5,LRRN1,THR,613,75.14,91.25
Q6UXK5,LRRN1,LYS,615,103.92,87.5
Q6UXK5,LRRN1,SER,624,103.23,33.94
Q6UXK5,LRRN1,THR,628,126.9,40.84
Q6UXK5,LRRN1,SER,629,73.42,50.81
Q6UXK5,LRRN1,THR,630,118.85,54.84
Q6UXK5,LRRN1,SER,638,59.26,74.88
Q6UXK5,LRRN1,SER,644,53.49,77.62
Q6UXK5,LRRN1,SER,647,64.42,76.12
Q6UXK5,LRRN1,TYR,651,129.56,78.31
Q6UXK5,LRRN1,LYS,654,145.93,63.44
Q6UXK5,LRRN1,LYS,657,167.47,51.53
Q6UXK5,LRRN1,LYS,659,174.98,44.19
Q6UXK5,LRRN1,TYR,661,191.12,38.06
Q6UXK5,LRRN1,SER,664,84.51,37.28
Q6UXK5,LRRN1,LYS,666,181.64,39.12
Q6UXK5,LRRN1,LYS,667,168.84,38.62
Q6UXK5,LRRN1,TYR,668,188.3,32.5
Q6UXK5,LRRN1,LYS,671,195.18,33.66
Q6UXK5,LRRN1,THR,672,93.59,33.88
Q6UXK5,LRRN1,SER,673,114.15,38.62
Q6UXK5,LRRN1,SER,674,66.07,41.44
Q6UXK5,LRRN1,TYR,681,90.24,36.91
Q6UXK5,LRRN1,SER,692,100.3,34.25
Q6UXK5,LRRN1,LYS,694,197.47,33.72
Q6UXK5,LRRN1,LYS,696,208.9,35.34
Q6UXK5,LRRN1,SER,699,113.72,34.75
Q6UXK5,LRRN1,THR,702,129.04,36.81
Q6UXK5,LRRN1,LYS,703,208.85,29.25
Q6UXK5,LRRN1,THR,705,127.0,31.42
Q6UXK5,LRRN1,THR,709,97.99,32.38
Q6UXK5,LRRN1,SER,710,91.6,31.38
Q6UXK5,LRRN1,SER,712,87.86,29.39
Q6UXK5,LRRN1,TYR,713,144.9,29.66
Q6UXK5,LRRN1,TYR,714,201.98,25.59
Q6ZMD2,SPNS3,SER,6,95.07,34.94
Q6ZMD2,SPNS3,CYS,9,96.92,33.91
Q6ZMD2,SPNS3,SER,21,100.16,33.53
Q6ZMD2,SPNS3,CYS,28,99.02,34.38
Q6ZMD2,SPNS3,THR,33,113.76,48.31
Q6ZMD2,SPNS3,THR,35,129.99,49.25
Q6ZMD2,SPNS3,SER,36,88.66,57.66
Q6ZMD2,SPNS3,SER,38,99.22,70.38
Q6ZMD2,SPNS3,TYR,45,112.1,95.62
Q6ZMD2,SPNS3,TYR,53,61.27,98.31
Q6ZMD2,SPNS3,TYR,59,40.37,96.75
Q6ZMD2,SPNS3,SER,79,45.63,92.44
Q6ZMD2,SPNS3,THR,88,23.97,96.44
Q6ZMD2,SPNS3,SER,92,48.78,96.44
Q6ZMD2,SPNS3,CYS,93,35.93,97.69
Q6ZMD2,SPNS3,SER,97,12.71,97.44
Q6ZMD2,SPNS3,TYR,103,112.71,86.88
Q6ZMD2,SPNS3,SER,109,46.37,90.44
Q6ZMD2,SPNS3,LYS,111,47.48,94.69
Q6ZMD2,SPNS3,THR,113,12.26,95.0
Q6ZMD2,SPNS3,SER,115,13.64,97.94
Q6ZMD2,SPNS3,SER,122,15.17,98.0
Q6ZMD2,SPNS3,SER,127,58.95,97.12
Q6ZMD2,SPNS3,SER,132,52.53,91.44
Q6ZMD2,SPNS3,TYR,135,105.89,90.19
Q6ZMD2,SPNS3,SER,136,29.14,89.94
Q6ZMD2,SPNS3,THR,148,37.11,98.19
Q6ZMD2,SPNS3,SER,154,43.7,93.0
Q6ZMD2,SPNS3,THR,155,40.45,90.44
Q6ZMD2,SPNS3,THR,159,66.04,88.38
Q6ZMD2,SPNS3,THR,171,92.14,80.94
Q6ZMD2,SPNS3,TYR,178,81.46,89.44
Q6ZMD2,SPNS3,THR,199,66.23,94.19
Q6ZMD2,SPNS3,CYS,211,82.75,97.19
Q6ZMD2,SPNS3,THR,234,125.11,52.75
Q6ZMD2,SPNS3,SER,245,26.8,68.25
Q6ZMD2,SPNS3,SER,246,54.84,82.56
Q6ZMD2,SPNS3,CYS,248,88.25,88.19
Q6ZMD2,SPNS3,TYR,253,70.26,91.75
Q6ZMD2,SPNS3,LYS,256,128.28,94.25
Q6ZMD2,SPNS3,THR,268,11.79,98.0
Q6ZMD2,SPNS3,THR,274,52.58,95.19
Q6ZMD2,SPNS3,CYS,298,31.51,86.69
Q6ZMD2,SPNS3,SER,304,74.16,84.31
Q6ZMD2,SPNS3,THR,315,13.23,96.56
Q6ZMD2,SPNS3,TYR,333,125.46,92.31
Q6ZMD2,SPNS3,LYS,334,108.69,88.25
Q6ZMD2,SPNS3,LYS,335,165.69,91.38
Q6ZMD2,SPNS3,SER,347,68.7,97.06
Q6ZMD2,SPNS3,CYS,355,11.13,97.81
Q6ZMD2,SPNS3,TYR,357,107.82,96.81
Q6ZMD2,SPNS3,THR,365,89.87,92.12
Q6ZMD2,SPNS3,THR,366,68.83,94.25
Q6ZMD2,SPNS3,TYR,371,27.06,96.38
Q6ZMD2,SPNS3,SER,382,15.78,94.06
Q6ZMD2,SPNS3,CYS,383,11.51,94.5
Q6ZMD2,SPNS3,SER,394,23.32,89.62
Q6ZMD2,SPNS3,THR,403,31.44,86.31
Q6ZMD2,SPNS3,THR,410,53.4,94.62
Q6ZMD2,SPNS3,TYR,422,78.52,96.69
Q6ZMD2,SPNS3,SER,429,21.78,94.19
Q6ZMD2,SPNS3,SER,438,49.73,88.31
Q6ZMD2,SPNS3,TYR,439,73.86,84.0
Q6ZMD2,SPNS3,CYS,452,34.31,92.12
Q6ZMD2,SPNS3,CYS,463,19.51,98.56
Q6ZMD2,SPNS3,TYR,470,72.93,95.06
Q6ZMD2,SPNS3,THR,476,74.39,89.56
Q6ZMD2,SPNS3,THR,483,105.33,43.28
Q6ZMD2,SPNS3,THR,485,105.27,31.38
Q6ZMD2,SPNS3,SER,488,98.02,32.0
Q6ZMD2,SPNS3,SER,493,92.68,33.5
Q6ZMD2,SPNS3,SER,503,95.4,34.22
Q6ZMD2,SPNS3,SER,508,100.69,27.61
Q6ZMD2,SPNS3,THR,509,118.82,32.59
Q6ZRH7,CATSPERG,CYS,2,138.45,32.03
Q6ZRH7,CATSPERG,SER,32,47.64,49.09
Q6ZRH7,CATSPERG,LYS,39,154.63,45.03
Q6ZRH7,CATSPERG,THR,45,71.39,89.19
Q6ZRH7,CATSPERG,LYS,54,160.31,89.06
Q6ZRH7,CATSPERG,SER,59,60.36,81.06
Q6ZRH7,CATSPERG,SER,62,77.24,88.06
Q6ZRH7,CATSPERG,SER,64,38.86,89.5
Q6ZRH7,CATSPERG,THR,73,63.72,76.56
Q6ZRH7,CATSPERG,SER,75,17.75,84.62
Q6ZRH7,CATSPERG,SER,76,73.8,86.06
Q6ZRH7,CATSPERG,SER,89,100.58,78.25
Q6ZRH7,CATSPERG,LYS,91,122.11,85.81
Q6ZRH7,CATSPERG,LYS,100,24.94,95.38
Q6ZRH7,CATSPERG,LYS,108,148.88,71.88
Q6ZRH7,CATSPERG,SER,110,40.32,77.81
Q6ZRH7,CATSPERG,THR,120,65.28,91.06
Q6ZRH7,CATSPERG,LYS,123,94.59,94.5
Q6ZRH7,CATSPERG,THR,129,18.68,95.81
Q6ZRH7,CATSPERG,SER,132,37.07,89.19
Q6ZRH7,CATSPERG,TYR,137,120.6,80.88
Q6ZRH7,CATSPERG,LYS,140,74.8,72.81
Q6ZRH7,CATSPERG,SER,155,26.92,88.5
Q6ZRH7,CATSPERG,LYS,156,104.58,85.62
Q6ZRH7,CATSPERG,CYS,159,59.11,73.56
Q6ZRH7,CATSPERG,CYS,165,34.39,80.19
Q6ZRH7,CATSPERG,SER,166,22.52,86.5
Q6ZRH7,CATSPERG,LYS,176,40.26,90.75
Q6ZRH7,CATSPERG,LYS,177,130.91,87.44
Q6ZRH7,CATSPERG,SER,187,33.38,94.81
Q6ZRH7,CATSPERG,SER,188,28.84,93.81
Q6ZRH7,CATSPERG,THR,193,32.68,85.0
Q6ZRH7,CATSPERG,LYS,198,60.34,91.75
Q6ZRH7,CATSPERG,LYS,209,95.22,91.19
Q6ZRH7,CATSPERG,THR,219,36.76,93.5
Q6ZRH7,CATSPERG,TYR,231,17.74,90.25
Q6ZRH7,CATSPERG,SER,236,62.27,93.44
Q6ZRH7,CATSPERG,LYS,259,47.19,94.12
Q6ZRH7,CATSPERG,TYR,260,26.82,95.25
Q6ZRH7,CATSPERG,THR,266,39.8,92.19
Q6ZRH7,CATSPERG,LYS,269,114.52,89.75
Q6ZRH7,CATSPERG,SER,272,19.46,94.38
Q6ZRH7,CATSPERG,SER,277,71.26,93.44
Q6ZRH7,CATSPERG,SER,280,51.55,73.12
Q6ZRH7,CATSPERG,CYS,281,59.99,70.75
Q6ZRH7,CATSPERG,SER,285,52.81,70.06
Q6ZRH7,CATSPERG,TYR,287,132.99,73.31
Q6ZRH7,CATSPERG,CYS,288,15.31,78.12
Q6ZRH7,CATSPERG,SER,291,131.69,67.62
Q6ZRH7,CATSPERG,THR,294,34.59,87.62
Q6ZRH7,CATSPERG,THR,296,15.3,93.12
Q6ZRH7,CATSPERG,TYR,298,96.58,93.81
Q6ZRH7,CATSPERG,TYR,317,23.69,96.81
Q6ZRH7,CATSPERG,THR,319,11.39,95.25
Q6ZRH7,CATSPERG,THR,321,61.34,92.19
Q6ZRH7,CATSPERG,THR,323,61.77,86.94
Q6ZRH7,CATSPERG,TYR,326,59.24,79.38
Q6ZRH7,CATSPERG,SER,332,19.8,86.19
Q6ZRH7,CATSPERG,SER,334,69.54,91.94
Q6ZRH7,CATSPERG,SER,341,106.73,84.94
Q6ZRH7,CATSPERG,CYS,343,12.85,89.19
Q6ZRH7,CATSPERG,LYS,345,60.71,92.31
Q6ZRH7,CATSPERG,LYS,346,51.45,95.06
Q6ZRH7,CATSPERG,TYR,351,12.11,93.5
Q6ZRH7,CATSPERG,SER,354,23.96,89.06
Q6ZRH7,CATSPERG,TYR,359,18.79,96.75
Q6ZRH7,CATSPERG,THR,365,46.55,88.88
Q6ZRH7,CATSPERG,LYS,367,147.75,85.88
Q6ZRH7,CATSPERG,TYR,371,34.43,95.0
Q6ZRH7,CATSPERG,THR,376,39.17,96.94
Q6ZRH7,CATSPERG,SER,383,70.47,95.94
Q6ZRH7,CATSPERG,CYS,394,12.01,90.75
Q6ZRH7,CATSPERG,THR,400,138.19,79.56
Q6ZRH7,CATSPERG,THR,401,89.86,84.44
Q6ZRH7,CATSPERG,CYS,402,11.85,90.75
Q6ZRH7,CATSPERG,SER,403,33.04,92.75
Q6ZRH7,CATSPERG,TYR,409,18.25,95.25
Q6ZRH7,CATSPERG,TYR,414,95.77,91.25
Q6ZRH7,CATSPERG,TYR,424,135.19,67.44
Q6ZRH7,CATSPERG,SER,428,43.95,73.88
Q6ZRH7,CATSPERG,LYS,429,118.05,85.88
Q6ZRH7,CATSPERG,SER,435,15.96,94.56
Q6ZRH7,CATSPERG,THR,438,27.18,92.69
Q6ZRH7,CATSPERG,SER,440,78.4,92.5
Q6ZRH7,CATSPERG,TYR,447,30.83,93.19
Q6ZRH7,CATSPERG,THR,467,125.42,86.12
Q6ZRH7,CATSPERG,SER,469,70.83,91.19
Q6ZRH7,CATSPERG,TYR,470,84.73,92.38
Q6ZRH7,CATSPERG,THR,471,27.96,93.25
Q6ZRH7,CATSPERG,SER,472,110.95,91.06
Q6ZRH7,CATSPERG,THR,473,43.46,92.69
Q6ZRH7,CATSPERG,LYS,478,67.45,95.44
Q6ZRH7,CATSPERG,TYR,485,23.44,91.44
Q6ZRH7,CATSPERG,SER,500,79.51,89.12
Q6ZRH7,CATSPERG,LYS,502,42.71,86.25
Q6ZRH7,CATSPERG,LYS,513,65.64,90.88
Q6ZRH7,CATSPERG,SER,516,28.34,96.38
Q6ZRH7,CATSPERG,LYS,518,45.96,95.56
Q6ZRH7,CATSPERG,TYR,519,10.07,95.62
Q6ZRH7,CATSPERG,SER,523,13.31,93.0
Q6ZRH7,CATSPERG,THR,534,87.87,95.06
Q6ZRH7,CATSPERG,TYR,539,14.63,95.56
Q6ZRH7,CATSPERG,SER,544,13.01,86.62
Q6ZRH7,CATSPERG,TYR,545,72.86,88.38
Q6ZRH7,CATSPERG,TYR,548,31.14,93.0
Q6ZRH7,CATSPERG,SER,553,18.46,93.06
Q6ZRH7,CATSPERG,LYS,554,134.99,91.19
Q6ZRH7,CATSPERG,SER,561,51.34,90.0
Q6ZRH7,CATSPERG,LYS,563,59.81,88.31
Q6ZRH7,CATSPERG,SER,568,24.88,83.12
Q6ZRH7,CATSPERG,SER,569,68.35,83.19
Q6ZRH7,CATSPERG,TYR,571,14.26,88.62
Q6ZRH7,CATSPERG,SER,573,117.74,81.81
Q6ZRH7,CATSPERG,THR,576,18.78,93.88
Q6ZRH7,CATSPERG,TYR,582,28.1,95.12
Q6ZRH7,CATSPERG,SER,585,59.32,87.94
Q6ZRH7,CATSPERG,LYS,586,118.78,91.75
Q6ZRH7,CATSPERG,TYR,588,44.58,96.62
Q6ZRH7,CATSPERG,LYS,598,168.5,79.62
Q6ZRH7,CATSPERG,LYS,603,42.66,94.75
Q6ZRH7,CATSPERG,TYR,614,48.77,88.81
Q6ZRH7,CATSPERG,THR,618,55.82,68.12
Q6ZRH7,CATSPERG,SER,619,60.77,66.25
Q6ZRH7,CATSPERG,TYR,621,124.16,68.31
Q6ZRH7,CATSPERG,LYS,626,108.44,70.38
Q6ZRH7,CATSPERG,TYR,629,140.7,79.56
Q6ZRH7,CATSPERG,SER,633,25.09,70.94
Q6ZRH7,CATSPERG,CYS,638,14.79,85.56
Q6ZRH7,CATSPERG,SER,641,68.82,83.81
Q6ZRH7,CATSPERG,SER,647,91.84,90.81
Q6ZRH7,CATSPERG,SER,650,53.05,90.56
Q6ZRH7,CATSPERG,TYR,654,19.78,93.12
Q6ZRH7,CATSPERG,SER,671,47.49,83.12
Q6ZRH7,CATSPERG,TYR,687,38.32,93.94
Q6ZRH7,CATSPERG,TYR,688,10.84,91.12
Q6ZRH7,CATSPERG,SER,694,78.71,85.12
Q6ZRH7,CATSPERG,LYS,698,52.21,75.19
Q6ZRH7,CATSPERG,TYR,700,34.51,81.12
Q6ZRH7,CATSPERG,LYS,716,119.31,70.69
Q6ZRH7,CATSPERG,TYR,721,122.32,87.44
Q6ZRH7,CATSPERG,TYR,722,33.47,85.69
Q6ZRH7,CATSPERG,SER,727,64.27,87.56
Q6ZRH7,CATSPERG,SER,731,11.7,85.44
Q6ZRH7,CATSPERG,SER,736,16.45,89.12
Q6ZRH7,CATSPERG,LYS,744,12.57,91.12
Q6ZRH7,CATSPERG,TYR,746,45.04,87.44
Q6ZRH7,CATSPERG,SER,750,31.11,81.62
Q6ZRH7,CATSPERG,TYR,752,171.11,85.38
Q6ZRH7,CATSPERG,LYS,762,50.23,90.81
Q6ZRH7,CATSPERG,THR,764,48.15,92.5
Q6ZRH7,CATSPERG,SER,767,46.27,96.25
Q6ZRH7,CATSPERG,SER,773,23.8,88.19
Q6ZRH7,CATSPERG,THR,781,101.47,47.16
Q6ZRH7,CATSPERG,SER,783,101.02,43.06
Q6ZRH7,CATSPERG,THR,787,105.73,44.38
Q6ZRH7,CATSPERG,SER,793,15.74,66.19
Q6ZRH7,CATSPERG,SER,810,67.97,96.31
Q6ZRH7,CATSPERG,LYS,812,150.01,95.25
Q6ZRH7,CATSPERG,SER,825,43.11,97.12
Q6ZRH7,CATSPERG,THR,827,34.5,96.88
Q6ZRH7,CATSPERG,LYS,829,72.87,95.88
Q6ZRH7,CATSPERG,LYS,831,89.57,94.38
Q6ZRH7,CATSPERG,LYS,832,116.98,91.19
Q6ZRH7,CATSPERG,CYS,834,47.7,80.12
Q6ZRH7,CATSPERG,TYR,835,38.46,77.25
Q6ZRH7,CATSPERG,SER,840,21.3,84.94
Q6ZRH7,CATSPERG,THR,850,14.48,93.44
Q6ZRH7,CATSPERG,SER,857,23.19,85.25
Q6ZRH7,CATSPERG,THR,864,47.27,78.56
Q6ZRH7,CATSPERG,LYS,886,44.4,88.25
Q6ZRH7,CATSPERG,THR,893,76.88,86.62
Q6ZRH7,CATSPERG,TYR,894,87.46,89.38
Q6ZRH7,CATSPERG,TYR,898,59.43,90.62
Q6ZRH7,CATSPERG,SER,899,10.14,89.75
Q6ZRH7,CATSPERG,LYS,902,114.22,89.69
Q6ZRH7,CATSPERG,LYS,904,181.53,84.81
Q6ZRH7,CATSPERG,TYR,906,199.15,69.31
Q6ZRH7,CATSPERG,CYS,909,15.85,77.81
Q6ZRH7,CATSPERG,TYR,926,27.58,92.94
Q6ZRH7,CATSPERG,THR,936,23.55,88.88
Q6ZRH7,CATSPERG,SER,939,65.11,88.5
Q6ZRH7,CATSPERG,SER,941,53.21,91.5
Q6ZRH7,CATSPERG,SER,945,23.83,93.25
Q6ZRH7,CATSPERG,THR,956,44.04,87.56
Q6ZRH7,CATSPERG,SER,959,52.03,90.12
Q6ZRH7,CATSPERG,LYS,961,113.04,93.69
Q6ZRH7,CATSPERG,TYR,963,13.29,95.56
Q6ZRH7,CATSPERG,SER,964,60.75,95.06
Q6ZRH7,CATSPERG,TYR,969,92.7,94.06
Q6ZRH7,CATSPERG,LYS,977,192.36,87.31
Q6ZRH7,CATSPERG,THR,978,70.05,89.38
Q6ZRH7,CATSPERG,THR,984,40.62,93.31
Q6ZRH7,CATSPERG,THR,985,13.83,92.88
Q6ZRH7,CATSPERG,THR,987,18.85,88.0
Q6ZRH7,CATSPERG,THR,988,131.58,84.88
Q6ZRH7,CATSPERG,THR,990,42.88,89.69
Q6ZRH7,CATSPERG,THR,991,25.72,88.0
Q6ZRH7,CATSPERG,LYS,992,221.24,84.62
Q6ZRH7,CATSPERG,SER,994,43.2,86.69
Q6ZRH7,CATSPERG,SER,1000,28.87,91.88
Q6ZRH7,CATSPERG,SER,1003,20.49,89.19
Q6ZRH7,CATSPERG,TYR,1017,64.6,89.25
Q6ZRH7,CATSPERG,LYS,1032,50.79,94.38
Q6ZRH7,CATSPERG,SER,1036,20.57,93.5
Q6ZRH7,CATSPERG,THR,1042,107.57,85.19
Q6ZRH7,CATSPERG,SER,1043,76.76,87.0
Q6ZRH7,CATSPERG,THR,1044,14.36,88.81
Q6ZRH7,CATSPERG,THR,1051,51.72,91.12
Q6ZRH7,CATSPERG,LYS,1064,161.15,86.88
Q6ZRH7,CATSPERG,SER,1073,59.78,87.25
Q6ZRH7,CATSPERG,SER,1075,76.41,90.0
Q6ZRH7,CATSPERG,TYR,1084,143.18,83.81
Q6ZRH7,CATSPERG,CYS,1088,56.11,78.75
Q6ZRH7,CATSPERG,LYS,1096,154.55,68.5
Q6ZRH7,CATSPERG,CYS,1098,63.32,62.88
Q6ZRH7,CATSPERG,THR,1099,78.35,63.12
Q6ZRH7,CATSPERG,LYS,1104,160.27,59.0
Q6ZRH7,CATSPERG,SER,1111,85.51,35.59
Q6ZRH7,CATSPERG,SER,1113,98.1,27.03
Q6ZRH7,CATSPERG,TYR,1114,196.8,24.39
Q6ZRH7,CATSPERG,TYR,1115,180.46,26.73
Q6ZRH7,CATSPERG,THR,1116,102.27,23.77
Q6ZRH7,CATSPERG,TYR,1117,219.41,25.27
Q6ZRH7,CATSPERG,SER,1119,89.96,24.81
Q6ZRH7,CATSPERG,SER,1121,110.69,28.72
Q6ZRH7,CATSPERG,SER,1124,85.36,30.8
Q6ZRH7,CATSPERG,SER,1125,103.58,29.73
Q6ZRH7,CATSPERG,SER,1128,77.03,29.12
Q6ZRH7,CATSPERG,SER,1132,92.42,26.75
Q6ZRH7,CATSPERG,SER,1136,104.38,26.12
Q6ZRH7,CATSPERG,SER,1139,102.45,33.28
Q6ZRH7,CATSPERG,SER,1140,113.52,27.14
Q6ZRH7,CATSPERG,THR,1143,102.14,29.45
Q6ZRH7,CATSPERG,LYS,1150,163.28,27.58
Q6ZRH7,CATSPERG,THR,1159,207.23,45.06
Q6ZVD7,STOX1,CYS,17,27.47,89.81
Q6ZVD7,STOX1,LYS,23,172.88,43.62
Q6ZVD7,STOX1,SER,58,64.11,93.62
Q6ZVD7,STOX1,THR,115,116.68,90.62
Q6ZVD7,STOX1,SER,117,39.61,86.62
Q6ZVD7,STOX1,CYS,128,14.18,90.25
Q6ZVD7,STOX1,SER,131,14.97,91.75
Q6ZVD7,STOX1,THR,135,67.86,88.25
Q6ZVD7,STOX1,THR,141,50.23,91.88
Q6ZVD7,STOX1,SER,144,30.77,91.38
Q6ZVD7,STOX1,LYS,151,152.43,81.19
Q6ZVD7,STOX1,TYR,153,74.2,71.5
Q6ZVD7,STOX1,SER,160,55.66,86.5
Q6ZVD7,STOX1,TYR,165,150.72,93.12
Q6ZVD7,STOX1,THR,166,84.5,93.56
Q6ZVD7,STOX1,THR,170,60.88,93.94
Q6ZVD7,STOX1,LYS,173,175.98,92.5
Q6ZVD7,STOX1,LYS,176,64.72,91.56
Q6ZVD7,STOX1,TYR,178,70.08,93.19
Q6ZVD7,STOX1,THR,180,73.27,87.75
Q6ZVD7,STOX1,TYR,184,24.75,94.12
Q6ZVD7,STOX1,THR,188,31.52,88.38
Q6ZVD7,STOX1,THR,191,50.45,82.19
Q6ZVD7,STOX1,TYR,192,89.36,67.94
Q6ZVD7,STOX1,THR,195,106.58,42.97
Q6ZVD7,STOX1,THR,197,130.78,37.66
Q6ZVD7,STOX1,THR,198,107.09,40.78
Q6ZVD7,STOX1,THR,199,139.25,39.19
Q6ZVD7,STOX1,LYS,203,171.34,39.41
Q6ZVD7,STOX1,SER,208,120.38,37.72
Q6ZVD7,STOX1,SER,211,103.37,30.55
Q6ZVD7,STOX1,SER,217,119.11,34.31
Q6ZVD7,STOX1,THR,219,128.69,36.5
Q6ZVD7,STOX1,TYR,220,162.92,38.91
Q6ZVD7,STOX1,SER,223,66.24,32.97
Q6ZVD7,STOX1,SER,226,102.91,28.16
Q6ZVD7,STOX1,CYS,227,125.49,32.06
Q6ZVD7,STOX1,SER,230,119.06,29.5
Q6ZVD7,STOX1,SER,239,74.55,58.81
Q6ZVD7,STOX1,CYS,241,54.85,68.44
Q6ZVD7,STOX1,SER,243,101.68,64.06
Q6ZVD7,STOX1,CYS,244,43.07,72.88
Q6ZVD7,STOX1,CYS,246,86.55,61.34
Q6ZVD7,STOX1,THR,252,99.33,35.69
Q6ZVD7,STOX1,THR,265,95.93,36.06
Q6ZVD7,STOX1,LYS,267,188.72,38.03
Q6ZVD7,STOX1,SER,268,72.18,33.12
Q6ZVD7,STOX1,SER,275,102.99,34.97
Q6ZVD7,STOX1,SER,277,93.38,26.7
Q6ZVD7,STOX1,SER,285,97.2,33.34
Q6ZVD7,STOX1,SER,287,107.44,33.38
Q6ZVD7,STOX1,CYS,293,100.73,35.34
Q6ZVD7,STOX1,SER,295,92.7,34.06
Q6ZVD7,STOX1,THR,296,113.43,34.66
Q6ZVD7,STOX1,LYS,297,184.51,34.91
Q6ZVD7,STOX1,TYR,301,198.7,30.62
Q6ZVD7,STOX1,THR,302,123.11,38.69
Q6ZVD7,STOX1,LYS,305,171.1,41.0
Q6ZVD7,STOX1,LYS,307,173.26,42.16
Q6ZVD7,STOX1,LYS,309,197.12,46.19
Q6ZVD7,STOX1,LYS,310,195.17,54.53
Q6ZVD7,STOX1,SER,314,96.25,41.25
Q6ZVD7,STOX1,SER,319,90.19,35.94
Q6ZVD7,STOX1,SER,321,98.39,44.47
Q6ZVD7,STOX1,LYS,323,202.99,42.84
Q6ZVD7,STOX1,LYS,325,168.64,41.03
Q6ZVD7,STOX1,LYS,327,191.37,33.78
Q6ZVD7,STOX1,THR,328,110.28,42.78
Q6ZVD7,STOX1,SER,331,104.88,41.16
Q6ZVD7,STOX1,SER,332,96.44,41.62
Q6ZVD7,STOX1,SER,334,92.23,38.84
Q6ZVD7,STOX1,LYS,363,140.42,73.56
Q6ZVD7,STOX1,THR,370,67.23,70.5
Q6ZVD7,STOX1,LYS,376,126.86,84.44
Q6ZVD7,STOX1,THR,378,78.88,87.06
Q6ZVD7,STOX1,LYS,383,128.46,88.69
Q6ZVD7,STOX1,TYR,384,143.24,82.31
Q6ZVD7,STOX1,LYS,388,133.7,74.75
Q6ZVD7,STOX1,LYS,389,146.23,72.75
Q6ZVD7,STOX1,TYR,390,174.3,63.03
Q6ZVD7,STOX1,SER,392,76.94,58.94
Q6ZVD7,STOX1,THR,395,123.51,40.16
Q6ZVD7,STOX1,SER,396,103.04,41.09
Q6ZVD7,STOX1,THR,397,126.62,40.84
Q6ZVD7,STOX1,THR,401,121.11,39.91
Q6ZVD7,STOX1,LYS,405,164.77,35.25
Q6ZVD7,STOX1,TYR,406,205.22,37.38
Q6ZVD7,STOX1,SER,408,103.44,40.5
Q6ZVD7,STOX1,LYS,409,199.13,39.12
Q6ZVD7,STOX1,LYS,413,189.02,41.5
Q6ZVD7,STOX1,LYS,414,184.04,41.69
Q6ZVD7,STOX1,SER,419,105.28,39.5
Q6ZVD7,STOX1,LYS,421,205.68,41.38
Q6ZVD7,STOX1,SER,428,108.08,41.84
Q6ZVD7,STOX1,LYS,434,190.75,41.09
Q6ZVD7,STOX1,SER,440,101.66,39.81
Q6ZVD7,STOX1,SER,446,92.21,28.25
Q6ZVD7,STOX1,LYS,451,170.74,33.91
Q6ZVD7,STOX1,LYS,454,177.95,28.28
Q6ZVD7,STOX1,THR,458,125.43,28.84
Q6ZVD7,STOX1,LYS,465,185.68,33.53
Q6ZVD7,STOX1,SER,466,107.26,32.91
Q6ZVD7,STOX1,LYS,474,186.2,30.06
Q6ZVD7,STOX1,THR,480,138.08,33.97
Q6ZVD7,STOX1,THR,481,113.48,30.64
Q6ZVD7,STOX1,SER,485,92.53,41.47
Q6ZVD7,STOX1,TYR,489,188.85,42.09
Q6ZVD7,STOX1,LYS,490,193.45,56.97
Q6ZVD7,STOX1,LYS,491,185.55,58.97
Q6ZVD7,STOX1,SER,494,92.29,64.25
Q6ZVD7,STOX1,SER,501,102.26,40.03
Q6ZVD7,STOX1,SER,505,80.38,33.72
Q6ZVD7,STOX1,THR,506,134.07,34.06
Q6ZVD7,STOX1,SER,508,102.59,41.88
Q6ZVD7,STOX1,LYS,509,212.1,39.31
Q6ZVD7,STOX1,LYS,512,179.62,36.53
Q6ZVD7,STOX1,LYS,515,181.58,37.34
Q6ZVD7,STOX1,THR,516,127.85,35.41
Q6ZVD7,STOX1,SER,517,112.89,41.59
Q6ZVD7,STOX1,LYS,520,184.73,35.62
Q6ZVD7,STOX1,SER,522,100.31,37.16
Q6ZVD7,STOX1,THR,524,140.89,39.72
Q6ZVD7,STOX1,LYS,527,173.05,39.06
Q6ZVD7,STOX1,LYS,529,164.95,37.78
Q6ZVD7,STOX1,LYS,533,189.68,31.67
Q6ZVD7,STOX1,SER,536,101.14,32.69
Q6ZVD7,STOX1,SER,539,116.8,34.0
Q6ZVD7,STOX1,SER,540,95.37,31.11
Q6ZVD7,STOX1,LYS,546,190.33,39.09
Q6ZVD7,STOX1,LYS,548,180.32,38.91
Q6ZVD7,STOX1,TYR,551,203.73,33.03
Q6ZVD7,STOX1,LYS,558,171.79,39.28
Q6ZVD7,STOX1,SER,563,101.04,39.66
Q6ZVD7,STOX1,TYR,565,192.06,35.41
Q6ZVD7,STOX1,THR,570,110.54,35.28
Q6ZVD7,STOX1,LYS,572,174.13,38.69
Q6ZVD7,STOX1,SER,584,121.69,33.84
Q6ZVD7,STOX1,SER,589,116.13,33.41
Q6ZVD7,STOX1,LYS,596,199.65,34.75
Q6ZVD7,STOX1,CYS,597,132.4,28.22
Q6ZVD7,STOX1,CYS,598,114.93,33.78
Q6ZVD7,STOX1,SER,603,117.71,32.03
Q6ZVD7,STOX1,TYR,607,180.87,37.56
Q6ZVD7,STOX1,TYR,610,213.34,36.97
Q6ZVD7,STOX1,LYS,623,150.77,33.03
Q6ZVD7,STOX1,SER,624,105.62,33.25
Q6ZVD7,STOX1,SER,626,81.69,31.27
Q6ZVD7,STOX1,LYS,630,175.06,36.66
Q6ZVD7,STOX1,THR,634,102.52,32.47
Q6ZVD7,STOX1,LYS,635,183.26,37.06
Q6ZVD7,STOX1,THR,637,131.38,31.59
Q6ZVD7,STOX1,SER,640,109.59,34.34
Q6ZVD7,STOX1,SER,643,105.05,34.25
Q6ZVD7,STOX1,SER,647,115.54,33.59
Q6ZVD7,STOX1,SER,649,111.8,29.67
Q6ZVD7,STOX1,THR,652,131.3,36.94
Q6ZVD7,STOX1,SER,654,70.55,58.47
Q6ZVD7,STOX1,CYS,656,89.04,52.25
Q6ZVD7,STOX1,THR,662,15.08,68.5
Q6ZVD7,STOX1,TYR,674,177.39,46.28
Q6ZVD7,STOX1,LYS,689,178.54,32.97
Q6ZVD7,STOX1,SER,691,122.45,36.5
Q6ZVD7,STOX1,LYS,697,212.92,36.94
Q6ZVD7,STOX1,THR,705,95.99,27.95
Q6ZVD7,STOX1,THR,706,62.84,28.69
Q6ZVD7,STOX1,SER,707,98.15,25.86
Q6ZVD7,STOX1,SER,714,91.23,31.06
Q6ZVD7,STOX1,TYR,721,204.71,27.95
Q6ZVD7,STOX1,CYS,732,131.77,29.91
Q6ZVD7,STOX1,SER,733,105.22,33.06
Q6ZVD7,STOX1,SER,734,99.75,30.95
Q6ZVD7,STOX1,TYR,736,171.82,40.12
Q6ZVD7,STOX1,SER,743,92.79,41.34
Q6ZVD7,STOX1,SER,756,96.07,35.25
Q6ZVD7,STOX1,TYR,758,211.08,34.09
Q6ZVD7,STOX1,SER,759,106.29,31.78
Q6ZVD7,STOX1,THR,761,134.05,32.12
Q6ZVD7,STOX1,SER,764,109.79,37.09
Q6ZVD7,STOX1,LYS,771,197.39,40.22
Q6ZVD7,STOX1,LYS,773,179.19,38.97
Q6ZVD7,STOX1,SER,778,96.83,31.61
Q6ZVD7,STOX1,THR,780,96.96,30.5
Q6ZVD7,STOX1,TYR,782,226.46,37.03
Q6ZVD7,STOX1,SER,784,103.13,34.53
Q6ZVD7,STOX1,THR,785,130.26,33.81
Q6ZVD7,STOX1,SER,791,93.33,29.72
Q6ZVD7,STOX1,LYS,795,180.51,32.44
Q6ZVD7,STOX1,CYS,799,111.08,29.0
Q6ZVD7,STOX1,TYR,800,231.33,34.06
Q6ZVD7,STOX1,LYS,801,195.33,32.81
Q6ZVD7,STOX1,THR,803,136.72,35.03
Q6ZVD7,STOX1,THR,808,122.41,30.12
Q6ZVD7,STOX1,SER,812,103.39,34.78
Q6ZVD7,STOX1,SER,818,93.49,30.12
Q6ZVD7,STOX1,SER,821,115.61,27.84
Q6ZVD7,STOX1,CYS,822,126.91,33.41
Q6ZVD7,STOX1,SER,826,113.78,34.41
Q6ZVD7,STOX1,TYR,834,223.38,36.62
Q6ZVD7,STOX1,SER,839,118.01,35.22
Q6ZVD7,STOX1,LYS,842,148.45,33.59
Q6ZVD7,STOX1,CYS,843,124.14,33.09
Q6ZVD7,STOX1,SER,847,117.95,35.88
Q6ZVD7,STOX1,TYR,857,199.07,32.28
Q6ZVD7,STOX1,TYR,858,227.19,34.97
Q6ZVD7,STOX1,SER,859,95.85,34.69
Q6ZVD7,STOX1,LYS,862,209.93,33.53
Q6ZVD7,STOX1,SER,864,93.58,31.56
Q6ZVD7,STOX1,THR,873,99.06,37.0
Q6ZVD7,STOX1,THR,877,121.2,41.0
Q6ZVD7,STOX1,LYS,879,212.76,45.31
Q6ZVD7,STOX1,LYS,880,195.16,30.77
Q6ZVD7,STOX1,SER,883,104.06,28.97
Q6ZVD7,STOX1,SER,885,95.47,36.03
Q6ZVD7,STOX1,SER,887,113.42,29.75
Q6ZVD7,STOX1,LYS,895,187.82,38.38
Q6ZVD7,STOX1,LYS,900,169.57,30.48
Q6ZVD7,STOX1,THR,906,144.88,34.53
Q6ZVD7,STOX1,SER,907,94.74,34.53
Q6ZVD7,STOX1,TYR,918,193.16,32.91
Q6ZVD7,STOX1,SER,921,101.17,38.5
Q6ZVD7,STOX1,THR,926,125.55,42.06
Q6ZVD7,STOX1,SER,930,111.39,40.0
Q6ZVD7,STOX1,SER,935,110.32,57.56
Q6ZVD7,STOX1,SER,939,97.51,36.66
Q6ZVD7,STOX1,THR,942,123.92,35.81
Q6ZVD7,STOX1,SER,944,108.61,33.5
Q6ZVD7,STOX1,SER,947,93.68,42.34
Q6ZVD7,STOX1,SER,950,88.05,41.31
Q6ZVD7,STOX1,LYS,957,150.6,48.41
Q6ZVD7,STOX1,THR,969,147.54,39.16
Q6ZVD7,STOX1,LYS,970,206.59,35.59
Q6ZVD7,STOX1,SER,971,119.1,38.53
Q6ZVD7,STOX1,SER,972,109.1,30.14
Q6ZVD7,STOX1,THR,976,118.44,38.91
Q6ZVD7,STOX1,SER,977,110.16,31.19
Q6ZVD7,STOX1,SER,979,91.1,34.38
Q6ZVD7,STOX1,THR,984,83.53,59.53
Q6ZWE6,PLEKHM3,SER,10,92.56,31.11
Q6ZWE6,PLEKHM3,THR,16,34.55,45.53
Q6ZWE6,PLEKHM3,SER,21,46.48,42.97
Q6ZWE6,PLEKHM3,THR,22,96.21,43.72
Q6ZWE6,PLEKHM3,SER,25,58.67,38.78
Q6ZWE6,PLEKHM3,LYS,29,163.48,36.81
Q6ZWE6,PLEKHM3,TYR,37,197.62,29.86
Q6ZWE6,PLEKHM3,SER,52,116.91,31.81
Q6ZWE6,PLEKHM3,THR,55,117.43,32.0
Q6ZWE6,PLEKHM3,THR,64,122.71,29.64
Q6ZWE6,PLEKHM3,SER,65,100.42,36.22
Q6ZWE6,PLEKHM3,LYS,68,202.12,35.03
Q6ZWE6,PLEKHM3,CYS,76,135.85,27.19
Q6ZWE6,PLEKHM3,LYS,77,189.85,28.22
Q6ZWE6,PLEKHM3,SER,78,111.16,32.09
Q6ZWE6,PLEKHM3,THR,83,142.27,30.95
Q6ZWE6,PLEKHM3,LYS,84,180.19,26.83
Q6ZWE6,PLEKHM3,LYS,92,191.09,31.41
Q6ZWE6,PLEKHM3,THR,101,138.0,32.31
Q6ZWE6,PLEKHM3,THR,102,122.6,29.66
Q6ZWE6,PLEKHM3,SER,107,113.55,27.97
Q6ZWE6,PLEKHM3,LYS,112,179.53,27.19
Q6ZWE6,PLEKHM3,SER,115,81.74,29.05
Q6ZWE6,PLEKHM3,THR,116,137.34,27.33
Q6ZWE6,PLEKHM3,CYS,123,82.04,29.86
Q6ZWE6,PLEKHM3,SER,132,107.63,32.44
Q6ZWE6,PLEKHM3,THR,140,121.61,26.67
Q6ZWE6,PLEKHM3,SER,141,113.84,32.25
Q6ZWE6,PLEKHM3,THR,142,119.2,28.41
Q6ZWE6,PLEKHM3,LYS,144,189.58,33.72
Q6ZWE6,PLEKHM3,SER,150,105.49,27.08
Q6ZWE6,PLEKHM3,SER,152,97.41,29.14
Q6ZWE6,PLEKHM3,THR,155,116.3,32.66
Q6ZWE6,PLEKHM3,LYS,164,186.54,26.19
Q6ZWE6,PLEKHM3,THR,165,137.56,28.33
Q6ZWE6,PLEKHM3,THR,166,121.03,30.02
Q6ZWE6,PLEKHM3,THR,184,125.95,31.3
Q6ZWE6,PLEKHM3,SER,187,64.86,27.03
Q6ZWE6,PLEKHM3,SER,192,106.96,26.94
Q6ZWE6,PLEKHM3,LYS,195,193.26,28.03
Q6ZWE6,PLEKHM3,THR,203,142.32,36.09
Q6ZWE6,PLEKHM3,LYS,206,185.4,29.17
Q6ZWE6,PLEKHM3,THR,208,107.8,30.02
Q6ZWE6,PLEKHM3,LYS,214,32.61,88.44
Q6ZWE6,PLEKHM3,LYS,215,118.83,89.81
Q6ZWE6,PLEKHM3,TYR,217,141.92,88.81
Q6ZWE6,PLEKHM3,LYS,222,93.59,77.12
Q6ZWE6,PLEKHM3,SER,226,46.67,70.19
Q6ZWE6,PLEKHM3,TYR,227,136.9,76.75
Q6ZWE6,PLEKHM3,SER,230,89.31,84.69
Q6ZWE6,PLEKHM3,TYR,232,26.5,88.62
Q6ZWE6,PLEKHM3,SER,236,10.82,86.0
Q6ZWE6,PLEKHM3,TYR,238,165.33,81.69
Q6ZWE6,PLEKHM3,TYR,241,57.38,89.0
Q6ZWE6,PLEKHM3,TYR,243,36.61,85.94
Q6ZWE6,PLEKHM3,SER,244,44.54,79.5
Q6ZWE6,PLEKHM3,SER,247,131.93,51.47
Q6ZWE6,PLEKHM3,SER,248,82.22,48.16
Q6ZWE6,PLEKHM3,TYR,254,90.05,80.12
Q6ZWE6,PLEKHM3,THR,256,67.64,87.25
Q6ZWE6,PLEKHM3,TYR,257,38.8,85.88
Q6ZWE6,PLEKHM3,SER,260,65.44,78.5
Q6ZWE6,PLEKHM3,SER,264,54.6,78.56
Q6ZWE6,PLEKHM3,SER,266,56.69,78.06
Q6ZWE6,PLEKHM3,TYR,281,142.18,76.81
Q6ZWE6,PLEKHM3,THR,284,28.15,79.56
Q6ZWE6,PLEKHM3,LYS,289,67.5,89.06
Q6ZWE6,PLEKHM3,SER,292,37.75,82.5
Q6ZWE6,PLEKHM3,LYS,302,68.59,86.5
Q6ZWE6,PLEKHM3,TYR,314,210.73,29.06
Q6ZWE6,PLEKHM3,THR,322,127.25,32.94
Q6ZWE6,PLEKHM3,SER,324,104.83,30.64
Q6ZWE6,PLEKHM3,TYR,333,191.91,30.88
Q6ZWE6,PLEKHM3,THR,334,113.62,26.17
Q6ZWE6,PLEKHM3,SER,338,94.67,23.05
Q6ZWE6,PLEKHM3,LYS,341,204.37,26.97
Q6ZWE6,PLEKHM3,LYS,342,192.18,25.64
Q6ZWE6,PLEKHM3,THR,343,137.86,25.66
Q6ZWE6,PLEKHM3,SER,344,116.26,28.7
Q6ZWE6,PLEKHM3,SER,350,88.36,24.34
Q6ZWE6,PLEKHM3,SER,355,86.3,26.84
Q6ZWE6,PLEKHM3,SER,356,84.4,31.23
Q6ZWE6,PLEKHM3,LYS,357,119.22,39.97
Q6ZWE6,PLEKHM3,TYR,359,58.69,51.84
Q6ZWE6,PLEKHM3,LYS,364,41.41,89.56
Q6ZWE6,PLEKHM3,SER,365,64.41,89.88
Q6ZWE6,PLEKHM3,THR,367,77.36,91.0
Q6ZWE6,PLEKHM3,TYR,369,89.98,90.88
Q6ZWE6,PLEKHM3,THR,372,28.78,81.69
Q6ZWE6,PLEKHM3,LYS,378,103.57,86.75
Q6ZWE6,PLEKHM3,THR,381,20.09,89.81
Q6ZWE6,PLEKHM3,TYR,388,103.66,89.69
Q6ZWE6,PLEKHM3,LYS,396,79.43,62.94
Q6ZWE6,PLEKHM3,SER,404,54.01,88.25
Q6ZWE6,PLEKHM3,TYR,405,29.73,87.81
Q6ZWE6,PLEKHM3,CYS,421,31.99,70.38
Q6ZWE6,PLEKHM3,THR,440,64.32,89.69
Q6ZWE6,PLEKHM3,LYS,452,81.44,93.06
Q6ZWE6,PLEKHM3,SER,460,61.57,69.81
Q6ZWE6,PLEKHM3,SER,461,73.01,60.69
Q6ZWE6,PLEKHM3,THR,468,84.83,30.75
Q6ZWE6,PLEKHM3,LYS,472,204.04,29.47
Q6ZWE6,PLEKHM3,LYS,474,188.43,33.09
Q6ZWE6,PLEKHM3,LYS,484,105.06,43.78
Q6ZWE6,PLEKHM3,LYS,486,132.38,42.44
Q6ZWE6,PLEKHM3,SER,489,72.3,61.44
Q6ZWE6,PLEKHM3,THR,491,37.19,70.31
Q6ZWE6,PLEKHM3,THR,492,63.27,72.38
Q6ZWE6,PLEKHM3,SER,493,61.54,82.62
Q6ZWE6,PLEKHM3,SER,496,83.74,90.25
Q6ZWE6,PLEKHM3,THR,499,20.74,92.88
Q6ZWE6,PLEKHM3,THR,500,76.02,93.12
Q6ZWE6,PLEKHM3,SER,502,36.66,90.25
Q6ZWE6,PLEKHM3,THR,508,103.59,89.5
Q6ZWE6,PLEKHM3,SER,511,72.14,90.94
Q6ZWE6,PLEKHM3,LYS,513,62.23,92.12
Q6ZWE6,PLEKHM3,CYS,517,59.76,92.25
Q6ZWE6,PLEKHM3,SER,520,52.1,91.56
Q6ZWE6,PLEKHM3,SER,524,103.73,77.62
Q6ZWE6,PLEKHM3,LYS,527,185.99,88.75
Q6ZWE6,PLEKHM3,LYS,529,57.52,94.31
Q6ZWE6,PLEKHM3,TYR,537,39.3,94.5
Q6ZWE6,PLEKHM3,SER,540,62.76,94.0
Q6ZWE6,PLEKHM3,SER,541,68.78,94.0
Q6ZWE6,PLEKHM3,CYS,542,19.81,94.88
Q6ZWE6,PLEKHM3,SER,547,59.42,96.94
Q6ZWE6,PLEKHM3,THR,560,59.87,95.75
Q6ZWE6,PLEKHM3,SER,561,55.47,96.56
Q6ZWE6,PLEKHM3,LYS,562,124.72,96.5
Q6ZWE6,PLEKHM3,TYR,563,56.9,97.19
Q6ZWE6,PLEKHM3,LYS,564,102.92,97.69
Q6ZWE6,PLEKHM3,LYS,567,79.17,95.81
Q6ZWE6,PLEKHM3,LYS,570,57.56,95.94
Q6ZWE6,PLEKHM3,TYR,575,135.76,93.88
Q6ZWE6,PLEKHM3,TYR,577,56.19,96.06
Q6ZWE6,PLEKHM3,TYR,592,15.04,95.94
Q6ZWE6,PLEKHM3,LYS,609,21.9,91.25
Q6ZWE6,PLEKHM3,SER,617,54.54,92.0
Q6ZWE6,PLEKHM3,CYS,618,20.23,92.94
Q6ZWE6,PLEKHM3,TYR,635,31.07,92.25
Q6ZWE6,PLEKHM3,LYS,655,120.42,97.44
Q6ZWE6,PLEKHM3,LYS,662,152.47,96.5
Q6ZWE6,PLEKHM3,LYS,665,157.24,96.56
Q6ZWE6,PLEKHM3,THR,668,25.74,95.31
Q6ZWE6,PLEKHM3,SER,669,68.5,95.75
Q6ZWE6,PLEKHM3,TYR,672,119.76,94.0
Q6ZWE6,PLEKHM3,SER,673,95.09,93.69
Q6ZWE6,PLEKHM3,CYS,674,13.27,95.25
Q6ZWE6,PLEKHM3,SER,675,71.01,92.69
Q6ZWE6,PLEKHM3,SER,678,29.07,89.94
Q6ZWE6,PLEKHM3,LYS,680,62.94,90.19
Q6ZWE6,PLEKHM3,CYS,687,59.4,91.88
Q6ZWE6,PLEKHM3,SER,700,60.6,89.25
Q6ZWE6,PLEKHM3,THR,701,10.17,90.94
Q6ZWE6,PLEKHM3,SER,702,25.19,89.25
Q6ZWE6,PLEKHM3,SER,706,93.69,83.88
Q6ZWE6,PLEKHM3,SER,713,28.59,91.5
Q6ZWE6,PLEKHM3,CYS,715,17.93,91.94
Q6ZWE6,PLEKHM3,LYS,716,55.31,87.38
Q6ZWE6,PLEKHM3,LYS,718,156.61,83.12
Q6ZWE6,PLEKHM3,SER,719,34.48,72.0
Q6ZWE6,PLEKHM3,CYS,722,15.64,89.62
Q6ZWE6,PLEKHM3,CYS,725,29.49,90.31
Q6ZWE6,PLEKHM3,LYS,732,153.86,79.44
Q6ZWE6,PLEKHM3,LYS,733,121.52,70.88
Q6ZWE6,PLEKHM3,LYS,735,150.93,59.12
Q6ZWE6,PLEKHM3,SER,736,46.08,58.56
Q6ZWE6,PLEKHM3,SER,746,104.01,38.59
Q6ZWE6,PLEKHM3,CYS,751,123.74,43.5
Q6ZWE6,PLEKHM3,THR,752,122.32,41.47
Q6ZWE6,PLEKHM3,SER,757,97.24,37.12
Q6ZWE6,PLEKHM3,TYR,758,229.64,36.94
Q6ZWE6,PLEKHM3,THR,761,201.85,40.0
Q6ZXV5,TMTC3,LYS,7,174.52,95.81
Q6ZXV5,TMTC3,THR,10,86.89,97.81
Q6ZXV5,TMTC3,THR,17,46.74,98.56
Q6ZXV5,TMTC3,SER,34,51.18,92.44
Q6ZXV5,TMTC3,LYS,40,162.54,92.5
Q6ZXV5,TMTC3,SER,45,97.85,90.75
Q6ZXV5,TMTC3,THR,46,25.17,91.31
Q6ZXV5,TMTC3,LYS,49,147.79,94.94
Q6ZXV5,TMTC3,THR,50,29.3,93.19
Q6ZXV5,TMTC3,THR,59,25.22,88.56
Q6ZXV5,TMTC3,SER,62,83.22,79.94
Q6ZXV5,TMTC3,LYS,68,19.57,84.75
Q6ZXV5,TMTC3,SER,69,21.98,89.38
Q6ZXV5,TMTC3,TYR,70,16.13,92.81
Q6ZXV5,TMTC3,THR,77,26.49,97.81
Q6ZXV5,TMTC3,TYR,82,30.86,97.38
Q6ZXV5,TMTC3,SER,85,25.01,96.56
Q6ZXV5,TMTC3,LYS,88,140.59,97.5
Q6ZXV5,TMTC3,SER,91,25.9,98.12
Q6ZXV5,TMTC3,LYS,109,62.57,97.31
Q6ZXV5,TMTC3,LYS,112,32.97,97.0
Q6ZXV5,TMTC3,LYS,118,143.63,95.25
Q6ZXV5,TMTC3,SER,158,10.83,97.12
Q6ZXV5,TMTC3,THR,160,27.87,95.25
Q6ZXV5,TMTC3,LYS,163,72.59,89.81
Q6ZXV5,TMTC3,SER,168,49.28,88.0
Q6ZXV5,TMTC3,THR,172,106.79,96.5
Q6ZXV5,TMTC3,THR,193,17.03,96.44
Q6ZXV5,TMTC3,CYS,199,22.39,96.31
Q6ZXV5,TMTC3,TYR,201,25.93,96.38
Q6ZXV5,TMTC3,TYR,209,23.68,90.12
Q6ZXV5,TMTC3,THR,210,17.68,92.12
Q6ZXV5,TMTC3,CYS,215,76.53,90.44
Q6ZXV5,TMTC3,THR,216,79.78,89.31
Q6ZXV5,TMTC3,THR,217,23.9,86.31
Q6ZXV5,TMTC3,LYS,225,162.94,72.88
Q6ZXV5,TMTC3,SER,227,108.38,79.94
Q6ZXV5,TMTC3,SER,231,23.74,85.94
Q6ZXV5,TMTC3,SER,245,19.79,94.44
Q6ZXV5,TMTC3,THR,246,20.47,94.25
Q6ZXV5,TMTC3,SER,259,84.76,77.06
Q6ZXV5,TMTC3,THR,265,74.07,70.75
Q6ZXV5,TMTC3,THR,276,88.06,93.75
Q6ZXV5,TMTC3,THR,278,12.8,96.25
Q6ZXV5,TMTC3,TYR,285,35.06,97.38
Q6ZXV5,TMTC3,SER,298,57.33,91.06
Q6ZXV5,TMTC3,CYS,302,12.77,93.44
Q6ZXV5,TMTC3,THR,308,19.32,87.12
Q6ZXV5,TMTC3,SER,314,52.78,96.06
Q6ZXV5,TMTC3,THR,323,14.42,97.62
Q6ZXV5,TMTC3,THR,325,78.35,97.5
Q6ZXV5,TMTC3,CYS,328,49.67,98.0
Q6ZXV5,TMTC3,TYR,340,125.27,91.88
Q6ZXV5,TMTC3,SER,341,71.05,87.44
Q6ZXV5,TMTC3,SER,344,28.98,94.88
Q6ZXV5,TMTC3,LYS,346,54.67,95.25
Q6ZXV5,TMTC3,CYS,353,13.54,97.19
Q6ZXV5,TMTC3,LYS,395,109.19,94.75
Q6ZXV5,TMTC3,SER,397,12.65,95.06
Q6ZXV5,TMTC3,THR,398,105.72,93.25
Q6ZXV5,TMTC3,LYS,399,129.91,93.69
Q6ZXV5,TMTC3,SER,400,101.68,89.44
Q6ZXV5,TMTC3,LYS,403,115.12,94.19
Q6ZXV5,TMTC3,LYS,404,161.71,95.38
Q6ZXV5,TMTC3,CYS,409,60.87,96.81
Q6ZXV5,TMTC3,SER,411,63.52,97.31
Q6ZXV5,TMTC3,THR,416,70.7,97.56
Q6ZXV5,TMTC3,SER,418,22.38,98.38
Q6ZXV5,TMTC3,LYS,420,68.04,97.69
Q6ZXV5,TMTC3,SER,430,41.48,96.5
Q6ZXV5,TMTC3,TYR,432,72.04,96.75
Q6ZXV5,TMTC3,THR,433,41.13,96.94
Q6ZXV5,TMTC3,LYS,440,157.97,93.81
Q6ZXV5,TMTC3,LYS,443,134.83,91.44
Q6ZXV5,TMTC3,LYS,447,69.22,92.06
Q6ZXV5,TMTC3,LYS,460,163.82,94.94
Q6ZXV5,TMTC3,LYS,467,143.69,98.06
Q6ZXV5,TMTC3,TYR,468,40.79,97.94
Q6ZXV5,TMTC3,THR,473,16.27,95.44
Q6ZXV5,TMTC3,TYR,490,28.07,98.06
Q6ZXV5,TMTC3,LYS,491,94.69,96.0
Q6ZXV5,TMTC3,THR,496,70.64,95.94
Q6ZXV5,TMTC3,LYS,497,165.92,96.75
Q6ZXV5,TMTC3,SER,502,13.25,97.44
Q6ZXV5,TMTC3,LYS,507,52.78,94.19
Q6ZXV5,TMTC3,SER,508,81.86,93.75
Q6ZXV5,TMTC3,LYS,517,140.24,62.62
Q6ZXV5,TMTC3,LYS,518,192.14,55.0
Q6ZXV5,TMTC3,TYR,519,27.14,59.22
Q6ZXV5,TMTC3,TYR,531,12.39,95.25
Q6ZXV5,TMTC3,SER,543,95.71,95.06
Q6ZXV5,TMTC3,SER,557,69.49,87.56
Q6ZXV5,TMTC3,LYS,563,67.65,90.62
Q6ZXV5,TMTC3,TYR,566,24.37,96.5
Q6ZXV5,TMTC3,LYS,575,93.89,93.69
Q6ZXV5,TMTC3,LYS,578,73.42,96.44
Q6ZXV5,TMTC3,LYS,581,107.37,96.88
Q6ZXV5,TMTC3,LYS,583,53.33,97.31
Q6ZXV5,TMTC3,LYS,588,97.19,96.19
Q6ZXV5,TMTC3,TYR,601,23.36,97.38
Q6ZXV5,TMTC3,LYS,611,139.83,93.5
Q6ZXV5,TMTC3,LYS,618,159.39,91.06
Q6ZXV5,TMTC3,LYS,619,118.08,93.0
Q6ZXV5,TMTC3,LYS,630,130.23,95.12
Q6ZXV5,TMTC3,LYS,632,81.99,96.19
Q6ZXV5,TMTC3,SER,645,55.35,90.62
Q6ZXV5,TMTC3,LYS,649,154.48,93.62
Q6ZXV5,TMTC3,LYS,656,130.04,96.81
Q6ZXV5,TMTC3,SER,660,41.66,97.19
Q6ZXV5,TMTC3,TYR,661,12.74,97.69
Q6ZXV5,TMTC3,TYR,672,23.75,98.06
Q6ZXV5,TMTC3,LYS,683,179.37,91.44
Q6ZXV5,TMTC3,LYS,684,101.58,94.38
Q6ZXV5,TMTC3,LYS,693,94.91,97.12
Q6ZXV5,TMTC3,LYS,694,90.2,97.31
Q6ZXV5,TMTC3,LYS,697,180.43,97.25
Q6ZXV5,TMTC3,SER,704,47.09,95.44
Q6ZXV5,TMTC3,SER,714,30.9,90.19
Q6ZXV5,TMTC3,THR,716,36.75,88.81
Q6ZXV5,TMTC3,LYS,718,72.68,87.94
Q6ZXV5,TMTC3,LYS,721,111.6,92.0
Q6ZXV5,TMTC3,TYR,732,96.89,95.44
Q6ZXV5,TMTC3,TYR,733,41.75,96.12
Q6ZXV5,TMTC3,LYS,738,139.85,94.69
Q6ZXV5,TMTC3,LYS,743,34.58,95.88
Q6ZXV5,TMTC3,LYS,751,125.34,88.75
Q6ZXV5,TMTC3,LYS,752,169.54,87.88
Q6ZXV5,TMTC3,LYS,758,35.15,94.94
Q6ZXV5,TMTC3,LYS,759,131.76,94.94
Q6ZXV5,TMTC3,CYS,760,10.27,94.69
Q6ZXV5,TMTC3,SER,770,77.25,89.88
Q6ZXV5,TMTC3,LYS,775,31.75,94.12
Q6ZXV5,TMTC3,TYR,782,19.86,93.31
Q6ZXV5,TMTC3,LYS,786,178.1,88.25
Q6ZXV5,TMTC3,LYS,790,88.65,92.62
Q6ZXV5,TMTC3,CYS,794,10.68,93.62
Q6ZXV5,TMTC3,TYR,807,71.76,90.31
Q6ZXV5,TMTC3,LYS,818,109.47,86.88
Q6ZXV5,TMTC3,SER,820,68.68,83.0
Q6ZXV5,TMTC3,SER,821,73.76,76.81
Q6ZXV5,TMTC3,SER,822,70.62,63.44
Q6ZXV5,TMTC3,SER,823,87.22,53.06
Q6ZXV5,TMTC3,THR,831,117.06,28.53
Q6ZXV5,TMTC3,SER,832,95.04,28.34
Q6ZXV5,TMTC3,LYS,833,181.53,28.88
Q6ZXV5,TMTC3,SER,835,116.88,32.38
Q6ZXV5,TMTC3,SER,836,93.54,26.94
Q6ZXV5,TMTC3,LYS,840,214.96,31.0
Q6ZXV5,TMTC3,LYS,841,202.77,31.02
Q6ZXV5,TMTC3,THR,844,121.92,28.91
Q6ZXV5,TMTC3,SER,846,103.35,28.64
Q6ZXV5,TMTC3,LYS,848,192.75,33.25
Q6ZXV5,TMTC3,SER,854,103.5,26.3
Q6ZXV5,TMTC3,THR,857,148.24,29.67
Q6ZXV5,TMTC3,LYS,861,189.53,27.5
Q6ZXV5,TMTC3,THR,862,147.46,28.28
Q6ZXV5,TMTC3,SER,863,105.72,28.75
Q6ZXV5,TMTC3,LYS,866,208.04,31.05
Q6ZXV5,TMTC3,SER,867,95.14,27.0
Q6ZXV5,TMTC3,SER,869,98.5,25.06
Q6ZXV5,TMTC3,LYS,870,208.51,29.95
Q6ZXV5,TMTC3,SER,871,94.08,24.88
Q6ZXV5,TMTC3,LYS,873,176.42,29.77
Q6ZXV5,TMTC3,LYS,877,189.94,25.64
Q6ZXV5,TMTC3,THR,883,110.56,29.61
Q6ZXV5,TMTC3,LYS,886,162.11,38.47
Q6ZXV5,TMTC3,THR,887,90.09,40.66
Q6ZXV5,TMTC3,THR,888,101.63,45.53
Q6ZXV5,TMTC3,LYS,889,171.99,49.22
Q6ZXV5,TMTC3,LYS,892,141.88,56.44
Q6ZXV5,TMTC3,LYS,896,162.66,66.5
Q6ZXV5,TMTC3,LYS,897,134.3,63.47
Q6ZXV5,TMTC3,LYS,903,140.25,66.56
Q70SY1,CREB3L2,SER,6,126.99,42.34
Q70SY1,CREB3L2,LYS,17,151.18,45.03
Q70SY1,CREB3L2,SER,19,68.58,47.41
Q70SY1,CREB3L2,SER,22,86.42,41.03
Q70SY1,CREB3L2,TYR,32,189.33,39.66
Q70SY1,CREB3L2,THR,34,95.22,48.78
Q70SY1,CREB3L2,SER,37,72.07,59.06
Q70SY1,CREB3L2,SER,44,48.11,62.56
Q70SY1,CREB3L2,SER,58,72.89,51.59
Q70SY1,CREB3L2,LYS,60,192.9,48.47
Q70SY1,CREB3L2,SER,61,95.41,44.53
Q70SY1,CREB3L2,SER,63,106.2,43.62
Q70SY1,CREB3L2,SER,69,86.8,36.5
Q70SY1,CREB3L2,THR,71,136.62,43.94
Q70SY1,CREB3L2,SER,72,106.99,39.44
Q70SY1,CREB3L2,SER,82,110.69,62.25
Q70SY1,CREB3L2,TYR,83,214.7,44.56
Q70SY1,CREB3L2,SER,84,116.98,58.84
Q70SY1,CREB3L2,CYS,86,129.01,53.28
Q70SY1,CREB3L2,SER,93,106.32,38.16
Q70SY1,CREB3L2,THR,96,111.15,42.53
Q70SY1,CREB3L2,THR,99,122.81,43.0
Q70SY1,CREB3L2,THR,100,134.9,35.97
Q70SY1,CREB3L2,SER,101,102.23,43.06
Q70SY1,CREB3L2,SER,103,88.43,47.62
Q70SY1,CREB3L2,SER,111,86.48,35.84
Q70SY1,CREB3L2,LYS,113,143.16,36.59
Q70SY1,CREB3L2,TYR,115,168.91,31.09
Q70SY1,CREB3L2,SER,117,99.82,30.92
Q70SY1,CREB3L2,THR,118,115.98,36.38
Q70SY1,CREB3L2,SER,122,118.07,31.19
Q70SY1,CREB3L2,THR,123,125.58,38.41
Q70SY1,CREB3L2,SER,124,105.56,40.03
Q70SY1,CREB3L2,LYS,126,190.23,48.09
Q70SY1,CREB3L2,THR,127,105.7,44.09
Q70SY1,CREB3L2,THR,131,131.38,38.34
Q70SY1,CREB3L2,SER,141,100.81,48.59
Q70SY1,CREB3L2,THR,143,111.93,44.56
Q70SY1,CREB3L2,THR,145,110.93,40.38
Q70SY1,CREB3L2,THR,147,98.24,39.94
Q70SY1,CREB3L2,SER,150,94.42,44.09
Q70SY1,CREB3L2,THR,151,122.55,46.12
Q70SY1,CREB3L2,LYS,155,194.61,34.78
Q70SY1,CREB3L2,THR,164,140.35,38.84
Q70SY1,CREB3L2,SER,168,115.74,41.25
Q70SY1,CREB3L2,SER,169,110.46,37.81
Q70SY1,CREB3L2,CYS,170,127.15,35.06
Q70SY1,CREB3L2,THR,172,115.13,38.41
Q70SY1,CREB3L2,LYS,176,197.97,44.69
Q70SY1,CREB3L2,LYS,178,180.83,46.56
Q70SY1,CREB3L2,SER,191,99.38,37.19
Q70SY1,CREB3L2,LYS,193,185.82,39.41
Q70SY1,CREB3L2,THR,205,126.62,60.5
Q70SY1,CREB3L2,SER,208,121.1,43.72
Q70SY1,CREB3L2,SER,209,107.42,49.09
Q70SY1,CREB3L2,SER,212,101.02,49.31
Q70SY1,CREB3L2,SER,214,95.89,47.0
Q70SY1,CREB3L2,SER,217,105.88,47.97
Q70SY1,CREB3L2,SER,219,106.21,43.69
Q70SY1,CREB3L2,SER,228,97.2,41.31
Q70SY1,CREB3L2,THR,232,108.6,43.44
Q70SY1,CREB3L2,SER,234,104.58,42.41
Q70SY1,CREB3L2,SER,236,116.36,45.88
Q70SY1,CREB3L2,SER,244,106.15,44.88
Q70SY1,CREB3L2,SER,247,89.22,44.38
Q70SY1,CREB3L2,SER,248,106.15,45.91
Q70SY1,CREB3L2,SER,249,96.15,43.25
Q70SY1,CREB3L2,THR,253,122.37,52.81
Q70SY1,CREB3L2,LYS,257,162.01,40.69
Q70SY1,CREB3L2,SER,261,119.09,39.09
Q70SY1,CREB3L2,THR,267,87.25,72.0
Q70SY1,CREB3L2,LYS,271,69.53,78.56
Q70SY1,CREB3L2,THR,273,27.98,78.75
Q70SY1,CREB3L2,TYR,279,87.5,67.5
Q70SY1,CREB3L2,THR,283,84.59,60.12
Q70SY1,CREB3L2,LYS,284,163.01,54.12
Q70SY1,CREB3L2,SER,288,57.72,72.88
Q70SY1,CREB3L2,LYS,289,172.97,79.19
Q70SY1,CREB3L2,SER,290,73.81,81.75
Q70SY1,CREB3L2,LYS,293,141.81,86.81
Q70SY1,CREB3L2,LYS,296,158.7,88.06
Q70SY1,CREB3L2,LYS,297,124.61,90.88
Q70SY1,CREB3L2,LYS,301,100.56,94.62
Q70SY1,CREB3L2,LYS,303,150.24,95.31
Q70SY1,CREB3L2,LYS,305,119.7,96.94
Q70SY1,CREB3L2,SER,307,72.7,97.06
Q70SY1,CREB3L2,SER,311,73.67,98.38
Q70SY1,CREB3L2,LYS,314,149.2,98.5
Q70SY1,CREB3L2,LYS,315,147.99,98.5
Q70SY1,CREB3L2,LYS,316,133.24,98.25
Q70SY1,CREB3L2,TYR,318,148.93,98.62
Q70SY1,CREB3L2,SER,321,50.43,98.44
Q70SY1,CREB3L2,LYS,324,156.49,98.44
Q70SY1,CREB3L2,LYS,325,140.25,98.44
Q70SY1,CREB3L2,SER,328,66.39,97.94
Q70SY1,CREB3L2,CYS,329,80.94,97.75
Q70SY1,CREB3L2,SER,330,67.08,98.25
Q70SY1,CREB3L2,THR,331,74.05,98.25
Q70SY1,CREB3L2,LYS,338,111.27,98.44
Q70SY1,CREB3L2,LYS,339,108.94,98.38
Q70SY1,CREB3L2,THR,346,67.61,97.75
Q70SY1,CREB3L2,THR,349,68.84,97.75
Q70SY1,CREB3L2,LYS,356,126.36,94.75
Q70SY1,CREB3L2,THR,359,93.03,90.06
Q70SY1,CREB3L2,LYS,364,145.92,63.47
Q70SY1,CREB3L2,SER,366,71.3,55.5
Q70SY1,CREB3L2,THR,368,118.6,51.28
Q70SY1,CREB3L2,CYS,369,99.95,43.97
Q70SY1,CREB3L2,LYS,370,181.29,45.12
Q70SY1,CREB3L2,THR,374,144.88,54.56
Q70SY1,CREB3L2,THR,376,88.55,68.94
Q70SY1,CREB3L2,THR,378,84.73,81.5
Q70SY1,CREB3L2,CYS,379,76.52,81.5
Q70SY1,CREB3L2,CYS,386,79.41,90.44
Q70SY1,CREB3L2,SER,393,73.38,80.5
Q70SY1,CREB3L2,TYR,398,195.55,55.56
Q70SY1,CREB3L2,TYR,401,209.5,43.78
Q70SY1,CREB3L2,SER,403,108.37,42.84
Q70SY1,CREB3L2,THR,405,111.02,44.88
Q70SY1,CREB3L2,LYS,406,175.18,44.88
Q70SY1,CREB3L2,SER,411,92.77,35.38
Q70SY1,CREB3L2,SER,414,83.08,39.16
Q70SY1,CREB3L2,TYR,419,190.15,37.91
Q70SY1,CREB3L2,THR,420,129.92,54.41
Q70SY1,CREB3L2,SER,422,103.11,45.88
Q70SY1,CREB3L2,SER,426,99.08,52.94
Q70SY1,CREB3L2,TYR,432,197.58,42.88
Q70SY1,CREB3L2,SER,436,72.82,35.12
Q70SY1,CREB3L2,SER,441,96.51,36.69
Q70SY1,CREB3L2,SER,442,111.68,35.31
Q70SY1,CREB3L2,SER,443,103.36,36.62
Q70SY1,CREB3L2,SER,446,108.22,36.5
Q70SY1,CREB3L2,SER,457,111.41,39.84
Q70SY1,CREB3L2,SER,458,102.62,36.81
Q70SY1,CREB3L2,SER,463,91.96,34.41
Q70SY1,CREB3L2,SER,467,104.89,37.91
Q70SY1,CREB3L2,SER,479,95.44,40.69
Q70SY1,CREB3L2,THR,482,106.63,43.0
Q70SY1,CREB3L2,SER,483,98.52,48.94
Q70SY1,CREB3L2,LYS,486,148.57,54.03
Q70SY1,CREB3L2,SER,487,88.31,54.56
Q70SY1,CREB3L2,SER,498,94.96,47.91
Q70SY1,CREB3L2,LYS,500,182.5,48.97
Q70SY1,CREB3L2,THR,506,102.58,50.62
Q70SY1,CREB3L2,LYS,508,145.51,50.78
Q70SY1,CREB3L2,THR,518,113.67,51.94
Q70SY1,CREB3L2,THR,519,111.12,44.81
Q7LC44,ARC,THR,7,114.26,37.22
Q7LC44,ARC,SER,8,115.73,35.78
Q7LC44,ARC,TYR,14,209.6,35.62
Q7LC44,ARC,LYS,24,111.65,51.25
Q7LC44,ARC,LYS,33,175.24,48.91
Q7LC44,ARC,CYS,34,48.3,49.72
Q7LC44,ARC,THR,45,60.43,70.44
Q7LC44,ARC,SER,54,11.55,74.06
Q7LC44,ARC,LYS,55,112.5,77.75
Q7LC44,ARC,LYS,62,111.52,82.12
Q7LC44,ARC,SER,67,63.7,77.62
Q7LC44,ARC,LYS,70,141.12,82.31
Q7LC44,ARC,SER,73,68.23,79.81
Q7LC44,ARC,TYR,78,135.09,65.69
Q7LC44,ARC,THR,81,106.82,62.62
Q7LC44,ARC,SER,82,99.41,65.69
Q7LC44,ARC,SER,84,19.06,70.88
Q7LC44,ARC,LYS,88,29.83,78.62
Q7LC44,ARC,LYS,89,148.47,81.31
Q7LC44,ARC,SER,90,68.38,76.5
Q7LC44,ARC,LYS,92,68.11,82.56
Q7LC44,ARC,CYS,94,60.5,81.25
Q7LC44,ARC,CYS,96,66.24,80.25
Q7LC44,ARC,CYS,98,49.29,79.75
Q7LC44,ARC,THR,101,75.03,78.56
Q7LC44,ARC,LYS,110,133.67,81.5
Q7LC44,ARC,TYR,121,104.28,77.0
Q7LC44,ARC,SER,132,96.91,63.81
Q7LC44,ARC,THR,133,52.58,52.5
Q7LC44,ARC,LYS,136,158.59,35.41
Q7LC44,ARC,TYR,137,202.43,39.97
Q7LC44,ARC,SER,141,108.99,35.69
Q7LC44,ARC,SER,143,103.03,37.41
Q7LC44,ARC,THR,147,134.23,28.67
Q7LC44,ARC,SER,149,101.8,29.61
Q7LC44,ARC,SER,157,97.76,31.62
Q7LC44,ARC,TYR,158,226.74,30.72
Q7LC44,ARC,CYS,159,118.35,29.09
Q7LC44,ARC,TYR,165,227.73,29.73
Q7LC44,ARC,TYR,167,197.92,31.06
Q7LC44,ARC,THR,168,139.77,43.75
Q7LC44,ARC,SER,170,94.92,34.59
Q7LC44,ARC,TYR,172,207.88,34.09
Q7LC44,ARC,THR,175,134.86,33.44
Q7LC44,ARC,TYR,194,216.91,28.53
Q7LC44,ARC,SER,206,101.46,34.16
Q7LC44,ARC,THR,211,56.54,49.44
Q7LC44,ARC,SER,222,67.6,85.5
Q7LC44,ARC,TYR,227,48.54,86.38
Q7LC44,ARC,SER,234,63.2,88.56
Q7LC44,ARC,TYR,237,89.51,89.19
Q7LC44,ARC,SER,240,67.33,88.44
Q7LC44,ARC,LYS,251,77.02,85.06
Q7LC44,ARC,LYS,252,139.48,84.31
Q7LC44,ARC,LYS,257,53.48,90.25
Q7LC44,ARC,SER,260,70.45,91.0
Q7LC44,ARC,LYS,262,167.86,91.0
Q7LC44,ARC,LYS,268,58.54,91.75
Q7LC44,ARC,LYS,269,144.9,89.81
Q7LC44,ARC,TYR,274,36.01,85.0
Q7LC44,ARC,THR,278,33.57,72.44
Q7LC44,ARC,SER,280,54.21,74.25
Q7LC44,ARC,LYS,293,140.8,88.56
Q7LC44,ARC,TYR,309,24.33,89.62
Q7LC44,ARC,THR,311,79.74,82.06
Q7LC44,ARC,TYR,313,90.36,87.0
Q7LC44,ARC,TYR,324,61.99,90.5
Q7LC44,ARC,THR,328,11.88,91.19
Q7LC44,ARC,LYS,332,122.94,82.81
Q7LC44,ARC,LYS,334,72.83,83.12
Q7LC44,ARC,LYS,343,156.12,83.31
Q7LC44,ARC,THR,344,44.89,89.12
Q7LC44,ARC,THR,378,112.74,41.06
Q7LC44,ARC,THR,380,127.94,45.31
Q7LC44,ARC,SER,385,93.38,43.88
Q7LC44,ARC,SER,387,100.02,47.59
Q7LC44,ARC,SER,390,106.86,60.59
Q7LC44,ARC,THR,393,113.2,54.91
Q86UF2,CTAGE6,THR,7,133.2,45.62
Q86UF2,CTAGE6,TYR,11,159.57,56.69
Q86UF2,CTAGE6,SER,29,108.17,54.72
Q86UF2,CTAGE6,TYR,37,180.7,54.16
Q86UF2,CTAGE6,SER,41,44.72,57.47
Q86UF2,CTAGE6,CYS,46,38.69,71.75
Q86UF2,CTAGE6,SER,62,49.68,80.19
Q86UF2,CTAGE6,SER,65,64.53,77.81
Q86UF2,CTAGE6,SER,68,61.48,73.88
Q86UF2,CTAGE6,TYR,71,147.24,72.31
Q86UF2,CTAGE6,LYS,77,157.39,87.75
Q86UF2,CTAGE6,THR,81,95.06,90.94
Q86UF2,CTAGE6,SER,83,65.48,89.88
Q86UF2,CTAGE6,LYS,89,130.18,94.19
Q86UF2,CTAGE6,CYS,90,70.46,91.94
Q86UF2,CTAGE6,LYS,91,112.9,94.44
Q86UF2,CTAGE6,LYS,95,130.25,95.0
Q86UF2,CTAGE6,SER,97,54.45,91.62
Q86UF2,CTAGE6,LYS,101,145.28,90.75
Q86UF2,CTAGE6,TYR,103,138.88,84.81
Q86UF2,CTAGE6,TYR,106,151.86,81.5
Q86UF2,CTAGE6,SER,110,56.25,75.62
Q86UF2,CTAGE6,SER,111,66.08,81.19
Q86UF2,CTAGE6,SER,116,50.31,80.62
Q86UF2,CTAGE6,LYS,119,152.19,85.44
Q86UF2,CTAGE6,SER,127,64.5,89.75
Q86UF2,CTAGE6,THR,131,80.8,94.19
Q86UF2,CTAGE6,CYS,132,65.32,93.19
Q86UF2,CTAGE6,LYS,134,150.62,96.0
Q86UF2,CTAGE6,SER,138,46.3,96.06
Q86UF2,CTAGE6,SER,140,62.06,96.62
Q86UF2,CTAGE6,CYS,148,77.75,95.25
Q86UF2,CTAGE6,LYS,151,141.57,96.56
Q86UF2,CTAGE6,LYS,154,125.58,97.0
Q86UF2,CTAGE6,LYS,157,138.52,96.75
Q86UF2,CTAGE6,SER,158,57.08,95.56
Q86UF2,CTAGE6,LYS,159,96.61,96.69
Q86UF2,CTAGE6,SER,161,69.93,93.81
Q86UF2,CTAGE6,SER,171,61.19,97.25
Q86UF2,CTAGE6,LYS,172,153.12,96.94
Q86UF2,CTAGE6,SER,173,58.0,96.06
Q86UF2,CTAGE6,SER,176,56.7,96.88
Q86UF2,CTAGE6,SER,181,69.59,93.69
Q86UF2,CTAGE6,LYS,182,109.21,96.81
Q86UF2,CTAGE6,SER,183,56.82,96.12
Q86UF2,CTAGE6,LYS,185,155.41,96.81
Q86UF2,CTAGE6,SER,186,62.09,94.81
Q86UF2,CTAGE6,LYS,192,128.69,96.38
Q86UF2,CTAGE6,CYS,195,83.39,93.94
Q86UF2,CTAGE6,LYS,196,125.68,95.94
Q86UF2,CTAGE6,THR,197,88.03,92.06
Q86UF2,CTAGE6,LYS,199,127.65,95.56
Q86UF2,CTAGE6,SER,201,49.05,92.75
Q86UF2,CTAGE6,LYS,210,151.16,97.06
Q86UF2,CTAGE6,SER,217,55.38,94.94
Q86UF2,CTAGE6,THR,221,76.28,93.94
Q86UF2,CTAGE6,SER,222,49.35,94.0
Q86UF2,CTAGE6,LYS,224,124.28,94.38
Q86UF2,CTAGE6,LYS,235,128.67,95.31
Q86UF2,CTAGE6,SER,239,52.74,94.25
Q86UF2,CTAGE6,LYS,243,136.66,95.81
Q86UF2,CTAGE6,LYS,245,141.5,96.44
Q86UF2,CTAGE6,THR,247,88.15,94.31
Q86UF2,CTAGE6,SER,251,68.13,94.88
Q86UF2,CTAGE6,LYS,252,88.89,95.94
Q86UF2,CTAGE6,LYS,262,117.96,93.81
Q86UF2,CTAGE6,LYS,267,120.24,88.69
Q86UF2,CTAGE6,THR,268,76.09,87.69
Q86UF2,CTAGE6,THR,270,82.84,84.31
Q86UF2,CTAGE6,LYS,277,158.45,65.62
Q86UF2,CTAGE6,THR,287,120.58,41.34
Q86UF2,CTAGE6,THR,288,106.64,32.56
Q86UF2,CTAGE6,SER,299,85.74,36.81
Q86UF2,CTAGE6,LYS,312,159.04,63.97
Q86UF2,CTAGE6,LYS,316,141.83,82.5
Q86UF2,CTAGE6,LYS,317,157.72,86.06
Q86UF2,CTAGE6,LYS,323,152.49,93.25
Q86UF2,CTAGE6,SER,327,51.72,94.5
Q86UF2,CTAGE6,LYS,329,135.82,93.38
Q86UF2,CTAGE6,SER,330,63.9,93.0
Q86UF2,CTAGE6,SER,343,48.58,94.69
Q86UF2,CTAGE6,LYS,347,127.78,95.5
Q86UF2,CTAGE6,THR,348,72.83,95.31
Q86UF2,CTAGE6,LYS,349,126.29,95.88
Q86UF2,CTAGE6,THR,353,53.88,96.81
Q86UF2,CTAGE6,LYS,357,132.43,97.31
Q86UF2,CTAGE6,THR,361,81.03,96.56
Q86UF2,CTAGE6,SER,365,65.1,96.88
Q86UF2,CTAGE6,SER,368,68.59,95.62
Q86UF2,CTAGE6,TYR,372,128.48,97.25
Q86UF2,CTAGE6,SER,375,60.81,96.12
Q86UF2,CTAGE6,LYS,379,120.85,97.38
Q86UF2,CTAGE6,LYS,383,113.96,97.75
Q86UF2,CTAGE6,LYS,385,130.9,97.88
Q86UF2,CTAGE6,THR,388,59.59,96.31
Q86UF2,CTAGE6,TYR,391,141.14,97.5
Q86UF2,CTAGE6,LYS,397,85.48,97.12
Q86UF2,CTAGE6,TYR,399,125.67,96.75
Q86UF2,CTAGE6,LYS,401,138.46,96.94
Q86UF2,CTAGE6,THR,403,78.63,94.12
Q86UF2,CTAGE6,TYR,408,123.18,93.12
Q86UF2,CTAGE6,LYS,415,87.76,96.44
Q86UF2,CTAGE6,SER,417,52.54,93.44
Q86UF2,CTAGE6,LYS,418,109.18,96.06
Q86UF2,CTAGE6,LYS,422,140.89,96.75
Q86UF2,CTAGE6,SER,424,54.42,95.25
Q86UF2,CTAGE6,THR,427,68.83,95.56
Q86UF2,CTAGE6,THR,432,82.8,95.88
Q86UF2,CTAGE6,TYR,433,154.05,95.31
Q86UF2,CTAGE6,LYS,435,129.29,97.44
Q86UF2,CTAGE6,LYS,438,112.64,97.19
Q86UF2,CTAGE6,THR,447,58.12,97.06
Q86UF2,CTAGE6,TYR,451,124.47,97.69
Q86UF2,CTAGE6,LYS,453,120.07,96.62
Q86UF2,CTAGE6,SER,457,53.62,96.81
Q86UF2,CTAGE6,TYR,458,121.71,96.56
Q86UF2,CTAGE6,LYS,460,136.94,96.94
Q86UF2,CTAGE6,THR,471,69.7,97.12
Q86UF2,CTAGE6,SER,477,43.74,96.94
Q86UF2,CTAGE6,LYS,481,131.46,96.44
Q86UF2,CTAGE6,LYS,487,132.83,96.56
Q86UF2,CTAGE6,LYS,489,105.19,95.81
Q86UF2,CTAGE6,THR,491,69.2,92.31
Q86UF2,CTAGE6,THR,493,65.95,89.88
Q86UF2,CTAGE6,LYS,496,138.71,87.5
Q86UF2,CTAGE6,LYS,502,147.73,71.12
Q86UF2,CTAGE6,SER,510,89.24,42.25
Q86UF2,CTAGE6,THR,512,131.29,40.19
Q86UF2,CTAGE6,SER,530,80.51,33.25
Q86UF2,CTAGE6,SER,531,107.57,40.62
Q86UF2,CTAGE6,THR,533,122.33,42.09
Q86UF2,CTAGE6,SER,538,94.99,35.25
Q86UF2,CTAGE6,THR,541,128.66,38.0
Q86UF2,CTAGE6,SER,550,99.68,36.41
Q86UF2,CTAGE6,THR,573,104.92,34.94
Q86UF2,CTAGE6,SER,580,105.11,28.7
Q86UF2,CTAGE6,CYS,581,125.35,34.78
Q86UF2,CTAGE6,THR,585,102.29,33.41
Q86UF2,CTAGE6,SER,592,113.58,36.56
Q86UF2,CTAGE6,THR,594,144.51,34.28
Q86UF2,CTAGE6,SER,596,102.71,28.98
Q86UF2,CTAGE6,SER,598,100.09,28.31
Q86UF2,CTAGE6,SER,599,103.16,34.25
Q86UF2,CTAGE6,CYS,605,121.98,34.84
Q86UF2,CTAGE6,LYS,606,185.33,38.28
Q86UF2,CTAGE6,SER,615,115.92,30.64
Q86UF2,CTAGE6,TYR,616,189.93,33.94
Q86UF2,CTAGE6,SER,619,110.97,39.0
Q86UF2,CTAGE6,TYR,630,207.55,31.3
Q86UF2,CTAGE6,SER,631,90.97,32.12
Q86UF2,CTAGE6,SER,633,109.56,28.8
Q86UF2,CTAGE6,SER,637,114.54,38.16
Q86UF2,CTAGE6,SER,639,115.57,30.66
Q86UF2,CTAGE6,SER,644,97.29,32.34
Q86UF2,CTAGE6,LYS,646,193.3,34.91
Q86UF2,CTAGE6,THR,648,123.54,38.09
Q86UF2,CTAGE6,SER,649,112.29,33.78
Q86UF2,CTAGE6,LYS,652,201.12,35.44
Q86UF2,CTAGE6,SER,656,111.48,32.44
Q86UF2,CTAGE6,SER,659,91.78,34.5
Q86UF2,CTAGE6,SER,663,107.49,37.62
Q86UF2,CTAGE6,SER,664,93.86,33.66
Q86UF2,CTAGE6,LYS,669,166.98,33.25
Q86UF2,CTAGE6,SER,680,105.97,33.31
Q86UF2,CTAGE6,SER,681,100.31,32.31
Q86UF2,CTAGE6,THR,689,138.89,37.62
Q86UF2,CTAGE6,THR,710,126.57,39.66
Q86UF2,CTAGE6,THR,728,130.83,35.25
Q86UF2,CTAGE6,SER,733,116.59,32.38
Q86UF2,CTAGE6,TYR,736,164.63,36.91
Q86UF2,CTAGE6,TYR,756,188.35,39.91
Q86UF2,CTAGE6,TYR,764,212.13,43.69
Q86UF2,CTAGE6,TYR,772,209.13,50.72
Q8IUH5,ZDHHC17,THR,9,127.6,25.45
Q8IUH5,ZDHHC17,LYS,10,188.88,24.53
Q8IUH5,ZDHHC17,TYR,18,206.58,34.22
Q8IUH5,ZDHHC17,THR,20,138.91,26.69
Q8IUH5,ZDHHC17,CYS,24,113.25,28.25
Q8IUH5,ZDHHC17,LYS,34,178.62,25.92
Q8IUH5,ZDHHC17,SER,37,96.19,27.41
Q8IUH5,ZDHHC17,TYR,39,212.85,29.2
Q8IUH5,ZDHHC17,TYR,43,219.53,30.72
Q8IUH5,ZDHHC17,LYS,50,191.63,41.19
Q8IUH5,ZDHHC17,THR,51,118.47,46.78
Q8IUH5,ZDHHC17,TYR,56,66.88,90.5
Q8IUH5,ZDHHC17,SER,57,67.12,90.38
Q8IUH5,ZDHHC17,THR,58,115.63,93.44
Q8IUH5,ZDHHC17,LYS,63,79.75,96.69
Q8IUH5,ZDHHC17,TYR,67,127.19,96.81
Q8IUH5,ZDHHC17,TYR,70,78.21,97.69
Q8IUH5,ZDHHC17,TYR,81,65.47,97.19
Q8IUH5,ZDHHC17,LYS,88,199.04,94.75
Q8IUH5,ZDHHC17,LYS,107,78.87,98.38
Q8IUH5,ZDHHC17,TYR,108,17.27,98.56
Q8IUH5,ZDHHC17,SER,111,86.41,98.06
Q8IUH5,ZDHHC17,LYS,112,84.64,98.19
Q8IUH5,ZDHHC17,SER,138,54.26,96.81
Q8IUH5,ZDHHC17,LYS,145,111.62,97.5
Q8IUH5,ZDHHC17,TYR,146,82.54,98.12
Q8IUH5,ZDHHC17,SER,151,43.69,97.94
Q8IUH5,ZDHHC17,THR,170,18.61,93.44
Q8IUH5,ZDHHC17,SER,171,38.19,93.38
Q8IUH5,ZDHHC17,LYS,179,84.94,96.75
Q8IUH5,ZDHHC17,TYR,199,50.72,97.0
Q8IUH5,ZDHHC17,THR,201,10.11,91.06
Q8IUH5,ZDHHC17,SER,203,51.43,86.25
Q8IUH5,ZDHHC17,THR,212,45.77,90.44
Q8IUH5,ZDHHC17,SER,216,50.1,97.88
Q8IUH5,ZDHHC17,LYS,222,119.28,97.25
Q8IUH5,ZDHHC17,TYR,223,114.44,95.44
Q8IUH5,ZDHHC17,LYS,225,106.62,97.62
Q8IUH5,ZDHHC17,THR,238,48.44,92.69
Q8IUH5,ZDHHC17,THR,239,73.09,91.38
Q8IUH5,ZDHHC17,SER,242,33.62,93.06
Q8IUH5,ZDHHC17,LYS,257,158.85,96.25
Q8IUH5,ZDHHC17,SER,260,12.02,96.5
Q8IUH5,ZDHHC17,LYS,266,96.33,96.06
Q8IUH5,ZDHHC17,LYS,269,173.62,92.88
Q8IUH5,ZDHHC17,LYS,284,98.98,71.44
Q8IUH5,ZDHHC17,TYR,286,169.69,57.94
Q8IUH5,ZDHHC17,SER,290,67.87,75.44
Q8IUH5,ZDHHC17,LYS,294,102.7,77.38
Q8IUH5,ZDHHC17,LYS,296,61.41,78.25
Q8IUH5,ZDHHC17,LYS,299,156.93,80.0
Q8IUH5,ZDHHC17,LYS,304,124.51,88.88
Q8IUH5,ZDHHC17,THR,309,12.77,93.25
Q8IUH5,ZDHHC17,SER,327,42.55,93.19
Q8IUH5,ZDHHC17,LYS,331,27.38,94.88
Q8IUH5,ZDHHC17,TYR,335,74.83,97.12
Q8IUH5,ZDHHC17,THR,341,75.01,93.94
Q8IUH5,ZDHHC17,SER,346,36.14,87.62
Q8IUH5,ZDHHC17,LYS,347,181.41,85.0
Q8IUH5,ZDHHC17,SER,348,14.19,83.44
Q8IUH5,ZDHHC17,SER,353,90.0,59.59
Q8IUH5,ZDHHC17,SER,356,46.6,69.31
Q8IUH5,ZDHHC17,TYR,371,28.92,97.5
Q8IUH5,ZDHHC17,TYR,400,120.2,98.56
Q8IUH5,ZDHHC17,LYS,404,74.12,98.44
Q8IUH5,ZDHHC17,LYS,407,156.42,96.19
Q8IUH5,ZDHHC17,SER,408,26.93,97.12
Q8IUH5,ZDHHC17,LYS,414,148.93,93.38
Q8IUH5,ZDHHC17,THR,416,83.95,92.88
Q8IUH5,ZDHHC17,LYS,420,51.09,93.5
Q8IUH5,ZDHHC17,LYS,421,67.15,93.81
Q8IUH5,ZDHHC17,LYS,422,143.75,95.25
Q8IUH5,ZDHHC17,THR,423,28.16,93.44
Q8IUH5,ZDHHC17,THR,430,90.72,92.88
Q8IUH5,ZDHHC17,SER,432,40.35,86.94
Q8IUH5,ZDHHC17,SER,436,79.71,80.19
Q8IUH5,ZDHHC17,SER,440,16.59,86.19
Q8IUH5,ZDHHC17,THR,441,29.41,88.31
Q8IUH5,ZDHHC17,CYS,442,18.98,92.0
Q8IUH5,ZDHHC17,LYS,446,50.68,93.38
Q8IUH5,ZDHHC17,LYS,451,80.44,95.69
Q8IUH5,ZDHHC17,CYS,456,43.59,90.62
Q8IUH5,ZDHHC17,LYS,462,37.86,97.12
Q8IUH5,ZDHHC17,TYR,481,33.58,98.31
Q8IUH5,ZDHHC17,CYS,494,53.31,98.06
Q8IUH5,ZDHHC17,TYR,498,93.12,97.31
Q8IUH5,ZDHHC17,SER,502,20.18,95.81
Q8IUH5,ZDHHC17,TYR,503,35.15,95.94
Q8IUH5,ZDHHC17,CYS,508,14.76,92.62
Q8IUH5,ZDHHC17,THR,510,51.56,89.69
Q8IUH5,ZDHHC17,THR,511,53.79,89.12
Q8IUH5,ZDHHC17,TYR,512,122.16,87.75
Q8IUH5,ZDHHC17,THR,513,139.84,88.5
Q8IUH5,ZDHHC17,LYS,514,171.59,90.94
Q8IUH5,ZDHHC17,THR,519,49.52,92.5
Q8IUH5,ZDHHC17,TYR,520,52.94,92.38
Q8IUH5,ZDHHC17,THR,522,79.59,92.06
Q8IUH5,ZDHHC17,THR,526,105.83,91.5
Q8IUH5,ZDHHC17,CYS,527,57.02,93.44
Q8IUH5,ZDHHC17,CYS,551,55.7,97.38
Q8IUH5,ZDHHC17,TYR,554,102.3,97.25
Q8IUH5,ZDHHC17,SER,557,11.24,96.44
Q8IUH5,ZDHHC17,CYS,558,52.31,96.0
Q8IUH5,ZDHHC17,THR,563,32.04,97.06
Q8IUH5,ZDHHC17,TYR,572,40.45,89.19
Q8IUH5,ZDHHC17,LYS,573,213.89,87.25
Q8IUH5,ZDHHC17,LYS,576,139.31,91.5
Q8IUH5,ZDHHC17,THR,578,70.04,89.75
Q8IUH5,ZDHHC17,THR,579,145.36,85.81
Q8IUH5,ZDHHC17,THR,580,130.56,86.62
Q8IUH5,ZDHHC17,SER,581,54.23,88.94
Q8IUH5,ZDHHC17,SER,584,12.68,92.62
Q8IUH5,ZDHHC17,CYS,590,62.28,95.19
Q8IUH5,ZDHHC17,CYS,602,70.53,87.31
Q8IUH5,ZDHHC17,CYS,603,147.05,88.06
Q8IUH5,ZDHHC17,THR,614,37.3,95.0
Q8IUH5,ZDHHC17,TYR,617,82.92,90.38
Q8IUH5,ZDHHC17,THR,618,70.85,86.31
Q8IUH5,ZDHHC17,TYR,621,122.89,51.53
Q8IUH5,ZDHHC17,SER,625,30.47,37.97
Q8IUH5,ZDHHC17,SER,627,92.39,37.41
Q8IUH5,ZDHHC17,TYR,629,134.75,38.28
Q8IUN9,CLEC10A,THR,2,137.49,35.16
Q8IUN9,CLEC10A,THR,4,114.93,37.84
Q8IUN9,CLEC10A,TYR,5,212.07,37.69
Q8IUN9,CLEC10A,TYR,10,154.58,40.44
Q8IUN9,CLEC10A,LYS,14,157.3,32.78
Q8IUN9,CLEC10A,LYS,16,194.23,28.55
Q8IUN9,CLEC10A,LYS,21,186.46,27.64
Q8IUN9,CLEC10A,SER,29,76.29,51.97
Q8IUN9,CLEC10A,CYS,35,72.67,52.84
Q8IUN9,CLEC10A,SER,36,63.79,58.53
Q8IUN9,CLEC10A,CYS,39,40.53,73.25
Q8IUN9,CLEC10A,SER,44,64.69,89.94
Q8IUN9,CLEC10A,CYS,56,86.78,94.81
Q8IUN9,CLEC10A,SER,63,45.44,93.88
Q8IUN9,CLEC10A,LYS,64,97.7,94.06
Q8IUN9,CLEC10A,THR,71,79.17,95.19
Q8IUN9,CLEC10A,THR,74,69.6,95.06
Q8IUN9,CLEC10A,SER,77,60.61,93.69
Q8IUN9,CLEC10A,THR,80,57.98,91.62
Q8IUN9,CLEC10A,SER,81,74.05,93.0
Q8IUN9,CLEC10A,THR,83,44.3,88.5
Q8IUN9,CLEC10A,THR,91,91.38,83.56
Q8IUN9,CLEC10A,SER,92,67.64,83.94
Q8IUN9,CLEC10A,SER,95,60.7,83.25
Q8IUN9,CLEC10A,SER,96,65.21,82.81
Q8IUN9,CLEC10A,THR,100,68.04,79.88
Q8IUN9,CLEC10A,SER,103,57.84,90.31
Q8IUN9,CLEC10A,LYS,105,146.02,85.81
Q8IUN9,CLEC10A,LYS,112,91.94,83.19
Q8IUN9,CLEC10A,SER,120,68.48,76.75
Q8IUN9,CLEC10A,THR,126,96.87,54.59
Q8IUN9,CLEC10A,THR,127,96.42,53.34
Q8IUN9,CLEC10A,LYS,129,161.17,43.94
Q8IUN9,CLEC10A,CYS,135,87.65,44.78
Q8IUN9,CLEC10A,CYS,138,99.13,44.5
Q8IUN9,CLEC10A,SER,140,93.35,51.59
Q8IUN9,CLEC10A,CYS,142,139.46,47.25
Q8IUN9,CLEC10A,SER,147,57.38,75.69
Q8IUN9,CLEC10A,LYS,161,68.93,84.0
Q8IUN9,CLEC10A,LYS,162,129.12,82.19
Q8IUN9,CLEC10A,THR,164,79.45,83.12
Q8IUN9,CLEC10A,CYS,165,13.45,81.69
Q8IUN9,CLEC10A,THR,169,57.17,73.19
Q8IUN9,CLEC10A,SER,175,108.91,51.5
Q8IUN9,CLEC10A,THR,176,37.06,56.41
Q8IUN9,CLEC10A,THR,179,80.34,77.62
Q8IUN9,CLEC10A,CYS,180,18.48,86.25
Q8IUN9,CLEC10A,CYS,181,19.54,89.12
Q8IUN9,CLEC10A,SER,191,16.59,94.38
Q8IUN9,CLEC10A,SER,198,62.22,97.56
Q8IUN9,CLEC10A,SER,201,12.36,98.75
Q8IUN9,CLEC10A,LYS,207,131.31,98.81
Q8IUN9,CLEC10A,TYR,208,62.37,98.75
Q8IUN9,CLEC10A,LYS,212,107.3,94.69
Q8IUN9,CLEC10A,SER,221,32.11,97.5
Q8IUN9,CLEC10A,LYS,230,153.51,97.44
Q8IUN9,CLEC10A,TYR,231,98.41,97.5
Q8IUN9,CLEC10A,SER,234,101.51,96.0
Q8IUN9,CLEC10A,TYR,236,93.2,98.69
Q8IUN9,CLEC10A,SER,242,12.11,98.62
Q8IUN9,CLEC10A,LYS,249,109.17,98.31
Q8IUN9,CLEC10A,THR,254,52.17,95.94
Q8IUN9,CLEC10A,TYR,256,39.43,97.44
Q8IUN9,CLEC10A,THR,258,116.27,94.5
Q8IUN9,CLEC10A,LYS,264,60.65,98.19
Q8IUN9,CLEC10A,CYS,296,25.37,98.31
Q8IUN9,CLEC10A,TYR,300,26.26,98.75
Q8IUN9,CLEC10A,THR,311,122.25,33.84
Q8IUN9,CLEC10A,SER,312,97.89,32.41
Q8IUN9,CLEC10A,SER,315,96.43,28.97
Q8IUW5,RELL1,SER,9,121.8,50.22
Q8IUW5,RELL1,SER,23,108.62,54.25
Q8IUW5,RELL1,SER,24,111.91,51.88
Q8IUW5,RELL1,SER,33,110.56,44.53
Q8IUW5,RELL1,SER,34,95.06,47.28
Q8IUW5,RELL1,THR,36,129.56,47.19
Q8IUW5,RELL1,SER,39,114.62,38.78
Q8IUW5,RELL1,THR,41,128.62,41.38
Q8IUW5,RELL1,THR,43,130.1,51.88
Q8IUW5,RELL1,THR,44,111.79,46.88
Q8IUW5,RELL1,SER,46,85.56,45.62
Q8IUW5,RELL1,SER,48,87.52,46.06
Q8IUW5,RELL1,THR,51,126.72,45.34
Q8IUW5,RELL1,TYR,58,159.28,87.56
Q8IUW5,RELL1,TYR,61,157.77,90.94
Q8IUW5,RELL1,CYS,78,56.32,93.19
Q8IUW5,RELL1,LYS,82,151.15,89.88
Q8IUW5,RELL1,LYS,83,178.49,89.31
Q8IUW5,RELL1,LYS,84,158.02,87.5
Q8IUW5,RELL1,TYR,86,135.62,85.75
Q8IUW5,RELL1,CYS,88,79.06,69.44
Q8IUW5,RELL1,THR,89,73.19,74.81
Q8IUW5,RELL1,THR,90,153.01,68.19
Q8IUW5,RELL1,LYS,100,191.69,43.31
Q8IUW5,RELL1,LYS,103,182.65,46.0
Q8IUW5,RELL1,SER,109,98.47,54.0
Q8IUW5,RELL1,SER,114,112.91,66.69
Q8IUW5,RELL1,THR,116,92.28,84.06
Q8IUW5,RELL1,TYR,123,149.34,89.44
Q8IUW5,RELL1,LYS,126,155.41,90.62
Q8IUW5,RELL1,LYS,135,158.42,83.94
Q8IUW5,RELL1,SER,142,93.27,58.91
Q8IUW5,RELL1,TYR,144,191.31,48.72
Q8IUW5,RELL1,SER,148,88.16,42.38
Q8IUW5,RELL1,THR,151,124.2,40.91
Q8IUW5,RELL1,SER,153,116.77,41.91
Q8IUW5,RELL1,THR,154,128.57,41.94
Q8IUW5,RELL1,SER,157,106.47,42.59
Q8IUW5,RELL1,SER,161,102.57,45.12
Q8IUW5,RELL1,SER,166,100.54,41.38
Q8IUW5,RELL1,THR,170,119.06,50.09
Q8IUW5,RELL1,LYS,173,174.11,50.47
Q8IUW5,RELL1,CYS,176,28.45,59.62
Q8IUW5,RELL1,THR,182,143.04,62.94
Q8IUW5,RELL1,CYS,192,22.95,64.56
Q8IUW5,RELL1,CYS,195,41.09,63.75
Q8IUW5,RELL1,LYS,198,163.0,59.72
Q8IUW5,RELL1,LYS,204,189.07,49.97
Q8IUW5,RELL1,THR,206,106.69,53.97
Q8IUW5,RELL1,LYS,208,184.51,49.75
Q8IUW5,RELL1,SER,209,110.83,51.44
Q8IUW5,RELL1,SER,212,86.85,42.09
Q8IUW5,RELL1,THR,221,64.44,61.62
Q8IUW5,RELL1,SER,224,73.28,70.31
Q8IUW5,RELL1,THR,231,75.45,75.81
Q8IUW5,RELL1,LYS,232,167.9,69.38
Q8IUW5,RELL1,LYS,236,162.44,46.53
Q8IUW5,RELL1,SER,237,112.97,51.78
Q8IUW5,RELL1,LYS,240,190.44,51.88
Q8IUW5,RELL1,SER,244,99.69,45.97
Q8IUW5,RELL1,SER,247,103.96,45.88
Q8IUW5,RELL1,SER,249,112.95,41.06
Q8IUW5,RELL1,THR,253,131.67,46.19
Q8IUW5,RELL1,THR,261,126.65,47.84
Q8IUW5,RELL1,LYS,264,203.4,49.72
Q8IUW5,RELL1,SER,268,113.47,59.94
Q8IUW5,RELL1,THR,270,138.22,58.19
Q8IVJ8,APRG1,LYS,2,207.59,44.56
Q8IVJ8,APRG1,THR,3,137.9,55.75
Q8IVJ8,APRG1,THR,6,135.54,52.78
Q8IVJ8,APRG1,LYS,8,197.13,58.19
Q8IVJ8,APRG1,CYS,10,116.99,41.59
Q8IVJ8,APRG1,LYS,11,193.46,50.94
Q8IVJ8,APRG1,SER,13,96.23,49.03
Q8IVJ8,APRG1,THR,15,71.03,50.41
Q8IVJ8,APRG1,LYS,24,115.97,71.88
Q8IVJ8,APRG1,CYS,28,80.66,59.62
Q8IVJ8,APRG1,THR,31,100.86,50.31
Q8IVJ8,APRG1,THR,34,97.41,43.31
Q8IVJ8,APRG1,THR,41,112.47,37.56
Q8IVJ8,APRG1,SER,61,91.29,37.78
Q8IVJ8,APRG1,THR,74,130.77,41.88
Q8IVJ8,APRG1,LYS,77,204.07,32.62
Q8IVJ8,APRG1,LYS,78,203.6,38.91
Q8IVJ8,APRG1,THR,79,131.33,40.47
Q8IVJ8,APRG1,LYS,83,195.11,41.16
Q8IVJ8,APRG1,THR,87,126.76,40.75
Q8IVJ8,APRG1,SER,89,96.58,48.12
Q8IVJ8,APRG1,SER,96,106.64,34.69
Q8IVJ8,APRG1,THR,98,136.64,40.19
Q8IVJ8,APRG1,SER,103,92.32,35.53
Q8IVJ8,APRG1,CYS,109,90.43,27.56
Q8IVJ8,APRG1,SER,112,107.22,33.12
Q8IVJ8,APRG1,THR,116,121.39,31.91
Q8IVJ8,APRG1,LYS,122,188.86,37.19
Q8IVJ8,APRG1,CYS,127,117.94,33.41
Q8IVJ8,APRG1,LYS,140,150.41,38.5
Q8IVJ8,APRG1,THR,141,115.78,37.16
Q8IVJ8,APRG1,LYS,142,187.91,36.19
Q8IVJ8,APRG1,SER,149,79.24,47.88
Q8IVJ8,APRG1,SER,166,76.36,56.75
Q8IVU1,IGDCC3,SER,8,107.63,27.89
Q8IVU1,IGDCC3,SER,33,99.74,35.44
Q8IVU1,IGDCC3,SER,39,46.17,51.81
Q8IVU1,IGDCC3,SER,49,66.1,94.56
Q8IVU1,IGDCC3,THR,68,36.6,85.25
Q8IVU1,IGDCC3,THR,74,43.15,94.44
Q8IVU1,IGDCC3,LYS,77,30.19,93.5
Q8IVU1,IGDCC3,SER,85,56.45,83.25
Q8IVU1,IGDCC3,THR,86,124.8,77.69
Q8IVU1,IGDCC3,THR,89,35.45,90.88
Q8IVU1,IGDCC3,SER,108,57.75,56.88
Q8IVU1,IGDCC3,SER,110,36.96,79.69
Q8IVU1,IGDCC3,LYS,130,126.05,93.19
Q8IVU1,IGDCC3,THR,137,63.14,93.31
Q8IVU1,IGDCC3,SER,139,45.68,95.31
Q8IVU1,IGDCC3,THR,148,43.42,94.88
Q8IVU1,IGDCC3,LYS,167,171.89,94.5
Q8IVU1,IGDCC3,THR,171,61.79,96.0
Q8IVU1,IGDCC3,LYS,174,40.18,96.81
Q8IVU1,IGDCC3,THR,181,82.1,82.38
Q8IVU1,IGDCC3,TYR,186,19.53,91.88
Q8IVU1,IGDCC3,LYS,191,108.88,86.5
Q8IVU1,IGDCC3,SER,212,32.08,96.38
Q8IVU1,IGDCC3,SER,216,35.43,95.06
Q8IVU1,IGDCC3,THR,226,65.46,95.62
Q8IVU1,IGDCC3,SER,228,46.69,89.12
Q8IVU1,IGDCC3,SER,230,100.11,66.62
Q8IVU1,IGDCC3,SER,232,104.51,65.38
Q8IVU1,IGDCC3,TYR,235,124.54,85.75
Q8IVU1,IGDCC3,LYS,236,89.19,88.19
Q8IVU1,IGDCC3,THR,248,102.87,97.25
Q8IVU1,IGDCC3,THR,250,37.61,96.5
Q8IVU1,IGDCC3,THR,254,76.44,93.69
Q8IVU1,IGDCC3,THR,262,41.04,90.81
Q8IVU1,IGDCC3,SER,270,48.58,93.5
Q8IVU1,IGDCC3,SER,272,54.66,94.62
Q8IVU1,IGDCC3,SER,295,57.77,91.62
Q8IVU1,IGDCC3,THR,298,52.99,94.19
Q8IVU1,IGDCC3,SER,302,34.42,94.94
Q8IVU1,IGDCC3,THR,314,63.58,93.0
Q8IVU1,IGDCC3,THR,319,79.18,97.31
Q8IVU1,IGDCC3,SER,338,41.64,91.25
Q8IVU1,IGDCC3,SER,340,52.4,88.69
Q8IVU1,IGDCC3,THR,345,55.14,89.31
Q8IVU1,IGDCC3,THR,346,71.15,93.75
Q8IVU1,IGDCC3,THR,350,39.52,96.38
Q8IVU1,IGDCC3,THR,362,27.46,96.25
Q8IVU1,IGDCC3,LYS,365,47.68,94.12
Q8IVU1,IGDCC3,LYS,379,122.93,92.94
Q8IVU1,IGDCC3,SER,383,19.87,93.94
Q8IVU1,IGDCC3,THR,384,13.65,96.31
Q8IVU1,IGDCC3,THR,386,19.64,97.06
Q8IVU1,IGDCC3,SER,388,45.49,94.38
Q8IVU1,IGDCC3,SER,405,87.0,94.88
Q8IVU1,IGDCC3,SER,408,45.14,94.0
Q8IVU1,IGDCC3,SER,409,32.15,93.31
Q8IVU1,IGDCC3,SER,412,15.79,93.69
Q8IVU1,IGDCC3,THR,416,33.01,87.0
Q8IVU1,IGDCC3,SER,434,37.58,89.5
Q8IVU1,IGDCC3,SER,436,28.22,85.94
Q8IVU1,IGDCC3,THR,438,54.19,89.31
Q8IVU1,IGDCC3,SER,443,36.44,96.62
Q8IVU1,IGDCC3,SER,445,33.08,93.12
Q8IVU1,IGDCC3,THR,451,33.13,82.56
Q8IVU1,IGDCC3,LYS,452,205.33,82.38
Q8IVU1,IGDCC3,LYS,463,61.71,95.06
Q8IVU1,IGDCC3,TYR,472,97.52,94.19
Q8IVU1,IGDCC3,SER,477,43.55,92.06
Q8IVU1,IGDCC3,LYS,478,114.55,90.0
Q8IVU1,IGDCC3,SER,479,90.81,89.19
Q8IVU1,IGDCC3,THR,480,37.57,92.25
Q8IVU1,IGDCC3,SER,486,46.65,92.38
Q8IVU1,IGDCC3,SER,491,85.76,86.31
Q8IVU1,IGDCC3,THR,492,28.76,93.56
Q8IVU1,IGDCC3,SER,495,10.3,95.75
Q8IVU1,IGDCC3,TYR,497,39.19,94.25
Q8IVU1,IGDCC3,LYS,499,40.65,93.62
Q8IVU1,IGDCC3,TYR,501,33.39,89.88
Q8IVU1,IGDCC3,SER,508,46.06,82.25
Q8IVU1,IGDCC3,THR,513,28.6,93.62
Q8IVU1,IGDCC3,SER,516,59.62,91.94
Q8IVU1,IGDCC3,SER,528,56.2,93.19
Q8IVU1,IGDCC3,SER,534,71.82,86.12
Q8IVU1,IGDCC3,SER,535,45.82,89.75
Q8IVU1,IGDCC3,SER,536,24.7,91.62
Q8IVU1,IGDCC3,LYS,555,43.2,93.31
Q8IVU1,IGDCC3,TYR,558,40.78,95.06
Q8IVU1,IGDCC3,SER,562,108.7,86.31
Q8IVU1,IGDCC3,LYS,563,124.66,89.81
Q8IVU1,IGDCC3,THR,564,131.47,86.19
Q8IVU1,IGDCC3,SER,565,80.08,88.62
Q8IVU1,IGDCC3,THR,567,73.81,90.0
Q8IVU1,IGDCC3,THR,575,110.28,83.88
Q8IVU1,IGDCC3,SER,577,46.42,90.31
Q8IVU1,IGDCC3,SER,578,43.56,93.19
Q8IVU1,IGDCC3,TYR,579,72.31,95.56
Q8IVU1,IGDCC3,SER,582,68.21,92.56
Q8IVU1,IGDCC3,THR,587,83.05,85.12
Q8IVU1,IGDCC3,TYR,590,12.21,93.69
Q8IVU1,IGDCC3,LYS,593,51.43,94.19
Q8IVU1,IGDCC3,TYR,597,51.45,85.25
Q8IVU1,IGDCC3,THR,606,17.54,92.5
Q8IVU1,IGDCC3,SER,611,42.15,88.0
Q8IVU1,IGDCC3,SER,616,107.63,45.34
Q8IVU1,IGDCC3,THR,619,144.09,33.94
Q8IVU1,IGDCC3,SER,622,105.6,35.66
Q8IVU1,IGDCC3,CYS,625,128.16,32.5
Q8IVU1,IGDCC3,CYS,627,123.06,28.75
Q8IVU1,IGDCC3,LYS,629,197.24,28.86
Q8IVU1,IGDCC3,THR,636,93.63,41.16
Q8IVU1,IGDCC3,SER,637,76.15,51.56
Q8IVU1,IGDCC3,THR,638,104.19,54.16
Q8IVU1,IGDCC3,THR,639,91.92,59.88
Q8IVU1,IGDCC3,THR,650,80.91,85.81
Q8IVU1,IGDCC3,CYS,651,72.45,85.25
Q8IVU1,IGDCC3,CYS,655,74.8,82.06
Q8IVU1,IGDCC3,CYS,670,112.69,30.78
Q8IVU1,IGDCC3,LYS,671,161.59,24.17
Q8IVU1,IGDCC3,SER,678,101.16,26.25
Q8IVU1,IGDCC3,SER,685,120.26,28.47
Q8IVU1,IGDCC3,LYS,710,199.36,33.69
Q8IVU1,IGDCC3,LYS,715,144.56,42.25
Q8IVU1,IGDCC3,SER,725,92.08,29.73
Q8IVU1,IGDCC3,THR,735,133.22,28.92
Q8IVU1,IGDCC3,CYS,744,128.62,24.42
Q8IVU1,IGDCC3,THR,747,124.91,26.12
Q8IVU1,IGDCC3,SER,750,100.03,26.83
Q8IVU1,IGDCC3,CYS,757,139.47,22.83
Q8IVU1,IGDCC3,LYS,763,198.8,23.23
Q8IVU1,IGDCC3,THR,764,125.4,19.53
Q8IVU1,IGDCC3,THR,765,129.92,26.36
Q8IVU1,IGDCC3,LYS,768,179.21,22.09
Q8IVU1,IGDCC3,THR,769,105.49,20.81
Q8IVU1,IGDCC3,THR,770,135.21,28.83
Q8IVU1,IGDCC3,THR,773,138.82,23.52
Q8IVU1,IGDCC3,CYS,776,113.35,22.69
Q8IVU1,IGDCC3,SER,794,113.96,32.38
Q8IVU1,IGDCC3,SER,799,110.99,31.97
Q8IVU1,IGDCC3,THR,807,113.01,30.64
Q8IVU1,IGDCC3,SER,812,110.05,32.28
Q8IYU2,HACE1,SER,14,69.78,56.97
Q8IYU2,HACE1,THR,20,128.23,53.88
Q8IYU2,HACE1,THR,29,70.1,89.5
Q8IYU2,HACE1,TYR,32,119.68,90.62
Q8IYU2,HACE1,THR,33,21.2,90.62
Q8IYU2,HACE1,SER,45,39.19,91.38
Q8IYU2,HACE1,SER,47,35.06,93.19
Q8IYU2,HACE1,SER,51,71.27,87.12
Q8IYU2,HACE1,SER,53,34.15,85.44
Q8IYU2,HACE1,LYS,54,206.84,87.75
Q8IYU2,HACE1,TYR,59,55.61,96.19
Q8IYU2,HACE1,LYS,65,106.6,93.56
Q8IYU2,HACE1,CYS,75,50.12,94.88
Q8IYU2,HACE1,LYS,86,146.33,96.06
Q8IYU2,HACE1,LYS,87,91.62,94.75
Q8IYU2,HACE1,TYR,93,67.23,96.94
Q8IYU2,HACE1,SER,97,49.57,95.5
Q8IYU2,HACE1,CYS,99,10.27,97.19
Q8IYU2,HACE1,LYS,111,95.36,96.0
Q8IYU2,HACE1,LYS,112,147.6,96.62
Q8IYU2,HACE1,SER,115,51.32,95.62
Q8IYU2,HACE1,LYS,116,61.77,97.0
Q8IYU2,HACE1,TYR,120,72.02,96.31
Q8IYU2,HACE1,SER,121,90.02,93.31
Q8IYU2,HACE1,CYS,127,60.69,94.38
Q8IYU2,HACE1,THR,144,31.71,95.31
Q8IYU2,HACE1,SER,155,108.26,81.56
Q8IYU2,HACE1,LYS,177,98.38,96.94
Q8IYU2,HACE1,THR,178,76.48,97.25
Q8IYU2,HACE1,CYS,182,15.67,96.38
Q8IYU2,HACE1,SER,186,36.06,94.56
Q8IYU2,HACE1,SER,196,49.32,95.81
Q8IYU2,HACE1,TYR,202,31.21,98.0
Q8IYU2,HACE1,SER,206,30.64,96.69
Q8IYU2,HACE1,LYS,222,124.79,96.88
Q8IYU2,HACE1,TYR,223,54.67,95.69
Q8IYU2,HACE1,LYS,227,155.56,96.19
Q8IYU2,HACE1,THR,231,30.61,96.44
Q8IYU2,HACE1,TYR,241,74.56,96.5
Q8IYU2,HACE1,TYR,251,78.26,95.5
Q8IYU2,HACE1,THR,258,55.02,95.0
Q8IYU2,HACE1,SER,284,46.09,87.69
Q8IYU2,HACE1,SER,286,81.09,89.31
Q8IYU2,HACE1,LYS,290,99.75,93.12
Q8IYU2,HACE1,THR,293,46.86,94.31
Q8IYU2,HACE1,SER,294,14.32,95.56
Q8IYU2,HACE1,THR,300,15.06,94.0
Q8IYU2,HACE1,THR,301,71.44,92.5
Q8IYU2,HACE1,LYS,305,100.11,88.0
Q8IYU2,HACE1,SER,308,64.62,79.38
Q8IYU2,HACE1,SER,310,32.52,65.75
Q8IYU2,HACE1,SER,311,117.13,61.06
Q8IYU2,HACE1,TYR,313,82.92,79.94
Q8IYU2,HACE1,LYS,318,94.38,89.12
Q8IYU2,HACE1,CYS,328,11.26,91.5
Q8IYU2,HACE1,SER,336,38.03,54.19
Q8IYU2,HACE1,SER,337,65.4,45.31
Q8IYU2,HACE1,SER,339,94.89,39.97
Q8IYU2,HACE1,TYR,346,106.21,44.03
Q8IYU2,HACE1,LYS,350,177.39,56.28
Q8IYU2,HACE1,THR,351,40.68,65.25
Q8IYU2,HACE1,SER,354,35.99,75.88
Q8IYU2,HACE1,LYS,358,150.81,89.19
Q8IYU2,HACE1,SER,366,27.96,92.12
Q8IYU2,HACE1,THR,376,68.13,85.5
Q8IYU2,HACE1,LYS,380,102.43,65.31
Q8IYU2,HACE1,LYS,382,175.89,49.41
Q8IYU2,HACE1,SER,385,91.28,31.44
Q8IYU2,HACE1,THR,386,135.07,41.06
Q8IYU2,HACE1,THR,389,95.43,40.69
Q8IYU2,HACE1,SER,390,56.41,44.69
Q8IYU2,HACE1,LYS,394,165.13,41.12
Q8IYU2,HACE1,LYS,396,183.6,34.72
Q8IYU2,HACE1,SER,404,111.25,27.09
Q8IYU2,HACE1,SER,415,95.41,28.75
Q8IYU2,HACE1,TYR,416,233.87,36.38
Q8IYU2,HACE1,SER,420,84.19,34.0
Q8IYU2,HACE1,THR,421,142.38,30.75
Q8IYU2,HACE1,THR,423,131.46,28.47
Q8IYU2,HACE1,SER,426,108.12,34.94
Q8IYU2,HACE1,LYS,427,200.61,31.42
Q8IYU2,HACE1,SER,438,113.39,26.34
Q8IYU2,HACE1,CYS,441,104.75,32.16
Q8IYU2,HACE1,SER,446,52.58,67.12
Q8IYU2,HACE1,TYR,460,18.83,92.31
Q8IYU2,HACE1,SER,464,17.71,84.06
Q8IYU2,HACE1,THR,472,22.02,78.0
Q8IYU2,HACE1,CYS,481,47.83,90.25
Q8IYU2,HACE1,LYS,482,123.84,93.19
Q8IYU2,HACE1,LYS,488,40.16,86.5
Q8IYU2,HACE1,CYS,489,22.23,86.12
Q8IYU2,HACE1,LYS,496,132.38,76.25
Q8IYU2,HACE1,SER,513,78.15,79.44
Q8IYU2,HACE1,LYS,520,34.9,78.94
Q8IYU2,HACE1,LYS,525,129.64,84.5
Q8IYU2,HACE1,CYS,528,17.16,87.44
Q8IYU2,HACE1,TYR,532,28.94,86.0
Q8IYU2,HACE1,SER,537,82.69,56.22
Q8IYU2,HACE1,SER,542,75.01,35.12
Q8IYU2,HACE1,SER,561,48.94,91.88
Q8IYU2,HACE1,SER,565,12.55,94.75
Q8IYU2,HACE1,CYS,567,19.01,94.88
Q8IYU2,HACE1,SER,571,74.48,88.75
Q8IYU2,HACE1,LYS,572,166.05,89.44
Q8IYU2,HACE1,CYS,575,46.03,85.5
Q8IYU2,HACE1,LYS,577,94.76,83.88
Q8IYU2,HACE1,LYS,579,53.89,85.62
Q8IYU2,HACE1,TYR,613,35.4,92.88
Q8IYU2,HACE1,THR,617,54.18,92.5
Q8IYU2,HACE1,SER,619,10.5,88.81
Q8IYU2,HACE1,THR,623,18.28,83.94
Q8IYU2,HACE1,SER,629,54.01,88.56
Q8IYU2,HACE1,TYR,632,84.33,89.38
Q8IYU2,HACE1,TYR,640,26.22,96.75
Q8IYU2,HACE1,TYR,661,28.26,92.75
Q8IYU2,HACE1,LYS,668,13.47,92.31
Q8IYU2,HACE1,TYR,677,41.18,86.44
Q8IYU2,HACE1,SER,682,16.92,83.38
Q8IYU2,HACE1,TYR,687,52.78,88.38
Q8IYU2,HACE1,LYS,689,144.07,87.56
Q8IYU2,HACE1,SER,700,79.27,81.31
Q8IYU2,HACE1,THR,707,33.29,90.81
Q8IYU2,HACE1,SER,709,14.41,90.69
Q8IYU2,HACE1,THR,712,19.68,76.12
Q8IYU2,HACE1,LYS,724,46.45,90.88
Q8IYU2,HACE1,SER,729,99.47,88.38
Q8IYU2,HACE1,THR,733,63.61,90.12
Q8IYU2,HACE1,LYS,737,19.89,91.75
Q8IYU2,HACE1,TYR,740,11.01,92.81
Q8IYU2,HACE1,THR,750,21.8,87.25
Q8IYU2,HACE1,SER,771,38.27,78.12
Q8IYU2,HACE1,TYR,779,20.77,89.81
Q8IYU2,HACE1,SER,786,15.57,90.5
Q8IYU2,HACE1,SER,794,81.66,94.44
Q8IYU2,HACE1,LYS,798,159.89,95.19
Q8IYU2,HACE1,THR,800,14.4,96.56
Q8IYU2,HACE1,TYR,802,45.13,96.38
Q8IYU2,HACE1,THR,803,50.12,94.19
Q8IYU2,HACE1,SER,804,87.78,90.06
Q8IYU2,HACE1,TYR,806,12.92,95.19
Q8IYU2,HACE1,THR,824,80.65,90.5
Q8IYU2,HACE1,SER,853,109.21,76.81
Q8IYU2,HACE1,TYR,865,83.12,89.44
Q8IYU2,HACE1,THR,866,71.59,86.69
Q8IYU2,HACE1,THR,872,66.65,89.5
Q8IYU2,HACE1,SER,873,34.38,88.25
Q8IYU2,HACE1,SER,874,26.57,84.94
Q8IYU2,HACE1,THR,875,33.22,84.44
Q8IYU2,HACE1,CYS,876,24.37,78.5
Q8IYU2,HACE1,LYS,881,71.61,93.81
Q8IYU2,HACE1,SER,887,30.68,95.06
Q8IYU2,HACE1,LYS,888,54.55,95.69
Q8IYU2,HACE1,LYS,892,74.82,95.0
Q8IYU2,HACE1,CYS,901,26.25,68.31
Q8IYU2,HACE1,SER,903,20.53,47.41
Q8IYU2,HACE1,TYR,904,71.98,45.12
Q8IYU2,HACE1,TYR,906,150.79,35.19
Q8IYU2,HACE1,THR,907,135.48,33.84
Q8IZV2,CMTM8,SER,9,111.92,58.09
Q8IZV2,CMTM8,THR,11,116.95,47.94
Q8IZV2,CMTM8,THR,13,125.02,61.66
Q8IZV2,CMTM8,THR,14,118.27,55.41
Q8IZV2,CMTM8,THR,15,129.53,50.47
Q8IZV2,CMTM8,SER,17,91.07,47.81
Q8IZV2,CMTM8,SER,18,101.7,47.0
Q8IZV2,CMTM8,SER,24,79.28,48.94
Q8IZV2,CMTM8,THR,25,101.12,47.19
Q8IZV2,CMTM8,SER,26,89.46,47.72
Q8IZV2,CMTM8,SER,27,90.18,49.94
Q8IZV2,CMTM8,SER,28,82.96,48.56
Q8IZV2,CMTM8,SER,29,87.29,49.72
Q8IZV2,CMTM8,TYR,32,97.96,54.72
Q8IZV2,CMTM8,THR,39,53.33,82.5
Q8IZV2,CMTM8,THR,57,81.74,90.88
Q8IZV2,CMTM8,THR,62,12.55,81.5
Q8IZV2,CMTM8,TYR,64,76.21,62.25
Q8IZV2,CMTM8,TYR,91,44.45,77.69
Q8IZV2,CMTM8,THR,93,84.89,82.0
Q8IZV2,CMTM8,THR,95,31.63,69.38
Q8IZV2,CMTM8,TYR,96,66.51,65.31
Q8IZV2,CMTM8,THR,97,73.56,66.12
Q8IZV2,CMTM8,THR,105,19.82,81.81
Q8IZV2,CMTM8,THR,106,45.99,85.62
Q8IZV2,CMTM8,CYS,110,83.27,90.38
Q8IZV2,CMTM8,SER,114,50.42,94.0
Q8IZV2,CMTM8,SER,121,36.77,94.12
Q8IZV2,CMTM8,SER,128,85.31,87.31
Q8IZV2,CMTM8,SER,129,16.34,82.94
Q8IZV2,CMTM8,SER,131,49.59,69.38
Q8IZV2,CMTM8,SER,136,84.7,67.81
Q8IZV2,CMTM8,SER,141,24.52,84.75
Q8IZV2,CMTM8,CYS,155,19.32,92.25
Q8IZV2,CMTM8,THR,160,30.19,89.94
Q8IZV2,CMTM8,TYR,161,133.8,89.56
Q8IZV2,CMTM8,SER,163,20.89,86.19
Q8IZV2,CMTM8,SER,169,68.42,80.25
Q8IZV2,CMTM8,THR,171,77.27,73.44
Q8N565,MREG,THR,9,112.67,50.28
Q8N565,MREG,CYS,11,119.69,46.91
Q8N565,MREG,CYS,12,117.74,38.53
Q8N565,MREG,CYS,13,116.03,44.16
Q8N565,MREG,CYS,14,124.26,38.72
Q8N565,MREG,CYS,16,109.75,37.25
Q8N565,MREG,CYS,18,113.62,32.97
Q8N565,MREG,LYS,27,190.95,49.97
Q8N565,MREG,SER,32,71.24,52.84
Q8N565,MREG,TYR,37,178.03,43.34
Q8N565,MREG,SER,38,75.59,43.53
Q8N565,MREG,SER,39,111.54,45.31
Q8N565,MREG,THR,43,109.01,38.75
Q8N565,MREG,LYS,50,110.61,48.88
Q8N565,MREG,SER,54,15.26,53.12
Q8N565,MREG,SER,60,39.36,51.72
Q8N565,MREG,THR,62,34.26,58.06
Q8N565,MREG,THR,69,58.48,84.94
Q8N565,MREG,TYR,71,110.46,85.25
Q8N565,MREG,LYS,82,157.26,94.81
Q8N565,MREG,SER,84,37.83,96.69
Q8N565,MREG,LYS,89,125.04,97.69
Q8N565,MREG,TYR,92,150.03,96.06
Q8N565,MREG,THR,96,54.17,90.88
Q8N565,MREG,LYS,109,51.02,94.0
Q8N565,MREG,CYS,110,56.27,96.44
Q8N565,MREG,LYS,119,189.27,92.44
Q8N565,MREG,SER,123,74.3,86.81
Q8N565,MREG,SER,126,35.77,82.75
Q8N565,MREG,THR,128,35.97,71.81
Q8N565,MREG,LYS,129,135.18,67.0
Q8N565,MREG,SER,131,30.74,70.25
Q8N565,MREG,THR,132,116.9,70.62
Q8N565,MREG,SER,134,64.69,69.31
Q8N565,MREG,SER,136,97.1,76.56
Q8N565,MREG,LYS,137,159.14,79.5
Q8N565,MREG,THR,139,30.94,85.75
Q8N565,MREG,LYS,141,103.04,90.62
Q8N565,MREG,LYS,148,84.53,92.62
Q8N565,MREG,THR,158,118.29,81.06
Q8N565,MREG,SER,159,114.01,76.0
Q8N565,MREG,LYS,184,88.19,96.25
Q8N565,MREG,THR,189,60.37,94.69
Q8N565,MREG,TYR,190,47.96,94.25
Q8N565,MREG,LYS,192,94.15,86.81
Q8N565,MREG,LYS,193,185.55,78.38
Q8N565,MREG,CYS,198,114.62,48.22
Q8N565,MREG,LYS,204,194.77,38.69
Q8N565,MREG,TYR,208,191.17,39.38
Q8N565,MREG,SER,213,98.23,38.44
Q8N5S1,SLC25A41,THR,11,92.4,43.75
Q8N5S1,SLC25A41,CYS,12,62.02,39.09
Q8N5S1,SLC25A41,SER,13,59.84,55.38
Q8N5S1,SLC25A41,THR,17,64.44,63.19
Q8N5S1,SLC25A41,LYS,23,111.61,48.5
Q8N5S1,SLC25A41,THR,24,105.53,55.03
Q8N5S1,SLC25A41,LYS,28,194.05,41.81
Q8N5S1,SLC25A41,SER,41,113.32,31.78
Q8N5S1,SLC25A41,CYS,46,108.35,28.28
Q8N5S1,SLC25A41,THR,47,106.04,26.45
Q8N5S1,SLC25A41,TYR,50,168.73,25.48
Q8N5S1,SLC25A41,TYR,52,98.64,34.88
Q8N5S1,SLC25A41,SER,67,98.48,27.27
Q8N5S1,SLC25A41,THR,73,24.39,49.31
Q8N5S1,SLC25A41,LYS,89,171.46,72.75
Q8N5S1,SLC25A41,LYS,94,39.96,86.19
Q8N5S1,SLC25A41,THR,108,55.14,93.06
Q8N5S1,SLC25A41,LYS,117,37.97,91.88
Q8N5S1,SLC25A41,TYR,119,41.33,91.19
Q8N5S1,SLC25A41,TYR,123,106.5,85.19
Q8N5S1,SLC25A41,SER,125,40.21,67.12
Q8N5S1,SLC25A41,LYS,126,127.7,59.22
Q8N5S1,SLC25A41,THR,127,126.68,55.34
Q8N5S1,SLC25A41,THR,130,40.61,63.59
Q8N5S1,SLC25A41,SER,138,42.36,86.56
Q8N5S1,SLC25A41,TYR,163,37.28,77.12
Q8N5S1,SLC25A41,LYS,166,27.2,81.19
Q8N5S1,SLC25A41,SER,168,58.1,81.0
Q8N5S1,SLC25A41,LYS,174,86.15,71.75
Q8N5S1,SLC25A41,TYR,176,88.98,76.38
Q8N5S1,SLC25A41,CYS,178,52.84,68.0
Q8N5S1,SLC25A41,SER,183,99.13,60.72
Q8N5S1,SLC25A41,SER,194,52.82,81.06
Q8N5S1,SLC25A41,THR,202,48.79,92.75
Q8N5S1,SLC25A41,LYS,211,32.85,92.31
Q8N5S1,SLC25A41,THR,219,84.71,82.0
Q8N5S1,SLC25A41,TYR,222,17.83,87.69
Q8N5S1,SLC25A41,LYS,223,200.7,85.5
Q8N5S1,SLC25A41,THR,238,93.4,89.31
Q8N5S1,SLC25A41,TYR,242,101.74,92.56
Q8N5S1,SLC25A41,TYR,245,54.34,91.44
Q8N5S1,SLC25A41,CYS,257,60.86,85.31
Q8N5S1,SLC25A41,THR,258,36.62,87.12
Q8N5S1,SLC25A41,TYR,263,77.05,82.88
Q8N5S1,SLC25A41,CYS,268,88.48,84.0
Q8N5S1,SLC25A41,LYS,272,186.52,81.81
Q8N5S1,SLC25A41,SER,273,60.66,82.5
Q8N5S1,SLC25A41,SER,281,62.93,54.34
Q8N5S1,SLC25A41,SER,285,37.23,72.56
Q8N5S1,SLC25A41,SER,287,45.18,79.5
Q8N5S1,SLC25A41,THR,290,34.94,82.81
Q8N5S1,SLC25A41,THR,293,11.16,85.5
Q8N5S1,SLC25A41,THR,294,20.52,88.81
Q8N5S1,SLC25A41,CYS,295,43.11,90.5
Q8N5S1,SLC25A41,THR,304,39.22,92.75
Q8N5S1,SLC25A41,THR,308,11.26,92.94
Q8N5S1,SLC25A41,THR,315,34.4,52.5
Q8N5S1,SLC25A41,SER,319,61.36,61.84
Q8N5S1,SLC25A41,THR,322,88.4,85.69
Q8N5S1,SLC25A41,TYR,340,82.93,91.62
Q8N5S1,SLC25A41,THR,344,74.0,89.88
Q8N5S1,SLC25A41,LYS,349,27.58,87.69
Q8N5S1,SLC25A41,SER,357,25.24,83.12
Q8N5S1,SLC25A41,TYR,358,106.72,81.31
Q8N5S1,SLC25A41,TYR,361,30.33,82.88
Q8N5S1,SLC25A41,LYS,365,42.79,83.56
Q8N5S1,SLC25A41,LYS,366,159.68,88.88
Q8N5S1,SLC25A41,THR,367,111.26,90.25
Q8N5V2,NGEF,THR,3,121.67,30.64
Q8N5V2,NGEF,SER,6,103.1,35.84
Q8N5V2,NGEF,LYS,11,163.12,28.97
Q8N5V2,NGEF,THR,12,137.57,34.59
Q8N5V2,NGEF,LYS,15,196.38,32.56
Q8N5V2,NGEF,SER,16,101.59,36.25
Q8N5V2,NGEF,SER,18,105.01,29.78
Q8N5V2,NGEF,THR,23,121.22,32.88
Q8N5V2,NGEF,LYS,29,206.82,31.52
Q8N5V2,NGEF,LYS,31,163.54,32.03
Q8N5V2,NGEF,LYS,38,181.52,31.69
Q8N5V2,NGEF,THR,41,134.65,31.0
Q8N5V2,NGEF,SER,42,104.45,35.06
Q8N5V2,NGEF,LYS,51,185.7,33.09
Q8N5V2,NGEF,CYS,55,105.2,28.98
Q8N5V2,NGEF,LYS,60,194.5,36.69
Q8N5V2,NGEF,SER,63,38.08,47.62
Q8N5V2,NGEF,SER,68,31.33,49.69
Q8N5V2,NGEF,LYS,72,109.29,50.62
Q8N5V2,NGEF,SER,73,67.17,43.06
Q8N5V2,NGEF,LYS,74,154.24,42.53
Q8N5V2,NGEF,LYS,76,172.15,43.66
Q8N5V2,NGEF,SER,86,102.5,31.78
Q8N5V2,NGEF,CYS,87,112.85,31.2
Q8N5V2,NGEF,SER,91,116.83,35.75
Q8N5V2,NGEF,LYS,96,192.3,28.98
Q8N5V2,NGEF,SER,97,106.31,34.31
Q8N5V2,NGEF,THR,103,127.37,27.5
Q8N5V2,NGEF,SER,109,107.47,31.77
Q8N5V2,NGEF,CYS,114,133.74,24.56
Q8N5V2,NGEF,THR,116,145.95,32.72
Q8N5V2,NGEF,THR,120,137.96,31.67
Q8N5V2,NGEF,SER,128,90.9,39.0
Q8N5V2,NGEF,SER,130,103.81,35.97
Q8N5V2,NGEF,SER,131,125.2,38.34
Q8N5V2,NGEF,SER,132,106.72,36.09
Q8N5V2,NGEF,THR,133,127.91,38.5
Q8N5V2,NGEF,THR,139,127.21,33.31
Q8N5V2,NGEF,SER,149,56.16,30.39
Q8N5V2,NGEF,THR,151,73.39,41.75
Q8N5V2,NGEF,THR,152,85.21,51.28
Q8N5V2,NGEF,THR,154,73.85,56.28
Q8N5V2,NGEF,SER,167,35.34,63.5
Q8N5V2,NGEF,TYR,182,15.42,69.0
Q8N5V2,NGEF,LYS,185,89.48,72.25
Q8N5V2,NGEF,SER,186,25.12,72.25
Q8N5V2,NGEF,THR,187,20.64,78.5
Q8N5V2,NGEF,THR,193,57.68,85.75
Q8N5V2,NGEF,THR,205,104.12,50.16
Q8N5V2,NGEF,SER,208,114.1,33.81
Q8N5V2,NGEF,SER,211,98.27,39.03
Q8N5V2,NGEF,THR,214,133.47,41.22
Q8N5V2,NGEF,SER,229,86.56,31.39
Q8N5V2,NGEF,LYS,234,149.0,32.97
Q8N5V2,NGEF,THR,235,143.68,29.8
Q8N5V2,NGEF,CYS,240,94.37,36.5
Q8N5V2,NGEF,SER,243,97.78,31.61
Q8N5V2,NGEF,SER,247,20.53,46.53
Q8N5V2,NGEF,SER,260,95.89,83.44
Q8N5V2,NGEF,SER,261,32.59,84.81
Q8N5V2,NGEF,LYS,273,81.82,91.62
Q8N5V2,NGEF,THR,283,24.52,88.5
Q8N5V2,NGEF,TYR,289,17.04,94.44
Q8N5V2,NGEF,LYS,290,75.45,91.38
Q8N5V2,NGEF,SER,297,55.37,95.75
Q8N5V2,NGEF,LYS,307,156.36,95.12
Q8N5V2,NGEF,SER,312,57.56,95.12
Q8N5V2,NGEF,SER,319,19.97,96.88
Q8N5V2,NGEF,SER,346,69.35,93.38
Q8N5V2,NGEF,TYR,353,93.71,98.19
Q8N5V2,NGEF,TYR,355,21.34,98.38
Q8N5V2,NGEF,SER,361,63.7,97.25
Q8N5V2,NGEF,THR,365,70.83,96.12
Q8N5V2,NGEF,SER,368,15.32,93.12
Q8N5V2,NGEF,THR,371,36.93,87.88
Q8N5V2,NGEF,TYR,372,72.71,91.0
Q8N5V2,NGEF,THR,376,18.89,94.81
Q8N5V2,NGEF,TYR,377,21.44,96.81
Q8N5V2,NGEF,LYS,378,116.73,96.0
Q8N5V2,NGEF,LYS,384,52.55,95.88
Q8N5V2,NGEF,LYS,399,105.22,89.06
Q8N5V2,NGEF,SER,406,47.34,93.81
Q8N5V2,NGEF,SER,407,19.17,92.75
Q8N5V2,NGEF,THR,417,33.08,90.69
Q8N5V2,NGEF,LYS,420,14.74,93.0
Q8N5V2,NGEF,LYS,428,100.02,88.62
Q8N5V2,NGEF,SER,434,27.48,92.12
Q8N5V2,NGEF,CYS,438,72.86,94.12
Q8N5V2,NGEF,THR,439,31.99,95.88
Q8N5V2,NGEF,LYS,445,80.16,93.88
Q8N5V2,NGEF,LYS,452,79.78,90.94
Q8N5V2,NGEF,LYS,460,153.3,87.5
Q8N5V2,NGEF,SER,462,50.08,86.56
Q8N5V2,NGEF,THR,464,63.38,87.44
Q8N5V2,NGEF,SER,469,52.29,91.94
Q8N5V2,NGEF,LYS,472,159.99,93.12
Q8N5V2,NGEF,LYS,473,65.9,94.06
Q8N5V2,NGEF,LYS,477,150.64,87.25
Q8N5V2,NGEF,LYS,479,171.79,86.19
Q8N5V2,NGEF,SER,480,82.42,86.94
Q8N5V2,NGEF,SER,485,46.34,88.12
Q8N5V2,NGEF,SER,487,78.91,86.94
Q8N5V2,NGEF,SER,500,49.8,75.56
Q8N5V2,NGEF,LYS,503,205.83,47.25
Q8N5V2,NGEF,THR,504,103.41,45.59
Q8N5V2,NGEF,SER,505,85.3,39.38
Q8N5V2,NGEF,THR,507,66.34,46.38
Q8N5V2,NGEF,THR,510,82.71,49.97
Q8N5V2,NGEF,LYS,511,211.75,54.19
Q8N5V2,NGEF,LYS,512,152.49,63.41
Q8N5V2,NGEF,TYR,518,40.12,96.81
Q8N5V2,NGEF,LYS,536,79.25,94.56
Q8N5V2,NGEF,TYR,537,15.85,96.19
Q8N5V2,NGEF,THR,559,103.21,73.75
Q8N5V2,NGEF,THR,578,82.28,94.0
Q8N5V2,NGEF,TYR,579,16.0,93.81
Q8N5V2,NGEF,LYS,582,38.89,93.12
Q8N5V2,NGEF,SER,584,104.91,92.44
Q8N5V2,NGEF,SER,585,35.98,92.62
Q8N5V2,NGEF,LYS,590,53.95,89.44
Q8N5V2,NGEF,THR,594,53.87,86.81
Q8N5V2,NGEF,SER,595,12.11,90.5
Q8N5V2,NGEF,THR,602,66.34,43.34
Q8N5V2,NGEF,LYS,603,169.07,39.53
Q8N5V2,NGEF,SER,606,25.97,49.59
Q8N5V2,NGEF,SER,609,43.05,53.41
Q8N5V2,NGEF,TYR,623,26.84,93.44
Q8N5V2,NGEF,THR,632,58.43,91.88
Q8N5V2,NGEF,LYS,644,96.78,89.44
Q8N5V2,NGEF,THR,645,13.29,89.81
Q8N5V2,NGEF,SER,665,43.51,94.81
Q8N5V2,NGEF,SER,666,81.59,95.38
Q8N5V2,NGEF,THR,668,19.03,95.62
Q8N5V2,NGEF,LYS,675,154.03,87.06
Q8N5V2,NGEF,SER,678,39.3,86.0
Q8N5V2,NGEF,LYS,682,150.1,81.06
Q8N5V2,NGEF,CYS,684,21.76,79.0
Q8N5V2,NGEF,LYS,689,140.6,56.0
Q8N5V2,NGEF,SER,696,76.45,40.88
Q8N5V2,NGEF,LYS,699,156.98,47.06
Q8N5V2,NGEF,LYS,703,163.71,50.53
Q8N5V2,NGEF,SER,706,98.88,52.44
Q8N653,LZTR1,SER,6,102.3,42.91
Q8N653,LZTR1,THR,7,131.96,27.66
Q8N653,LZTR1,SER,22,117.53,24.48
Q8N653,LZTR1,LYS,23,178.14,27.08
Q8N653,LZTR1,SER,27,105.02,23.58
Q8N653,LZTR1,SER,33,97.91,25.78
Q8N653,LZTR1,CYS,34,118.13,24.77
Q8N653,LZTR1,SER,35,101.03,28.16
Q8N653,LZTR1,SER,37,67.46,35.81
Q8N653,LZTR1,TYR,40,89.79,47.94
Q8N653,LZTR1,THR,42,24.38,42.0
Q8N653,LZTR1,THR,50,51.77,52.72
Q8N653,LZTR1,LYS,70,43.53,95.88
Q8N653,LZTR1,THR,72,16.45,98.12
Q8N653,LZTR1,TYR,76,33.55,94.62
Q8N653,LZTR1,LYS,77,156.35,89.75
Q8N653,LZTR1,TYR,81,18.65,96.06
Q8N653,LZTR1,LYS,89,147.23,85.81
Q8N653,LZTR1,THR,90,73.68,89.75
Q8N653,LZTR1,LYS,101,52.97,74.88
Q8N653,LZTR1,CYS,103,34.32,74.25
Q8N653,LZTR1,SER,104,53.59,76.25
Q8N653,LZTR1,CYS,106,50.71,77.56
Q8N653,LZTR1,THR,110,61.54,84.0
Q8N653,LZTR1,THR,111,56.53,86.25
Q8N653,LZTR1,THR,113,105.71,92.38
Q8N653,LZTR1,TYR,119,32.15,95.62
Q8N653,LZTR1,SER,122,11.75,98.19
Q8N653,LZTR1,TYR,126,51.19,97.19
Q8N653,LZTR1,SER,128,64.35,93.94
Q8N653,LZTR1,SER,129,11.54,96.31
Q8N653,LZTR1,TYR,136,41.48,92.88
Q8N653,LZTR1,THR,137,17.94,94.12
Q8N653,LZTR1,TYR,141,160.36,75.12
Q8N653,LZTR1,SER,142,35.54,75.06
Q8N653,LZTR1,SER,144,105.42,73.5
Q8N653,LZTR1,LYS,147,129.77,92.06
Q8N653,LZTR1,LYS,149,73.18,97.06
Q8N653,LZTR1,LYS,156,88.8,91.75
Q8N653,LZTR1,THR,159,75.56,82.5
Q8N653,LZTR1,THR,163,33.09,94.88
Q8N653,LZTR1,LYS,166,179.08,91.12
Q8N653,LZTR1,THR,181,15.57,97.81
Q8N653,LZTR1,TYR,183,55.42,97.19
Q8N653,LZTR1,SER,184,84.17,94.44
Q8N653,LZTR1,LYS,186,69.28,97.12
Q8N653,LZTR1,TYR,193,72.45,92.88
Q8N653,LZTR1,THR,213,22.28,89.31
Q8N653,LZTR1,CYS,214,65.68,93.31
Q8N653,LZTR1,SER,221,52.66,96.69
Q8N653,LZTR1,SER,227,39.2,77.88
Q8N653,LZTR1,LYS,239,51.27,95.94
Q8N653,LZTR1,SER,247,15.88,69.44
Q8N653,LZTR1,LYS,250,158.43,64.0
Q8N653,LZTR1,THR,252,43.34,78.31
Q8N653,LZTR1,LYS,261,186.14,93.94
Q8N653,LZTR1,LYS,263,89.08,97.38
Q8N653,LZTR1,THR,264,45.33,97.62
Q8N653,LZTR1,THR,266,60.02,94.88
Q8N653,LZTR1,THR,270,26.55,66.44
Q8N653,LZTR1,SER,277,28.11,58.12
Q8N653,LZTR1,TYR,285,57.5,92.19
Q8N653,LZTR1,THR,288,13.33,96.56
Q8N653,LZTR1,THR,306,84.05,89.38
Q8N653,LZTR1,CYS,313,10.78,91.31
Q8N653,LZTR1,THR,320,25.34,77.38
Q8N653,LZTR1,SER,327,15.87,79.69
Q8N653,LZTR1,SER,328,103.24,77.0
Q8N653,LZTR1,SER,330,17.41,82.44
Q8N653,LZTR1,CYS,342,125.84,26.36
Q8N653,LZTR1,SER,344,100.54,30.41
Q8N653,LZTR1,THR,349,137.8,27.91
Q8N653,LZTR1,THR,351,115.96,25.05
Q8N653,LZTR1,TYR,352,190.65,23.53
Q8N653,LZTR1,LYS,359,168.7,24.45
Q8N653,LZTR1,LYS,360,201.15,24.89
Q8N653,LZTR1,SER,361,103.94,25.41
Q8N653,LZTR1,THR,371,139.52,25.2
Q8N653,LZTR1,THR,372,130.31,26.08
Q8N653,LZTR1,SER,373,111.4,25.44
Q8N653,LZTR1,LYS,375,201.04,26.84
Q8N653,LZTR1,THR,378,133.81,29.95
Q8N653,LZTR1,SER,382,66.83,61.34
Q8N653,LZTR1,SER,386,48.32,90.75
Q8N653,LZTR1,SER,397,91.35,83.0
Q8N653,LZTR1,SER,422,29.17,64.0
Q8N653,LZTR1,CYS,423,67.78,52.44
Q8N653,LZTR1,TYR,424,41.05,55.84
Q8N653,LZTR1,LYS,426,30.67,56.62
Q8N653,LZTR1,CYS,427,23.45,72.25
Q8N653,LZTR1,THR,428,18.98,79.44
Q8N653,LZTR1,SER,439,53.6,92.25
Q8N653,LZTR1,LYS,452,175.09,87.44
Q8N653,LZTR1,CYS,455,70.45,94.19
Q8N653,LZTR1,LYS,473,60.62,96.25
Q8N653,LZTR1,THR,475,43.34,95.88
Q8N653,LZTR1,LYS,484,127.64,85.94
Q8N653,LZTR1,THR,530,12.65,85.88
Q8N653,LZTR1,LYS,532,37.16,76.81
Q8N653,LZTR1,LYS,534,78.64,67.81
Q8N653,LZTR1,TYR,535,10.46,68.06
Q8N653,LZTR1,LYS,538,168.01,55.22
Q8N653,LZTR1,LYS,552,88.73,96.5
Q8N653,LZTR1,SER,556,54.12,94.31
Q8N653,LZTR1,CYS,560,46.37,89.62
Q8N653,LZTR1,TYR,569,19.48,76.94
Q8N653,LZTR1,SER,573,23.16,79.69
Q8N653,LZTR1,SER,592,84.13,90.12
Q8N653,LZTR1,LYS,595,42.35,92.75
Q8N653,LZTR1,LYS,604,110.3,84.44
Q8N653,LZTR1,SER,606,75.17,82.88
Q8N653,LZTR1,LYS,615,157.34,87.88
Q8N653,LZTR1,SER,621,51.04,93.0
Q8N653,LZTR1,SER,622,81.01,91.44
Q8N653,LZTR1,LYS,632,71.95,85.06
Q8N653,LZTR1,THR,639,120.43,48.22
Q8N653,LZTR1,THR,649,73.74,79.75
Q8N653,LZTR1,SER,650,23.99,81.75
Q8N653,LZTR1,LYS,656,81.94,91.94
Q8N653,LZTR1,CYS,667,41.62,95.69
Q8N653,LZTR1,THR,670,33.13,97.12
Q8N653,LZTR1,LYS,682,52.67,95.44
Q8N653,LZTR1,SER,690,45.63,92.38
Q8N653,LZTR1,TYR,691,92.86,94.12
Q8N653,LZTR1,SER,698,76.91,89.5
Q8N653,LZTR1,SER,709,49.91,91.75
Q8N653,LZTR1,SER,716,33.88,91.56
Q8N653,LZTR1,TYR,729,12.06,91.38
Q8N653,LZTR1,TYR,741,13.72,89.0
Q8N653,LZTR1,TYR,747,179.15,82.19
Q8N653,LZTR1,TYR,748,104.17,88.62
Q8N653,LZTR1,TYR,752,77.72,76.56
Q8N653,LZTR1,TYR,759,42.68,78.5
Q8N653,LZTR1,LYS,761,112.23,75.06
Q8N653,LZTR1,THR,769,65.77,87.31
Q8N653,LZTR1,LYS,782,107.58,87.19
Q8N653,LZTR1,THR,783,27.4,84.44
Q8N653,LZTR1,LYS,789,34.9,89.81
Q8N653,LZTR1,THR,801,105.58,90.56
Q8N653,LZTR1,LYS,802,124.99,91.31
Q8N653,LZTR1,SER,804,48.83,91.12
Q8N653,LZTR1,LYS,805,171.85,91.94
Q8N653,LZTR1,THR,808,51.47,88.75
Q8N653,LZTR1,SER,811,91.8,90.12
Q8N653,LZTR1,SER,813,58.68,93.31
Q8N653,LZTR1,SER,823,25.28,93.31
Q8N653,LZTR1,SER,826,60.07,88.44
Q8N653,LZTR1,SER,829,59.18,79.12
Q8N653,LZTR1,LYS,831,117.24,74.12
Q8N653,LZTR1,CYS,833,84.26,55.66
Q8N9I5,FADS6,THR,4,139.6,47.31
Q8N9I5,FADS6,THR,10,134.66,42.75
Q8N9I5,FADS6,THR,16,118.07,40.28
Q8N9I5,FADS6,SER,24,92.74,45.59
Q8N9I5,FADS6,THR,46,114.97,98.0
Q8N9I5,FADS6,SER,48,55.39,98.19
Q8N9I5,FADS6,CYS,57,43.37,98.5
Q8N9I5,FADS6,CYS,73,26.64,98.44
Q8N9I5,FADS6,SER,84,52.56,98.25
Q8N9I5,FADS6,THR,87,69.44,98.5
Q8N9I5,FADS6,THR,97,14.71,98.44
Q8N9I5,FADS6,SER,101,10.21,98.62
Q8N9I5,FADS6,THR,105,14.22,98.31
Q8N9I5,FADS6,THR,110,29.01,96.88
Q8N9I5,FADS6,SER,112,45.69,96.94
Q8N9I5,FADS6,LYS,113,187.05,96.31
Q8N9I5,FADS6,SER,116,23.68,98.06
Q8N9I5,FADS6,LYS,117,88.38,98.31
Q8N9I5,FADS6,CYS,127,21.95,98.56
Q8N9I5,FADS6,THR,128,23.11,98.44
Q8N9I5,FADS6,THR,136,40.01,95.38
Q8N9I5,FADS6,LYS,141,121.73,92.94
Q8N9I5,FADS6,TYR,146,72.17,92.12
Q8N9I5,FADS6,THR,157,122.19,72.19
Q8N9I5,FADS6,CYS,162,113.23,90.19
Q8N9I5,FADS6,TYR,166,141.59,97.19
Q8N9I5,FADS6,THR,180,32.61,96.06
Q8N9I5,FADS6,LYS,190,141.54,91.0
Q8N9I5,FADS6,THR,195,27.5,97.25
Q8N9I5,FADS6,SER,204,55.96,98.44
Q8N9I5,FADS6,TYR,208,137.81,98.44
Q8N9I5,FADS6,SER,209,41.45,98.44
Q8N9I5,FADS6,TYR,211,46.5,98.5
Q8N9I5,FADS6,LYS,221,205.49,94.44
Q8N9I5,FADS6,SER,224,78.31,96.88
Q8N9I5,FADS6,SER,225,50.71,97.12
Q8N9I5,FADS6,TYR,241,54.69,97.31
Q8N9I5,FADS6,SER,256,34.02,88.56
Q8N9I5,FADS6,LYS,260,80.93,87.56
Q8N9I5,FADS6,LYS,308,72.18,98.56
Q8N9I5,FADS6,LYS,310,41.42,98.69
Q8N9I5,FADS6,LYS,320,73.22,97.38
Q8N9I5,FADS6,TYR,324,26.74,98.25
Q8N9I5,FADS6,SER,328,46.37,98.25
Q8N9I5,FADS6,TYR,329,47.72,98.12
Q8N9I5,FADS6,THR,351,123.61,41.31
Q8NBI6,XXYLT1,CYS,10,97.22,53.66
Q8NBI6,XXYLT1,SER,22,67.26,69.62
Q8NBI6,XXYLT1,TYR,24,140.72,75.31
Q8NBI6,XXYLT1,CYS,25,74.88,75.62
Q8NBI6,XXYLT1,CYS,36,63.06,69.5
Q8NBI6,XXYLT1,TYR,39,118.68,56.19
Q8NBI6,XXYLT1,TYR,40,180.89,57.38
Q8NBI6,XXYLT1,SER,43,65.88,46.75
Q8NBI6,XXYLT1,THR,47,94.46,47.03
Q8NBI6,XXYLT1,SER,49,72.63,47.53
Q8NBI6,XXYLT1,SER,50,33.73,45.59
Q8NBI6,XXYLT1,LYS,53,126.09,50.44
Q8NBI6,XXYLT1,LYS,56,114.56,51.28
Q8NBI6,XXYLT1,SER,67,104.43,35.84
Q8NBI6,XXYLT1,SER,77,109.69,27.84
Q8NBI6,XXYLT1,LYS,85,205.6,30.55
Q8NBI6,XXYLT1,LYS,87,192.11,35.03
Q8NBI6,XXYLT1,SER,88,100.88,29.08
Q8NBI6,XXYLT1,TYR,99,31.64,98.69
Q8NBI6,XXYLT1,THR,106,36.85,95.06
Q8NBI6,XXYLT1,LYS,107,168.58,94.0
Q8NBI6,XXYLT1,LYS,117,50.96,97.88
Q8NBI6,XXYLT1,LYS,130,139.92,98.12
Q8NBI6,XXYLT1,LYS,152,58.49,98.25
Q8NBI6,XXYLT1,LYS,166,120.18,97.5
Q8NBI6,XXYLT1,CYS,167,34.94,97.88
Q8NBI6,XXYLT1,LYS,168,120.74,98.0
Q8NBI6,XXYLT1,LYS,180,108.31,92.0
Q8NBI6,XXYLT1,LYS,190,96.21,82.06
Q8NBI6,XXYLT1,THR,198,58.46,56.31
Q8NBI6,XXYLT1,TYR,199,135.22,60.66
Q8NBI6,XXYLT1,TYR,200,99.33,55.94
Q8NBI6,XXYLT1,SER,201,71.57,65.5
Q8NBI6,XXYLT1,LYS,217,169.43,97.12
Q8NBI6,XXYLT1,LYS,230,15.9,98.62
Q8NBI6,XXYLT1,LYS,232,61.77,98.25
Q8NBI6,XXYLT1,THR,233,24.13,98.19
Q8NBI6,XXYLT1,SER,244,60.98,97.56
Q8NBI6,XXYLT1,THR,264,17.55,95.94
Q8NBI6,XXYLT1,THR,275,39.22,98.25
Q8NBI6,XXYLT1,SER,290,20.41,97.75
Q8NBI6,XXYLT1,SER,303,16.36,98.44
Q8NBI6,XXYLT1,SER,307,53.9,96.81
Q8NBI6,XXYLT1,LYS,321,99.57,97.69
Q8NBI6,XXYLT1,LYS,343,174.14,97.94
Q8NBI6,XXYLT1,CYS,350,30.66,98.69
Q8NBI6,XXYLT1,THR,358,36.61,98.06
Q8NBI6,XXYLT1,TYR,365,31.32,97.62
Q8NBI6,XXYLT1,SER,366,86.28,97.31
Q8NBI6,XXYLT1,CYS,375,17.25,98.44
Q8NBI6,XXYLT1,LYS,380,50.17,98.62
Q8NBI6,XXYLT1,TYR,382,51.26,98.81
Q8NBI6,XXYLT1,CYS,386,31.04,93.44
Q8NBI6,XXYLT1,THR,388,39.8,96.56
Q8NG94,OR11H1,CYS,2,45.22,32.34
Q8NG94,OR11H1,THR,5,97.51,26.22
Q8NG94,OR11H1,THR,9,113.43,29.62
Q8NG94,OR11H1,SER,15,90.28,31.16
Q8NG94,OR11H1,SER,19,98.75,38.97
Q8NG94,OR11H1,SER,20,96.35,39.97
Q8NG94,OR11H1,SER,33,64.66,69.62
Q8NG94,OR11H1,CYS,34,12.87,70.31
Q8NG94,OR11H1,THR,37,100.46,85.69
Q8NG94,OR11H1,SER,44,60.7,92.06
Q8NG94,OR11H1,THR,47,48.58,93.31
Q8NG94,OR11H1,THR,48,72.62,93.56
Q8NG94,OR11H1,THR,49,18.79,92.62
Q8NG94,OR11H1,TYR,50,51.69,94.0
Q8NG94,OR11H1,THR,55,92.54,93.19
Q8NG94,OR11H1,CYS,66,66.92,86.94
Q8NG94,OR11H1,THR,72,55.98,87.0
Q8NG94,OR11H1,SER,90,44.43,94.38
Q8NG94,OR11H1,SER,91,26.85,92.56
Q8NG94,OR11H1,LYS,95,59.37,89.31
Q8NG94,OR11H1,SER,102,34.22,84.19
Q8NG94,OR11H1,LYS,104,167.31,77.25
Q8NG94,OR11H1,LYS,105,28.21,81.44
Q8NG94,OR11H1,SER,108,59.56,85.31
Q8NG94,OR11H1,TYR,117,34.55,92.12
Q8NG94,OR11H1,THR,131,16.2,97.0
Q8NG94,OR11H1,TYR,138,41.24,94.75
Q8NG94,OR11H1,CYS,142,19.81,92.5
Q8NG94,OR11H1,TYR,147,39.43,93.0
Q8NG94,OR11H1,THR,152,58.69,93.0
Q8NG94,OR11H1,TYR,156,32.73,94.44
Q8NG94,OR11H1,LYS,158,112.87,97.25
Q8NG94,OR11H1,CYS,166,46.1,97.31
Q8NG94,OR11H1,SER,179,43.22,82.19
Q8NG94,OR11H1,CYS,184,75.44,68.94
Q8NG94,OR11H1,CYS,204,46.54,67.62
Q8NG94,OR11H1,SER,206,96.44,72.88
Q8NG94,OR11H1,CYS,214,11.14,86.38
Q8NG94,OR11H1,TYR,215,57.51,84.69
Q8NG94,OR11H1,THR,216,63.08,88.06
Q8NG94,OR11H1,SER,218,15.24,88.56
Q8NG94,OR11H1,SER,219,26.96,89.75
Q8NG94,OR11H1,TYR,233,11.94,94.88
Q8NG94,OR11H1,THR,234,62.22,94.38
Q8NG94,OR11H1,LYS,238,136.44,92.06
Q8NG94,OR11H1,SER,245,58.22,81.88
Q8NG94,OR11H1,SER,246,76.88,80.0
Q8NG94,OR11H1,THR,247,111.54,78.88
Q8NG94,OR11H1,LYS,251,135.01,80.69
Q8NG94,OR11H1,SER,254,39.09,83.0
Q8NG94,OR11H1,THR,255,36.38,83.06
Q8NG94,OR11H1,SER,264,69.23,91.06
Q8NG94,OR11H1,SER,268,63.06,87.0
Q8NG94,OR11H1,SER,269,12.18,85.56
Q8NG94,OR11H1,TYR,274,14.3,77.88
Q8NG94,OR11H1,SER,276,33.32,68.88
Q8NG94,OR11H1,SER,282,61.99,67.62
Q8NG94,OR11H1,THR,283,50.93,67.75
Q8NG94,OR11H1,LYS,287,15.24,80.06
Q8NG94,OR11H1,TYR,305,13.29,84.0
Q8NG94,OR11H1,SER,306,14.27,78.38
Q8NG94,OR11H1,LYS,310,170.77,78.69
Q8NG94,OR11H1,LYS,313,83.19,82.0
Q8NG94,OR11H1,LYS,318,130.77,80.88
Q8NG94,OR11H1,SER,322,65.56,57.47
Q8NG94,OR11H1,SER,323,83.17,48.5
Q8NGD3,OR4K5,LYS,3,197.44,41.41
Q8NGD3,OR4K5,SER,4,92.06,52.84
Q8NGD3,OR4K5,SER,6,100.5,54.0
Q8NGD3,OR4K5,SER,7,84.11,65.44
Q8NGD3,OR4K5,SER,10,83.78,86.38
Q8NGD3,OR4K5,CYS,18,22.91,81.69
Q8NGD3,OR4K5,SER,19,114.74,76.88
Q8NGD3,OR4K5,SER,20,59.92,85.38
Q8NGD3,OR4K5,LYS,22,183.01,86.88
Q8NGD3,OR4K5,TYR,27,44.49,91.19
Q8NGD3,OR4K5,CYS,29,66.01,94.88
Q8NGD3,OR4K5,SER,32,29.93,95.56
Q8NGD3,OR4K5,TYR,35,53.93,95.12
Q8NGD3,OR4K5,THR,36,68.15,95.69
Q8NGD3,OR4K5,THR,50,91.58,93.62
Q8NGD3,OR4K5,SER,51,76.71,92.5
Q8NGD3,OR4K5,THR,53,106.14,90.69
Q8NGD3,OR4K5,SER,54,87.49,91.56
Q8NGD3,OR4K5,SER,57,37.39,93.5
Q8NGD3,OR4K5,TYR,60,12.74,93.75
Q8NGD3,OR4K5,CYS,72,23.0,95.69
Q8NGD3,OR4K5,SER,75,43.15,94.5
Q8NGD3,OR4K5,LYS,80,57.91,93.25
Q8NGD3,OR4K5,SER,87,46.56,86.06
Q8NGD3,OR4K5,THR,91,39.68,92.38
Q8NGD3,OR4K5,SER,93,56.64,93.81
Q8NGD3,OR4K5,SER,95,78.45,91.94
Q8NGD3,OR4K5,TYR,120,84.11,95.31
Q8NGD3,OR4K5,TYR,123,55.72,93.31
Q8NGD3,OR4K5,CYS,127,25.41,91.69
Q8NGD3,OR4K5,LYS,128,100.79,92.44
Q8NGD3,OR4K5,TYR,131,130.86,95.5
Q8NGD3,OR4K5,TYR,132,43.14,96.56
Q8NGD3,OR4K5,SER,137,37.65,96.06
Q8NGD3,OR4K5,THR,140,38.52,97.81
Q8NGD3,OR4K5,THR,142,61.79,97.94
Q8NGD3,OR4K5,SER,158,27.55,94.31
Q8NGD3,OR4K5,SER,161,69.75,89.12
Q8NGD3,OR4K5,CYS,169,80.4,81.25
Q8NGD3,OR4K5,LYS,186,97.9,85.5
Q8NGD3,OR4K5,CYS,189,59.15,86.69
Q8NGD3,OR4K5,SER,192,19.97,82.94
Q8NGD3,OR4K5,TYR,193,116.84,85.06
Q8NGD3,OR4K5,SER,209,51.77,93.31
Q8NGD3,OR4K5,SER,212,59.61,91.0
Q8NGD3,OR4K5,SER,216,52.78,92.25
Q8NGD3,OR4K5,SER,217,14.19,92.81
Q8NGD3,OR4K5,TYR,218,16.42,89.06
Q8NGD3,OR4K5,THR,224,30.22,89.12
Q8NGD3,OR4K5,LYS,228,126.5,85.62
Q8NGD3,OR4K5,SER,229,53.06,79.81
Q8NGD3,OR4K5,SER,230,96.02,77.75
Q8NGD3,OR4K5,LYS,235,164.2,76.12
Q8NGD3,OR4K5,SER,238,69.85,74.19
Q8NGD3,OR4K5,THR,239,67.93,74.38
Q8NGD3,OR4K5,SER,242,10.9,76.19
Q8NGD3,OR4K5,TYR,258,10.67,72.62
Q8NGD3,OR4K5,THR,263,78.1,60.91
Q8NGD3,OR4K5,SER,265,28.62,66.44
Q8NGD3,OR4K5,LYS,269,28.08,79.88
Q8NGD3,OR4K5,THR,288,18.83,75.56
Q8NGD3,OR4K5,LYS,295,84.43,88.19
Q8NGD3,OR4K5,LYS,300,125.23,88.5
Q8NGD3,OR4K5,TYR,305,168.59,77.69
Q8NGD3,OR4K5,SER,312,52.56,49.59
Q8NGD3,OR4K5,SER,315,64.07,48.91
Q8NGD3,OR4K5,THR,320,100.54,55.0
Q8NGD3,OR4K5,SER,321,84.82,53.88
Q8NGP3,OR5M9,THR,5,68.42,50.94
Q8NGP3,OR5M9,THR,8,103.47,84.75
Q8NGP3,OR5M9,THR,11,49.07,93.62
Q8NGP3,OR5M9,THR,16,21.26,88.25
Q8NGP3,OR5M9,CYS,17,122.96,84.25
Q8NGP3,OR5M9,TYR,33,33.41,95.94
Q8NGP3,OR5M9,SER,48,77.88,92.94
Q8NGP3,OR5M9,SER,50,11.48,91.12
Q8NGP3,OR5M9,SER,55,41.8,90.88
Q8NGP3,OR5M9,TYR,58,13.33,93.0
Q8NGP3,OR5M9,SER,62,18.77,95.62
Q8NGP3,OR5M9,CYS,70,41.28,95.56
Q8NGP3,OR5M9,SER,73,46.93,95.12
Q8NGP3,OR5M9,LYS,78,40.99,94.56
Q8NGP3,OR5M9,SER,85,35.25,89.25
Q8NGP3,OR5M9,THR,87,100.93,86.38
Q8NGP3,OR5M9,LYS,88,37.37,90.88
Q8NGP3,OR5M9,THR,89,45.82,92.88
Q8NGP3,OR5M9,SER,91,55.44,94.44
Q8NGP3,OR5M9,TYR,92,29.78,91.94
Q8NGP3,OR5M9,TYR,100,53.69,97.44
Q8NGP3,OR5M9,TYR,111,34.25,96.94
Q8NGP3,OR5M9,TYR,121,45.44,93.0
Q8NGP3,OR5M9,CYS,125,38.06,87.88
Q8NGP3,OR5M9,TYR,130,46.98,91.88
Q8NGP3,OR5M9,SER,132,87.87,88.38
Q8NGP3,OR5M9,LYS,133,112.31,90.81
Q8NGP3,OR5M9,SER,135,39.88,93.94
Q8NGP3,OR5M9,THR,137,85.53,95.44
Q8NGP3,OR5M9,SER,144,50.7,97.56
Q8NGP3,OR5M9,TYR,147,42.02,98.12
Q8NGP3,OR5M9,TYR,149,81.57,97.69
Q8NGP3,OR5M9,SER,152,54.83,97.81
Q8NGP3,OR5M9,THR,158,16.04,94.62
Q8NGP3,OR5M9,TYR,162,120.77,90.44
Q8NGP3,OR5M9,TYR,165,129.36,87.75
Q8NGP3,OR5M9,CYS,167,63.82,83.81
Q8NGP3,OR5M9,CYS,187,32.94,88.69
Q8NGP3,OR5M9,THR,196,26.32,92.81
Q8NGP3,OR5M9,THR,206,90.03,94.25
Q8NGP3,OR5M9,TYR,207,129.87,96.06
Q8NGP3,OR5M9,SER,210,45.0,95.81
Q8NGP3,OR5M9,TYR,216,11.69,94.31
Q8NGP3,OR5M9,THR,217,84.01,93.75
Q8NGP3,OR5M9,SER,228,63.86,85.44
Q8NGP3,OR5M9,LYS,234,153.91,78.5
Q8NGP3,OR5M9,SER,237,56.08,75.75
Q8NGP3,OR5M9,THR,238,33.6,78.94
Q8NGP3,OR5M9,CYS,239,14.53,85.06
Q8NGP3,OR5M9,THR,244,38.67,89.0
Q8NGP3,OR5M9,SER,247,79.1,88.25
Q8NGP3,OR5M9,THR,252,23.13,85.94
Q8NGP3,OR5M9,TYR,257,16.5,90.31
Q8NGP3,OR5M9,THR,262,65.88,91.5
Q8NGP3,OR5M9,SER,265,12.19,91.56
Q8NGP3,OR5M9,LYS,270,16.5,90.69
Q8NGP3,OR5M9,SER,289,22.22,77.88
Q8NGP3,OR5M9,LYS,293,161.77,81.31
Q8NGP3,OR5M9,LYS,296,95.97,84.88
Q8NGP3,OR5M9,LYS,301,102.8,87.5
Q8NGP3,OR5M9,THR,304,80.83,86.25
Q8NGP3,OR5M9,LYS,305,155.3,81.0
Q8NGP3,OR5M9,THR,306,90.95,77.19
Q8NGP3,OR5M9,TYR,307,159.89,70.56
Q8NI08,NCOA7,THR,3,131.1,43.56
Q8NI08,NCOA7,LYS,4,197.1,37.5
Q8NI08,NCOA7,LYS,7,195.53,40.91
Q8NI08,NCOA7,LYS,8,209.78,36.94
Q8NI08,NCOA7,LYS,11,209.34,46.84
Q8NI08,NCOA7,SER,13,67.65,64.75
Q8NI08,NCOA7,TYR,14,160.42,56.84
Q8NI08,NCOA7,LYS,19,157.81,77.38
Q8NI08,NCOA7,LYS,20,154.69,76.69
Q8NI08,NCOA7,LYS,21,159.77,75.31
Q8NI08,NCOA7,LYS,22,156.36,73.44
Q8NI08,NCOA7,LYS,25,134.19,67.38
Q8NI08,NCOA7,THR,30,96.73,52.41
Q8NI08,NCOA7,SER,32,92.67,48.25
Q8NI08,NCOA7,THR,36,129.98,34.56
Q8NI08,NCOA7,THR,38,125.33,35.16
Q8NI08,NCOA7,THR,40,144.82,32.69
Q8NI08,NCOA7,LYS,42,179.58,35.91
Q8NI08,NCOA7,THR,47,113.85,37.31
Q8NI08,NCOA7,LYS,54,169.94,38.03
Q8NI08,NCOA7,CYS,55,104.15,30.95
Q8NI08,NCOA7,TYR,63,181.55,30.45
Q8NI08,NCOA7,THR,65,113.77,29.3
Q8NI08,NCOA7,LYS,68,178.53,30.28
Q8NI08,NCOA7,LYS,69,197.74,35.56
Q8NI08,NCOA7,LYS,70,215.18,35.5
Q8NI08,NCOA7,LYS,72,186.67,36.69
Q8NI08,NCOA7,SER,73,101.52,33.81
Q8NI08,NCOA7,LYS,77,196.26,41.84
Q8NI08,NCOA7,THR,82,55.96,40.81
Q8NI08,NCOA7,LYS,85,170.6,39.97
Q8NI08,NCOA7,TYR,87,199.85,35.06
Q8NI08,NCOA7,TYR,88,198.24,33.66
Q8NI08,NCOA7,SER,89,113.93,34.34
Q8NI08,NCOA7,LYS,96,178.57,34.75
Q8NI08,NCOA7,THR,97,133.35,31.59
Q8NI08,NCOA7,LYS,100,202.94,32.88
Q8NI08,NCOA7,LYS,101,196.62,37.66
Q8NI08,NCOA7,LYS,103,199.77,37.09
Q8NI08,NCOA7,LYS,104,183.71,36.19
Q8NI08,NCOA7,LYS,109,93.11,66.12
Q8NI08,NCOA7,THR,113,13.14,83.44
Q8NI08,NCOA7,TYR,116,32.5,89.75
Q8NI08,NCOA7,THR,117,81.37,90.88
Q8NI08,NCOA7,THR,123,76.06,89.81
Q8NI08,NCOA7,SER,126,45.08,91.06
Q8NI08,NCOA7,LYS,130,127.25,88.06
Q8NI08,NCOA7,THR,134,84.97,89.19
Q8NI08,NCOA7,LYS,137,109.27,87.12
Q8NI08,NCOA7,LYS,143,188.89,87.25
Q8NI08,NCOA7,THR,146,68.43,84.38
Q8NI08,NCOA7,THR,148,108.34,86.44
Q8NI08,NCOA7,SER,162,77.68,43.66
Q8NI08,NCOA7,SER,164,113.9,32.75
Q8NI08,NCOA7,SER,165,112.26,31.98
Q8NI08,NCOA7,THR,166,124.76,32.88
Q8NI08,NCOA7,SER,170,113.16,32.69
Q8NI08,NCOA7,SER,171,104.48,33.25
Q8NI08,NCOA7,SER,172,114.88,37.34
Q8NI08,NCOA7,SER,173,112.21,42.56
Q8NI08,NCOA7,THR,177,126.93,32.91
Q8NI08,NCOA7,SER,179,101.76,35.59
Q8NI08,NCOA7,SER,181,101.49,34.78
Q8NI08,NCOA7,SER,182,103.31,44.41
Q8NI08,NCOA7,SER,183,88.97,43.03
Q8NI08,NCOA7,TYR,187,180.61,45.16
Q8NI08,NCOA7,LYS,189,151.42,44.81
Q8NI08,NCOA7,LYS,198,209.83,34.81
Q8NI08,NCOA7,LYS,201,178.49,39.47
Q8NI08,NCOA7,SER,208,99.41,28.7
Q8NI08,NCOA7,SER,209,101.79,28.77
Q8NI08,NCOA7,THR,210,139.1,34.28
Q8NI08,NCOA7,SER,211,106.08,33.53
Q8NI08,NCOA7,LYS,220,138.41,66.81
Q8NI08,NCOA7,LYS,223,119.17,87.62
Q8NI08,NCOA7,TYR,228,24.32,93.0
Q8NI08,NCOA7,THR,230,14.66,85.75
Q8NI08,NCOA7,LYS,233,104.28,78.56
Q8NI08,NCOA7,THR,243,26.59,85.94
Q8NI08,NCOA7,LYS,253,166.55,87.75
Q8NI08,NCOA7,SER,254,89.79,88.31
Q8NI08,NCOA7,CYS,263,32.71,84.5
Q8NI08,NCOA7,SER,277,37.65,83.56
Q8NI08,NCOA7,TYR,281,55.28,85.31
Q8NI08,NCOA7,SER,285,86.07,71.31
Q8NI08,NCOA7,LYS,288,162.29,60.25
Q8NI08,NCOA7,LYS,290,94.41,48.72
Q8NI08,NCOA7,SER,295,98.7,36.84
Q8NI08,NCOA7,CYS,302,92.07,29.22
Q8NI08,NCOA7,TYR,305,166.76,29.22
Q8NI08,NCOA7,SER,315,104.25,31.12
Q8NI08,NCOA7,LYS,317,179.97,36.19
Q8NI08,NCOA7,SER,323,69.81,47.34
Q8NI08,NCOA7,LYS,324,203.1,40.38
Q8NI08,NCOA7,LYS,326,201.85,38.66
Q8NI08,NCOA7,SER,327,99.07,39.59
Q8NI08,NCOA7,LYS,330,202.32,36.0
Q8NI08,NCOA7,LYS,332,204.39,32.69
Q8NI08,NCOA7,LYS,339,179.63,33.06
Q8NI08,NCOA7,THR,342,106.7,32.03
Q8NI08,NCOA7,SER,343,88.75,36.78
Q8NI08,NCOA7,SER,345,94.78,37.28
Q8NI08,NCOA7,LYS,353,168.39,29.78
Q8NI08,NCOA7,SER,354,98.97,31.44
Q8NI08,NCOA7,THR,355,137.1,29.14
Q8NI08,NCOA7,THR,358,124.41,24.55
Q8NI08,NCOA7,THR,360,121.23,30.81
Q8NI08,NCOA7,LYS,361,197.64,31.08
Q8NI08,NCOA7,SER,363,114.86,32.31
Q8NI08,NCOA7,SER,365,113.59,36.34
Q8NI08,NCOA7,SER,366,95.14,36.25
Q8NI08,NCOA7,SER,368,96.13,30.91
Q8NI08,NCOA7,LYS,370,160.0,30.66
Q8NI08,NCOA7,LYS,372,168.59,27.09
Q8NI08,NCOA7,LYS,373,158.03,25.78
Q8NI08,NCOA7,SER,376,93.4,26.98
Q8NI08,NCOA7,SER,377,97.43,27.77
Q8NI08,NCOA7,THR,380,114.85,27.48
Q8NI08,NCOA7,SER,381,80.63,29.48
Q8NI08,NCOA7,SER,384,108.78,30.59
Q8NI08,NCOA7,THR,386,116.81,28.66
Q8NI08,NCOA7,THR,388,102.75,28.41
Q8NI08,NCOA7,LYS,389,177.49,30.56
Q8NI08,NCOA7,SER,391,102.63,29.44
Q8NI08,NCOA7,LYS,392,193.92,30.67
Q8NI08,NCOA7,SER,395,95.18,30.16
Q8NI08,NCOA7,THR,397,115.94,26.84
Q8NI08,NCOA7,SER,398,103.99,25.5
Q8NI08,NCOA7,SER,399,105.85,26.36
Q8NI08,NCOA7,SER,403,117.17,33.94
Q8NI08,NCOA7,THR,404,119.08,26.31
Q8NI08,NCOA7,LYS,406,175.97,29.72
Q8NI08,NCOA7,SER,423,94.41,27.25
Q8NI08,NCOA7,SER,424,93.79,29.55
Q8NI08,NCOA7,THR,426,131.66,26.61
Q8NI08,NCOA7,LYS,432,159.24,38.91
Q8NI08,NCOA7,LYS,433,175.35,34.22
Q8NI08,NCOA7,THR,435,108.7,33.5
Q8NI08,NCOA7,LYS,437,163.69,34.06
Q8NI08,NCOA7,CYS,439,116.55,29.09
Q8NI08,NCOA7,SER,441,99.85,26.56
Q8NI08,NCOA7,LYS,448,192.2,34.0
Q8NI08,NCOA7,LYS,449,204.54,30.5
Q8NI08,NCOA7,SER,452,99.49,31.42
Q8NI08,NCOA7,SER,457,113.62,36.34
Q8NI08,NCOA7,SER,465,114.33,27.45
Q8NI08,NCOA7,THR,472,121.57,33.94
Q8NI08,NCOA7,LYS,479,204.83,28.59
Q8NI08,NCOA7,THR,486,108.3,29.44
Q8NI08,NCOA7,CYS,487,117.68,31.72
Q8NI08,NCOA7,LYS,489,160.1,36.47
Q8NI08,NCOA7,LYS,498,150.18,31.7
Q8NI08,NCOA7,SER,500,115.84,29.03
Q8NI08,NCOA7,SER,502,108.81,30.44
Q8NI08,NCOA7,SER,505,104.06,30.14
Q8NI08,NCOA7,THR,510,127.11,30.22
Q8NI08,NCOA7,LYS,519,173.94,50.75
Q8NI08,NCOA7,LYS,521,126.76,55.56
Q8NI08,NCOA7,TYR,525,132.34,57.41
Q8NI08,NCOA7,TYR,526,144.71,45.88
Q8NI08,NCOA7,THR,528,100.02,46.84
Q8NI08,NCOA7,LYS,529,132.59,47.09
Q8NI08,NCOA7,LYS,531,189.23,38.28
Q8NI08,NCOA7,SER,537,91.87,26.83
Q8NI08,NCOA7,LYS,542,175.91,33.47
Q8NI08,NCOA7,THR,543,92.85,32.16
Q8NI08,NCOA7,SER,546,92.8,37.88
Q8NI08,NCOA7,LYS,549,189.66,39.38
Q8NI08,NCOA7,SER,550,93.21,35.66
Q8NI08,NCOA7,THR,559,107.83,31.48
Q8NI08,NCOA7,SER,561,121.29,29.89
Q8NI08,NCOA7,SER,562,112.59,28.39
Q8NI08,NCOA7,SER,563,122.96,35.28
Q8NI08,NCOA7,SER,565,113.96,33.06
Q8NI08,NCOA7,THR,572,112.46,34.59
Q8NI08,NCOA7,LYS,576,199.62,38.69
Q8NI08,NCOA7,LYS,580,168.36,34.31
Q8NI08,NCOA7,THR,581,108.77,25.39
Q8NI08,NCOA7,LYS,584,194.53,32.72
Q8NI08,NCOA7,LYS,585,201.13,26.42
Q8NI08,NCOA7,LYS,592,179.74,27.94
Q8NI08,NCOA7,SER,595,90.15,30.53
Q8NI08,NCOA7,SER,596,97.25,29.64
Q8NI08,NCOA7,THR,597,111.5,33.28
Q8NI08,NCOA7,LYS,603,168.01,30.62
Q8NI08,NCOA7,SER,608,93.23,26.42
Q8NI08,NCOA7,SER,609,85.84,28.72
Q8NI08,NCOA7,SER,612,104.78,31.05
Q8NI08,NCOA7,THR,613,113.96,29.38
Q8NI08,NCOA7,SER,617,105.63,29.25
Q8NI08,NCOA7,CYS,618,108.17,29.33
Q8NI08,NCOA7,LYS,626,167.03,49.06
Q8NI08,NCOA7,SER,627,49.09,64.19
Q8NI08,NCOA7,LYS,635,150.41,59.22
Q8NI08,NCOA7,SER,647,103.25,31.48
Q8NI08,NCOA7,LYS,648,196.71,39.78
Q8NI08,NCOA7,LYS,651,192.47,44.91
Q8NI08,NCOA7,SER,652,49.84,45.62
Q8NI08,NCOA7,LYS,653,215.83,53.31
Q8NI08,NCOA7,THR,654,69.74,66.31
Q8NI08,NCOA7,LYS,662,59.73,86.38
Q8NI08,NCOA7,LYS,665,116.35,79.38
Q8NI08,NCOA7,LYS,669,84.02,82.19
Q8NI08,NCOA7,SER,670,45.41,70.25
Q8NI08,NCOA7,THR,673,105.74,40.44
Q8NI08,NCOA7,THR,675,123.19,41.78
Q8NI08,NCOA7,TYR,682,220.31,32.59
Q8NI08,NCOA7,LYS,684,205.32,33.78
Q8NI08,NCOA7,LYS,687,196.77,56.78
Q8NI08,NCOA7,TYR,691,23.69,90.0
Q8NI08,NCOA7,TYR,704,128.03,78.56
Q8NI08,NCOA7,THR,705,79.31,76.81
Q8NI08,NCOA7,TYR,715,117.48,45.47
Q8NI08,NCOA7,LYS,717,196.1,45.06
Q8NI08,NCOA7,LYS,720,184.71,38.34
Q8NI08,NCOA7,LYS,729,177.1,40.19
Q8NI08,NCOA7,SER,740,77.03,38.88
Q8NI08,NCOA7,THR,743,120.93,36.31
Q8NI08,NCOA7,THR,744,115.34,33.88
Q8NI08,NCOA7,LYS,745,201.03,34.0
Q8NI08,NCOA7,SER,746,104.4,40.62
Q8NI08,NCOA7,THR,751,86.76,73.62
Q8NI08,NCOA7,LYS,756,150.11,67.94
Q8NI08,NCOA7,LYS,759,182.64,57.12
Q8NI08,NCOA7,SER,760,96.66,44.03
Q8NI08,NCOA7,THR,761,119.49,41.75
Q8NI08,NCOA7,CYS,762,125.73,34.12
Q8NI08,NCOA7,SER,763,100.46,36.53
Q8NI08,NCOA7,TYR,764,189.86,33.16
Q8NI08,NCOA7,TYR,765,216.16,46.06
Q8NI08,NCOA7,SER,780,20.9,86.88
Q8NI08,NCOA7,TYR,802,107.91,86.25
Q8NI08,NCOA7,THR,810,10.41,95.19
Q8NI08,NCOA7,THR,815,80.04,94.0
Q8NI08,NCOA7,SER,816,32.31,95.12
Q8NI08,NCOA7,LYS,818,119.25,94.38
Q8NI08,NCOA7,THR,819,34.95,94.62
Q8NI08,NCOA7,TYR,821,23.42,95.25
Q8NI08,NCOA7,LYS,823,86.31,92.62
Q8NI08,NCOA7,SER,826,96.7,85.25
Q8NI08,NCOA7,SER,829,14.27,90.38
Q8NI08,NCOA7,LYS,836,47.72,95.69
Q8NI08,NCOA7,THR,848,13.25,93.62
Q8NI08,NCOA7,LYS,852,88.98,93.0
Q8NI08,NCOA7,SER,854,18.57,91.94
Q8NI08,NCOA7,TYR,857,76.4,94.06
Q8NI08,NCOA7,TYR,858,28.84,94.94
Q8NI08,NCOA7,THR,860,57.61,93.94
Q8NI08,NCOA7,SER,869,32.36,84.5
Q8NI08,NCOA7,LYS,873,102.19,94.44
Q8NI08,NCOA7,LYS,876,94.29,95.75
Q8NI08,NCOA7,SER,878,48.25,94.0
Q8NI08,NCOA7,SER,882,67.31,94.31
Q8NI08,NCOA7,TYR,883,104.9,95.06
Q8NI08,NCOA7,SER,890,63.86,93.88
Q8NI08,NCOA7,TYR,910,105.29,95.94
Q8NI08,NCOA7,SER,916,63.19,94.31
Q8NI08,NCOA7,SER,918,37.79,93.44
Q8NI08,NCOA7,SER,926,11.66,92.75
Q8NI08,NCOA7,LYS,927,117.83,90.69
Q8NI08,NCOA7,LYS,928,121.52,93.06
Q8TAX9,GSDMB,SER,3,50.6,70.12
Q8TAX9,GSDMB,LYS,14,155.95,73.5
Q8TAX9,GSDMB,SER,27,36.94,87.25
Q8TAX9,GSDMB,CYS,36,22.4,88.62
Q8TAX9,GSDMB,LYS,43,38.18,79.75
Q8TAX9,GSDMB,THR,45,23.51,73.81
Q8TAX9,GSDMB,CYS,49,70.51,75.06
Q8TAX9,GSDMB,TYR,52,76.15,87.12
Q8TAX9,GSDMB,THR,53,32.13,88.94
Q8TAX9,GSDMB,THR,54,20.81,88.81
Q8TAX9,GSDMB,THR,57,37.8,91.31
Q8TAX9,GSDMB,THR,64,62.89,77.75
Q8TAX9,GSDMB,LYS,68,189.82,50.12
Q8TAX9,GSDMB,SER,75,94.6,43.31
Q8TAX9,GSDMB,LYS,81,133.36,49.91
Q8TAX9,GSDMB,SER,92,57.48,41.19
Q8TAX9,GSDMB,THR,93,91.62,35.59
Q8TAX9,GSDMB,LYS,102,171.49,28.11
Q8TAX9,GSDMB,THR,105,68.33,27.03
Q8TAX9,GSDMB,SER,107,32.96,32.31
Q8TAX9,GSDMB,SER,109,34.3,31.69
Q8TAX9,GSDMB,LYS,117,106.12,54.47
Q8TAX9,GSDMB,LYS,119,73.09,68.88
Q8TAX9,GSDMB,SER,126,36.79,80.56
Q8TAX9,GSDMB,THR,132,38.98,83.88
Q8TAX9,GSDMB,LYS,137,140.81,90.75
Q8TAX9,GSDMB,LYS,139,68.29,90.38
Q8TAX9,GSDMB,SER,145,47.0,84.12
Q8TAX9,GSDMB,SER,148,71.38,80.0
Q8TAX9,GSDMB,THR,151,88.74,78.5
Q8TAX9,GSDMB,TYR,156,30.7,92.44
Q8TAX9,GSDMB,LYS,166,93.2,75.75
Q8TAX9,GSDMB,THR,169,58.3,71.25
Q8TAX9,GSDMB,LYS,171,112.4,62.16
Q8TAX9,GSDMB,TYR,176,82.65,41.88
Q8TAX9,GSDMB,LYS,177,61.56,42.19
Q8TAX9,GSDMB,SER,183,118.07,36.12
Q8TAX9,GSDMB,SER,188,52.99,44.66
Q8TAX9,GSDMB,TYR,189,67.84,42.62
Q8TAX9,GSDMB,LYS,190,122.24,48.66
Q8TAX9,GSDMB,LYS,192,143.2,54.53
Q8TAX9,GSDMB,THR,198,61.74,81.75
Q8TAX9,GSDMB,LYS,210,52.03,91.31
Q8TAX9,GSDMB,LYS,217,177.14,84.69
Q8TAX9,GSDMB,THR,219,27.24,89.81
Q8TAX9,GSDMB,LYS,227,151.89,63.88
Q8TAX9,GSDMB,THR,228,61.88,75.5
Q8TAX9,GSDMB,LYS,229,76.56,83.44
Q8TAX9,GSDMB,LYS,235,207.84,46.72
Q8TAX9,GSDMB,SER,239,114.01,34.0
Q8TAX9,GSDMB,SER,240,90.88,30.47
Q8TAX9,GSDMB,CYS,241,125.09,29.98
Q8TAX9,GSDMB,LYS,244,192.13,27.73
Q8TAX9,GSDMB,SER,245,86.31,30.97
Q8TAX9,GSDMB,SER,248,70.93,39.62
Q8TAX9,GSDMB,SER,251,106.8,54.22
Q8TAX9,GSDMB,LYS,255,114.43,78.38
Q8TAX9,GSDMB,LYS,257,37.98,84.75
Q8TAX9,GSDMB,SER,263,58.57,91.56
Q8TAX9,GSDMB,LYS,266,90.77,89.56
Q8TAX9,GSDMB,THR,269,85.77,90.38
Q8TAX9,GSDMB,LYS,272,54.31,91.19
Q8TAX9,GSDMB,LYS,274,134.12,91.69
Q8TAX9,GSDMB,SER,279,11.34,91.88
Q8TAX9,GSDMB,LYS,282,119.05,90.38
Q8TAX9,GSDMB,LYS,286,106.3,86.31
Q8TAX9,GSDMB,SER,298,28.59,87.19
Q8TAX9,GSDMB,SER,303,59.07,83.75
Q8TAX9,GSDMB,LYS,313,74.3,81.5
Q8TAX9,GSDMB,SER,317,39.99,89.75
Q8TAX9,GSDMB,LYS,332,98.05,89.44
Q8TAX9,GSDMB,SER,345,43.79,75.75
Q8TAX9,GSDMB,LYS,357,134.41,80.25
Q8TAX9,GSDMB,THR,359,49.5,84.56
Q8TAX9,GSDMB,LYS,364,41.38,85.12
Q8TAX9,GSDMB,LYS,368,86.17,79.25
Q8TAX9,GSDMB,SER,369,17.58,71.31
Q8TAX9,GSDMB,SER,380,90.97,40.75
Q8TAX9,GSDMB,SER,381,50.06,36.44
Q8TAX9,GSDMB,TYR,387,51.19,48.0
Q8TAX9,GSDMB,TYR,398,22.83,87.12
Q8TAX9,GSDMB,THR,412,104.36,38.34
Q8TAX9,GSDMB,SER,413,99.24,29.81
Q8TAX9,GSDMB,SER,415,101.51,25.09
Q8TAX9,GSDMB,SER,416,167.51,29.16
Q8TCT6,SPPL3,THR,5,87.53,53.12
Q8TCT6,SPPL3,TYR,6,143.52,53.16
Q8TCT6,SPPL3,SER,7,72.54,54.25
Q8TCT6,SPPL3,TYR,10,179.56,54.38
Q8TCT6,SPPL3,SER,11,65.4,55.91
Q8TCT6,SPPL3,SER,15,76.83,76.44
Q8TCT6,SPPL3,SER,19,38.52,83.75
Q8TCT6,SPPL3,TYR,30,110.11,94.56
Q8TCT6,SPPL3,LYS,45,114.75,77.62
Q8TCT6,SPPL3,LYS,47,134.61,78.44
Q8TCT6,SPPL3,SER,49,68.85,71.0
Q8TCT6,SPPL3,SER,51,97.57,69.62
Q8TCT6,SPPL3,SER,52,71.13,61.16
Q8TCT6,SPPL3,SER,53,120.84,45.5
Q8TCT6,SPPL3,SER,55,112.12,36.59
Q8TCT6,SPPL3,SER,60,84.51,43.34
Q8TCT6,SPPL3,THR,61,72.17,47.03
Q8TCT6,SPPL3,SER,64,67.13,69.56
Q8TCT6,SPPL3,THR,67,74.84,85.69
Q8TCT6,SPPL3,SER,70,46.39,87.0
Q8TCT6,SPPL3,THR,71,82.94,88.81
Q8TCT6,SPPL3,SER,81,28.14,91.19
Q8TCT6,SPPL3,SER,83,52.91,89.31
Q8TCT6,SPPL3,SER,93,80.59,83.88
Q8TCT6,SPPL3,CYS,101,63.77,90.0
Q8TCT6,SPPL3,THR,107,17.08,92.69
Q8TCT6,SPPL3,TYR,120,161.73,82.0
Q8TCT6,SPPL3,THR,122,25.9,78.06
Q8TCT6,SPPL3,CYS,125,105.52,58.75
Q8TCT6,SPPL3,SER,126,46.97,56.28
Q8TCT6,SPPL3,LYS,130,150.09,49.03
Q8TCT6,SPPL3,SER,132,61.53,41.28
Q8TCT6,SPPL3,CYS,135,124.08,38.78
Q8TCT6,SPPL3,CYS,136,89.11,42.0
Q8TCT6,SPPL3,THR,140,61.49,74.44
Q8TCT6,SPPL3,SER,148,63.36,93.38
Q8TCT6,SPPL3,THR,160,74.85,83.31
Q8TCT6,SPPL3,SER,185,10.31,91.62
Q8TCT6,SPPL3,LYS,187,99.28,93.38
Q8TCT6,SPPL3,CYS,190,15.72,94.44
Q8TCT6,SPPL3,SER,194,45.74,93.94
Q8TCT6,SPPL3,TYR,199,39.2,91.56
Q8TCT6,SPPL3,TYR,209,178.76,87.81
Q8TCT6,SPPL3,SER,213,37.84,83.31
Q8TCT6,SPPL3,LYS,218,103.42,82.44
Q8TCT6,SPPL3,THR,221,93.87,75.69
Q8TCT6,SPPL3,SER,232,13.23,78.75
Q8TCT6,SPPL3,LYS,234,160.87,81.44
Q8TCT6,SPPL3,SER,249,58.38,60.62
Q8TCT6,SPPL3,LYS,253,63.7,67.81
Q8TCT6,SPPL3,SER,259,106.35,48.16
Q8TCT6,SPPL3,THR,260,112.98,52.09
Q8TCT6,SPPL3,SER,262,76.08,52.81
Q8TCT6,SPPL3,SER,265,23.36,60.69
Q8TCT6,SPPL3,TYR,288,45.18,86.06
Q8TCT6,SPPL3,LYS,289,49.32,84.31
Q8TCT6,SPPL3,LYS,290,130.32,84.0
Q8TCT6,SPPL3,SER,293,67.74,72.5
Q8TCT6,SPPL3,SER,296,81.13,46.34
Q8TCT6,SPPL3,CYS,297,122.76,38.03
Q8TCT6,SPPL3,SER,306,72.28,46.78
Q8TCT6,SPPL3,LYS,311,181.02,55.88
Q8TCT6,SPPL3,SER,313,19.85,84.06
Q8TCT6,SPPL3,CYS,317,30.56,93.31
Q8TCT6,SPPL3,THR,328,42.72,91.75
Q8TCT6,SPPL3,THR,330,29.33,86.0
Q8TCT6,SPPL3,SER,333,39.26,84.62
Q8TCT6,SPPL3,TYR,345,41.58,93.88
Q8TCT6,SPPL3,THR,356,73.56,92.62
Q8TCT6,SPPL3,TYR,359,157.98,91.69
Q8TCT6,SPPL3,LYS,361,44.25,86.81
Q8TCT6,SPPL3,SER,369,71.15,82.94
Q8TCT6,SPPL3,SER,374,83.97,51.56
Q8TCT6,SPPL3,LYS,375,196.47,40.88
Q8TCT6,SPPL3,SER,376,99.12,33.84
Q8TCT6,SPPL3,SER,377,103.12,35.41
Q8TCT6,SPPL3,SER,378,95.41,35.34
Q8TCT6,SPPL3,SER,379,89.27,38.75
Q8TDQ0,HAVCR2,SER,3,76.2,51.62
Q8TDQ0,HAVCR2,CYS,9,76.21,70.44
Q8TDQ0,HAVCR2,THR,19,99.76,50.06
Q8TDQ0,HAVCR2,SER,21,92.23,56.31
Q8TDQ0,HAVCR2,SER,22,98.8,55.72
Q8TDQ0,HAVCR2,TYR,26,53.66,95.75
Q8TDQ0,HAVCR2,TYR,35,101.9,95.88
Q8TDQ0,HAVCR2,TYR,40,16.09,93.0
Q8TDQ0,HAVCR2,THR,41,127.46,91.94
Q8TDQ0,HAVCR2,LYS,55,67.71,95.81
Q8TDQ0,HAVCR2,CYS,58,24.62,94.62
Q8TDQ0,HAVCR2,CYS,63,10.29,94.19
Q8TDQ0,HAVCR2,THR,70,13.56,92.12
Q8TDQ0,HAVCR2,TYR,77,102.02,80.69
Q8TDQ0,HAVCR2,THR,79,52.15,83.19
Q8TDQ0,HAVCR2,SER,80,109.26,84.56
Q8TDQ0,HAVCR2,TYR,82,15.0,95.38
Q8TDQ0,HAVCR2,LYS,90,154.99,88.25
Q8TDQ0,HAVCR2,THR,96,12.87,96.38
Q8TDQ0,HAVCR2,THR,101,61.56,97.0
Q8TDQ0,HAVCR2,SER,105,45.94,97.12
Q8TDQ0,HAVCR2,LYS,122,75.27,94.94
Q8TDQ0,HAVCR2,LYS,126,72.23,96.69
Q8TDQ0,HAVCR2,LYS,130,96.64,96.69
Q8TDQ0,HAVCR2,LYS,133,185.18,84.56
Q8TDQ0,HAVCR2,THR,135,110.25,72.69
Q8TDQ0,HAVCR2,THR,139,127.57,58.56
Q8TDQ0,HAVCR2,THR,145,123.92,51.22
Q8TDQ0,HAVCR2,THR,153,130.68,37.25
Q8TDQ0,HAVCR2,THR,154,131.54,47.72
Q8TDQ0,HAVCR2,THR,162,121.5,33.09
Q8TDQ0,HAVCR2,THR,164,121.71,36.41
Q8TDQ0,HAVCR2,SER,167,109.34,34.19
Q8TDQ0,HAVCR2,THR,174,84.91,51.84
Q8TDQ0,HAVCR2,SER,177,57.97,64.19
Q8TDQ0,HAVCR2,THR,178,75.78,71.38
Q8TDQ0,HAVCR2,SER,186,58.49,75.0
Q8TDQ0,HAVCR2,SER,195,56.47,64.56
Q8TDQ0,HAVCR2,THR,198,87.81,68.94
Q8TDQ0,HAVCR2,TYR,204,162.79,76.81
Q8TDQ0,HAVCR2,CYS,210,73.88,81.81
Q8TDQ0,HAVCR2,LYS,225,150.01,89.31
Q8TDQ0,HAVCR2,TYR,227,138.43,87.5
Q8TDQ0,HAVCR2,SER,228,49.96,83.31
Q8TDQ0,HAVCR2,SER,230,41.13,78.94
Q8TDQ0,HAVCR2,LYS,231,114.08,79.25
Q8TDQ0,HAVCR2,LYS,233,119.1,72.0
Q8TDQ0,HAVCR2,SER,238,70.61,57.44
Q8TDQ0,HAVCR2,SER,241,76.59,54.28
Q8TDQ0,HAVCR2,SER,248,124.17,41.53
Q8TDQ0,HAVCR2,SER,260,91.5,56.62
Q8TDQ0,HAVCR2,TYR,265,188.87,66.56
Q8TDQ0,HAVCR2,THR,266,116.37,59.41
Q8TDQ0,HAVCR2,TYR,272,192.61,50.78
Q8TDQ0,HAVCR2,TYR,280,201.31,47.81
Q8TDQ0,HAVCR2,TYR,281,214.42,46.25
Q8TDQ0,HAVCR2,CYS,282,97.64,46.59
Q8TDQ0,HAVCR2,TYR,283,214.5,52.41
Q8TDQ0,HAVCR2,SER,285,96.24,44.62
Q8TDQ0,HAVCR2,SER,286,98.14,37.09
Q8TDQ0,HAVCR2,SER,291,109.32,43.53
Q8TDQ0,HAVCR2,CYS,296,122.08,44.03
Q8TDW4,ST7L,SER,16,108.62,25.05
Q8TDW4,ST7L,SER,19,107.49,27.92
Q8TDW4,ST7L,THR,26,125.41,43.34
Q8TDW4,ST7L,THR,40,65.34,49.78
Q8TDW4,ST7L,SER,43,70.28,63.72
Q8TDW4,ST7L,TYR,54,131.68,75.75
Q8TDW4,ST7L,CYS,63,68.72,73.38
Q8TDW4,ST7L,THR,70,67.45,76.38
Q8TDW4,ST7L,SER,75,82.59,79.69
Q8TDW4,ST7L,THR,77,83.27,80.12
Q8TDW4,ST7L,LYS,79,172.69,81.88
Q8TDW4,ST7L,TYR,81,87.64,82.62
Q8TDW4,ST7L,THR,85,93.69,84.62
Q8TDW4,ST7L,THR,87,75.99,89.06
Q8TDW4,ST7L,SER,88,54.16,87.56
Q8TDW4,ST7L,SER,89,73.09,88.62
Q8TDW4,ST7L,SER,92,67.79,87.75
Q8TDW4,ST7L,TYR,102,34.65,81.19
Q8TDW4,ST7L,LYS,105,118.26,73.12
Q8TDW4,ST7L,THR,108,22.08,69.31
Q8TDW4,ST7L,SER,109,27.0,73.69
Q8TDW4,ST7L,SER,115,37.86,65.81
Q8TDW4,ST7L,SER,117,68.59,63.03
Q8TDW4,ST7L,THR,126,106.9,31.58
Q8TDW4,ST7L,SER,128,98.91,26.91
Q8TDW4,ST7L,SER,129,92.74,25.48
Q8TDW4,ST7L,SER,131,99.35,24.73
Q8TDW4,ST7L,SER,135,108.91,28.89
Q8TDW4,ST7L,SER,137,101.52,28.08
Q8TDW4,ST7L,THR,144,106.37,31.17
Q8TDW4,ST7L,SER,145,78.17,31.88
Q8TDW4,ST7L,SER,150,90.88,47.5
Q8TDW4,ST7L,CYS,152,23.37,73.62
Q8TDW4,ST7L,LYS,153,110.53,83.31
Q8TDW4,ST7L,TYR,170,58.84,97.25
Q8TDW4,ST7L,THR,171,30.61,96.88
Q8TDW4,ST7L,THR,174,59.88,96.81
Q8TDW4,ST7L,LYS,176,103.06,95.69
Q8TDW4,ST7L,THR,180,25.54,95.94
Q8TDW4,ST7L,TYR,181,134.45,93.69
Q8TDW4,ST7L,TYR,182,77.6,94.81
Q8TDW4,ST7L,THR,193,94.97,93.19
Q8TDW4,ST7L,THR,196,27.85,95.12
Q8TDW4,ST7L,CYS,197,19.7,93.94
Q8TDW4,ST7L,THR,207,45.68,96.88
Q8TDW4,ST7L,LYS,211,142.56,95.31
Q8TDW4,ST7L,LYS,223,135.1,98.44
Q8TDW4,ST7L,TYR,226,97.98,98.62
Q8TDW4,ST7L,TYR,239,22.18,98.75
Q8TDW4,ST7L,THR,248,83.09,97.62
Q8TDW4,ST7L,THR,249,56.5,98.25
Q8TDW4,ST7L,LYS,258,110.69,98.69
Q8TDW4,ST7L,LYS,262,155.15,98.44
Q8TDW4,ST7L,THR,266,49.08,96.62
Q8TDW4,ST7L,TYR,268,32.96,95.44
Q8TDW4,ST7L,CYS,274,41.34,89.75
Q8TDW4,ST7L,SER,278,34.5,90.88
Q8TDW4,ST7L,THR,289,21.0,94.38
Q8TDW4,ST7L,LYS,296,36.16,97.31
Q8TDW4,ST7L,LYS,305,75.34,97.94
Q8TDW4,ST7L,LYS,314,137.22,98.44
Q8TDW4,ST7L,LYS,321,172.14,92.0
Q8TDW4,ST7L,THR,327,98.7,59.84
Q8TDW4,ST7L,TYR,345,31.44,98.12
Q8TDW4,ST7L,LYS,354,143.45,89.25
Q8TDW4,ST7L,TYR,355,29.88,87.12
Q8TDW4,ST7L,SER,359,88.73,73.06
Q8TDW4,ST7L,LYS,362,49.44,85.56
Q8TDW4,ST7L,CYS,367,15.54,95.12
Q8TDW4,ST7L,LYS,374,77.14,96.56
Q8TDW4,ST7L,THR,377,101.17,95.31
Q8TDW4,ST7L,LYS,381,176.2,86.56
Q8TDW4,ST7L,SER,383,33.87,87.19
Q8TDW4,ST7L,THR,386,55.66,85.12
Q8TDW4,ST7L,SER,388,96.02,85.06
Q8TDW4,ST7L,SER,393,53.19,92.5
Q8TDW4,ST7L,THR,394,104.86,93.5
Q8TDW4,ST7L,LYS,415,54.62,94.44
Q8TDW4,ST7L,LYS,421,33.3,94.31
Q8TDW4,ST7L,SER,422,92.52,94.38
Q8TDW4,ST7L,LYS,432,39.35,89.25
Q8TDW4,ST7L,LYS,450,89.96,97.69
Q8TDW4,ST7L,CYS,461,59.5,89.12
Q8TDW4,ST7L,THR,462,12.39,87.69
Q8TDW4,ST7L,TYR,472,123.58,56.28
Q8TDW4,ST7L,LYS,476,175.23,49.94
Q8TDW4,ST7L,TYR,481,125.8,68.5
Q8TDW4,ST7L,TYR,483,20.41,70.06
Q8TDW4,ST7L,SER,485,120.69,67.44
Q8TDW4,ST7L,CYS,486,42.49,74.62
Q8TDW4,ST7L,THR,487,12.26,79.5
Q8TDW4,ST7L,THR,489,40.11,83.19
Q8TDW4,ST7L,THR,497,146.23,90.88
Q8TDW4,ST7L,SER,502,12.68,85.25
Q8TDW4,ST7L,TYR,504,20.89,68.81
Q8TDW4,ST7L,LYS,506,149.26,60.47
Q8TDW4,ST7L,LYS,507,109.86,58.78
Q8TDW4,ST7L,THR,516,52.04,80.19
Q8TDW4,ST7L,CYS,520,71.57,85.44
Q8TDW4,ST7L,SER,521,73.99,88.38
Q8TDW4,ST7L,SER,522,60.01,88.5
Q8TDW4,ST7L,THR,523,69.45,86.0
Q8TDW4,ST7L,THR,530,65.05,82.88
Q8TDW4,ST7L,LYS,542,159.88,78.88
Q8TDW4,ST7L,CYS,549,42.32,55.16
Q8TDW4,ST7L,SER,555,109.82,38.31
Q8TDW4,ST7L,SER,556,80.58,38.34
Q8TDW4,ST7L,THR,562,112.01,31.7
Q8TDW4,ST7L,LYS,566,174.58,34.22
Q8TDW4,ST7L,SER,567,119.82,36.88
Q8TDW4,ST7L,SER,573,113.67,34.16
Q8TDW4,ST7L,SER,574,120.11,30.12
Q8WY98,TMEM234,SER,4,60.79,78.0
Q8WY98,TMEM234,LYS,26,129.01,92.06
Q8WY98,TMEM234,SER,29,36.48,91.0
Q8WY98,TMEM234,THR,39,70.36,93.94
Q8WY98,TMEM234,LYS,49,116.0,91.56
Q8WY98,TMEM234,THR,50,51.63,91.75
Q8WY98,TMEM234,THR,55,103.65,89.44
Q8WY98,TMEM234,TYR,57,42.06,93.19
Q8WY98,TMEM234,CYS,66,68.63,94.25
Q8WY98,TMEM234,SER,68,38.63,93.06
Q8WY98,TMEM234,TYR,71,32.51,91.44
Q8WY98,TMEM234,TYR,72,155.55,91.12
Q8WY98,TMEM234,SER,77,62.94,76.0
Q8WY98,TMEM234,THR,81,114.04,80.69
Q8WY98,TMEM234,SER,89,30.81,92.94
Q8WY98,TMEM234,THR,95,41.52,95.0
Q8WY98,TMEM234,LYS,100,123.42,91.94
Q8WY98,TMEM234,LYS,109,190.98,87.44
Q8WY98,TMEM234,THR,118,43.29,93.12
Q8WY98,TMEM234,SER,123,53.25,86.62
Q8WY98,TMEM234,CYS,125,50.04,84.19
Q8WY98,TMEM234,THR,127,84.27,80.56
Q8WY98,TMEM234,SER,128,87.54,78.25
Q8WY98,TMEM234,SER,129,19.64,68.38
Q8WY98,TMEM234,THR,133,48.13,51.78
Q8WY98,TMEM234,LYS,141,144.57,68.44
Q8WY98,TMEM234,THR,146,77.57,82.69
Q8WY98,TMEM234,SER,148,70.67,85.62
Q8WY98,TMEM234,LYS,150,126.18,88.62
Q8WY98,TMEM234,CYS,151,86.64,83.06
Q8WY98,TMEM234,LYS,152,158.38,87.0
Q8WY98,TMEM234,SER,156,69.92,76.38
Q8WY98,TMEM234,THR,158,83.95,62.22
Q8WY98,TMEM234,SER,160,84.06,59.5
Q92523,CPT1B,THR,13,72.2,55.97
Q92523,CPT1B,THR,15,54.91,62.5
Q92523,CPT1B,SER,24,57.07,59.0
Q92523,CPT1B,LYS,29,130.8,67.12
Q92523,CPT1B,TYR,32,146.34,73.88
Q92523,CPT1B,SER,34,55.8,67.0
Q92523,CPT1B,SER,38,68.99,71.62
Q92523,CPT1B,LYS,40,116.22,78.19
Q92523,CPT1B,LYS,41,115.07,73.56
Q92523,CPT1B,LYS,47,123.72,88.06
Q92523,CPT1B,SER,58,44.6,87.19
Q92523,CPT1B,THR,60,91.27,87.81
Q92523,CPT1B,SER,61,41.59,89.44
Q92523,CPT1B,SER,72,14.13,88.75
Q92523,CPT1B,SER,73,57.57,84.81
Q92523,CPT1B,CYS,75,94.09,86.62
Q92523,CPT1B,SER,85,55.92,85.25
Q92523,CPT1B,CYS,86,67.27,86.81
Q92523,CPT1B,CYS,90,100.84,84.12
Q92523,CPT1B,CYS,95,118.17,49.44
Q92523,CPT1B,TYR,98,183.84,56.75
Q92523,CPT1B,THR,100,66.5,77.31
Q92523,CPT1B,THR,103,58.05,82.81
Q92523,CPT1B,THR,114,47.87,93.25
Q92523,CPT1B,THR,119,91.51,92.69
Q92523,CPT1B,THR,127,37.96,95.0
Q92523,CPT1B,LYS,129,51.42,94.69
Q92523,CPT1B,CYS,133,67.96,95.5
Q92523,CPT1B,TYR,134,61.26,95.25
Q92523,CPT1B,LYS,144,153.2,84.62
Q92523,CPT1B,THR,145,61.88,88.56
Q92523,CPT1B,SER,146,44.28,93.0
Q92523,CPT1B,CYS,155,42.57,95.19
Q92523,CPT1B,SER,160,22.19,89.25
Q92523,CPT1B,SER,161,50.64,80.31
Q92523,CPT1B,TYR,167,22.5,94.56
Q92523,CPT1B,THR,171,46.69,88.81
Q92523,CPT1B,LYS,175,68.7,94.25
Q92523,CPT1B,SER,182,60.05,98.19
Q92523,CPT1B,SER,191,10.05,97.75
Q92523,CPT1B,TYR,201,36.72,98.0
Q92523,CPT1B,TYR,202,136.35,98.38
Q92523,CPT1B,LYS,209,133.79,98.38
Q92523,CPT1B,LYS,214,148.58,96.94
Q92523,CPT1B,THR,215,26.42,97.38
Q92523,CPT1B,LYS,221,153.06,98.0
Q92523,CPT1B,TYR,222,101.45,96.38
Q92523,CPT1B,LYS,226,34.22,93.0
Q92523,CPT1B,SER,227,17.93,91.62
Q92523,CPT1B,SER,231,34.1,89.38
Q92523,CPT1B,SER,235,13.29,93.12
Q92523,CPT1B,TYR,241,50.27,90.19
Q92523,CPT1B,TYR,243,20.08,94.0
Q92523,CPT1B,SER,248,62.55,94.44
Q92523,CPT1B,SER,254,20.67,96.25
Q92523,CPT1B,LYS,265,98.35,90.19
Q92523,CPT1B,LYS,287,70.43,95.62
Q92523,CPT1B,LYS,294,175.1,92.81
Q92523,CPT1B,TYR,307,76.98,94.62
Q92523,CPT1B,LYS,321,137.05,96.5
Q92523,CPT1B,THR,323,42.08,94.31
Q92523,CPT1B,SER,330,64.74,84.06
Q92523,CPT1B,LYS,340,101.94,97.38
Q92523,CPT1B,LYS,345,41.35,98.69
Q92523,CPT1B,TYR,349,49.96,95.0
Q92523,CPT1B,LYS,356,87.53,97.94
Q92523,CPT1B,SER,372,43.46,96.81
Q92523,CPT1B,LYS,380,56.78,98.38
Q92523,CPT1B,SER,401,62.78,96.56
Q92523,CPT1B,SER,402,81.16,96.25
Q92523,CPT1B,LYS,404,128.4,96.56
Q92523,CPT1B,LYS,406,90.5,98.38
Q92523,CPT1B,SER,425,63.02,96.19
Q92523,CPT1B,TYR,426,59.82,94.94
Q92523,CPT1B,SER,427,53.83,89.88
Q92523,CPT1B,TYR,428,27.35,92.81
Q92523,CPT1B,SER,435,11.68,97.12
Q92523,CPT1B,SER,437,11.15,98.0
Q92523,CPT1B,LYS,441,46.75,98.0
Q92523,CPT1B,TYR,449,39.63,97.94
Q92523,CPT1B,LYS,463,133.25,97.44
Q92523,CPT1B,THR,491,13.87,96.75
Q92523,CPT1B,SER,493,29.21,93.94
Q92523,CPT1B,TYR,498,38.2,98.06
Q92523,CPT1B,THR,499,51.66,97.69
Q92523,CPT1B,THR,501,103.46,96.62
Q92523,CPT1B,LYS,507,178.01,94.81
Q92523,CPT1B,THR,516,71.44,98.12
Q92523,CPT1B,LYS,524,172.35,98.44
Q92523,CPT1B,SER,532,65.14,98.62
Q92523,CPT1B,TYR,534,29.76,98.75
Q92523,CPT1B,LYS,538,79.77,98.62
Q92523,CPT1B,TYR,547,17.75,98.25
Q92523,CPT1B,LYS,556,58.46,93.44
Q92523,CPT1B,LYS,560,113.96,93.88
Q92523,CPT1B,LYS,561,132.88,93.75
Q92523,CPT1B,THR,564,15.17,93.5
Q92523,CPT1B,SER,565,27.86,94.19
Q92523,CPT1B,LYS,584,104.29,96.25
Q92523,CPT1B,TYR,589,32.02,98.25
Q92523,CPT1B,THR,602,14.28,95.56
Q92523,CPT1B,SER,610,52.01,98.62
Q92523,CPT1B,SER,623,96.28,95.0
Q92523,CPT1B,THR,625,80.92,95.75
Q92523,CPT1B,LYS,626,79.71,94.88
Q92523,CPT1B,LYS,635,106.65,98.38
Q92523,CPT1B,LYS,638,138.32,97.12
Q92523,CPT1B,LYS,639,48.77,98.06
Q92523,CPT1B,TYR,644,56.06,96.81
Q92523,CPT1B,THR,649,16.64,96.75
Q92523,CPT1B,TYR,661,63.55,96.31
Q92523,CPT1B,LYS,665,123.31,92.56
Q92523,CPT1B,TYR,666,129.65,90.69
Q92523,CPT1B,SER,670,101.84,92.75
Q92523,CPT1B,SER,679,80.88,90.94
Q92523,CPT1B,SER,687,21.27,96.81
Q92523,CPT1B,SER,692,52.13,83.75
Q92523,CPT1B,THR,731,12.54,93.19
Q92523,CPT1B,LYS,739,21.65,98.38
Q92523,CPT1B,SER,741,87.24,97.69
Q92523,CPT1B,SER,742,16.53,97.5
Q92523,CPT1B,SER,743,113.71,96.06
Q92523,CPT1B,LYS,756,116.56,98.56
Q92523,CPT1B,LYS,769,185.18,53.0
Q92523,CPT1B,TYR,771,222.4,40.41
Q92523,CPT1B,SER,772,176.29,36.03
Q969V1,MCHR2,SER,7,78.44,55.28
Q969V1,MCHR2,CYS,8,100.88,52.34
Q969V1,MCHR2,THR,11,76.85,67.12
Q969V1,MCHR2,SER,12,53.55,69.25
Q969V1,MCHR2,LYS,18,122.35,67.88
Q969V1,MCHR2,SER,19,60.91,64.0
Q969V1,MCHR2,LYS,22,154.99,73.38
Q969V1,MCHR2,TYR,26,165.94,75.12
Q969V1,MCHR2,THR,28,40.18,77.75
Q969V1,MCHR2,SER,30,45.36,82.88
Q969V1,MCHR2,THR,34,35.57,90.0
Q969V1,MCHR2,SER,39,60.73,94.19
Q969V1,MCHR2,CYS,45,10.7,93.56
Q969V1,MCHR2,SER,46,66.01,94.75
Q969V1,MCHR2,THR,47,54.5,94.44
Q969V1,MCHR2,LYS,64,161.69,87.06
Q969V1,MCHR2,LYS,65,61.02,90.12
Q969V1,MCHR2,THR,66,55.55,89.94
Q969V1,MCHR2,CYS,73,19.26,95.19
Q969V1,MCHR2,THR,107,28.44,97.75
Q969V1,MCHR2,THR,110,21.87,95.5
Q969V1,MCHR2,THR,114,10.22,95.69
Q969V1,MCHR2,CYS,120,15.87,95.5
Q969V1,MCHR2,THR,125,17.36,96.38
Q969V1,MCHR2,TYR,132,39.51,92.81
Q969V1,MCHR2,THR,142,81.27,73.81
Q969V1,MCHR2,THR,146,55.58,91.81
Q969V1,MCHR2,TYR,148,148.36,94.25
Q969V1,MCHR2,LYS,149,70.81,94.75
Q969V1,MCHR2,TYR,171,121.3,95.94
Q969V1,MCHR2,LYS,173,97.33,96.56
Q969V1,MCHR2,LYS,176,144.93,92.5
Q969V1,MCHR2,LYS,178,224.13,81.12
Q969V1,MCHR2,THR,189,115.78,84.31
Q969V1,MCHR2,SER,190,38.22,89.06
Q969V1,MCHR2,TYR,197,31.77,95.81
Q969V1,MCHR2,THR,198,16.22,95.75
Q969V1,MCHR2,TYR,200,71.06,97.12
Q969V1,MCHR2,THR,204,35.76,97.19
Q969V1,MCHR2,CYS,216,12.65,95.25
Q969V1,MCHR2,CYS,222,74.58,94.69
Q969V1,MCHR2,TYR,223,52.52,91.94
Q969V1,MCHR2,THR,224,32.8,90.75
Q969V1,MCHR2,TYR,228,129.29,86.62
Q969V1,MCHR2,LYS,232,147.11,81.25
Q969V1,MCHR2,CYS,236,83.47,61.84
Q969V1,MCHR2,CYS,237,100.23,64.94
Q969V1,MCHR2,SER,240,67.91,77.44
Q969V1,MCHR2,LYS,243,51.02,82.44
Q969V1,MCHR2,LYS,248,141.8,87.62
Q969V1,MCHR2,LYS,251,134.07,90.44
Q969V1,MCHR2,TYR,267,25.64,95.44
Q969V1,MCHR2,THR,281,87.76,88.44
Q969V1,MCHR2,TYR,285,59.89,87.12
Q969V1,MCHR2,TYR,288,51.28,91.75
Q969V1,MCHR2,TYR,289,38.12,90.62
Q969V1,MCHR2,SER,295,23.65,93.94
Q969V1,MCHR2,TYR,296,29.93,92.69
Q969V1,MCHR2,SER,298,20.4,91.0
Q969V1,MCHR2,LYS,315,151.69,85.12
Q969V1,MCHR2,THR,325,70.83,89.56
Q969V1,MCHR2,LYS,327,125.6,89.0
Q969V1,MCHR2,THR,335,74.6,89.31
Q969V1,MCHR2,LYS,337,161.23,86.75
Q969V1,MCHR2,SER,338,87.73,86.81
Q96BI1,SLC67A1,SER,13,104.74,27.31
Q96BI1,SLC67A1,SER,18,30.23,49.84
Q96BI1,SLC67A1,SER,23,90.68,89.44
Q96BI1,SLC67A1,SER,24,46.28,92.69
Q96BI1,SLC67A1,TYR,30,25.73,96.19
Q96BI1,SLC67A1,THR,35,42.52,97.38
Q96BI1,SLC67A1,THR,38,16.49,96.12
Q96BI1,SLC67A1,SER,45,28.74,85.12
Q96BI1,SLC67A1,TYR,49,144.18,88.69
Q96BI1,SLC67A1,LYS,53,140.6,91.81
Q96BI1,SLC67A1,SER,58,100.33,86.06
Q96BI1,SLC67A1,TYR,63,142.04,92.88
Q96BI1,SLC67A1,THR,66,61.02,92.25
Q96BI1,SLC67A1,THR,67,50.01,94.0
Q96BI1,SLC67A1,THR,93,15.46,97.56
Q96BI1,SLC67A1,SER,111,25.38,93.38
Q96BI1,SLC67A1,TYR,118,172.42,96.25
Q96BI1,SLC67A1,SER,144,11.35,90.81
Q96BI1,SLC67A1,CYS,159,12.23,92.69
Q96BI1,SLC67A1,SER,168,48.11,89.0
Q96BI1,SLC67A1,THR,173,67.79,89.38
Q96BI1,SLC67A1,SER,176,103.27,87.75
Q96BI1,SLC67A1,TYR,178,162.33,92.56
Q96BI1,SLC67A1,CYS,182,35.8,94.56
Q96BI1,SLC67A1,THR,200,77.52,93.5
Q96BI1,SLC67A1,CYS,201,28.49,92.94
Q96BI1,SLC67A1,SER,205,67.52,77.5
Q96BI1,SLC67A1,THR,206,10.92,78.19
Q96BI1,SLC67A1,LYS,207,24.96,78.12
Q96BI1,SLC67A1,LYS,210,198.34,38.59
Q96BI1,SLC67A1,THR,211,53.58,47.88
Q96BI1,SLC67A1,SER,224,59.12,83.56
Q96BI1,SLC67A1,LYS,229,172.53,87.5
Q96BI1,SLC67A1,SER,233,52.43,91.12
Q96BI1,SLC67A1,CYS,252,33.08,94.44
Q96BI1,SLC67A1,SER,262,78.02,86.19
Q96BI1,SLC67A1,TYR,278,160.23,86.62
Q96BI1,SLC67A1,SER,281,74.46,86.88
Q96BI1,SLC67A1,SER,299,10.92,86.56
Q96BI1,SLC67A1,SER,300,76.09,84.69
Q96BI1,SLC67A1,SER,303,42.27,91.81
Q96BI1,SLC67A1,SER,326,77.54,91.12
Q96BI1,SLC67A1,SER,327,41.58,93.19
Q96BI1,SLC67A1,CYS,332,41.82,94.5
Q96BI1,SLC67A1,LYS,355,71.87,91.44
Q96BI1,SLC67A1,SER,358,54.15,88.0
Q96BI1,SLC67A1,THR,359,84.62,86.44
Q96BI1,SLC67A1,SER,360,52.93,87.56
Q96BI1,SLC67A1,THR,378,30.02,86.62
Q96BI1,SLC67A1,THR,382,89.3,90.12
Q96BI1,SLC67A1,TYR,388,41.55,93.94
Q96BI1,SLC67A1,SER,390,75.39,93.88
Q96BI1,SLC67A1,THR,405,53.13,96.56
Q96BI1,SLC67A1,LYS,414,140.63,72.81
Q96BI1,SLC67A1,LYS,420,185.51,38.44
Q96BI1,SLC67A1,LYS,422,156.94,34.31
Q96JQ2,CLMN,SER,19,54.54,89.56
Q96JQ2,CLMN,LYS,35,39.6,96.62
Q96JQ2,CLMN,THR,39,19.78,97.31
Q96JQ2,CLMN,LYS,48,106.27,88.19
Q96JQ2,CLMN,CYS,49,13.3,86.81
Q96JQ2,CLMN,LYS,56,161.98,94.31
Q96JQ2,CLMN,LYS,66,74.13,93.5
Q96JQ2,CLMN,SER,76,32.69,88.5
Q96JQ2,CLMN,TYR,84,53.04,88.44
Q96JQ2,CLMN,LYS,85,89.56,87.12
Q96JQ2,CLMN,SER,86,94.48,85.75
Q96JQ2,CLMN,SER,87,34.92,81.94
Q96JQ2,CLMN,SER,88,103.39,82.06
Q96JQ2,CLMN,LYS,99,35.44,91.81
Q96JQ2,CLMN,LYS,102,94.33,90.19
Q96JQ2,CLMN,SER,107,24.49,81.94
Q96JQ2,CLMN,LYS,110,45.94,68.0
Q96JQ2,CLMN,SER,113,92.02,73.88
Q96JQ2,CLMN,SER,125,57.51,91.31
Q96JQ2,CLMN,LYS,141,66.62,87.69
Q96JQ2,CLMN,SER,148,72.39,58.91
Q96JQ2,CLMN,SER,151,68.74,43.97
Q96JQ2,CLMN,SER,153,108.16,41.34
Q96JQ2,CLMN,SER,154,95.79,40.62
Q96JQ2,CLMN,SER,155,109.93,38.31
Q96JQ2,CLMN,SER,157,90.44,43.06
Q96JQ2,CLMN,SER,160,123.42,49.22
Q96JQ2,CLMN,THR,163,139.61,52.62
Q96JQ2,CLMN,SER,165,110.13,54.31
Q96JQ2,CLMN,SER,167,99.34,50.84
Q96JQ2,CLMN,SER,168,103.43,37.16
Q96JQ2,CLMN,THR,172,117.16,45.56
Q96JQ2,CLMN,THR,174,93.84,45.66
Q96JQ2,CLMN,SER,178,61.95,43.0
Q96JQ2,CLMN,SER,182,21.74,62.97
Q96JQ2,CLMN,LYS,184,127.97,77.69
Q96JQ2,CLMN,LYS,188,127.48,89.94
Q96JQ2,CLMN,LYS,191,147.8,92.75
Q96JQ2,CLMN,LYS,203,115.81,89.12
Q96JQ2,CLMN,TYR,204,49.24,92.38
Q96JQ2,CLMN,SER,214,11.14,95.0
Q96JQ2,CLMN,SER,217,17.78,94.44
Q96JQ2,CLMN,LYS,226,38.71,95.06
Q96JQ2,CLMN,SER,231,95.35,93.62
Q96JQ2,CLMN,LYS,236,155.56,93.06
Q96JQ2,CLMN,SER,242,57.83,95.38
Q96JQ2,CLMN,THR,243,52.87,95.38
Q96JQ2,CLMN,LYS,249,56.12,97.25
Q96JQ2,CLMN,SER,252,36.62,97.44
Q96JQ2,CLMN,THR,273,67.01,85.88
Q96JQ2,CLMN,SER,301,79.72,45.94
Q96JQ2,CLMN,LYS,303,164.69,44.75
Q96JQ2,CLMN,SER,309,50.82,41.28
Q96JQ2,CLMN,THR,310,75.8,35.88
Q96JQ2,CLMN,LYS,315,145.41,38.41
Q96JQ2,CLMN,THR,317,76.17,37.31
Q96JQ2,CLMN,SER,319,94.99,36.53
Q96JQ2,CLMN,SER,323,116.14,34.5
Q96JQ2,CLMN,LYS,324,142.17,34.44
Q96JQ2,CLMN,THR,329,98.12,42.16
Q96JQ2,CLMN,THR,335,106.72,37.84
Q96JQ2,CLMN,TYR,336,182.53,39.94
Q96JQ2,CLMN,THR,337,101.61,36.78
Q96JQ2,CLMN,THR,342,125.78,38.72
Q96JQ2,CLMN,SER,343,109.0,33.59
Q96JQ2,CLMN,SER,348,92.58,39.28
Q96JQ2,CLMN,LYS,349,201.66,30.47
Q96JQ2,CLMN,CYS,353,125.31,28.59
Q96JQ2,CLMN,LYS,355,197.95,32.47
Q96JQ2,CLMN,SER,358,116.84,30.61
Q96JQ2,CLMN,LYS,360,177.06,31.53
Q96JQ2,CLMN,SER,368,98.97,33.97
Q96JQ2,CLMN,SER,369,80.45,36.5
Q96JQ2,CLMN,SER,373,96.47,38.16
Q96JQ2,CLMN,SER,375,98.16,41.84
Q96JQ2,CLMN,SER,376,92.58,38.25
Q96JQ2,CLMN,THR,377,138.91,34.12
Q96JQ2,CLMN,LYS,394,187.59,35.44
Q96JQ2,CLMN,THR,395,107.19,32.25
Q96JQ2,CLMN,SER,396,93.61,30.11
Q96JQ2,CLMN,SER,399,97.14,33.03
Q96JQ2,CLMN,SER,402,97.48,30.48
Q96JQ2,CLMN,SER,405,105.96,29.92
Q96JQ2,CLMN,SER,406,89.79,33.53
Q96JQ2,CLMN,SER,409,98.66,35.44
Q96JQ2,CLMN,SER,410,101.87,38.22
Q96JQ2,CLMN,LYS,412,166.13,35.69
Q96JQ2,CLMN,SER,417,86.56,32.59
Q96JQ2,CLMN,SER,419,95.59,29.47
Q96JQ2,CLMN,LYS,423,184.92,39.28
Q96JQ2,CLMN,LYS,424,190.59,39.12
Q96JQ2,CLMN,THR,425,108.75,29.72
Q96JQ2,CLMN,THR,432,124.01,29.89
Q96JQ2,CLMN,TYR,433,207.85,32.69
Q96JQ2,CLMN,LYS,434,163.32,33.41
Q96JQ2,CLMN,CYS,438,118.28,29.66
Q96JQ2,CLMN,SER,439,98.91,31.22
Q96JQ2,CLMN,LYS,440,192.48,34.69
Q96JQ2,CLMN,SER,443,94.2,30.28
Q96JQ2,CLMN,CYS,445,112.31,26.48
Q96JQ2,CLMN,SER,449,86.99,29.38
Q96JQ2,CLMN,LYS,454,170.23,38.19
Q96JQ2,CLMN,SER,456,96.24,36.81
Q96JQ2,CLMN,LYS,472,147.64,35.84
Q96JQ2,CLMN,LYS,475,176.14,31.86
Q96JQ2,CLMN,SER,478,102.91,32.41
Q96JQ2,CLMN,SER,479,98.2,36.09
Q96JQ2,CLMN,LYS,480,175.85,34.78
Q96JQ2,CLMN,SER,484,90.39,35.5
Q96JQ2,CLMN,SER,485,110.91,38.03
Q96JQ2,CLMN,SER,486,91.48,39.03
Q96JQ2,CLMN,LYS,488,174.23,40.53
Q96JQ2,CLMN,THR,499,121.3,34.16
Q96JQ2,CLMN,SER,503,100.68,36.31
Q96JQ2,CLMN,SER,505,107.48,34.41
Q96JQ2,CLMN,SER,506,107.74,36.53
Q96JQ2,CLMN,SER,507,103.17,32.03
Q96JQ2,CLMN,CYS,508,135.53,36.16
Q96JQ2,CLMN,SER,514,76.67,36.91
Q96JQ2,CLMN,THR,515,130.31,37.81
Q96JQ2,CLMN,SER,522,88.06,34.34
Q96JQ2,CLMN,SER,524,76.13,33.03
Q96JQ2,CLMN,SER,526,87.29,32.28
Q96JQ2,CLMN,THR,532,128.0,35.44
Q96JQ2,CLMN,SER,537,85.64,36.03
Q96JQ2,CLMN,LYS,541,164.45,32.34
Q96JQ2,CLMN,THR,546,140.34,32.06
Q96JQ2,CLMN,TYR,555,221.85,35.06
Q96JQ2,CLMN,LYS,562,203.03,35.66
Q96JQ2,CLMN,SER,564,114.67,37.09
Q96JQ2,CLMN,LYS,565,196.71,33.91
Q96JQ2,CLMN,SER,568,116.35,34.0
Q96JQ2,CLMN,SER,575,115.14,31.34
Q96JQ2,CLMN,THR,576,136.1,31.19
Q96JQ2,CLMN,SER,577,93.34,31.64
Q96JQ2,CLMN,LYS,582,181.25,34.0
Q96JQ2,CLMN,SER,585,101.37,33.09
Q96JQ2,CLMN,THR,589,126.63,34.28
Q96JQ2,CLMN,LYS,590,184.21,33.97
Q96JQ2,CLMN,LYS,604,158.59,30.75
Q96JQ2,CLMN,LYS,607,163.57,35.47
Q96JQ2,CLMN,SER,609,82.75,30.23
Q96JQ2,CLMN,LYS,611,192.95,32.09
Q96JQ2,CLMN,SER,612,106.17,31.36
Q96JQ2,CLMN,LYS,615,162.45,34.06
Q96JQ2,CLMN,LYS,616,175.92,31.89
Q96JQ2,CLMN,LYS,617,172.9,30.66
Q96JQ2,CLMN,SER,619,105.12,36.38
Q96JQ2,CLMN,LYS,625,159.47,28.8
Q96JQ2,CLMN,LYS,628,156.59,33.25
Q96JQ2,CLMN,SER,635,105.82,36.19
Q96JQ2,CLMN,CYS,642,125.69,27.22
Q96JQ2,CLMN,SER,644,105.43,33.91
Q96JQ2,CLMN,THR,649,118.15,34.66
Q96JQ2,CLMN,LYS,653,209.02,46.09
Q96JQ2,CLMN,LYS,654,161.65,33.41
Q96JQ2,CLMN,LYS,660,188.32,37.59
Q96JQ2,CLMN,LYS,662,213.53,40.81
Q96JQ2,CLMN,LYS,664,212.75,39.97
Q96JQ2,CLMN,SER,665,97.3,35.31
Q96JQ2,CLMN,THR,666,138.01,36.66
Q96JQ2,CLMN,TYR,670,203.41,36.75
Q96JQ2,CLMN,SER,687,101.46,27.59
Q96JQ2,CLMN,SER,688,122.52,36.19
Q96JQ2,CLMN,SER,689,104.74,30.67
Q96JQ2,CLMN,SER,692,109.17,31.75
Q96JQ2,CLMN,SER,693,106.82,35.66
Q96JQ2,CLMN,CYS,694,116.59,27.73
Q96JQ2,CLMN,SER,696,94.46,35.84
Q96JQ2,CLMN,THR,699,105.86,32.19
Q96JQ2,CLMN,SER,702,103.45,30.5
Q96JQ2,CLMN,SER,704,87.61,37.12
Q96JQ2,CLMN,LYS,711,200.85,39.59
Q96JQ2,CLMN,SER,713,98.65,37.88
Q96JQ2,CLMN,SER,717,96.54,36.59
Q96JQ2,CLMN,LYS,718,214.34,45.0
Q96JQ2,CLMN,SER,720,96.61,47.19
Q96JQ2,CLMN,TYR,728,181.04,41.69
Q96JQ2,CLMN,TYR,732,63.64,57.31
Q96JQ2,CLMN,TYR,743,130.79,72.06
Q96JQ2,CLMN,LYS,751,131.27,36.34
Q96JQ2,CLMN,TYR,763,220.74,33.44
Q96JQ2,CLMN,SER,769,84.85,38.12
Q96JQ2,CLMN,SER,777,110.47,38.59
Q96JQ2,CLMN,SER,779,99.45,34.09
Q96JQ2,CLMN,SER,780,99.64,34.12
Q96JQ2,CLMN,SER,781,103.46,28.27
Q96JQ2,CLMN,SER,782,111.31,29.28
Q96JQ2,CLMN,SER,783,112.79,26.53
Q96JQ2,CLMN,SER,784,115.62,32.31
Q96JQ2,CLMN,SER,789,101.93,31.36
Q96JQ2,CLMN,SER,792,100.92,31.73
Q96JQ2,CLMN,SER,794,103.08,34.84
Q96JQ2,CLMN,TYR,799,171.94,31.84
Q96JQ2,CLMN,SER,801,103.88,33.69
Q96JQ2,CLMN,THR,807,141.98,34.06
Q96JQ2,CLMN,THR,808,123.28,30.41
Q96JQ2,CLMN,SER,811,101.0,38.5
Q96JQ2,CLMN,THR,827,115.66,36.47
Q96JQ2,CLMN,LYS,828,180.77,41.5
Q96JQ2,CLMN,SER,835,79.09,39.22
Q96JQ2,CLMN,SER,838,83.85,38.38
Q96JQ2,CLMN,SER,841,94.75,29.59
Q96JQ2,CLMN,THR,856,109.71,36.16
Q96JQ2,CLMN,LYS,857,168.44,37.47
Q96JQ2,CLMN,SER,859,100.4,34.5
Q96JQ2,CLMN,SER,861,106.73,33.62
Q96JQ2,CLMN,SER,862,114.67,40.09
Q96JQ2,CLMN,LYS,863,209.6,34.66
Q96JQ2,CLMN,LYS,864,195.47,40.53
Q96JQ2,CLMN,LYS,865,189.41,36.09
Q96JQ2,CLMN,LYS,867,191.55,35.97
Q96JQ2,CLMN,LYS,869,189.88,42.22
Q96JQ2,CLMN,SER,876,96.7,36.44
Q96JQ2,CLMN,SER,877,84.64,37.69
Q96JQ2,CLMN,SER,884,104.52,37.62
Q96JQ2,CLMN,SER,887,101.95,36.66
Q96JQ2,CLMN,SER,888,91.23,37.91
Q96JQ2,CLMN,SER,895,100.89,33.66
Q96JQ2,CLMN,SER,896,113.01,37.56
Q96JQ2,CLMN,TYR,898,221.11,37.56
Q96JQ2,CLMN,SER,899,93.22,35.41
Q96JQ2,CLMN,SER,902,110.17,35.97
Q96JQ2,CLMN,THR,904,110.97,37.75
Q96JQ2,CLMN,SER,905,81.45,32.06
Q96JQ2,CLMN,SER,907,92.14,34.69
Q96JQ2,CLMN,SER,909,107.23,32.0
Q96JQ2,CLMN,SER,910,103.6,35.84
Q96JQ2,CLMN,TYR,912,222.08,38.0
Q96JQ2,CLMN,THR,917,101.71,32.44
Q96JQ2,CLMN,SER,920,103.31,35.84
Q96JQ2,CLMN,SER,921,87.92,31.23
Q96JQ2,CLMN,SER,923,97.83,37.22
Q96JQ2,CLMN,SER,927,56.67,39.88
Q96JQ2,CLMN,TYR,928,200.29,34.12
Q96JQ2,CLMN,THR,946,103.66,47.22
Q96JQ2,CLMN,LYS,948,190.95,40.5
Q96JQ2,CLMN,SER,951,97.26,40.12
Q96JQ2,CLMN,SER,952,122.16,40.44
Q96JQ2,CLMN,SER,957,93.11,34.09
Q96JQ2,CLMN,SER,960,110.05,35.12
Q96JQ2,CLMN,SER,962,94.14,34.94
Q96JQ2,CLMN,SER,965,105.16,34.88
Q96JQ2,CLMN,SER,967,89.65,39.59
Q96JQ2,CLMN,THR,969,121.14,39.69
Q96JQ2,CLMN,TYR,979,147.93,77.75
Q96JQ2,CLMN,TYR,989,121.89,86.25
Q96JQ2,CLMN,CYS,990,51.73,84.44
Q96JQ2,CLMN,SER,1000,103.32,57.38
Q96KR6,MIMS2,THR,23,106.57,60.75
Q96KR6,MIMS2,THR,29,126.49,59.19
Q96KR6,MIMS2,CYS,32,136.6,52.75
Q96KR6,MIMS2,THR,53,136.21,55.94
Q96KR6,MIMS2,CYS,58,134.11,54.03
Q96KR6,MIMS2,SER,65,104.58,43.56
Q96KR6,MIMS2,THR,68,143.07,35.03
Q96KR6,MIMS2,THR,70,134.63,33.5
Q96KR6,MIMS2,THR,71,135.67,29.61
Q96KR6,MIMS2,SER,73,114.86,28.86
Q96KR6,MIMS2,SER,74,106.68,30.81
Q96KR6,MIMS2,SER,76,98.57,28.77
Q96KR6,MIMS2,CYS,77,115.02,26.8
Q96KR6,MIMS2,THR,78,112.13,29.55
Q96KR6,MIMS2,LYS,81,215.4,39.66
Q96KR6,MIMS2,LYS,82,187.07,44.34
Q96KR6,MIMS2,SER,84,54.41,71.56
Q96KR6,MIMS2,LYS,85,172.5,81.5
Q96KR6,MIMS2,SER,86,61.2,79.12
Q96KR6,MIMS2,LYS,90,139.54,83.31
Q96KR6,MIMS2,LYS,91,117.84,83.56
Q96KR6,MIMS2,TYR,96,27.39,83.88
Q96KR6,MIMS2,THR,98,109.7,84.56
Q96KR6,MIMS2,SER,102,69.85,87.12
Q96KR6,MIMS2,SER,108,21.43,88.56
Q96KR6,MIMS2,SER,111,22.24,86.12
Q96KR6,MIMS2,TYR,116,94.29,90.06
Q96KR6,MIMS2,SER,120,58.71,85.94
Q96KR6,MIMS2,SER,121,76.79,87.19
Q96KR6,MIMS2,LYS,131,180.12,82.88
Q96KR6,MIMS2,LYS,135,156.2,77.19
Q96KR6,MIMS2,SER,137,78.19,78.75
Q96KR6,MIMS2,SER,141,61.66,81.81
Q96KR6,MIMS2,LYS,142,113.34,79.56
Q96KR6,MIMS2,THR,147,35.18,77.81
Q96KR6,MIMS2,SER,148,59.61,80.44
Q96KR6,MIMS2,THR,149,47.62,82.88
Q96KR6,MIMS2,TYR,154,92.25,88.19
Q96KR6,MIMS2,LYS,158,115.36,84.56
Q96KR6,MIMS2,SER,166,61.95,87.38
Q96KR6,MIMS2,THR,168,14.13,86.88
Q96KR6,MIMS2,SER,171,29.22,83.69
Q96KR6,MIMS2,TYR,178,130.36,80.75
Q96KR6,MIMS2,LYS,181,177.26,69.56
Q96KR6,MIMS2,LYS,186,177.85,56.91
Q96KR6,MIMS2,LYS,191,189.69,58.41
Q96R08,OR5B12,THR,5,91.92,69.12
Q96R08,OR5B12,THR,8,105.29,89.44
Q96R08,OR5B12,THR,16,26.16,84.75
Q96R08,OR5B12,TYR,33,38.22,95.5
Q96R08,OR5B12,SER,51,82.56,91.19
Q96R08,OR5B12,CYS,52,93.16,92.5
Q96R08,OR5B12,THR,55,53.8,94.44
Q96R08,OR5B12,SER,62,18.06,97.12
Q96R08,OR5B12,SER,73,33.5,95.69
Q96R08,OR5B12,LYS,78,41.13,94.0
Q96R08,OR5B12,THR,85,92.7,87.75
Q96R08,OR5B12,LYS,88,37.23,89.0
Q96R08,OR5B12,TYR,92,57.32,94.62
Q96R08,OR5B12,THR,97,69.83,97.62
Q96R08,OR5B12,THR,107,10.26,95.88
Q96R08,OR5B12,TYR,118,76.5,98.06
Q96R08,OR5B12,TYR,121,34.5,97.69
Q96R08,OR5B12,CYS,125,31.54,96.5
Q96R08,OR5B12,LYS,126,102.16,94.44
Q96R08,OR5B12,TYR,130,46.74,96.94
Q96R08,OR5B12,THR,131,107.31,94.31
Q96R08,OR5B12,THR,132,99.43,95.38
Q96R08,OR5B12,THR,133,38.1,95.69
Q96R08,OR5B12,THR,135,51.03,96.94
Q96R08,OR5B12,THR,136,115.19,95.69
Q96R08,OR5B12,CYS,141,87.35,98.5
Q96R08,OR5B12,TYR,147,40.54,98.69
Q96R08,OR5B12,CYS,149,46.76,97.69
Q96R08,OR5B12,SER,155,57.08,97.88
Q96R08,OR5B12,THR,158,21.49,96.5
Q96R08,OR5B12,SER,165,44.89,90.0
Q96R08,OR5B12,CYS,167,52.95,88.81
Q96R08,OR5B12,SER,169,42.41,90.56
Q96R08,OR5B12,THR,184,89.67,89.88
Q96R08,OR5B12,CYS,187,49.85,90.19
Q96R08,OR5B12,SER,188,46.94,86.62
Q96R08,OR5B12,TYR,191,129.68,89.56
Q96R08,OR5B12,TYR,216,23.98,97.94
Q96R08,OR5B12,THR,222,37.09,96.56
Q96R08,OR5B12,LYS,225,161.19,95.69
Q96R08,OR5B12,SER,228,49.28,94.0
Q96R08,OR5B12,LYS,234,153.73,91.81
Q96R08,OR5B12,SER,237,78.28,90.94
Q96R08,OR5B12,THR,238,76.95,90.5
Q96R08,OR5B12,SER,241,19.75,92.75
Q96R08,OR5B12,THR,244,59.18,93.12
Q96R08,OR5B12,SER,247,73.42,91.69
Q96R08,OR5B12,TYR,250,22.77,88.81
Q96R08,OR5B12,THR,252,27.68,80.5
Q96R08,OR5B12,TYR,257,129.06,59.78
Q96R08,OR5B12,SER,262,107.56,42.62
Q96R08,OR5B12,SER,263,31.52,44.41
Q96R08,OR5B12,THR,268,40.51,57.88
Q96R08,OR5B12,LYS,270,16.78,79.38
Q96R08,OR5B12,TYR,276,15.24,84.25
Q96R08,OR5B12,SER,289,23.08,83.75
Q96R08,OR5B12,LYS,293,177.62,85.88
Q96R08,OR5B12,LYS,296,96.69,87.0
Q96R08,OR5B12,SER,297,68.64,89.06
Q96R08,OR5B12,LYS,300,154.01,88.0
Q96R08,OR5B12,LYS,301,90.59,86.75
Q96R08,OR5B12,THR,302,31.12,84.44
Q96R08,OR5B12,LYS,305,123.88,84.75
Q96R08,OR5B12,LYS,307,145.23,81.81
Q96R08,OR5B12,SER,309,68.56,75.62
Q96RJ3,TNFRSF13C,SER,7,88.77,51.34
Q96RJ3,TNFRSF13C,THR,17,107.82,79.0
Q96RJ3,TNFRSF13C,CYS,19,33.33,89.31
Q96RJ3,TNFRSF13C,CYS,24,45.24,89.69
Q96RJ3,TNFRSF13C,CYS,32,23.4,92.44
Q96RJ3,TNFRSF13C,CYS,35,43.15,88.06
Q96RJ3,TNFRSF13C,THR,40,116.05,60.19
Q96RJ3,TNFRSF13C,LYS,44,188.11,46.62
Q96RJ3,TNFRSF13C,SER,49,110.13,40.03
Q96RJ3,TNFRSF13C,SER,50,99.97,38.94
Q96RJ3,TNFRSF13C,THR,55,137.72,47.47
Q96RJ3,TNFRSF13C,SER,62,97.92,41.91
Q96RJ3,TNFRSF13C,SER,100,60.08,95.38
Q96RJ3,TNFRSF13C,SER,112,101.73,51.06
Q96RJ3,TNFRSF13C,SER,113,94.78,52.28
Q96RJ3,TNFRSF13C,LYS,121,179.37,54.0
Q96RJ3,TNFRSF13C,LYS,129,175.19,47.53
Q96RJ3,TNFRSF13C,SER,134,100.8,46.31
Q96RJ3,TNFRSF13C,SER,138,119.92,50.84
Q96RJ3,TNFRSF13C,THR,141,131.71,44.03
Q96RJ3,TNFRSF13C,THR,154,134.62,51.38
Q96RJ3,TNFRSF13C,THR,155,121.37,50.44
Q96RJ3,TNFRSF13C,SER,160,98.49,55.78
Q96RJ3,TNFRSF13C,THR,166,119.44,59.59
Q96RJ3,TNFRSF13C,SER,170,110.95,53.12
Q96RJ3,TNFRSF13C,THR,171,134.18,59.22
Q96RJ3,TNFRSF13C,THR,175,126.44,70.38
Q96RJ3,TNFRSF13C,THR,176,125.59,78.0
Q96RJ3,TNFRSF13C,LYS,177,195.76,77.44
Q96RJ3,TNFRSF13C,THR,178,128.24,75.62
Q96SE0,ABHD1,SER,3,108.47,37.75
Q96SE0,ABHD1,SER,4,87.19,41.62
Q96SE0,ABHD1,SER,7,84.8,50.75
Q96SE0,ABHD1,THR,12,90.68,63.06
Q96SE0,ABHD1,THR,16,65.91,87.06
Q96SE0,ABHD1,SER,18,64.57,91.44
Q96SE0,ABHD1,TYR,28,85.49,95.81
Q96SE0,ABHD1,TYR,31,98.32,95.81
Q96SE0,ABHD1,TYR,32,17.05,95.56
Q96SE0,ABHD1,CYS,35,55.8,93.62
Q96SE0,ABHD1,SER,57,62.51,94.81
Q96SE0,ABHD1,THR,60,69.46,94.06
Q96SE0,ABHD1,THR,62,28.46,94.06
Q96SE0,ABHD1,TYR,64,96.18,92.94
Q96SE0,ABHD1,SER,84,50.32,84.94
Q96SE0,ABHD1,TYR,90,45.44,95.62
Q96SE0,ABHD1,SER,92,60.48,95.88
Q96SE0,ABHD1,LYS,109,89.93,90.88
Q96SE0,ABHD1,SER,113,58.09,54.31
Q96SE0,ABHD1,SER,114,125.73,51.12
Q96SE0,ABHD1,THR,120,70.17,84.31
Q96SE0,ABHD1,THR,121,66.26,90.25
Q96SE0,ABHD1,THR,132,48.6,84.38
Q96SE0,ABHD1,SER,134,10.17,95.38
Q96SE0,ABHD1,THR,138,15.22,91.88
Q96SE0,ABHD1,TYR,139,14.6,91.69
Q96SE0,ABHD1,TYR,152,19.27,95.0
Q96SE0,ABHD1,THR,169,23.45,95.94
Q96SE0,ABHD1,SER,176,18.0,96.25
Q96SE0,ABHD1,THR,183,36.65,96.0
Q96SE0,ABHD1,LYS,189,60.66,95.75
Q96SE0,ABHD1,TYR,192,20.34,95.19
Q96SE0,ABHD1,SER,203,12.76,96.81
Q96SE0,ABHD1,SER,234,13.53,97.56
Q96SE0,ABHD1,THR,237,15.28,97.88
Q96SE0,ABHD1,SER,240,19.42,97.94
Q96SE0,ABHD1,THR,243,61.02,97.88
Q96SE0,ABHD1,SER,247,16.08,97.88
Q96SE0,ABHD1,CYS,259,11.83,97.88
Q96SE0,ABHD1,LYS,267,170.89,96.06
Q96SE0,ABHD1,LYS,271,160.52,94.62
Q96SE0,ABHD1,THR,283,22.49,98.38
Q96SE0,ABHD1,TYR,298,55.42,97.69
Q96SE0,ABHD1,CYS,301,12.22,96.56
Q96SE0,ABHD1,THR,303,58.03,97.94
Q96SE0,ABHD1,LYS,306,133.16,97.69
Q96SE0,ABHD1,THR,312,112.45,92.31
Q96SE0,ABHD1,LYS,313,58.9,95.81
Q96SE0,ABHD1,CYS,335,79.86,95.56
Q96SE0,ABHD1,SER,345,10.17,94.06
Q96SE0,ABHD1,LYS,382,94.84,96.31
Q96SE0,ABHD1,SER,400,100.04,33.53
Q96SE0,ABHD1,SER,405,169.26,36.47
Q96T83,SLC9A7,SER,11,116.82,28.94
Q96T83,SLC9A7,THR,15,144.07,26.48
Q96T83,SLC9A7,SER,40,114.99,27.75
Q96T83,SLC9A7,SER,42,107.74,31.19
Q96T83,SLC9A7,SER,43,82.38,38.25
Q96T83,SLC9A7,SER,44,109.89,44.41
Q96T83,SLC9A7,SER,51,57.94,68.19
Q96T83,SLC9A7,SER,52,48.33,72.62
Q96T83,SLC9A7,THR,59,85.63,80.88
Q96T83,SLC9A7,LYS,61,115.73,83.44
Q96T83,SLC9A7,SER,66,43.92,77.75
Q96T83,SLC9A7,SER,71,47.59,83.25
Q96T83,SLC9A7,SER,73,15.62,75.0
Q96T83,SLC9A7,THR,76,46.84,77.94
Q96T83,SLC9A7,THR,82,65.65,83.75
Q96T83,SLC9A7,THR,87,22.12,72.88
Q96T83,SLC9A7,LYS,92,156.94,67.5
Q96T83,SLC9A7,TYR,108,52.15,85.62
Q96T83,SLC9A7,TYR,118,170.4,80.19
Q96T83,SLC9A7,THR,120,36.81,66.38
Q96T83,SLC9A7,THR,123,79.08,52.47
Q96T83,SLC9A7,SER,124,103.6,51.94
Q96T83,SLC9A7,LYS,128,203.59,61.66
Q96T83,SLC9A7,SER,129,116.08,63.72
Q96T83,SLC9A7,SER,131,118.69,63.5
Q96T83,SLC9A7,CYS,132,105.51,69.25
Q96T83,SLC9A7,THR,133,136.55,65.69
Q96T83,SLC9A7,SER,140,82.16,71.5
Q96T83,SLC9A7,THR,141,70.2,77.69
Q96T83,SLC9A7,SER,147,119.19,78.62
Q96T83,SLC9A7,LYS,149,116.14,81.25
Q96T83,SLC9A7,TYR,153,122.5,79.06
Q96T83,SLC9A7,THR,154,88.29,75.12
Q96T83,SLC9A7,LYS,156,183.83,64.62
Q96T83,SLC9A7,SER,160,71.55,58.19
Q96T83,SLC9A7,LYS,163,94.84,55.62
Q96T83,SLC9A7,SER,166,23.02,57.72
Q96T83,SLC9A7,LYS,175,100.3,64.12
Q96T83,SLC9A7,THR,177,37.7,69.5
Q96T83,SLC9A7,TYR,197,15.38,86.69
Q96T83,SLC9A7,SER,198,42.27,82.38
Q96T83,SLC9A7,LYS,200,70.51,69.25
Q96T83,SLC9A7,LYS,201,69.86,68.81
Q96T83,SLC9A7,TYR,231,96.67,93.25
Q96T83,SLC9A7,LYS,235,124.35,89.5
Q96T83,SLC9A7,LYS,238,148.84,86.12
Q96T83,SLC9A7,SER,244,113.83,58.09
Q96T83,SLC9A7,LYS,246,168.22,72.31
Q96T83,SLC9A7,TYR,248,104.15,85.62
Q96T83,SLC9A7,TYR,249,83.98,88.62
Q96T83,SLC9A7,THR,250,14.28,89.69
Q96T83,SLC9A7,TYR,281,44.13,87.69
Q96T83,SLC9A7,SER,300,34.36,89.56
Q96T83,SLC9A7,TYR,305,52.2,82.75
Q96T83,SLC9A7,THR,312,101.89,51.5
Q96T83,SLC9A7,LYS,322,137.7,87.0
Q96T83,SLC9A7,SER,323,14.35,87.94
Q96T83,SLC9A7,SER,332,58.09,92.38
Q96T83,SLC9A7,THR,336,74.82,91.56
Q96T83,SLC9A7,THR,341,18.6,83.44
Q96T83,SLC9A7,THR,348,17.8,56.41
Q96T83,SLC9A7,LYS,349,26.64,53.19
Q96T83,SLC9A7,THR,351,61.63,56.25
Q96T83,SLC9A7,LYS,352,191.34,59.0
Q96T83,SLC9A7,CYS,355,97.85,69.0
Q96T83,SLC9A7,SER,370,53.7,91.06
Q96T83,SLC9A7,CYS,378,65.81,92.56
Q96T83,SLC9A7,THR,381,13.41,91.56
Q96T83,SLC9A7,THR,392,19.44,84.19
Q96T83,SLC9A7,TYR,398,62.85,74.44
Q96T83,SLC9A7,SER,407,53.05,86.12
Q96T83,SLC9A7,LYS,410,98.31,87.81
Q96T83,SLC9A7,LYS,437,125.6,70.44
Q96T83,SLC9A7,SER,441,16.56,86.38
Q96T83,SLC9A7,TYR,461,61.41,93.12
Q96T83,SLC9A7,LYS,474,144.01,73.25
Q96T83,SLC9A7,THR,501,39.01,85.25
Q96T83,SLC9A7,SER,503,51.97,83.38
Q96T83,SLC9A7,TYR,504,80.87,84.38
Q96T83,SLC9A7,THR,529,38.55,86.06
Q96T83,SLC9A7,SER,533,92.02,84.94
Q96T83,SLC9A7,SER,545,51.03,44.62
Q96T83,SLC9A7,TYR,556,156.91,31.83
Q96T83,SLC9A7,SER,573,103.97,31.2
Q96T83,SLC9A7,SER,584,97.63,29.47
Q96T83,SLC9A7,THR,590,81.86,36.06
Q96T83,SLC9A7,LYS,591,123.55,39.31
Q96T83,SLC9A7,SER,594,83.42,43.25
Q96T83,SLC9A7,TYR,602,51.66,59.78
Q96T83,SLC9A7,SER,603,48.15,58.53
Q96T83,SLC9A7,TYR,608,93.26,57.97
Q96T83,SLC9A7,LYS,610,21.6,66.38
Q96T83,SLC9A7,SER,616,39.24,48.62
Q96T83,SLC9A7,THR,621,68.19,54.06
Q96T83,SLC9A7,THR,622,101.21,54.16
Q96T83,SLC9A7,THR,623,36.81,53.84
Q96T83,SLC9A7,CYS,628,14.14,50.06
Q96T83,SLC9A7,CYS,634,97.58,53.19
Q96T83,SLC9A7,THR,636,12.84,50.41
Q96T83,SLC9A7,SER,637,16.06,53.19
Q96T83,SLC9A7,TYR,641,128.77,48.88
Q96T83,SLC9A7,SER,652,38.25,34.44
Q96T83,SLC9A7,THR,657,87.01,25.0
Q96T83,SLC9A7,THR,662,98.14,28.19
Q96T83,SLC9A7,THR,664,117.73,29.38
Q96T83,SLC9A7,TYR,665,174.13,24.45
Q96T83,SLC9A7,SER,668,106.08,26.14
Q96T83,SLC9A7,THR,669,101.89,23.27
Q96T83,SLC9A7,THR,671,122.27,25.17
Q96T83,SLC9A7,SER,675,101.22,24.88
Q96T83,SLC9A7,SER,676,104.45,23.81
Q96T83,SLC9A7,SER,677,102.64,19.7
Q96T83,SLC9A7,SER,678,111.39,22.36
Q96T83,SLC9A7,THR,680,130.05,23.2
Q96T83,SLC9A7,SER,682,102.59,22.56
Q96T83,SLC9A7,THR,683,136.42,19.75
Q96T83,SLC9A7,SER,684,112.16,23.48
Q96T83,SLC9A7,SER,688,103.99,22.67
Q96T83,SLC9A7,THR,691,120.99,23.61
Q96T83,SLC9A7,LYS,692,213.63,23.06
Q96T83,SLC9A7,SER,693,92.74,22.56
Q96T83,SLC9A7,SER,694,84.57,24.5
Q96T83,SLC9A7,SER,695,110.2,27.45
Q96T83,SLC9A7,LYS,709,212.48,23.8
Q96T83,SLC9A7,SER,711,89.92,26.44
Q96T83,SLC9A7,SER,712,107.81,27.7
Q96T83,SLC9A7,THR,715,138.87,28.03
Q99732,LITAF,SER,2,114.02,48.38
Q99732,LITAF,TYR,7,203.92,43.22
Q99732,LITAF,THR,11,136.2,35.84
Q99732,LITAF,SER,14,113.22,38.22
Q99732,LITAF,SER,15,107.45,46.59
Q99732,LITAF,SER,18,108.93,56.0
Q99732,LITAF,SER,22,50.85,62.25
Q99732,LITAF,TYR,23,180.55,67.19
Q99732,LITAF,THR,26,19.29,61.91
Q99732,LITAF,SER,31,88.67,52.28
Q99732,LITAF,TYR,32,193.47,48.84
Q99732,LITAF,TYR,33,102.28,45.72
Q99732,LITAF,THR,35,119.68,54.44
Q99732,LITAF,THR,44,112.82,38.88
Q99732,LITAF,THR,45,133.28,34.81
Q99732,LITAF,THR,49,127.93,35.41
Q99732,LITAF,LYS,54,211.64,35.06
Q99732,LITAF,SER,60,118.44,52.38
Q99732,LITAF,TYR,61,174.84,42.75
Q99732,LITAF,TYR,62,189.97,46.88
Q99732,LITAF,THR,63,140.46,53.78
Q99732,LITAF,THR,75,105.76,80.88
Q99732,LITAF,THR,78,100.99,83.62
Q99732,LITAF,TYR,80,183.03,78.25
Q99732,LITAF,THR,86,93.05,87.25
Q99732,LITAF,CYS,95,44.21,92.38
Q99732,LITAF,SER,98,74.77,94.88
Q99732,LITAF,CYS,99,33.18,95.25
Q99732,LITAF,LYS,101,106.11,91.62
Q99732,LITAF,SER,108,44.02,93.62
Q99732,LITAF,TYR,109,83.32,92.75
Q99732,LITAF,SER,118,23.66,86.81
Q99732,LITAF,CYS,119,19.3,86.88
Q99732,LITAF,SER,121,52.39,87.25
Q99732,LITAF,CYS,123,63.32,84.44
Q99732,LITAF,CYS,127,40.23,72.75
Q99732,LITAF,CYS,131,25.45,72.25
Q99732,LITAF,CYS,132,26.05,67.44
Q99732,LITAF,CYS,137,99.77,74.12
Q99732,LITAF,TYR,147,73.38,97.0
Q99732,LITAF,CYS,151,53.41,96.12
Q99732,LITAF,THR,157,61.73,93.19
Q99732,LITAF,TYR,158,60.43,93.12
Q99732,LITAF,LYS,159,141.54,92.19
Q99961,SH3GL1,SER,2,81.15,66.5
Q99961,SH3GL1,LYS,7,119.06,75.38
Q99961,SH3GL1,LYS,8,122.48,74.62
Q99961,SH3GL1,TYR,11,70.55,79.44
Q99961,SH3GL1,LYS,12,49.75,76.88
Q99961,SH3GL1,SER,14,49.36,72.5
Q99961,SH3GL1,SER,18,38.42,69.38
Q99961,SH3GL1,LYS,20,166.62,66.69
Q99961,SH3GL1,THR,27,32.67,78.0
Q99961,SH3GL1,LYS,28,147.26,79.62
Q99961,SH3GL1,LYS,34,92.09,93.81
Q99961,SH3GL1,LYS,38,142.33,97.12
Q99961,SH3GL1,LYS,39,99.7,96.94
Q99961,SH3GL1,THR,43,34.87,96.06
Q99961,SH3GL1,SER,44,20.44,95.81
Q99961,SH3GL1,LYS,45,117.88,96.69
Q99961,SH3GL1,THR,48,77.44,95.56
Q99961,SH3GL1,THR,54,10.5,97.31
Q99961,SH3GL1,TYR,57,101.78,96.81
Q99961,SH3GL1,LYS,67,73.34,86.81
Q99961,SH3GL1,THR,69,65.77,86.44
Q99961,SH3GL1,THR,73,15.3,60.03
Q99961,SH3GL1,SER,75,64.86,47.84
Q99961,SH3GL1,LYS,76,65.58,50.78
Q99961,SH3GL1,LYS,82,171.01,61.28
Q99961,SH3GL1,SER,89,82.66,94.12
Q99961,SH3GL1,CYS,96,50.31,97.31
Q99961,SH3GL1,LYS,102,142.53,96.5
Q99961,SH3GL1,SER,108,28.13,91.06
Q99961,SH3GL1,LYS,122,90.68,97.56
Q99961,SH3GL1,LYS,128,25.23,96.94
Q99961,SH3GL1,SER,130,49.71,94.62
Q99961,SH3GL1,CYS,147,32.81,93.81
Q99961,SH3GL1,LYS,149,128.17,94.81
Q99961,SH3GL1,LYS,152,133.16,96.0
Q99961,SH3GL1,LYS,159,163.93,96.31
Q99961,SH3GL1,LYS,160,100.26,96.62
Q99961,SH3GL1,TYR,170,33.03,89.25
Q99961,SH3GL1,LYS,171,36.24,90.12
Q99961,SH3GL1,LYS,172,109.16,88.75
Q99961,SH3GL1,LYS,173,104.01,87.75
Q99961,SH3GL1,LYS,177,166.28,87.69
Q99961,SH3GL1,LYS,189,80.58,96.19
Q99961,SH3GL1,LYS,194,46.22,95.94
Q99961,SH3GL1,THR,199,71.56,96.81
Q99961,SH3GL1,SER,200,29.45,97.06
Q99961,SH3GL1,THR,207,57.41,92.5
Q99961,SH3GL1,SER,213,69.41,97.12
Q99961,SH3GL1,SER,216,57.95,98.06
Q99961,SH3GL1,TYR,225,36.17,98.31
Q99961,SH3GL1,LYS,239,72.57,97.12
Q99961,SH3GL1,LYS,241,105.69,97.06
Q99961,SH3GL1,SER,248,99.04,88.44
Q99961,SH3GL1,SER,249,91.46,88.0
Q99961,SH3GL1,LYS,252,203.75,72.75
Q99961,SH3GL1,TYR,255,182.08,76.62
Q99961,SH3GL1,LYS,256,167.48,69.94
Q99961,SH3GL1,LYS,258,189.49,72.25
Q99961,SH3GL1,SER,271,106.94,49.41
Q99961,SH3GL1,CYS,277,112.28,38.31
Q99961,SH3GL1,THR,278,123.06,42.09
Q99961,SH3GL1,THR,279,131.64,41.53
Q99961,SH3GL1,LYS,282,196.24,45.06
Q99961,SH3GL1,SER,286,111.18,48.0
Q99961,SH3GL1,SER,287,86.85,46.5
Q99961,SH3GL1,SER,288,93.37,44.34
Q99961,SH3GL1,SER,291,105.94,45.41
Q99961,SH3GL1,SER,292,86.22,45.16
Q99961,SH3GL1,LYS,294,146.7,47.97
Q99961,SH3GL1,THR,298,135.17,36.69
Q99961,SH3GL1,SER,300,104.25,34.81
Q99961,SH3GL1,SER,302,92.58,42.97
Q99961,SH3GL1,SER,310,11.43,94.38
Q99961,SH3GL1,LYS,312,86.41,95.81
Q99961,SH3GL1,TYR,315,129.2,93.94
Q99961,SH3GL1,THR,334,33.29,95.94
Q99961,SH3GL1,THR,336,64.35,92.69
Q99961,SH3GL1,TYR,344,20.28,92.06
Q99961,SH3GL1,SER,352,71.28,92.38
Q99961,SH3GL1,SER,358,82.87,92.19
Q99961,SH3GL1,TYR,359,78.67,93.56
Q9BRK0,REEP2,SER,3,80.89,70.31
Q9BRK0,REEP2,SER,7,51.17,72.5
Q9BRK0,REEP2,THR,16,33.66,82.94
Q9BRK0,REEP2,TYR,18,160.86,80.06
Q9BRK0,REEP2,TYR,21,146.54,85.38
Q9BRK0,REEP2,SER,22,18.75,82.38
Q9BRK0,REEP2,SER,23,19.0,85.5
Q9BRK0,REEP2,TYR,24,137.84,85.25
Q9BRK0,REEP2,LYS,25,123.54,83.31
Q9BRK0,REEP2,LYS,28,151.75,84.25
Q9BRK0,REEP2,THR,29,69.46,84.12
Q9BRK0,REEP2,LYS,30,183.92,79.75
Q9BRK0,REEP2,LYS,33,179.64,84.69
Q9BRK0,REEP2,TYR,35,104.35,85.94
Q9BRK0,REEP2,LYS,37,115.19,81.88
Q9BRK0,REEP2,TYR,41,67.91,79.69
Q9BRK0,REEP2,THR,49,44.31,76.0
Q9BRK0,REEP2,THR,50,75.87,74.56
Q9BRK0,REEP2,THR,53,61.49,72.0
Q9BRK0,REEP2,THR,55,28.24,67.75
Q9BRK0,REEP2,SER,60,86.2,66.81
Q9BRK0,REEP2,LYS,69,22.79,69.88
Q9BRK0,REEP2,SER,78,29.4,65.62
Q9BRK0,REEP2,TYR,80,207.43,51.44
Q9BRK0,REEP2,THR,81,54.2,57.38
Q9BRK0,REEP2,LYS,82,165.21,59.0
Q9BRK0,REEP2,SER,84,26.15,58.0
Q9BRK0,REEP2,SER,85,57.41,58.56
Q9BRK0,REEP2,TYR,88,84.53,59.38
Q9BRK0,REEP2,LYS,90,149.65,62.81
Q9BRK0,REEP2,THR,95,69.07,63.41
Q9BRK0,REEP2,SER,97,72.48,62.44
Q9BRK0,REEP2,LYS,99,79.49,71.12
Q9BRK0,REEP2,LYS,101,166.18,76.62
Q9BRK0,REEP2,TYR,106,136.92,84.06
Q9BRK0,REEP2,THR,108,74.52,88.62
Q9BRK0,REEP2,LYS,113,126.38,90.31
Q9BRK0,REEP2,SER,114,61.94,89.5
Q9BRK0,REEP2,TYR,115,132.15,92.81
Q9BRK0,REEP2,THR,117,71.9,92.56
Q9BRK0,REEP2,LYS,123,130.89,94.25
Q9BRK0,REEP2,THR,135,67.61,89.81
Q9BRK0,REEP2,LYS,139,141.9,86.62
Q9BRK0,REEP2,SER,143,56.87,75.81
Q9BRK0,REEP2,LYS,145,122.27,67.94
Q9BRK0,REEP2,SER,148,47.12,63.47
Q9BRK0,REEP2,SER,150,73.8,59.72
Q9BRK0,REEP2,THR,155,116.09,54.28
Q9BRK0,REEP2,SER,175,99.05,43.5
Q9BRK0,REEP2,SER,178,94.54,36.72
Q9BRK0,REEP2,THR,182,126.6,47.97
Q9BRK0,REEP2,SER,193,84.5,44.38
Q9BRK0,REEP2,SER,196,101.02,38.72
Q9BRK0,REEP2,SER,197,105.93,43.56
Q9BRK0,REEP2,THR,198,121.85,42.62
Q9BRK0,REEP2,SER,203,118.83,40.56
Q9BRK0,REEP2,THR,205,119.21,43.38
Q9BRK0,REEP2,SER,208,99.8,49.5
Q9BRK0,REEP2,LYS,215,202.67,43.44
Q9BRK0,REEP2,LYS,218,191.99,42.28
Q9BRK0,REEP2,LYS,221,192.74,48.5
Q9BRK0,REEP2,LYS,224,187.79,39.66
Q9BRK0,REEP2,LYS,225,197.94,38.78
Q9BRK0,REEP2,LYS,228,209.05,40.78
Q9BRK0,REEP2,SER,234,110.58,46.16
Q9BRK0,REEP2,LYS,235,202.93,45.75
Q9BRK0,REEP2,THR,236,129.55,47.88
Q9BRK0,REEP2,LYS,238,209.83,42.66
Q9BRK0,REEP2,THR,239,122.8,52.66
Q9BRK0,REEP2,LYS,242,192.89,44.72
Q9BRK0,REEP2,LYS,243,200.33,42.78
Q9BRK0,REEP2,LYS,244,178.73,42.88
Q9BRK0,REEP2,THR,245,113.36,50.34
Q9BRK0,REEP2,SER,246,103.2,46.16
Q9BRK0,REEP2,SER,251,113.25,56.56
Q9BRQ8,AIFM2,SER,3,99.6,40.91
Q9BRQ8,AIFM2,SER,6,98.1,43.69
Q9BRQ8,AIFM2,SER,9,90.35,48.78
Q9BRQ8,AIFM2,SER,28,16.45,98.19
Q9BRQ8,AIFM2,LYS,43,23.02,97.44
Q9BRQ8,AIFM2,THR,59,93.01,98.12
Q9BRQ8,AIFM2,LYS,63,82.15,97.69
Q9BRQ8,AIFM2,LYS,64,70.7,97.88
Q9BRQ8,AIFM2,SER,68,20.57,98.0
Q9BRQ8,AIFM2,SER,70,63.46,97.62
Q9BRQ8,AIFM2,THR,72,13.42,98.06
Q9BRQ8,AIFM2,LYS,74,148.31,97.62
Q9BRQ8,AIFM2,LYS,88,189.5,96.56
Q9BRQ8,AIFM2,SER,103,25.45,98.12
Q9BRQ8,AIFM2,THR,109,23.55,98.31
Q9BRQ8,AIFM2,SER,111,11.14,97.06
Q9BRQ8,AIFM2,THR,112,39.4,96.62
Q9BRQ8,AIFM2,LYS,118,38.5,95.88
Q9BRQ8,AIFM2,SER,123,11.57,90.19
Q9BRQ8,AIFM2,SER,124,54.45,95.94
Q9BRQ8,AIFM2,SER,152,26.69,96.81
Q9BRQ8,AIFM2,LYS,162,18.06,98.75
Q9BRQ8,AIFM2,THR,163,20.07,98.38
Q9BRQ8,AIFM2,TYR,165,33.4,98.56
Q9BRQ8,AIFM2,LYS,168,14.72,98.69
Q9BRQ8,AIFM2,THR,171,11.82,98.94
Q9BRQ8,AIFM2,SER,175,50.83,97.81
Q9BRQ8,AIFM2,LYS,182,169.16,93.44
Q9BRQ8,AIFM2,SER,187,62.31,95.69
Q9BRQ8,AIFM2,LYS,193,68.07,98.44
Q9BRQ8,AIFM2,LYS,199,38.63,98.5
Q9BRQ8,AIFM2,SER,206,50.49,98.12
Q9BRQ8,AIFM2,SER,210,72.77,98.12
Q9BRQ8,AIFM2,TYR,220,31.49,98.62
Q9BRQ8,AIFM2,TYR,223,136.36,98.38
Q9BRQ8,AIFM2,LYS,225,76.57,98.56
Q9BRQ8,AIFM2,LYS,230,144.74,97.88
Q9BRQ8,AIFM2,THR,232,45.68,98.38
Q9BRQ8,AIFM2,CYS,242,10.16,98.31
Q9BRQ8,AIFM2,THR,243,74.86,95.5
Q9BRQ8,AIFM2,LYS,246,155.29,96.75
Q9BRQ8,AIFM2,SER,250,96.15,97.19
Q9BRQ8,AIFM2,LYS,254,196.33,97.44
Q9BRQ8,AIFM2,SER,258,94.83,95.0
Q9BRQ8,AIFM2,SER,262,132.34,95.5
Q9BRQ8,AIFM2,SER,263,66.84,95.25
Q9BRQ8,AIFM2,SER,278,83.65,97.25
Q9BRQ8,AIFM2,THR,291,19.66,85.38
Q9BRQ8,AIFM2,LYS,293,77.79,89.69
Q9BRQ8,AIFM2,TYR,296,88.98,91.56
Q9BRQ8,AIFM2,SER,312,42.3,96.88
Q9BRQ8,AIFM2,LYS,314,78.92,95.25
Q9BRQ8,AIFM2,TYR,321,22.48,96.0
Q9BRQ8,AIFM2,LYS,322,169.89,91.31
Q9BRQ8,AIFM2,THR,327,41.96,92.38
Q9BRQ8,AIFM2,SER,342,54.04,90.06
Q9BRQ8,AIFM2,TYR,345,93.89,95.31
Q9BRQ8,AIFM2,THR,354,66.57,92.38
Q9BRQ8,AIFM2,LYS,355,18.25,94.75
Q9BRQ8,AIFM2,SER,362,61.97,95.38
Q9BRQ8,AIFM2,THR,363,76.77,94.0
Q9BRQ8,AIFM2,LYS,366,171.2,94.5
Q9BRQ8,AIFM2,THR,367,53.79,92.31
Q9BRQ8,AIFM2,SER,371,93.8,94.81
Q9BSK0,MARVELD1,SER,29,12.45,89.38
Q9BSK0,MARVELD1,THR,48,26.45,91.94
Q9BSK0,MARVELD1,THR,51,113.32,85.94
Q9BSK0,MARVELD1,SER,52,16.32,81.62
Q9BSK0,MARVELD1,LYS,53,200.42,76.38
Q9BSK0,MARVELD1,TYR,54,68.69,72.88
Q9BSK0,MARVELD1,TYR,76,19.22,91.88
Q9BSK0,MARVELD1,LYS,83,74.39,76.25
Q9BSK0,MARVELD1,SER,92,81.65,71.25
Q9BSK0,MARVELD1,THR,113,29.57,97.81
Q9BSK0,MARVELD1,SER,117,40.8,94.81
Q9BSK0,MARVELD1,SER,124,49.99,83.0
Q9BSK0,MARVELD1,TYR,125,118.13,78.38
Q9BSK0,MARVELD1,CYS,126,17.24,78.38
Q9BSK0,MARVELD1,LYS,129,205.48,73.44
Q9BSK0,MARVELD1,TYR,131,92.86,67.94
Q9BSK0,MARVELD1,CYS,135,44.25,79.31
Q9BSK0,MARVELD1,TYR,137,30.66,87.56
Q9BSK0,MARVELD1,CYS,146,26.0,96.94
Q9BSK0,MARVELD1,TYR,160,80.21,93.31
Q9BSK0,MARVELD1,CYS,162,47.08,91.12
Q9BSK0,MARVELD1,CYS,166,117.22,86.19
Q9BSK0,MARVELD1,LYS,169,99.16,78.5
Q9BUH8,BEGAIN,LYS,3,179.74,75.56
Q9BUH8,BEGAIN,SER,5,74.59,82.0
Q9BUH8,BEGAIN,LYS,11,118.24,93.56
Q9BUH8,BEGAIN,LYS,16,156.01,97.0
Q9BUH8,BEGAIN,SER,19,50.98,97.5
Q9BUH8,BEGAIN,TYR,20,152.34,97.25
Q9BUH8,BEGAIN,THR,21,73.26,97.12
Q9BUH8,BEGAIN,THR,22,25.14,97.75
Q9BUH8,BEGAIN,LYS,24,112.19,98.12
Q9BUH8,BEGAIN,LYS,27,105.08,97.94
Q9BUH8,BEGAIN,THR,30,85.86,97.81
Q9BUH8,BEGAIN,SER,34,70.45,97.94
Q9BUH8,BEGAIN,THR,35,73.88,98.38
Q9BUH8,BEGAIN,TYR,38,133.66,98.56
Q9BUH8,BEGAIN,LYS,52,86.91,98.69
Q9BUH8,BEGAIN,THR,54,76.85,98.69
Q9BUH8,BEGAIN,LYS,56,119.44,98.75
Q9BUH8,BEGAIN,SER,62,65.75,98.62
Q9BUH8,BEGAIN,TYR,64,124.36,98.69
Q9BUH8,BEGAIN,LYS,77,103.82,98.69
Q9BUH8,BEGAIN,TYR,79,149.84,98.5
Q9BUH8,BEGAIN,TYR,85,122.72,98.56
Q9BUH8,BEGAIN,LYS,89,116.65,98.69
Q9BUH8,BEGAIN,SER,93,57.54,98.75
Q9BUH8,BEGAIN,SER,101,53.01,98.5
Q9BUH8,BEGAIN,LYS,107,105.27,98.56
Q9BUH8,BEGAIN,THR,109,75.47,98.56
Q9BUH8,BEGAIN,LYS,112,124.69,98.5
Q9BUH8,BEGAIN,SER,114,59.91,97.94
Q9BUH8,BEGAIN,TYR,120,142.74,98.06
Q9BUH8,BEGAIN,LYS,122,115.18,97.25
Q9BUH8,BEGAIN,CYS,124,88.44,96.56
Q9BUH8,BEGAIN,CYS,133,71.77,65.62
Q9BUH8,BEGAIN,SER,134,51.22,59.94
Q9BUH8,BEGAIN,THR,136,92.81,54.0
Q9BUH8,BEGAIN,TYR,137,112.64,53.62
Q9BUH8,BEGAIN,LYS,142,80.99,60.25
Q9BUH8,BEGAIN,SER,144,88.24,63.84
Q9BUH8,BEGAIN,SER,148,80.65,69.19
Q9BUH8,BEGAIN,SER,155,50.34,74.31
Q9BUH8,BEGAIN,LYS,160,151.68,66.12
Q9BUH8,BEGAIN,CYS,163,135.34,50.66
Q9BUH8,BEGAIN,SER,164,103.56,48.28
Q9BUH8,BEGAIN,SER,167,83.3,49.97
Q9BUH8,BEGAIN,CYS,170,108.39,39.38
Q9BUH8,BEGAIN,TYR,174,102.64,50.53
Q9BUH8,BEGAIN,SER,177,32.16,62.97
Q9BUH8,BEGAIN,THR,180,56.26,66.94
Q9BUH8,BEGAIN,CYS,181,81.74,68.56
Q9BUH8,BEGAIN,LYS,185,130.93,69.25
Q9BUH8,BEGAIN,LYS,189,169.83,52.47
Q9BUH8,BEGAIN,SER,194,72.02,35.47
Q9BUH8,BEGAIN,SER,196,102.07,26.75
Q9BUH8,BEGAIN,SER,197,89.25,30.91
Q9BUH8,BEGAIN,SER,200,106.78,38.38
Q9BUH8,BEGAIN,SER,203,107.76,43.06
Q9BUH8,BEGAIN,CYS,210,127.71,42.53
Q9BUH8,BEGAIN,LYS,215,184.24,39.94
Q9BUH8,BEGAIN,TYR,222,172.93,49.81
Q9BUH8,BEGAIN,LYS,223,202.2,48.66
Q9BUH8,BEGAIN,TYR,227,203.79,41.75
Q9BUH8,BEGAIN,CYS,228,108.32,38.34
Q9BUH8,BEGAIN,SER,229,82.32,38.94
Q9BUH8,BEGAIN,THR,231,116.15,45.69
Q9BUH8,BEGAIN,TYR,234,203.26,48.03
Q9BUH8,BEGAIN,CYS,235,110.26,43.19
Q9BUH8,BEGAIN,SER,246,70.43,29.44
Q9BUH8,BEGAIN,THR,252,129.59,39.5
Q9BUH8,BEGAIN,SER,262,98.02,42.97
Q9BUH8,BEGAIN,THR,263,129.43,39.25
Q9BUH8,BEGAIN,SER,265,104.21,41.75
Q9BUH8,BEGAIN,SER,289,95.09,35.16
Q9BUH8,BEGAIN,TYR,290,208.98,38.38
Q9BUH8,BEGAIN,SER,293,108.4,39.44
Q9BUH8,BEGAIN,THR,296,132.38,43.94
Q9BUH8,BEGAIN,SER,297,108.17,39.34
Q9BUH8,BEGAIN,SER,298,98.78,37.0
Q9BUH8,BEGAIN,SER,299,106.91,45.56
Q9BUH8,BEGAIN,TYR,300,203.11,35.19
Q9BUH8,BEGAIN,SER,301,96.27,43.06
Q9BUH8,BEGAIN,SER,302,64.51,37.28
Q9BUH8,BEGAIN,SER,304,96.48,36.16
Q9BUH8,BEGAIN,THR,306,68.91,33.0
Q9BUH8,BEGAIN,SER,307,101.58,42.12
Q9BUH8,BEGAIN,LYS,310,163.97,37.75
Q9BUH8,BEGAIN,SER,316,107.62,45.81
Q9BUH8,BEGAIN,THR,317,132.41,61.16
Q9BUH8,BEGAIN,THR,319,83.26,75.88
Q9BUH8,BEGAIN,SER,321,73.29,74.06
Q9BUH8,BEGAIN,TYR,326,171.68,67.5
Q9BUH8,BEGAIN,SER,329,85.53,55.16
Q9BUH8,BEGAIN,LYS,337,193.66,39.31
Q9BUH8,BEGAIN,THR,341,133.67,39.22
Q9BUH8,BEGAIN,THR,342,128.56,33.41
Q9BUH8,BEGAIN,TYR,343,195.19,38.09
Q9BUH8,BEGAIN,SER,346,101.54,36.72
Q9BUH8,BEGAIN,LYS,351,206.73,44.94
Q9BUH8,BEGAIN,THR,353,131.39,39.25
Q9BUH8,BEGAIN,THR,371,139.91,33.72
Q9BUH8,BEGAIN,SER,373,99.72,44.72
Q9BUH8,BEGAIN,TYR,375,205.95,33.28
Q9BUH8,BEGAIN,THR,379,105.67,32.09
Q9BUH8,BEGAIN,SER,385,112.08,40.94
Q9BUH8,BEGAIN,SER,399,100.42,44.41
Q9BUH8,BEGAIN,LYS,403,205.23,42.91
Q9BUH8,BEGAIN,THR,406,146.49,41.78
Q9BUH8,BEGAIN,SER,422,47.58,55.59
Q9BUH8,BEGAIN,TYR,429,219.45,36.0
Q9BUH8,BEGAIN,SER,430,53.61,40.28
Q9BUH8,BEGAIN,TYR,431,149.99,35.94
Q9BUH8,BEGAIN,SER,434,111.4,37.12
Q9BUH8,BEGAIN,SER,440,107.8,34.41
Q9BUH8,BEGAIN,CYS,442,116.25,32.06
Q9BUH8,BEGAIN,SER,443,106.4,32.53
Q9BUH8,BEGAIN,SER,445,77.83,35.62
Q9BUH8,BEGAIN,TYR,448,173.75,37.53
Q9BUH8,BEGAIN,TYR,449,209.08,39.97
Q9BUH8,BEGAIN,SER,455,116.9,36.75
Q9BUH8,BEGAIN,LYS,458,140.78,45.31
Q9BUH8,BEGAIN,LYS,459,143.86,45.53
Q9BUH8,BEGAIN,SER,465,108.35,39.06
Q9BUH8,BEGAIN,TYR,468,205.65,32.0
Q9BUH8,BEGAIN,SER,470,101.37,30.88
Q9BUH8,BEGAIN,TYR,471,198.75,33.38
Q9BUH8,BEGAIN,LYS,472,182.01,39.34
Q9BUH8,BEGAIN,SER,475,89.25,39.34
Q9BUH8,BEGAIN,SER,477,90.68,44.22
Q9BUH8,BEGAIN,SER,483,93.08,40.69
Q9BUH8,BEGAIN,CYS,491,109.06,36.5
Q9BUH8,BEGAIN,SER,500,88.75,37.59
Q9BUH8,BEGAIN,SER,502,100.46,38.62
Q9BUH8,BEGAIN,SER,506,84.47,36.19
Q9BUH8,BEGAIN,TYR,513,232.58,39.47
Q9BUH8,BEGAIN,SER,516,104.69,39.88
Q9BUH8,BEGAIN,CYS,529,127.59,43.91
Q9BUH8,BEGAIN,THR,531,100.26,37.81
Q9BUH8,BEGAIN,SER,533,117.01,36.28
Q9BUH8,BEGAIN,SER,534,109.62,46.03
Q9BUH8,BEGAIN,SER,541,100.48,42.56
Q9BUH8,BEGAIN,SER,544,85.19,43.03
Q9BUH8,BEGAIN,SER,548,35.05,41.44
Q9BUH8,BEGAIN,SER,549,39.78,42.41
Q9BUH8,BEGAIN,SER,553,115.23,44.53
Q9BUH8,BEGAIN,SER,563,99.83,31.09
Q9BUH8,BEGAIN,THR,571,139.16,42.56
Q9BUH8,BEGAIN,SER,574,110.06,47.38
Q9BUH8,BEGAIN,SER,577,55.66,53.97
Q9BUH8,BEGAIN,LYS,579,167.15,63.91
Q9BUH8,BEGAIN,SER,581,46.03,59.84
Q9BUH8,BEGAIN,THR,583,74.66,67.5
Q9BUH8,BEGAIN,LYS,584,97.16,64.31
Q9BUH8,BEGAIN,TYR,588,130.32,70.38
Q9BUH8,BEGAIN,THR,590,98.86,66.06
Q9BZE9,ASPSCR1,SER,10,24.79,79.69
Q9BZE9,ASPSCR1,SER,13,23.38,91.38
Q9BZE9,ASPSCR1,THR,23,102.74,90.81
Q9BZE9,ASPSCR1,LYS,25,166.27,90.69
Q9BZE9,ASPSCR1,THR,27,75.6,87.62
Q9BZE9,ASPSCR1,SER,29,44.68,84.81
Q9BZE9,ASPSCR1,THR,30,15.61,88.56
Q9BZE9,ASPSCR1,CYS,48,39.7,81.62
Q9BZE9,ASPSCR1,TYR,50,29.96,89.5
Q9BZE9,ASPSCR1,LYS,53,54.16,92.62
Q9BZE9,ASPSCR1,SER,57,65.2,89.25
Q9BZE9,ASPSCR1,SER,62,41.94,83.94
Q9BZE9,ASPSCR1,LYS,75,134.72,91.94
Q9BZE9,ASPSCR1,SER,82,90.88,72.0
Q9BZE9,ASPSCR1,SER,84,83.93,59.84
Q9BZE9,ASPSCR1,SER,102,43.07,85.5
Q9BZE9,ASPSCR1,SER,107,57.23,89.31
Q9BZE9,ASPSCR1,CYS,109,59.17,87.81
Q9BZE9,ASPSCR1,THR,113,24.62,91.94
Q9BZE9,ASPSCR1,SER,119,38.37,86.12
Q9BZE9,ASPSCR1,CYS,127,58.91,70.81
Q9BZE9,ASPSCR1,THR,135,44.51,83.81
Q9BZE9,ASPSCR1,TYR,140,34.86,87.19
Q9BZE9,ASPSCR1,THR,141,75.5,82.88
Q9BZE9,ASPSCR1,THR,146,59.63,89.44
Q9BZE9,ASPSCR1,THR,154,23.13,88.38
Q9BZE9,ASPSCR1,THR,155,38.2,91.31
Q9BZE9,ASPSCR1,SER,158,58.02,84.75
Q9BZE9,ASPSCR1,THR,162,31.34,79.88
Q9BZE9,ASPSCR1,SER,165,51.92,86.06
Q9BZE9,ASPSCR1,THR,167,64.05,90.25
Q9BZE9,ASPSCR1,LYS,173,77.5,81.81
Q9BZE9,ASPSCR1,CYS,174,93.97,70.5
Q9BZE9,ASPSCR1,TYR,175,155.17,52.72
Q9BZE9,ASPSCR1,LYS,180,205.41,33.62
Q9BZE9,ASPSCR1,THR,181,127.6,30.67
Q9BZE9,ASPSCR1,SER,184,104.52,31.86
Q9BZE9,ASPSCR1,SER,187,124.38,32.0
Q9BZE9,ASPSCR1,SER,188,115.81,37.03
Q9BZE9,ASPSCR1,SER,190,113.9,39.0
Q9BZE9,ASPSCR1,SER,197,103.1,38.72
Q9BZE9,ASPSCR1,SER,204,107.32,34.47
Q9BZE9,ASPSCR1,SER,208,100.0,34.31
Q9BZE9,ASPSCR1,SER,213,96.85,36.47
Q9BZE9,ASPSCR1,THR,220,138.55,37.34
Q9BZE9,ASPSCR1,SER,221,111.43,40.09
Q9BZE9,ASPSCR1,CYS,224,108.92,25.3
Q9BZE9,ASPSCR1,CYS,225,126.73,30.42
Q9BZE9,ASPSCR1,THR,228,123.11,27.06
Q9BZE9,ASPSCR1,LYS,231,193.97,27.84
Q9BZE9,ASPSCR1,SER,233,107.59,30.98
Q9BZE9,ASPSCR1,THR,234,141.66,36.16
Q9BZE9,ASPSCR1,SER,246,108.93,46.91
Q9BZE9,ASPSCR1,THR,259,126.9,37.16
Q9BZE9,ASPSCR1,THR,263,120.91,39.25
Q9BZE9,ASPSCR1,SER,264,103.93,39.56
Q9BZE9,ASPSCR1,SER,265,107.81,40.81
Q9BZE9,ASPSCR1,SER,266,99.97,42.5
Q9BZE9,ASPSCR1,LYS,268,194.74,40.97
Q9BZE9,ASPSCR1,LYS,271,198.12,41.16
Q9BZE9,ASPSCR1,SER,272,103.56,37.91
Q9BZE9,ASPSCR1,SER,274,103.99,36.53
Q9BZE9,ASPSCR1,SER,275,105.26,41.38
Q9BZE9,ASPSCR1,SER,280,100.46,48.22
Q9BZE9,ASPSCR1,LYS,281,194.74,40.16
Q9BZE9,ASPSCR1,LYS,283,201.63,44.16
Q9BZE9,ASPSCR1,LYS,284,202.08,36.62
Q9BZE9,ASPSCR1,SER,285,104.13,50.88
Q9BZE9,ASPSCR1,LYS,286,188.79,37.91
Q9BZE9,ASPSCR1,SER,287,107.67,39.12
Q9BZE9,ASPSCR1,THR,348,72.6,96.62
Q9BZE9,ASPSCR1,LYS,360,123.61,97.25
Q9BZE9,ASPSCR1,SER,361,66.07,96.75
Q9BZE9,ASPSCR1,LYS,364,95.84,96.88
Q9BZE9,ASPSCR1,THR,373,69.0,95.38
Q9BZE9,ASPSCR1,LYS,374,144.69,96.31
Q9BZE9,ASPSCR1,LYS,382,129.71,93.75
Q9BZE9,ASPSCR1,LYS,384,91.93,93.81
Q9BZE9,ASPSCR1,TYR,388,62.53,93.12
Q9BZE9,ASPSCR1,LYS,390,53.32,92.56
Q9BZE9,ASPSCR1,TYR,401,50.51,96.69
Q9BZE9,ASPSCR1,SER,410,63.08,94.75
Q9BZE9,ASPSCR1,THR,412,35.51,97.38
Q9BZE9,ASPSCR1,SER,422,88.79,95.06
Q9BZE9,ASPSCR1,SER,430,78.58,93.0
Q9BZE9,ASPSCR1,TYR,432,76.6,96.62
Q9BZE9,ASPSCR1,THR,436,63.04,96.25
Q9BZE9,ASPSCR1,LYS,439,116.32,96.44
Q9BZE9,ASPSCR1,THR,440,67.57,97.38
Q9BZE9,ASPSCR1,THR,446,112.43,96.94
Q9BZE9,ASPSCR1,THR,448,32.36,96.94
Q9BZE9,ASPSCR1,SER,482,20.98,96.81
Q9BZE9,ASPSCR1,SER,484,53.59,95.69
Q9BZE9,ASPSCR1,TYR,493,54.65,81.62
Q9BZE9,ASPSCR1,SER,495,74.0,77.56
Q9BZE9,ASPSCR1,SER,500,89.11,30.34
Q9BZE9,ASPSCR1,SER,502,89.33,29.05
Q9BZE9,ASPSCR1,LYS,512,190.78,42.56
Q9BZE9,ASPSCR1,SER,513,99.0,39.75
Q9BZE9,ASPSCR1,THR,531,141.85,38.88
Q9BZE9,ASPSCR1,LYS,536,193.29,39.41
Q9BZE9,ASPSCR1,SER,538,114.0,41.34
Q9BZE9,ASPSCR1,LYS,541,202.91,52.28
Q9BZE9,ASPSCR1,LYS,544,220.4,68.56
Q9BZE9,ASPSCR1,LYS,547,197.63,63.66
Q9BZE9,ASPSCR1,SER,551,111.48,54.0
Q9BZE9,ASPSCR1,LYS,552,200.04,43.59
Q9BZQ4,NMNAT2,THR,2,131.27,48.69
Q9BZQ4,NMNAT2,THR,4,115.97,64.38
Q9BZQ4,NMNAT2,THR,5,93.08,81.56
Q9BZQ4,NMNAT2,LYS,6,100.1,89.69
Q9BZQ4,NMNAT2,THR,7,15.12,92.94
Q9BZQ4,NMNAT2,CYS,14,22.83,98.5
Q9BZQ4,NMNAT2,SER,16,18.0,97.81
Q9BZQ4,NMNAT2,LYS,22,79.26,97.38
Q9BZQ4,NMNAT2,TYR,34,44.52,96.94
Q9BZQ4,NMNAT2,LYS,37,147.13,95.19
Q9BZQ4,NMNAT2,THR,38,44.64,93.88
Q9BZQ4,NMNAT2,SER,54,75.11,96.56
Q9BZQ4,NMNAT2,TYR,55,102.56,93.94
Q9BZQ4,NMNAT2,LYS,57,104.13,90.19
Q9BZQ4,NMNAT2,SER,62,50.18,97.0
Q9BZQ4,NMNAT2,SER,63,16.13,97.38
Q9BZQ4,NMNAT2,SER,77,32.67,98.12
Q9BZQ4,NMNAT2,TYR,88,158.85,97.12
Q9BZQ4,NMNAT2,THR,91,84.76,96.88
Q9BZQ4,NMNAT2,THR,94,51.34,97.69
Q9BZQ4,NMNAT2,THR,95,20.81,98.25
Q9BZQ4,NMNAT2,SER,97,35.81,98.12
Q9BZQ4,NMNAT2,LYS,107,126.23,85.31
Q9BZQ4,NMNAT2,THR,110,49.93,77.06
Q9BZQ4,NMNAT2,CYS,112,73.72,63.88
Q9BZQ4,NMNAT2,SER,115,61.39,54.47
Q9BZQ4,NMNAT2,THR,119,95.06,41.09
Q9BZQ4,NMNAT2,SER,121,102.11,43.84
Q9BZQ4,NMNAT2,THR,123,110.09,41.56
Q9BZQ4,NMNAT2,THR,133,126.61,41.75
Q9BZQ4,NMNAT2,TYR,138,172.84,38.25
Q9BZQ4,NMNAT2,SER,141,89.02,42.03
Q9BZQ4,NMNAT2,THR,145,147.78,40.16
Q9BZQ4,NMNAT2,LYS,146,203.05,37.66
Q9BZQ4,NMNAT2,THR,148,137.24,32.22
Q9BZQ4,NMNAT2,LYS,151,211.91,34.41
Q9BZQ4,NMNAT2,LYS,155,188.43,38.06
Q9BZQ4,NMNAT2,SER,159,101.64,32.84
Q9BZQ4,NMNAT2,SER,161,106.18,31.69
Q9BZQ4,NMNAT2,CYS,164,116.63,33.28
Q9BZQ4,NMNAT2,CYS,165,130.4,39.62
Q9BZQ4,NMNAT2,THR,174,128.81,31.64
Q9BZQ4,NMNAT2,THR,184,118.29,38.06
Q9BZQ4,NMNAT2,TYR,188,150.25,48.47
Q9BZQ4,NMNAT2,SER,206,16.5,96.75
Q9BZQ4,NMNAT2,CYS,208,40.94,96.19
Q9BZQ4,NMNAT2,THR,237,11.93,94.69
Q9BZQ4,NMNAT2,SER,244,11.41,95.31
Q9BZQ4,NMNAT2,SER,245,86.15,95.94
Q9BZQ4,NMNAT2,LYS,249,134.31,97.69
Q9BZQ4,NMNAT2,TYR,250,55.45,97.31
Q9BZQ4,NMNAT2,LYS,251,84.09,96.5
Q9BZQ4,NMNAT2,LYS,258,137.82,88.25
Q9BZQ4,NMNAT2,SER,269,23.63,93.38
Q9BZQ4,NMNAT2,SER,270,18.36,95.06
Q9BZQ4,NMNAT2,THR,271,72.3,92.94
Q9BZQ4,NMNAT2,LYS,272,89.04,92.31
Q9BZQ4,NMNAT2,TYR,287,52.56,95.81
Q9BZQ4,NMNAT2,SER,289,31.16,97.19
Q9BZQ4,NMNAT2,TYR,295,35.56,98.25
Q9BZQ4,NMNAT2,LYS,298,181.43,96.81
Q9BZQ4,NMNAT2,SER,299,36.3,96.88
Q9BZQ4,NMNAT2,SER,306,107.85,47.22
Q9GZV5,WWTR1,SER,5,107.16,66.5
Q9GZV5,WWTR1,THR,21,89.89,84.81
Q9GZV5,WWTR1,THR,26,91.96,91.31
Q9GZV5,WWTR1,SER,34,47.72,85.0
Q9GZV5,WWTR1,LYS,39,154.43,74.0
Q9GZV5,WWTR1,SER,41,100.45,69.38
Q9GZV5,WWTR1,SER,42,43.93,81.06
Q9GZV5,WWTR1,LYS,45,151.86,83.94
Q9GZV5,WWTR1,LYS,46,97.64,89.62
Q9GZV5,WWTR1,SER,51,89.77,89.88
Q9GZV5,WWTR1,LYS,54,145.04,86.0
Q9GZV5,WWTR1,SER,58,106.79,63.66
Q9GZV5,WWTR1,SER,60,100.17,49.38
Q9GZV5,WWTR1,SER,62,69.78,44.62
Q9GZV5,WWTR1,SER,65,102.87,50.09
Q9GZV5,WWTR1,SER,66,100.65,51.84
Q9GZV5,WWTR1,THR,67,136.69,48.5
Q9GZV5,WWTR1,SER,69,101.95,42.97
Q9GZV5,WWTR1,SER,70,117.0,50.78
Q9GZV5,WWTR1,SER,87,94.86,46.69
Q9GZV5,WWTR1,SER,89,103.21,49.75
Q9GZV5,WWTR1,SER,90,102.94,40.16
Q9GZV5,WWTR1,SER,93,100.78,56.84
Q9GZV5,WWTR1,THR,98,151.71,42.16
Q9GZV5,WWTR1,SER,105,112.19,45.31
Q9GZV5,WWTR1,SER,117,105.21,45.19
Q9GZV5,WWTR1,TYR,118,187.83,48.5
Q9GZV5,WWTR1,THR,121,20.83,61.0
Q9GZV5,WWTR1,THR,133,41.05,92.19
Q9GZV5,WWTR1,THR,135,40.28,92.31
Q9GZV5,WWTR1,THR,137,119.56,93.75
Q9GZV5,WWTR1,TYR,141,49.97,94.19
Q9GZV5,WWTR1,LYS,148,165.5,93.0
Q9GZV5,WWTR1,THR,150,91.99,93.38
Q9GZV5,WWTR1,THR,151,34.88,91.12
Q9GZV5,WWTR1,LYS,157,85.77,80.56
Q9GZV5,WWTR1,SER,173,92.05,47.06
Q9GZV5,WWTR1,SER,174,113.68,42.22
Q9GZV5,WWTR1,THR,175,128.62,37.66
Q9GZV5,WWTR1,SER,181,102.48,40.16
Q9GZV5,WWTR1,SER,185,104.35,37.72
Q9GZV5,WWTR1,SER,202,101.88,41.22
Q9GZV5,WWTR1,THR,203,115.63,44.94
Q9GZV5,WWTR1,SER,205,103.89,43.94
Q9GZV5,WWTR1,THR,211,129.28,40.28
Q9GZV5,WWTR1,SER,220,114.24,37.03
Q9GZV5,WWTR1,THR,226,79.01,72.62
Q9GZV5,WWTR1,THR,227,113.76,78.88
Q9GZV5,WWTR1,LYS,234,154.44,87.31
Q9GZV5,WWTR1,CYS,262,80.42,69.19
Q9GZV5,WWTR1,THR,271,112.07,36.06
Q9GZV5,WWTR1,THR,283,119.35,39.25
Q9GZV5,WWTR1,THR,285,140.01,50.38
Q9GZV5,WWTR1,SER,290,119.23,39.25
Q9GZV5,WWTR1,THR,292,130.58,43.91
Q9GZV5,WWTR1,SER,295,107.12,37.44
Q9GZV5,WWTR1,SER,296,103.9,48.19
Q9GZV5,WWTR1,TYR,305,190.95,45.34
Q9GZV5,WWTR1,SER,307,107.79,48.56
Q9GZV5,WWTR1,SER,311,116.65,57.53
Q9GZV5,WWTR1,THR,312,140.48,47.75
Q9GZV5,WWTR1,SER,314,101.55,60.69
Q9GZV5,WWTR1,CYS,320,124.03,39.41
Q9GZV5,WWTR1,TYR,321,231.88,42.59
Q9GZV5,WWTR1,SER,322,93.5,49.47
Q9GZV5,WWTR1,THR,325,120.48,47.75
Q9GZV5,WWTR1,THR,326,96.67,49.31
Q9GZV5,WWTR1,SER,332,86.92,50.53
Q9GZV5,WWTR1,THR,339,132.57,47.62
Q9GZV5,WWTR1,THR,346,122.93,42.78
Q9GZV5,WWTR1,THR,355,136.13,43.19
Q9GZV5,WWTR1,CYS,363,100.67,53.66
Q9GZV5,WWTR1,THR,367,93.33,45.91
Q9GZV5,WWTR1,THR,373,113.18,38.78
Q9GZV5,WWTR1,SER,376,97.26,45.94
Q9GZV5,WWTR1,SER,388,96.15,50.16
Q9GZV5,WWTR1,LYS,392,182.22,45.84
Q9GZV5,WWTR1,SER,393,101.54,40.56
Q9GZV5,WWTR1,THR,398,127.22,35.59
Q9GZY4,COA1,LYS,5,190.6,63.22
Q9GZY4,COA1,TYR,6,212.75,56.28
Q9GZY4,COA1,SER,9,90.82,62.69
Q9GZY4,COA1,SER,12,90.56,73.88
Q9GZY4,COA1,TYR,26,143.62,90.56
Q9GZY4,COA1,TYR,34,78.55,93.94
Q9GZY4,COA1,TYR,35,102.64,95.06
Q9GZY4,COA1,LYS,39,78.16,93.88
Q9GZY4,COA1,SER,42,43.76,90.19
Q9GZY4,COA1,TYR,47,23.37,96.88
Q9GZY4,COA1,LYS,48,106.7,97.31
Q9GZY4,COA1,SER,56,77.0,95.88
Q9GZY4,COA1,TYR,72,131.42,95.0
Q9GZY4,COA1,LYS,74,122.16,92.94
Q9GZY4,COA1,LYS,88,94.94,96.69
Q9GZY4,COA1,LYS,90,27.56,96.56
Q9GZY4,COA1,SER,94,20.82,97.94
Q9GZY4,COA1,SER,96,82.34,97.19
Q9GZY4,COA1,LYS,97,143.69,96.56
Q9GZY4,COA1,SER,98,30.48,97.12
Q9GZY4,COA1,TYR,103,41.94,97.75
Q9GZY4,COA1,SER,107,39.96,96.56
Q9GZY4,COA1,LYS,125,151.37,95.06
Q9GZY4,COA1,LYS,134,144.52,94.0
Q9GZY4,COA1,SER,136,84.09,81.06
Q9GZY4,COA1,LYS,144,200.32,37.5
Q9GZY4,COA1,LYS,145,194.12,41.5
Q9H0U3,MAGT1,CYS,9,59.74,76.25
Q9H0U3,MAGT1,SER,11,63.26,79.62
Q9H0U3,MAGT1,THR,13,87.46,80.12
Q9H0U3,MAGT1,CYS,22,92.96,59.59
Q9H0U3,MAGT1,SER,26,55.18,58.69
Q9H0U3,MAGT1,SER,28,71.86,73.88
Q9H0U3,MAGT1,LYS,32,139.0,84.75
Q9H0U3,MAGT1,LYS,33,129.31,84.81
Q9H0U3,MAGT1,SER,38,63.39,90.31
Q9H0U3,MAGT1,SER,42,72.45,92.75
Q9H0U3,MAGT1,LYS,50,142.29,91.81
Q9H0U3,MAGT1,LYS,60,86.33,93.5
Q9H0U3,MAGT1,LYS,66,119.81,88.38
Q9H0U3,MAGT1,SER,73,11.8,93.25
Q9H0U3,MAGT1,CYS,87,34.92,84.0
Q9H0U3,MAGT1,LYS,91,123.07,88.31
Q9H0U3,MAGT1,TYR,106,161.97,86.75
Q9H0U3,MAGT1,SER,107,25.48,86.06
Q9H0U3,MAGT1,SER,108,129.38,79.62
Q9H0U3,MAGT1,THR,111,47.08,83.75
Q9H0U3,MAGT1,SER,125,46.33,91.62
Q9H0U3,MAGT1,SER,135,80.6,86.5
Q9H0U3,MAGT1,THR,138,21.21,92.94
Q9H0U3,MAGT1,LYS,145,184.38,85.75
Q9H0U3,MAGT1,LYS,147,182.54,86.5
Q9H0U3,MAGT1,LYS,149,164.72,89.5
Q9H0U3,MAGT1,THR,153,55.52,91.62
Q9H0U3,MAGT1,SER,162,31.21,87.56
Q9H0U3,MAGT1,THR,174,27.19,88.94
Q9H0U3,MAGT1,TYR,186,163.43,81.19
Q9H0U3,MAGT1,TYR,204,159.52,82.5
Q9H0U3,MAGT1,SER,208,110.89,69.56
Q9H0U3,MAGT1,LYS,216,178.61,88.06
Q9H0U3,MAGT1,THR,217,99.56,87.06
Q9H0U3,MAGT1,CYS,225,55.84,93.44
Q9H0U3,MAGT1,THR,231,85.94,91.31
Q9H0U3,MAGT1,TYR,244,129.65,76.94
Q9H0U3,MAGT1,LYS,247,145.4,68.88
Q9H0U3,MAGT1,THR,251,78.51,69.62
Q9H0U3,MAGT1,TYR,256,112.95,82.56
Q9H0U3,MAGT1,SER,260,47.9,77.75
Q9H0U3,MAGT1,SER,261,72.66,77.38
Q9H0U3,MAGT1,THR,280,39.07,95.06
Q9H0U3,MAGT1,CYS,287,61.31,92.44
Q9H0U3,MAGT1,THR,291,115.66,89.62
Q9H0U3,MAGT1,SER,292,28.44,86.56
Q9H0U3,MAGT1,LYS,298,116.93,89.94
Q9H0U3,MAGT1,LYS,300,135.31,91.56
Q9H0U3,MAGT1,CYS,303,45.04,93.5
Q9H0U3,MAGT1,SER,319,30.88,88.5
Q9H0U3,MAGT1,SER,323,69.15,82.94
Q9H0U3,MAGT1,LYS,324,28.84,84.5
Q9H0U3,MAGT1,TYR,325,115.85,82.31
Q9H0U3,MAGT1,TYR,328,59.85,79.56
Q9H0U3,MAGT1,TYR,330,150.73,77.94
Q9H0U3,MAGT1,SER,331,65.13,73.0
Q9H0U3,MAGT1,SER,335,113.37,56.41
Q9H2S1,KCNN2,SER,2,114.75,38.75
Q9H2S1,KCNN2,SER,3,102.51,33.19
Q9H2S1,KCNN2,CYS,4,128.66,43.12
Q9H2S1,KCNN2,TYR,6,222.75,39.25
Q9H2S1,KCNN2,SER,15,89.54,36.69
Q9H2S1,KCNN2,SER,18,103.46,29.47
Q9H2S1,KCNN2,SER,20,112.73,31.56
Q9H2S1,KCNN2,SER,29,85.61,37.03
Q9H2S1,KCNN2,SER,39,117.71,37.53
Q9H2S1,KCNN2,SER,47,111.64,39.19
Q9H2S1,KCNN2,SER,48,107.72,41.53
Q9H2S1,KCNN2,SER,50,115.77,35.91
Q9H2S1,KCNN2,SER,60,109.83,30.44
Q9H2S1,KCNN2,SER,61,93.11,37.0
Q9H2S1,KCNN2,SER,62,91.86,33.94
Q9H2S1,KCNN2,SER,69,91.7,35.09
Q9H2S1,KCNN2,LYS,70,176.0,35.66
Q9H2S1,KCNN2,SER,76,110.1,35.69
Q9H2S1,KCNN2,TYR,82,225.01,34.72
Q9H2S1,KCNN2,THR,84,146.85,33.16
Q9H2S1,KCNN2,SER,89,101.85,39.5
Q9H2S1,KCNN2,THR,90,139.58,41.5
Q9H2S1,KCNN2,SER,99,124.99,39.41
Q9H2S1,KCNN2,SER,103,119.33,36.5
Q9H2S1,KCNN2,SER,104,105.78,40.28
Q9H2S1,KCNN2,SER,105,129.61,36.12
Q9H2S1,KCNN2,THR,107,119.87,48.69
Q9H2S1,KCNN2,LYS,108,192.6,42.53
Q9H2S1,KCNN2,SER,109,87.47,45.0
Q9H2S1,KCNN2,SER,110,83.2,48.16
Q9H2S1,KCNN2,LYS,111,171.74,46.81
Q9H2S1,KCNN2,LYS,112,154.4,45.25
Q9H2S1,KCNN2,LYS,113,150.0,48.0
Q9H2S1,KCNN2,TYR,119,161.6,84.44
Q9H2S1,KCNN2,LYS,120,118.79,83.62
Q9H2S1,KCNN2,LYS,130,94.68,92.75
Q9H2S1,KCNN2,LYS,132,56.22,92.12
Q9H2S1,KCNN2,TYR,137,112.92,96.56
Q9H2S1,KCNN2,THR,153,10.97,89.88
Q9H2S1,KCNN2,SER,156,12.47,84.94
Q9H2S1,KCNN2,TYR,160,33.85,85.38
Q9H2S1,KCNN2,LYS,162,33.85,79.62
Q9H2S1,KCNN2,SER,164,28.25,87.56
Q9H2S1,KCNN2,TYR,166,158.17,90.56
Q9H2S1,KCNN2,CYS,172,59.21,93.94
Q9H2S1,KCNN2,SER,175,14.23,95.75
Q9H2S1,KCNN2,TYR,188,11.9,95.56
Q9H2S1,KCNN2,THR,210,74.01,90.81
Q9H2S1,KCNN2,TYR,211,198.88,92.0
Q9H2S1,KCNN2,CYS,218,70.2,95.75
Q9H2S1,KCNN2,TYR,233,120.19,85.62
Q9H2S1,KCNN2,THR,234,91.48,87.19
Q9H2S1,KCNN2,THR,236,92.86,87.0
Q9H2S1,KCNN2,THR,238,83.0,84.69
Q9H2S1,KCNN2,SER,244,75.84,77.81
Q9H2S1,KCNN2,TYR,245,162.67,80.62
Q9H2S1,KCNN2,SER,248,36.68,82.0
Q9H2S1,KCNN2,THR,249,91.73,84.44
Q9H2S1,KCNN2,THR,250,33.07,82.31
Q9H2S1,KCNN2,THR,251,100.84,83.31
Q9H2S1,KCNN2,TYR,267,70.31,93.44
Q9H2S1,KCNN2,SER,277,30.63,79.62
Q9H2S1,KCNN2,LYS,278,174.45,69.75
Q9H2S1,KCNN2,THR,281,38.39,75.94
Q9H2S1,KCNN2,SER,284,63.72,82.88
Q9H2S1,KCNN2,SER,285,22.9,84.44
Q9H2S1,KCNN2,SER,287,59.7,84.0
Q9H2S1,KCNN2,LYS,293,188.32,89.31
Q9H2S1,KCNN2,THR,298,95.08,79.56
Q9H2S1,KCNN2,LYS,303,126.85,86.31
Q9H2S1,KCNN2,THR,304,28.11,86.38
Q9H2S1,KCNN2,THR,307,102.56,87.25
Q9H2S1,KCNN2,CYS,309,47.19,88.19
Q9H2S1,KCNN2,THR,312,86.29,91.06
Q9H2S1,KCNN2,SER,318,21.39,92.19
Q9H2S1,KCNN2,SER,320,44.7,92.44
Q9H2S1,KCNN2,TYR,335,38.39,82.38
Q9H2S1,KCNN2,SER,353,18.62,94.25
Q9H2S1,KCNN2,THR,355,28.08,96.12
Q9H2S1,KCNN2,SER,358,98.46,95.69
Q9H2S1,KCNN2,TYR,361,144.44,93.94
Q9H2S1,KCNN2,TYR,369,151.5,89.75
Q9H2S1,KCNN2,CYS,370,29.27,90.88
Q9H2S1,KCNN2,LYS,372,68.12,92.75
Q9H2S1,KCNN2,CYS,375,13.99,95.12
Q9H2S1,KCNN2,THR,386,73.19,93.5
Q9H2S1,KCNN2,LYS,396,150.38,87.94
Q9H2S1,KCNN2,THR,400,78.97,90.25
Q9H2S1,KCNN2,LYS,401,142.85,85.62
Q9H2S1,KCNN2,LYS,404,109.3,88.81
Q9H2S1,KCNN2,THR,413,52.41,93.69
Q9H2S1,KCNN2,THR,416,54.57,93.81
Q9H2S1,KCNN2,LYS,417,128.45,95.56
Q9H2S1,KCNN2,LYS,420,141.14,95.5
Q9H2S1,KCNN2,THR,430,66.27,96.69
Q9H2S1,KCNN2,TYR,434,103.35,95.19
Q9H2S1,KCNN2,LYS,435,95.78,94.81
Q9H2S1,KCNN2,THR,437,47.44,93.5
Q9H2S1,KCNN2,LYS,438,154.2,92.0
Q9H2S1,KCNN2,LYS,441,214.8,88.75
Q9H2S1,KCNN2,LYS,442,183.65,88.5
Q9H2S1,KCNN2,LYS,447,114.29,92.12
Q9H2S1,KCNN2,LYS,450,118.33,94.88
Q9H2S1,KCNN2,LYS,454,81.49,95.88
Q9H2S1,KCNN2,SER,464,60.44,94.94
Q9H2S1,KCNN2,LYS,466,110.25,93.62
Q9H2S1,KCNN2,LYS,471,126.9,90.5
Q9H2S1,KCNN2,THR,478,99.25,74.12
Q9H2S1,KCNN2,LYS,484,103.37,88.56
Q9H2S1,KCNN2,THR,485,73.38,88.88
Q9H2S1,KCNN2,TYR,490,160.59,92.44
Q9H2S1,KCNN2,SER,494,69.62,93.31
Q9H2S1,KCNN2,SER,500,53.22,91.62
Q9H2S1,KCNN2,LYS,505,123.15,92.88
Q9H2S1,KCNN2,THR,509,70.51,93.31
Q9H2S1,KCNN2,THR,512,66.06,92.69
Q9H2S1,KCNN2,LYS,513,131.12,93.38
Q9H2S1,KCNN2,THR,516,92.88,91.31
Q9H2S1,KCNN2,SER,520,65.32,87.0
Q9H2S1,KCNN2,SER,529,48.92,81.31
Q9H2S1,KCNN2,THR,531,88.35,79.81
Q9H2S1,KCNN2,SER,546,66.82,60.09
Q9H2S1,KCNN2,TYR,547,165.08,61.25
Q9H2S1,KCNN2,LYS,549,142.39,57.22
Q9H2S1,KCNN2,THR,552,79.83,55.69
Q9H2S1,KCNN2,TYR,553,134.23,53.97
Q9H2S1,KCNN2,SER,558,105.28,48.25
Q9H2S1,KCNN2,SER,560,95.53,42.28
Q9H2S1,KCNN2,SER,561,108.27,38.47
Q9H2S1,KCNN2,SER,562,109.81,43.88
Q9H2S1,KCNN2,SER,567,102.2,40.34
Q9H2S1,KCNN2,SER,568,112.74,42.47
Q9H2S1,KCNN2,SER,569,104.99,42.0
Q9H2S1,KCNN2,THR,570,141.3,45.62
Q9H2S1,KCNN2,THR,574,126.48,48.66
Q9H2S1,KCNN2,SER,575,96.45,46.38
Q9H2S1,KCNN2,SER,576,88.9,47.56
Q9H2S1,KCNN2,SER,578,98.27,51.62
Q9H2S1,KCNN2,SER,579,183.45,48.78
Q9H339,OR51B5,SER,2,111.16,33.41
Q9H339,OR51B5,SER,3,118.44,33.5
Q9H339,OR51B5,SER,4,89.19,40.19
Q9H339,OR51B5,SER,6,20.84,54.81
Q9H339,OR51B5,SER,7,101.71,66.75
Q9H339,OR51B5,THR,13,25.82,92.12
Q9H339,OR51B5,TYR,33,29.35,96.69
Q9H339,OR51B5,SER,35,32.59,95.56
Q9H339,OR51B5,THR,42,24.35,92.06
Q9H339,OR51B5,LYS,48,160.97,90.81
Q9H339,OR51B5,THR,74,29.06,96.19
Q9H339,OR51B5,THR,78,32.01,95.62
Q9H339,OR51B5,SER,92,17.64,93.06
Q9H339,OR51B5,SER,97,42.5,95.94
Q9H339,OR51B5,TYR,100,43.26,96.94
Q9H339,OR51B5,TYR,118,84.03,95.88
Q9H339,OR51B5,CYS,125,28.41,93.56
Q9H339,OR51B5,TYR,130,39.12,92.38
Q9H339,OR51B5,THR,131,107.84,89.12
Q9H339,OR51B5,SER,132,69.51,92.38
Q9H339,OR51B5,THR,135,52.49,92.88
Q9H339,OR51B5,THR,137,88.56,93.19
Q9H339,OR51B5,LYS,141,135.22,97.06
Q9H339,OR51B5,SER,153,20.39,95.44
Q9H339,OR51B5,TYR,162,92.26,92.31
Q9H339,OR51B5,TYR,166,12.39,91.25
Q9H339,OR51B5,CYS,167,83.45,88.56
Q9H339,OR51B5,SER,169,70.8,85.75
Q9H339,OR51B5,SER,173,31.73,90.69
Q9H339,OR51B5,LYS,184,117.03,90.31
Q9H339,OR51B5,CYS,187,47.92,91.88
Q9H339,OR51B5,THR,190,10.98,92.5
Q9H339,OR51B5,THR,191,87.71,93.94
Q9H339,OR51B5,TYR,196,67.54,94.81
Q9H339,OR51B5,TYR,209,96.24,93.88
Q9H339,OR51B5,SER,215,11.15,96.88
Q9H339,OR51B5,TYR,216,18.24,95.44
Q9H339,OR51B5,LYS,221,149.14,94.88
Q9H339,OR51B5,THR,222,38.68,93.56
Q9H339,OR51B5,SER,225,88.73,91.88
Q9H339,OR51B5,SER,228,42.15,91.19
Q9H339,OR51B5,LYS,234,151.45,85.06
Q9H339,OR51B5,THR,238,63.05,80.75
Q9H339,OR51B5,CYS,244,39.92,93.12
Q9H339,OR51B5,THR,252,17.5,92.62
Q9H339,OR51B5,SER,257,49.13,82.81
Q9H339,OR51B5,LYS,264,185.94,76.44
Q9H339,OR51B5,TYR,276,10.18,92.5
Q9H339,OR51B5,TYR,278,22.77,89.88
Q9H339,OR51B5,THR,289,15.35,87.25
Q9H339,OR51B5,SER,291,31.93,78.25
Q9H339,OR51B5,LYS,293,99.08,73.0
Q9H339,OR51B5,THR,294,23.11,73.0
Q9H339,OR51B5,LYS,295,161.61,74.0
Q9H339,OR51B5,THR,306,76.41,76.0
Q9H339,OR51B5,THR,307,76.0,66.56
Q9H339,OR51B5,THR,312,152.29,42.94
Q9H4D0,CLSTN2,CYS,7,119.44,30.7
Q9H4D0,CLSTN2,SER,19,122.95,31.83
Q9H4D0,CLSTN2,SER,21,125.59,33.31
Q9H4D0,CLSTN2,SER,27,68.3,43.72
Q9H4D0,CLSTN2,LYS,36,152.16,54.47
Q9H4D0,CLSTN2,LYS,39,114.27,82.31
Q9H4D0,CLSTN2,LYS,41,138.99,89.75
Q9H4D0,CLSTN2,THR,46,93.03,92.94
Q9H4D0,CLSTN2,SER,47,49.33,95.06
Q9H4D0,CLSTN2,THR,53,46.21,91.62
Q9H4D0,CLSTN2,THR,58,25.78,90.19
Q9H4D0,CLSTN2,LYS,70,170.22,88.88
Q9H4D0,CLSTN2,CYS,81,52.43,89.62
Q9H4D0,CLSTN2,LYS,84,110.68,92.06
Q9H4D0,CLSTN2,LYS,99,105.52,88.12
Q9H4D0,CLSTN2,THR,100,83.37,87.94
Q9H4D0,CLSTN2,SER,101,45.33,88.25
Q9H4D0,CLSTN2,LYS,109,134.88,90.62
Q9H4D0,CLSTN2,SER,110,52.92,88.38
Q9H4D0,CLSTN2,LYS,118,116.77,90.75
Q9H4D0,CLSTN2,TYR,120,22.11,93.19
Q9H4D0,CLSTN2,THR,121,82.11,93.81
Q9H4D0,CLSTN2,TYR,127,14.97,92.56
Q9H4D0,CLSTN2,CYS,129,20.12,86.25
Q9H4D0,CLSTN2,THR,136,114.98,62.09
Q9H4D0,CLSTN2,LYS,139,59.98,88.31
Q9H4D0,CLSTN2,LYS,140,105.14,91.31
Q9H4D0,CLSTN2,LYS,143,122.61,94.06
Q9H4D0,CLSTN2,LYS,151,116.61,92.44
Q9H4D0,CLSTN2,THR,159,76.56,96.0
Q9H4D0,CLSTN2,LYS,161,118.61,95.69
Q9H4D0,CLSTN2,TYR,165,26.35,97.69
Q9H4D0,CLSTN2,LYS,166,151.99,97.44
Q9H4D0,CLSTN2,THR,170,38.26,94.06
Q9H4D0,CLSTN2,LYS,173,118.64,91.56
Q9H4D0,CLSTN2,TYR,175,63.12,94.31
Q9H4D0,CLSTN2,SER,177,58.78,94.31
Q9H4D0,CLSTN2,CYS,188,11.93,90.38
Q9H4D0,CLSTN2,SER,189,28.06,89.56
Q9H4D0,CLSTN2,TYR,192,41.57,94.0
Q9H4D0,CLSTN2,SER,193,29.88,93.31
Q9H4D0,CLSTN2,CYS,196,53.01,94.5
Q9H4D0,CLSTN2,TYR,198,18.4,97.5
Q9H4D0,CLSTN2,THR,202,42.94,94.81
Q9H4D0,CLSTN2,THR,203,109.44,91.62
Q9H4D0,CLSTN2,THR,218,82.71,95.19
Q9H4D0,CLSTN2,LYS,220,136.48,93.56
Q9H4D0,CLSTN2,SER,222,26.77,91.56
Q9H4D0,CLSTN2,TYR,223,69.36,91.25
Q9H4D0,CLSTN2,LYS,225,169.88,90.0
Q9H4D0,CLSTN2,TYR,229,21.6,96.0
Q9H4D0,CLSTN2,TYR,236,49.26,96.75
Q9H4D0,CLSTN2,CYS,238,37.9,94.25
Q9H4D0,CLSTN2,LYS,241,59.06,94.81
Q9H4D0,CLSTN2,LYS,254,122.62,93.5
Q9H4D0,CLSTN2,CYS,257,67.72,87.31
Q9H4D0,CLSTN2,LYS,258,107.66,87.12
Q9H4D0,CLSTN2,THR,265,79.99,94.19
Q9H4D0,CLSTN2,LYS,266,114.76,96.81
Q9H4D0,CLSTN2,SER,274,58.62,90.06
Q9H4D0,CLSTN2,SER,276,37.01,92.88
Q9H4D0,CLSTN2,SER,282,66.64,94.94
Q9H4D0,CLSTN2,THR,287,14.87,88.88
Q9H4D0,CLSTN2,CYS,288,37.11,88.25
Q9H4D0,CLSTN2,SER,293,29.4,89.5
Q9H4D0,CLSTN2,SER,294,43.07,90.19
Q9H4D0,CLSTN2,THR,303,10.61,85.88
Q9H4D0,CLSTN2,TYR,305,110.69,74.81
Q9H4D0,CLSTN2,LYS,308,44.82,76.56
Q9H4D0,CLSTN2,THR,314,56.09,79.31
Q9H4D0,CLSTN2,TYR,315,23.69,83.44
Q9H4D0,CLSTN2,SER,316,33.64,79.88
Q9H4D0,CLSTN2,LYS,318,89.86,81.25
Q9H4D0,CLSTN2,LYS,322,77.96,81.38
Q9H4D0,CLSTN2,CYS,324,20.16,88.75
Q9H4D0,CLSTN2,SER,327,52.55,74.19
Q9H4D0,CLSTN2,SER,328,102.39,77.44
Q9H4D0,CLSTN2,SER,336,50.71,80.0
Q9H4D0,CLSTN2,SER,338,58.15,72.94
Q9H4D0,CLSTN2,THR,341,28.48,80.38
Q9H4D0,CLSTN2,SER,351,102.86,60.66
Q9H4D0,CLSTN2,SER,352,98.24,62.22
Q9H4D0,CLSTN2,LYS,357,80.44,91.62
Q9H4D0,CLSTN2,LYS,365,87.27,92.62
Q9H4D0,CLSTN2,LYS,373,177.22,81.44
Q9H4D0,CLSTN2,THR,376,60.11,87.06
Q9H4D0,CLSTN2,LYS,386,70.74,93.38
Q9H4D0,CLSTN2,SER,390,45.33,71.81
Q9H4D0,CLSTN2,LYS,397,90.93,90.19
Q9H4D0,CLSTN2,LYS,406,65.96,87.44
Q9H4D0,CLSTN2,THR,407,66.64,85.56
Q9H4D0,CLSTN2,TYR,414,10.33,94.25
Q9H4D0,CLSTN2,TYR,417,12.41,96.75
Q9H4D0,CLSTN2,CYS,421,39.26,89.88
Q9H4D0,CLSTN2,LYS,429,39.23,78.75
Q9H4D0,CLSTN2,THR,436,77.5,77.19
Q9H4D0,CLSTN2,LYS,445,147.46,94.06
Q9H4D0,CLSTN2,CYS,450,55.5,89.94
Q9H4D0,CLSTN2,LYS,452,108.93,88.88
Q9H4D0,CLSTN2,THR,467,22.89,95.56
Q9H4D0,CLSTN2,TYR,469,28.51,95.5
Q9H4D0,CLSTN2,THR,474,83.03,92.25
Q9H4D0,CLSTN2,TYR,475,73.88,93.88
Q9H4D0,CLSTN2,TYR,478,117.13,93.12
Q9H4D0,CLSTN2,THR,481,57.95,93.31
Q9H4D0,CLSTN2,SER,489,45.37,77.81
Q9H4D0,CLSTN2,THR,507,140.47,62.44
Q9H4D0,CLSTN2,LYS,508,165.89,65.0
Q9H4D0,CLSTN2,SER,518,15.6,93.31
Q9H4D0,CLSTN2,LYS,528,100.4,90.44
Q9H4D0,CLSTN2,SER,531,61.14,92.38
Q9H4D0,CLSTN2,LYS,533,174.61,91.44
Q9H4D0,CLSTN2,SER,536,52.19,90.12
Q9H4D0,CLSTN2,CYS,537,53.53,91.0
Q9H4D0,CLSTN2,CYS,541,24.83,90.75
Q9H4D0,CLSTN2,LYS,542,65.92,90.88
Q9H4D0,CLSTN2,SER,549,65.79,73.19
Q9H4D0,CLSTN2,SER,552,46.67,61.44
Q9H4D0,CLSTN2,LYS,558,154.27,91.69
Q9H4D0,CLSTN2,TYR,559,74.43,91.94
Q9H4D0,CLSTN2,SER,564,43.03,81.75
Q9H4D0,CLSTN2,SER,566,16.09,91.81
Q9H4D0,CLSTN2,LYS,584,82.48,91.88
Q9H4D0,CLSTN2,SER,590,71.72,90.25
Q9H4D0,CLSTN2,THR,595,44.65,88.75
Q9H4D0,CLSTN2,LYS,602,99.6,97.75
Q9H4D0,CLSTN2,SER,604,34.06,97.25
Q9H4D0,CLSTN2,SER,605,16.87,94.88
Q9H4D0,CLSTN2,LYS,606,151.56,92.31
Q9H4D0,CLSTN2,CYS,609,11.73,84.56
Q9H4D0,CLSTN2,CYS,615,64.44,78.38
Q9H4D0,CLSTN2,SER,617,97.01,87.31
Q9H4D0,CLSTN2,TYR,624,53.38,97.19
Q9H4D0,CLSTN2,THR,636,17.61,95.25
Q9H4D0,CLSTN2,THR,640,58.26,95.06
Q9H4D0,CLSTN2,SER,652,42.68,89.38
Q9H4D0,CLSTN2,THR,657,45.79,94.44
Q9H4D0,CLSTN2,LYS,663,127.73,96.12
Q9H4D0,CLSTN2,LYS,670,114.5,69.12
Q9H4D0,CLSTN2,THR,671,124.99,58.59
Q9H4D0,CLSTN2,LYS,678,189.0,42.53
Q9H4D0,CLSTN2,THR,679,140.05,43.66
Q9H4D0,CLSTN2,THR,680,138.67,36.28
Q9H4D0,CLSTN2,LYS,683,187.26,46.59
Q9H4D0,CLSTN2,SER,684,103.88,46.34
Q9H4D0,CLSTN2,CYS,712,29.79,92.44
Q9H4D0,CLSTN2,SER,718,54.41,83.31
Q9H4D0,CLSTN2,THR,728,72.5,83.94
Q9H4D0,CLSTN2,SER,730,69.29,85.25
Q9H4D0,CLSTN2,THR,731,63.24,88.19
Q9H4D0,CLSTN2,TYR,734,12.84,91.44
Q9H4D0,CLSTN2,SER,735,29.05,88.62
Q9H4D0,CLSTN2,TYR,737,40.48,87.31
Q9H4D0,CLSTN2,SER,741,43.01,92.38
Q9H4D0,CLSTN2,SER,743,56.74,92.44
Q9H4D0,CLSTN2,SER,761,101.7,78.88
Q9H4D0,CLSTN2,LYS,770,69.08,95.25
Q9H4D0,CLSTN2,TYR,778,17.38,88.25
Q9H4D0,CLSTN2,THR,779,60.99,91.12
Q9H4D0,CLSTN2,SER,796,83.32,39.72
Q9H4D0,CLSTN2,LYS,798,184.11,36.81
Q9H4D0,CLSTN2,SER,813,102.62,28.73
Q9H4D0,CLSTN2,SER,819,107.61,29.06
Q9H4D0,CLSTN2,SER,821,98.12,29.28
Q9H4D0,CLSTN2,SER,822,111.03,25.36
Q9H4D0,CLSTN2,SER,826,108.4,25.84
Q9H4D0,CLSTN2,SER,827,90.98,33.81
Q9H4D0,CLSTN2,SER,831,73.56,65.38
Q9H4D0,CLSTN2,THR,834,59.5,72.44
Q9H4D0,CLSTN2,SER,840,57.61,84.75
Q9H4D0,CLSTN2,CYS,842,76.85,89.25
Q9H4D0,CLSTN2,TYR,853,132.66,86.44
Q9H4D0,CLSTN2,THR,866,76.53,55.44
Q9H4D0,CLSTN2,LYS,870,167.91,48.47
Q9H4D0,CLSTN2,SER,872,96.8,39.88
Q9H4D0,CLSTN2,SER,879,82.69,40.91
Q9H4D0,CLSTN2,THR,882,125.16,35.97
Q9H4D0,CLSTN2,THR,884,127.38,34.94
Q9H4D0,CLSTN2,LYS,890,190.02,29.75
Q9H4D0,CLSTN2,THR,901,137.24,32.19
Q9H4D0,CLSTN2,SER,914,105.24,33.28
Q9H4D0,CLSTN2,SER,915,117.53,30.94
Q9H4D0,CLSTN2,SER,916,104.58,36.0
Q9H4D0,CLSTN2,SER,917,113.19,33.34
Q9H4D0,CLSTN2,SER,919,106.94,36.66
Q9H4D0,CLSTN2,SER,922,106.6,31.16
Q9H4D0,CLSTN2,SER,951,98.27,34.28
Q9H4D0,CLSTN2,THR,952,130.3,31.17
Q9H4D0,CLSTN2,TYR,955,283.24,33.38
Q9HBX8,LGR6,SER,3,104.94,41.25
Q9HBX8,LGR6,CYS,13,82.02,47.19
Q9HBX8,LGR6,CYS,17,102.29,45.56
Q9HBX8,LGR6,SER,19,87.39,39.59
Q9HBX8,LGR6,THR,33,108.38,54.5
Q9HBX8,LGR6,CYS,35,42.58,80.5
Q9HBX8,LGR6,CYS,39,14.64,91.75
Q9HBX8,LGR6,CYS,41,28.93,90.75
Q9HBX8,LGR6,SER,49,32.33,93.19
Q9HBX8,LGR6,SER,53,30.5,95.75
Q9HBX8,LGR6,SER,58,89.81,92.81
Q9HBX8,LGR6,TYR,70,56.11,96.12
Q9HBX8,LGR6,SER,74,10.21,97.94
Q9HBX8,LGR6,THR,79,79.38,94.31
Q9HBX8,LGR6,SER,98,14.68,98.06
Q9HBX8,LGR6,SER,103,67.1,95.5
Q9HBX8,LGR6,SER,111,28.85,91.62
Q9HBX8,LGR6,TYR,114,115.41,90.56
Q9HBX8,LGR6,SER,115,36.61,95.31
Q9HBX8,LGR6,LYS,117,73.17,98.56
Q9HBX8,LGR6,SER,139,38.22,96.12
Q9HBX8,LGR6,SER,142,13.72,98.75
Q9HBX8,LGR6,SER,151,62.77,96.12
Q9HBX8,LGR6,SER,162,74.11,88.94
Q9HBX8,LGR6,SER,163,40.22,95.06
Q9HBX8,LGR6,THR,175,80.75,97.25
Q9HBX8,LGR6,THR,192,13.3,98.56
Q9HBX8,LGR6,SER,199,51.87,97.31
Q9HBX8,LGR6,TYR,204,94.61,96.44
Q9HBX8,LGR6,THR,210,59.48,94.56
Q9HBX8,LGR6,SER,211,37.7,97.69
Q9HBX8,LGR6,THR,227,91.63,94.12
Q9HBX8,LGR6,THR,238,28.62,98.88
Q9HBX8,LGR6,TYR,243,108.61,98.56
Q9HBX8,LGR6,LYS,245,118.72,98.12
Q9HBX8,LGR6,THR,255,61.61,94.5
Q9HBX8,LGR6,LYS,270,115.03,93.81
Q9HBX8,LGR6,LYS,275,105.92,95.69
Q9HBX8,LGR6,THR,285,49.01,96.19
Q9HBX8,LGR6,TYR,289,117.52,91.06
Q9HBX8,LGR6,SER,299,17.82,94.88
Q9HBX8,LGR6,TYR,303,111.32,95.94
Q9HBX8,LGR6,LYS,306,101.78,97.12
Q9HBX8,LGR6,THR,309,59.71,96.44
Q9HBX8,LGR6,SER,311,43.56,93.56
Q9HBX8,LGR6,LYS,325,113.52,93.75
Q9HBX8,LGR6,THR,328,61.21,94.06
Q9HBX8,LGR6,THR,334,23.21,95.56
Q9HBX8,LGR6,THR,336,13.32,93.0
Q9HBX8,LGR6,SER,345,90.66,88.56
Q9HBX8,LGR6,SER,369,30.0,94.56
Q9HBX8,LGR6,LYS,375,110.34,95.88
Q9HBX8,LGR6,SER,395,22.71,93.0
Q9HBX8,LGR6,SER,398,63.54,91.19
Q9HBX8,LGR6,SER,399,40.85,95.69
Q9HBX8,LGR6,SER,412,49.97,97.0
Q9HBX8,LGR6,SER,419,29.77,95.12
Q9HBX8,LGR6,THR,420,28.73,94.12
Q9HBX8,LGR6,SER,423,49.24,94.5
Q9HBX8,LGR6,LYS,426,102.6,98.62
Q9HBX8,LGR6,THR,430,17.02,98.62
Q9HBX8,LGR6,THR,435,77.42,94.25
Q9HBX8,LGR6,THR,436,83.53,94.81
Q9HBX8,LGR6,LYS,449,70.55,98.31
Q9HBX8,LGR6,LYS,451,117.03,95.31
Q9HBX8,LGR6,SER,457,44.93,87.69
Q9HBX8,LGR6,SER,461,56.13,85.38
Q9HBX8,LGR6,LYS,462,111.95,83.88
Q9HBX8,LGR6,SER,464,22.98,88.62
Q9HBX8,LGR6,LYS,467,132.52,91.81
Q9HBX8,LGR6,TYR,475,16.02,91.38
Q9HBX8,LGR6,CYS,480,20.25,88.94
Q9HBX8,LGR6,TYR,482,16.93,84.38
Q9HBX8,LGR6,CYS,485,51.86,55.91
Q9HBX8,LGR6,SER,487,54.99,49.91
Q9HBX8,LGR6,LYS,490,150.97,38.75
Q9HBX8,LGR6,SER,492,82.49,35.84
Q9HBX8,LGR6,SER,507,101.76,28.22
Q9HBX8,LGR6,SER,508,106.75,24.34
Q9HBX8,LGR6,LYS,509,209.34,29.72
Q9HBX8,LGR6,TYR,523,234.17,26.72
Q9HBX8,LGR6,SER,537,115.49,34.5
Q9HBX8,LGR6,LYS,538,148.09,32.03
Q9HBX8,LGR6,SER,542,94.14,74.88
Q9HBX8,LGR6,SER,546,57.42,90.94
Q9HBX8,LGR6,THR,548,67.16,84.75
Q9HBX8,LGR6,LYS,553,54.25,86.62
Q9HBX8,LGR6,CYS,555,14.93,89.0
Q9HBX8,LGR6,TYR,557,69.45,91.44
Q9HBX8,LGR6,SER,561,43.44,89.38
Q9HBX8,LGR6,CYS,578,11.01,95.25
Q9HBX8,LGR6,LYS,598,20.91,83.44
Q9HBX8,LGR6,THR,609,25.98,96.38
Q9HBX8,LGR6,THR,611,12.78,94.5
Q9HBX8,LGR6,CYS,615,12.51,96.19
Q9HBX8,LGR6,SER,620,53.97,95.88
Q9HBX8,LGR6,THR,625,13.63,94.31
Q9HBX8,LGR6,SER,630,28.04,89.81
Q9HBX8,LGR6,TYR,632,101.7,89.62
Q9HBX8,LGR6,THR,638,70.15,87.62
Q9HBX8,LGR6,SER,653,31.66,93.19
Q9HBX8,LGR6,THR,661,16.05,93.31
Q9HBX8,LGR6,SER,672,29.95,74.69
Q9HBX8,LGR6,CYS,673,33.85,74.44
Q9HBX8,LGR6,TYR,677,175.51,72.19
Q9HBX8,LGR6,LYS,679,160.37,70.19
Q9HBX8,LGR6,SER,680,71.43,68.88
Q9HBX8,LGR6,SER,682,73.11,80.81
Q9HBX8,LGR6,SER,685,70.47,86.62
Q9HBX8,LGR6,CYS,693,14.6,97.75
Q9HBX8,LGR6,SER,707,92.46,77.06
Q9HBX8,LGR6,TYR,720,106.95,66.81
Q9HBX8,LGR6,THR,733,39.32,83.0
Q9HBX8,LGR6,SER,741,40.46,87.12
Q9HBX8,LGR6,TYR,751,87.88,78.5
Q9HBX8,LGR6,LYS,753,90.79,82.94
Q9HBX8,LGR6,TYR,755,160.11,72.19
Q9HBX8,LGR6,CYS,756,100.84,74.75
Q9HBX8,LGR6,CYS,769,65.75,62.19
Q9HBX8,LGR6,TYR,786,43.11,80.75
Q9HBX8,LGR6,CYS,787,76.68,79.06
Q9HBX8,LGR6,SER,793,42.19,69.44
Q9HBX8,LGR6,SER,796,79.15,67.38
Q9HBX8,LGR6,THR,804,81.51,76.56
Q9HBX8,LGR6,SER,810,38.3,86.25
Q9HBX8,LGR6,SER,848,109.06,31.88
Q9HBX8,LGR6,TYR,853,229.28,29.02
Q9HBX8,LGR6,LYS,861,207.33,27.7
Q9HBX8,LGR6,SER,862,106.94,25.81
Q9HBX8,LGR6,SER,863,105.13,24.17
Q9HBX8,LGR6,CYS,864,128.84,27.83
Q9HBX8,LGR6,SER,866,99.62,28.5
Q9HBX8,LGR6,THR,867,129.9,28.97
Q9HBX8,LGR6,SER,874,98.02,28.58
Q9HBX8,LGR6,SER,883,108.37,25.8
Q9HBX8,LGR6,THR,893,138.4,27.08
Q9HBX8,LGR6,TYR,894,197.22,26.95
Q9HBX8,LGR6,SER,898,109.15,26.56
Q9HBX8,LGR6,THR,900,119.77,28.56
Q9HBX8,LGR6,SER,903,102.56,27.05
Q9HBX8,LGR6,CYS,904,127.49,24.22
Q9HBX8,LGR6,SER,915,106.52,29.48
Q9HBX8,LGR6,CYS,917,130.15,25.28
Q9HBX8,LGR6,SER,931,97.88,27.61
Q9HBX8,LGR6,SER,943,95.6,29.69
Q9HBX8,LGR6,THR,944,126.04,31.3
Q9HBX8,LGR6,SER,951,120.91,31.5
Q9HBX8,LGR6,SER,959,119.11,35.5
Q9HBX8,LGR6,SER,965,99.21,27.19
Q9HCC8,GDPD2,SER,4,76.64,34.16
Q9HCC8,GDPD2,CYS,7,82.73,43.09
Q9HCC8,GDPD2,CYS,8,38.5,56.75
Q9HCC8,GDPD2,SER,9,64.76,68.62
Q9HCC8,GDPD2,CYS,14,53.83,80.75
Q9HCC8,GDPD2,CYS,17,17.45,81.0
Q9HCC8,GDPD2,CYS,21,44.04,78.5
Q9HCC8,GDPD2,LYS,25,174.34,53.0
Q9HCC8,GDPD2,CYS,26,82.58,50.59
Q9HCC8,GDPD2,THR,33,53.0,71.31
Q9HCC8,GDPD2,SER,34,48.65,80.5
Q9HCC8,GDPD2,LYS,35,185.5,82.75
Q9HCC8,GDPD2,CYS,36,66.29,86.94
Q9HCC8,GDPD2,CYS,38,73.53,84.19
Q9HCC8,GDPD2,SER,53,59.71,93.5
Q9HCC8,GDPD2,TYR,56,44.46,94.56
Q9HCC8,GDPD2,SER,83,11.17,86.62
Q9HCC8,GDPD2,SER,91,42.72,95.12
Q9HCC8,GDPD2,THR,95,70.34,96.0
Q9HCC8,GDPD2,TYR,96,51.36,95.94
Q9HCC8,GDPD2,SER,98,30.56,93.56
Q9HCC8,GDPD2,CYS,110,53.62,79.31
Q9HCC8,GDPD2,SER,118,70.42,90.44
Q9HCC8,GDPD2,LYS,121,49.07,94.31
Q9HCC8,GDPD2,THR,156,30.72,93.12
Q9HCC8,GDPD2,THR,178,47.59,86.38
Q9HCC8,GDPD2,TYR,180,54.65,89.0
Q9HCC8,GDPD2,LYS,188,51.75,91.56
Q9HCC8,GDPD2,TYR,203,30.53,96.5
Q9HCC8,GDPD2,CYS,208,114.6,91.75
Q9HCC8,GDPD2,SER,210,91.12,87.5
Q9HCC8,GDPD2,SER,211,15.24,93.25
Q9HCC8,GDPD2,LYS,223,67.71,97.69
Q9HCC8,GDPD2,LYS,246,25.19,97.06
Q9HCC8,GDPD2,CYS,250,12.85,94.75
Q9HCC8,GDPD2,THR,253,87.78,95.62
Q9HCC8,GDPD2,SER,263,43.32,97.56
Q9HCC8,GDPD2,SER,276,31.6,95.0
Q9HCC8,GDPD2,THR,279,10.3,97.94
Q9HCC8,GDPD2,SER,283,94.45,97.0
Q9HCC8,GDPD2,THR,287,132.73,97.12
Q9HCC8,GDPD2,THR,290,114.75,93.81
Q9HCC8,GDPD2,SER,297,25.78,98.19
Q9HCC8,GDPD2,THR,299,94.06,98.06
Q9HCC8,GDPD2,LYS,302,100.15,97.25
Q9HCC8,GDPD2,SER,308,31.38,96.38
Q9HCC8,GDPD2,LYS,320,161.58,87.94
Q9HCC8,GDPD2,LYS,328,150.78,96.81
Q9HCC8,GDPD2,SER,332,76.97,97.0
Q9HCC8,GDPD2,THR,334,68.82,97.75
Q9HCC8,GDPD2,SER,351,19.55,97.94
Q9HCC8,GDPD2,THR,364,115.68,96.19
Q9HCC8,GDPD2,TYR,365,48.17,96.56
Q9HCC8,GDPD2,TYR,366,52.6,96.5
Q9HCC8,GDPD2,THR,368,53.07,95.56
Q9HCC8,GDPD2,THR,376,22.82,97.25
Q9HCC8,GDPD2,TYR,409,13.21,91.38
Q9HCC8,GDPD2,THR,417,140.11,65.88
Q9HCC8,GDPD2,LYS,436,161.88,93.06
Q9HCC8,GDPD2,LYS,440,172.86,94.5
Q9HCC8,GDPD2,SER,444,37.21,95.69
Q9HCC8,GDPD2,LYS,452,57.92,94.88
Q9HCC8,GDPD2,SER,466,23.09,98.0
Q9HCC8,GDPD2,TYR,480,101.6,96.5
Q9HCC8,GDPD2,THR,486,32.22,95.62
Q9HCC8,GDPD2,THR,489,59.34,94.5
Q9HCC8,GDPD2,TYR,490,24.97,94.44
Q9HCC8,GDPD2,THR,497,19.49,96.44
Q9HCC8,GDPD2,CYS,499,68.57,97.06
Q9HCC8,GDPD2,THR,502,45.77,96.44
Q9HCC8,GDPD2,THR,508,13.94,92.5
Q9HCC8,GDPD2,LYS,517,121.12,80.12
Q9HCC8,GDPD2,LYS,518,146.14,77.19
Q9HCC8,GDPD2,LYS,521,144.93,68.62
Q9HCC8,GDPD2,THR,522,64.42,66.94
Q9HCC8,GDPD2,THR,526,74.0,67.56
Q9HCC8,GDPD2,THR,531,80.85,74.19
Q9HD42,CHMP1A,THR,4,72.42,86.12
Q9HD42,CHMP1A,LYS,9,89.79,91.25
Q9HD42,CHMP1A,THR,11,49.33,92.44
Q9HD42,CHMP1A,LYS,13,120.07,94.38
Q9HD42,CHMP1A,LYS,17,151.94,95.44
Q9HD42,CHMP1A,LYS,20,141.96,94.69
Q9HD42,CHMP1A,LYS,21,128.96,94.88
Q9HD42,CHMP1A,LYS,24,153.39,94.62
Q9HD42,CHMP1A,LYS,27,123.1,93.56
Q9HD42,CHMP1A,LYS,32,90.28,91.5
Q9HD42,CHMP1A,LYS,34,144.28,90.31
Q9HD42,CHMP1A,LYS,35,138.61,92.81
Q9HD42,CHMP1A,LYS,40,183.07,86.5
Q9HD42,CHMP1A,CYS,44,52.77,87.69
Q9HD42,CHMP1A,TYR,48,74.82,90.94
Q9HD42,CHMP1A,LYS,55,57.56,92.62
Q9HD42,CHMP1A,LYS,56,121.64,92.25
Q9HD42,CHMP1A,SER,67,70.17,88.62
Q9HD42,CHMP1A,SER,74,52.91,85.56
Q9HD42,CHMP1A,LYS,75,90.22,81.06
Q9HD42,CHMP1A,THR,78,32.69,83.88
Q9HD42,CHMP1A,THR,81,45.21,83.12
Q9HD42,CHMP1A,LYS,83,135.58,83.0
Q9HD42,CHMP1A,THR,86,92.15,84.44
Q9HD42,CHMP1A,LYS,87,134.92,88.0
Q9HD42,CHMP1A,THR,93,59.61,87.44
Q9HD42,CHMP1A,LYS,94,152.08,89.56
Q9HD42,CHMP1A,LYS,98,150.06,86.19
Q9HD42,CHMP1A,SER,101,91.19,84.31
Q9HD42,CHMP1A,THR,102,82.78,83.62
Q9HD42,CHMP1A,LYS,107,114.33,79.25
Q9HD42,CHMP1A,SER,109,60.46,83.62
Q9HD42,CHMP1A,SER,110,51.1,85.81
Q9HD42,CHMP1A,THR,126,48.12,68.06
Q9HD42,CHMP1A,SER,127,59.52,63.28
Q9HD42,CHMP1A,SER,132,60.68,53.44
Q9HD42,CHMP1A,SER,134,99.39,53.44
Q9HD42,CHMP1A,SER,135,82.69,51.91
Q9HD42,CHMP1A,THR,137,85.56,43.34
Q9HD42,CHMP1A,THR,138,78.91,47.81
Q9HD42,CHMP1A,THR,140,82.63,51.84
Q9HD42,CHMP1A,THR,141,80.24,65.31
Q9HD42,CHMP1A,SER,148,66.93,82.19
Q9HD42,CHMP1A,SER,166,97.0,57.44
Q9HD42,CHMP1A,SER,173,50.88,44.25
Q9HD42,CHMP1A,SER,178,76.79,49.56
Q9HD42,CHMP1A,SER,179,64.74,48.94
Q9HD42,CHMP1A,SER,182,58.63,56.53
Q9HD42,CHMP1A,SER,188,65.5,70.88
Q9NP84,TNFRSF12A,SER,5,65.31,72.75
Q9NP84,TNFRSF12A,SER,24,83.42,70.12
Q9NP84,TNFRSF12A,THR,33,134.84,48.25
Q9NP84,TNFRSF12A,CYS,36,17.45,80.12
Q9NP84,TNFRSF12A,SER,37,89.19,83.06
Q9NP84,TNFRSF12A,SER,40,37.03,86.25
Q9NP84,TNFRSF12A,SER,41,11.25,87.69
Q9NP84,TNFRSF12A,LYS,48,104.6,91.56
Q9NP84,TNFRSF12A,CYS,49,47.23,90.5
Q9NP84,TNFRSF12A,CYS,52,33.55,89.62
Q9NP84,TNFRSF12A,SER,54,44.79,87.81
Q9NP84,TNFRSF12A,CYS,55,23.21,88.62
Q9NP84,TNFRSF12A,SER,61,29.55,86.25
Q9NP84,TNFRSF12A,CYS,64,20.35,86.94
Q9NP84,TNFRSF12A,CYS,67,20.97,81.5
Q9NP84,TNFRSF12A,SER,87,57.31,88.25
Q9NP84,TNFRSF12A,THR,89,88.71,90.5
Q9NP84,TNFRSF12A,SER,96,58.97,90.56
Q9NP84,TNFRSF12A,CYS,104,17.73,75.94
Q9NP84,TNFRSF12A,LYS,109,170.63,57.78
Q9NP84,TNFRSF12A,THR,111,87.89,52.41
Q9NP84,TNFRSF12A,THR,112,146.8,47.16
Q9NP84,TNFRSF12A,THR,117,125.14,46.34
Q9NP84,TNFRSF12A,CYS,122,71.63,51.22
Q9NP99,TREM1,LYS,3,188.4,58.97
Q9NP99,TREM1,THR,4,115.9,58.62
Q9NP99,TREM1,SER,16,66.54,62.16
Q9NP99,TREM1,THR,22,132.91,55.09
Q9NP99,TREM1,LYS,23,191.95,59.06
Q9NP99,TREM1,THR,25,86.76,81.25
Q9NP99,TREM1,LYS,28,127.58,95.12
Q9NP99,TREM1,TYR,29,55.11,96.69
Q9NP99,TREM1,LYS,32,85.63,97.31
Q9NP99,TREM1,THR,36,61.86,98.12
Q9NP99,TREM1,LYS,40,139.69,95.12
Q9NP99,TREM1,CYS,41,11.94,93.5
Q9NP99,TREM1,THR,44,111.06,83.62
Q9NP99,TREM1,LYS,47,136.88,88.12
Q9NP99,TREM1,SER,50,63.53,92.31
Q9NP99,TREM1,SER,51,18.83,91.62
Q9NP99,TREM1,LYS,65,131.99,93.5
Q9NP99,TREM1,THR,66,32.67,93.88
Q9NP99,TREM1,CYS,69,18.31,95.12
Q9NP99,TREM1,LYS,75,110.12,94.81
Q9NP99,TREM1,SER,77,59.94,95.62
Q9NP99,TREM1,TYR,90,50.96,96.06
Q9NP99,TREM1,SER,108,43.65,97.19
Q9NP99,TREM1,TYR,116,34.78,86.81
Q9NP99,TREM1,LYS,120,146.56,63.81
Q9NP99,TREM1,THR,134,58.9,97.25
Q9NP99,TREM1,LYS,135,144.72,95.0
Q9NP99,TREM1,SER,138,109.37,57.53
Q9NP99,TREM1,THR,140,105.12,42.0
Q9NP99,TREM1,SER,143,105.68,45.22
Q9NP99,TREM1,SER,147,112.94,39.72
Q9NP99,TREM1,THR,148,117.27,38.22
Q9NP99,TREM1,TYR,152,189.04,41.84
Q9NP99,TREM1,LYS,153,190.32,38.47
Q9NP99,TREM1,THR,157,99.8,33.53
Q9NP99,TREM1,THR,158,113.74,34.22
Q9NP99,TREM1,THR,159,117.22,34.25
Q9NP99,TREM1,LYS,160,178.03,43.84
Q9NP99,TREM1,CYS,163,24.35,58.72
Q9NP99,TREM1,TYR,166,151.44,39.31
Q9NP99,TREM1,THR,167,126.98,35.19
Q9NP99,TREM1,SER,168,75.7,29.48
Q9NP99,TREM1,THR,171,121.04,37.72
Q9NP99,TREM1,THR,173,127.91,40.75
Q9NP99,TREM1,LYS,178,190.14,51.5
Q9NP99,TREM1,SER,179,117.77,41.03
Q9NP99,TREM1,THR,180,120.15,42.19
Q9NP99,TREM1,SER,184,93.06,39.5
Q9NP99,TREM1,THR,185,131.56,46.5
Q9NP99,TREM1,SER,188,103.45,34.75
Q9NP99,TREM1,THR,193,111.67,36.31
Q9NP99,TREM1,THR,196,118.82,43.22
Q9NP99,TREM1,SER,216,65.12,69.69
Q9NP99,TREM1,LYS,217,141.17,69.81
Q9NP99,TREM1,SER,218,55.86,74.0
Q9NP99,TREM1,SER,222,66.68,75.31
Q9NP99,TREM1,THR,228,63.29,75.38
Q9NP99,TREM1,SER,231,85.63,70.38
Q9NPC4,A4GALT,SER,2,115.67,44.5
Q9NPC4,A4GALT,LYS,3,192.79,44.88
Q9NPC4,A4GALT,CYS,21,64.8,78.38
Q9NPC4,A4GALT,THR,22,71.32,80.25
Q9NPC4,A4GALT,LYS,29,137.95,84.44
Q9NPC4,A4GALT,THR,31,79.24,82.75
Q9NPC4,A4GALT,SER,35,65.94,83.19
Q9NPC4,A4GALT,TYR,39,137.08,79.69
Q9NPC4,A4GALT,LYS,47,152.01,39.31
Q9NPC4,A4GALT,LYS,49,170.48,36.47
Q9NPC4,A4GALT,TYR,53,164.82,53.19
Q9NPC4,A4GALT,CYS,61,79.74,85.5
Q9NPC4,A4GALT,THR,63,145.51,74.75
Q9NPC4,A4GALT,THR,65,110.29,66.0
Q9NPC4,A4GALT,THR,68,106.53,57.84
Q9NPC4,A4GALT,SER,71,93.62,56.56
Q9NPC4,A4GALT,THR,75,124.68,64.94
Q9NPC4,A4GALT,SER,85,18.43,95.88
Q9NPC4,A4GALT,THR,88,31.56,94.94
Q9NPC4,A4GALT,THR,104,34.4,95.69
Q9NPC4,A4GALT,LYS,115,72.07,97.38
Q9NPC4,A4GALT,SER,123,98.53,88.25
Q9NPC4,A4GALT,SER,131,23.04,93.12
Q9NPC4,A4GALT,SER,134,56.04,94.38
Q9NPC4,A4GALT,CYS,135,17.3,94.25
Q9NPC4,A4GALT,THR,153,11.48,98.56
Q9NPC4,A4GALT,TYR,159,24.57,97.88
Q9NPC4,A4GALT,TYR,169,69.4,95.31
Q9NPC4,A4GALT,SER,175,18.9,98.19
Q9NPC4,A4GALT,LYS,185,30.17,98.38
Q9NPC4,A4GALT,THR,193,27.89,98.38
Q9NPC4,A4GALT,LYS,199,81.25,95.75
Q9NPC4,A4GALT,THR,205,70.48,95.81
Q9NPC4,A4GALT,THR,210,15.12,97.94
Q9NPC4,A4GALT,SER,212,32.76,96.06
Q9NPC4,A4GALT,TYR,214,124.18,96.25
Q9NPC4,A4GALT,TYR,241,61.5,98.06
Q9NPC4,A4GALT,THR,255,12.44,98.62
Q9NPC4,A4GALT,LYS,259,53.9,98.19
Q9NPC4,A4GALT,LYS,260,174.51,98.12
Q9NPC4,A4GALT,CYS,262,18.32,97.88
Q9NPC4,A4GALT,SER,263,98.58,97.56
Q9NPC4,A4GALT,SER,266,39.18,96.31
Q9NPC4,A4GALT,SER,270,29.31,92.44
Q9NPC4,A4GALT,CYS,273,23.72,96.0
Q9NPC4,A4GALT,THR,277,45.28,98.31
Q9NPC4,A4GALT,LYS,293,127.7,97.62
Q9NPC4,A4GALT,LYS,294,81.79,96.75
Q9NPC4,A4GALT,SER,309,77.24,95.56
Q9NPC4,A4GALT,TYR,312,68.27,98.25
Q9NPC4,A4GALT,LYS,319,143.01,90.19
Q9NPC4,A4GALT,LYS,320,103.31,92.56
Q9NPC4,A4GALT,THR,324,56.55,92.06
Q9NPC4,A4GALT,THR,329,105.77,93.69
Q9NPC4,A4GALT,SER,330,35.24,94.94
Q9NPC4,A4GALT,TYR,341,42.19,96.88
Q9NPC4,A4GALT,THR,344,17.27,95.56
Q9NPC4,A4GALT,LYS,350,86.43,93.62
Q9NPC4,A4GALT,TYR,352,48.41,85.69
Q9NPF0,CD320,SER,2,121.49,44.19
Q9NPF0,CD320,THR,14,137.46,55.53
Q9NPF0,CD320,SER,36,100.03,55.44
Q9NPF0,CD320,SER,39,112.88,50.34
Q9NPF0,CD320,THR,40,92.92,48.44
Q9NPF0,CD320,THR,42,105.1,43.25
Q9NPF0,CD320,SER,43,106.01,47.94
Q9NPF0,CD320,SER,50,112.29,45.78
Q9NPF0,CD320,SER,51,99.96,53.47
Q9NPF0,CD320,SER,53,86.75,79.94
Q9NPF0,CD320,CYS,54,16.89,83.12
Q9NPF0,CD320,THR,57,98.19,76.25
Q9NPF0,CD320,LYS,58,92.74,86.94
Q9NPF0,CD320,THR,63,105.74,87.94
Q9NPF0,CD320,SER,64,62.59,88.56
Q9NPF0,CD320,CYS,67,45.52,91.94
Q9NPF0,CD320,THR,71,82.93,82.19
Q9NPF0,CD320,CYS,74,16.88,86.75
Q9NPF0,CD320,SER,81,102.82,92.0
Q9NPF0,CD320,CYS,89,57.08,77.94
Q9NPF0,CD320,CYS,94,24.51,53.88
Q9NPF0,CD320,THR,95,99.18,50.25
Q9NPF0,CD320,LYS,97,161.66,54.31
Q9NPF0,CD320,CYS,100,57.17,50.97
Q9NPF0,CD320,CYS,108,82.48,49.91
Q9NPF0,CD320,CYS,110,60.62,54.19
Q9NPF0,CD320,THR,111,119.09,55.66
Q9NPF0,CD320,SER,114,97.63,54.47
Q9NPF0,CD320,CYS,116,69.94,54.38
Q9NPF0,CD320,SER,117,124.01,51.88
Q9NPF0,CD320,THR,120,144.14,47.88
Q9NPF0,CD320,LYS,122,197.1,52.19
Q9NPF0,CD320,LYS,123,165.84,49.16
Q9NPF0,CD320,CYS,127,68.35,48.34
Q9NPF0,CD320,SER,128,86.21,49.94
Q9NPF0,CD320,CYS,132,26.5,79.06
Q9NPF0,CD320,THR,140,89.38,85.56
Q9NPF0,CD320,SER,142,28.78,77.5
Q9NPF0,CD320,CYS,145,51.1,87.75
Q9NPF0,CD320,THR,149,87.9,87.31
Q9NPF0,CD320,CYS,152,10.72,91.31
Q9NPF0,CD320,SER,161,45.13,90.12
Q9NPF0,CD320,SER,162,19.99,91.56
Q9NPF0,CD320,CYS,167,46.99,85.12
Q9NPF0,CD320,THR,169,145.8,62.38
Q9NPF0,CD320,THR,179,138.97,40.22
Q9NPF0,CD320,THR,180,123.35,47.5
Q9NPF0,CD320,THR,186,106.4,46.19
Q9NPF0,CD320,SER,189,77.8,45.88
Q9NPF0,CD320,THR,191,123.89,46.5
Q9NPF0,CD320,SER,192,100.87,44.47
Q9NPF0,CD320,THR,197,123.85,41.66
Q9NPF0,CD320,THR,198,118.95,44.47
Q9NPF0,CD320,THR,204,123.37,42.94
Q9NPF0,CD320,SER,207,99.9,46.97
Q9NPF0,CD320,SER,210,90.31,41.62
Q9NPF0,CD320,THR,215,131.34,42.78
Q9NPF0,CD320,SER,216,93.01,45.94
Q9NPF0,CD320,SER,217,111.19,42.06
Q9NPF0,CD320,SER,218,110.57,44.91
Q9NPF0,CD320,SER,223,120.38,45.0
Q9NPF0,CD320,SER,225,91.31,48.41
Q9NPF0,CD320,THR,227,121.81,60.91
Q9NPF0,CD320,TYR,229,182.46,61.03
Q9NPF0,CD320,SER,239,64.5,87.56
Q9NPF0,CD320,SER,241,59.6,89.62
Q9NPF0,CD320,THR,244,76.64,94.31
Q9NPF0,CD320,THR,246,64.09,94.0
Q9NPF0,CD320,SER,251,59.83,89.25
Q9NPF0,CD320,LYS,269,151.91,63.75
Q9NPF0,CD320,SER,271,71.43,61.53
Q9NPF0,CD320,SER,275,73.44,60.56
Q9NPF0,CD320,LYS,278,186.26,61.31
Q9NPF0,CD320,THR,279,122.69,62.88
Q9NPF0,CD320,SER,280,81.76,60.25
Q9NQ90,ANO2,THR,3,127.24,37.03
Q9NQ90,ANO2,SER,15,89.03,33.09
Q9NQ90,ANO2,SER,20,91.97,28.33
Q9NQ90,ANO2,SER,25,116.59,28.62
Q9NQ90,ANO2,LYS,32,200.79,25.52
Q9NQ90,ANO2,CYS,37,133.03,27.62
Q9NQ90,ANO2,LYS,39,189.62,27.78
Q9NQ90,ANO2,SER,52,116.86,30.52
Q9NQ90,ANO2,CYS,60,135.51,31.8
Q9NQ90,ANO2,SER,64,106.45,30.98
Q9NQ90,ANO2,THR,65,142.51,31.5
Q9NQ90,ANO2,SER,67,109.3,30.52
Q9NQ90,ANO2,SER,68,114.28,30.75
Q9NQ90,ANO2,SER,69,88.18,31.56
Q9NQ90,ANO2,TYR,74,201.08,38.22
Q9NQ90,ANO2,SER,82,69.73,34.12
Q9NQ90,ANO2,SER,88,49.28,51.59
Q9NQ90,ANO2,SER,95,52.73,75.38
Q9NQ90,ANO2,LYS,98,47.6,86.31
Q9NQ90,ANO2,TYR,107,48.26,70.88
Q9NQ90,ANO2,LYS,109,116.9,53.44
Q9NQ90,ANO2,SER,122,91.3,28.8
Q9NQ90,ANO2,SER,127,104.49,28.77
Q9NQ90,ANO2,THR,131,147.29,37.16
Q9NQ90,ANO2,LYS,133,214.37,37.34
Q9NQ90,ANO2,LYS,156,74.48,86.5
Q9NQ90,ANO2,LYS,175,74.52,84.56
Q9NQ90,ANO2,LYS,180,125.42,51.31
Q9NQ90,ANO2,SER,181,86.13,48.38
Q9NQ90,ANO2,SER,184,26.97,76.0
Q9NQ90,ANO2,LYS,204,78.14,83.06
Q9NQ90,ANO2,LYS,206,58.93,82.31
Q9NQ90,ANO2,THR,209,10.96,76.81
Q9NQ90,ANO2,LYS,210,104.5,68.38
Q9NQ90,ANO2,LYS,211,171.37,56.56
Q9NQ90,ANO2,TYR,214,13.6,59.84
Q9NQ90,ANO2,LYS,217,164.7,54.97
Q9NQ90,ANO2,SER,221,87.46,47.59
Q9NQ90,ANO2,LYS,224,111.78,56.44
Q9NQ90,ANO2,LYS,225,159.06,57.25
Q9NQ90,ANO2,SER,227,47.94,56.38
Q9NQ90,ANO2,LYS,232,170.84,67.56
Q9NQ90,ANO2,SER,234,19.45,65.56
Q9NQ90,ANO2,SER,235,60.81,60.44
Q9NQ90,ANO2,SER,245,73.72,38.62
Q9NQ90,ANO2,LYS,248,131.51,51.34
Q9NQ90,ANO2,LYS,250,17.71,65.31
Q9NQ90,ANO2,SER,253,12.73,75.62
Q9NQ90,ANO2,TYR,254,47.14,77.44
Q9NQ90,ANO2,SER,257,20.24,84.31
Q9NQ90,ANO2,LYS,260,50.06,78.75
Q9NQ90,ANO2,TYR,262,91.4,74.56
Q9NQ90,ANO2,LYS,269,112.27,80.56
Q9NQ90,ANO2,THR,271,95.57,78.62
Q9NQ90,ANO2,THR,277,22.51,88.94
Q9NQ90,ANO2,LYS,287,54.17,84.25
Q9NQ90,ANO2,THR,289,18.42,85.19
Q9NQ90,ANO2,SER,292,76.71,67.12
Q9NQ90,ANO2,THR,297,20.38,61.25
Q9NQ90,ANO2,TYR,320,72.89,80.88
Q9NQ90,ANO2,SER,322,27.9,69.81
Q9NQ90,ANO2,LYS,331,18.88,88.56
Q9NQ90,ANO2,TYR,334,32.62,90.94
Q9NQ90,ANO2,TYR,340,102.72,87.06
Q9NQ90,ANO2,TYR,344,113.09,85.56
Q9NQ90,ANO2,LYS,345,29.64,84.38
Q9NQ90,ANO2,LYS,354,87.66,89.69
Q9NQ90,ANO2,LYS,359,61.73,90.94
Q9NQ90,ANO2,THR,371,18.86,93.44
Q9NQ90,ANO2,SER,372,55.21,92.62
Q9NQ90,ANO2,TYR,387,101.18,93.75
Q9NQ90,ANO2,CYS,389,48.96,92.31
Q9NQ90,ANO2,THR,391,22.84,92.06
Q9NQ90,ANO2,CYS,402,32.44,87.88
Q9NQ90,ANO2,THR,409,23.81,89.31
Q9NQ90,ANO2,CYS,414,27.27,78.0
Q9NQ90,ANO2,LYS,416,106.19,78.19
Q9NQ90,ANO2,SER,417,29.15,74.38
Q9NQ90,ANO2,CYS,418,27.37,77.44
Q9NQ90,ANO2,TYR,420,17.02,85.69
Q9NQ90,ANO2,SER,424,36.08,85.38
Q9NQ90,ANO2,SER,425,91.21,83.06
Q9NQ90,ANO2,CYS,427,28.49,87.5
Q9NQ90,ANO2,THR,429,56.92,82.31
Q9NQ90,ANO2,SER,433,10.62,85.44
Q9NQ90,ANO2,THR,453,28.88,93.69
Q9NQ90,ANO2,LYS,460,47.57,92.56
Q9NQ90,ANO2,THR,473,77.56,71.06
Q9NQ90,ANO2,SER,486,25.74,67.62
Q9NQ90,ANO2,THR,492,63.84,74.06
Q9NQ90,ANO2,LYS,493,85.67,75.31
Q9NQ90,ANO2,LYS,497,39.42,73.69
Q9NQ90,ANO2,LYS,500,131.11,74.38
Q9NQ90,ANO2,SER,502,68.05,63.97
Q9NQ90,ANO2,SER,505,49.31,56.03
Q9NQ90,ANO2,LYS,509,162.8,51.31
Q9NQ90,ANO2,THR,512,90.02,41.03
Q9NQ90,ANO2,THR,514,111.47,36.06
Q9NQ90,ANO2,THR,515,136.52,34.22
Q9NQ90,ANO2,CYS,517,121.86,33.09
Q9NQ90,ANO2,LYS,525,149.78,59.88
Q9NQ90,ANO2,THR,527,69.6,66.75
Q9NQ90,ANO2,LYS,529,164.95,70.31
Q9NQ90,ANO2,TYR,535,75.09,81.25
Q9NQ90,ANO2,SER,541,18.93,78.62
Q9NQ90,ANO2,SER,551,67.85,84.81
Q9NQ90,ANO2,TYR,559,71.41,83.19
Q9NQ90,ANO2,THR,562,46.8,77.44
Q9NQ90,ANO2,THR,563,34.91,76.94
Q9NQ90,ANO2,SER,568,15.65,66.06
Q9NQ90,ANO2,LYS,571,189.35,63.66
Q9NQ90,ANO2,THR,573,47.56,62.31
Q9NQ90,ANO2,SER,575,107.61,62.56
Q9NQ90,ANO2,THR,580,62.38,78.12
Q9NQ90,ANO2,THR,582,15.99,78.69
Q9NQ90,ANO2,THR,584,50.6,85.12
Q9NQ90,ANO2,LYS,605,128.3,89.44
Q9NQ90,ANO2,LYS,609,117.83,86.75
Q9NQ90,ANO2,LYS,614,93.28,78.25
Q9NQ90,ANO2,THR,615,26.66,79.75
Q9NQ90,ANO2,THR,618,43.89,85.94
Q9NQ90,ANO2,LYS,626,21.63,90.62
Q9NQ90,ANO2,LYS,631,38.25,90.5
Q9NQ90,ANO2,TYR,641,33.61,88.38
Q9NQ90,ANO2,SER,655,55.0,85.25
Q9NQ90,ANO2,TYR,656,22.07,84.31
Q9NQ90,ANO2,TYR,658,60.79,80.81
Q9NQ90,ANO2,TYR,663,99.19,70.94
Q9NQ90,ANO2,CYS,668,39.61,80.94
Q9NQ90,ANO2,SER,682,21.75,84.38
Q9NQ90,ANO2,LYS,688,17.93,76.25
Q9NQ90,ANO2,LYS,702,120.06,76.62
Q9NQ90,ANO2,LYS,704,85.6,79.62
Q9NQ90,ANO2,LYS,705,143.5,75.69
Q9NQ90,ANO2,LYS,709,119.45,77.31
Q9NQ90,ANO2,LYS,711,109.05,79.06
Q9NQ90,ANO2,THR,714,109.24,63.38
Q9NQ90,ANO2,THR,719,110.13,39.81
Q9NQ90,ANO2,SER,721,109.12,31.69
Q9NQ90,ANO2,SER,724,121.18,33.59
Q9NQ90,ANO2,LYS,725,184.63,50.34
Q9NQ90,ANO2,TYR,734,46.8,87.94
Q9NQ90,ANO2,SER,735,68.77,85.12
Q9NQ90,ANO2,TYR,739,64.94,87.75
Q9NQ90,ANO2,THR,740,117.61,83.06
Q9NQ90,ANO2,THR,743,35.53,89.69
Q9NQ90,ANO2,TYR,746,12.25,92.5
Q9NQ90,ANO2,LYS,783,54.02,90.38
Q9NQ90,ANO2,LYS,784,37.99,89.44
Q9NQ90,ANO2,THR,787,15.42,87.69
Q9NQ90,ANO2,THR,797,26.36,83.81
Q9NQ90,ANO2,LYS,798,66.8,83.75
Q9NQ90,ANO2,SER,808,24.05,93.88
Q9NQ90,ANO2,LYS,812,127.35,91.81
Q9NQ90,ANO2,THR,825,11.31,88.06
Q9NQ90,ANO2,TYR,834,20.94,93.5
Q9NQ90,ANO2,TYR,836,176.21,92.88
Q9NQ90,ANO2,SER,837,62.84,91.69
Q9NQ90,ANO2,TYR,838,73.06,91.06
Q9NQ90,ANO2,SER,839,20.8,90.06
Q9NQ90,ANO2,THR,843,53.11,91.38
Q9NQ90,ANO2,SER,858,90.47,85.88
Q9NQ90,ANO2,LYS,861,127.47,82.69
Q9NQ90,ANO2,THR,864,12.87,82.12
Q9NQ90,ANO2,SER,869,64.52,72.31
Q9NQ90,ANO2,LYS,881,103.23,88.06
Q9NQ90,ANO2,TYR,883,20.4,90.69
Q9NQ90,ANO2,TYR,893,11.55,88.69
Q9NQ90,ANO2,SER,896,10.19,91.56
Q9NQ90,ANO2,LYS,897,175.3,92.0
Q9NQ90,ANO2,TYR,899,56.46,92.75
Q9NQ90,ANO2,SER,904,59.76,95.5
Q9NQ90,ANO2,SER,921,10.05,92.38
Q9NQ90,ANO2,THR,933,98.28,82.19
Q9NQ90,ANO2,SER,936,33.49,82.44
Q9NQ90,ANO2,LYS,940,140.67,84.62
Q9NQ90,ANO2,LYS,941,85.08,84.5
Q9NQ90,ANO2,LYS,943,101.65,82.62
Q9NQ90,ANO2,SER,944,59.68,85.56
Q9NQ90,ANO2,LYS,952,129.18,83.19
Q9NQ90,ANO2,LYS,957,100.21,72.94
Q9NQ90,ANO2,LYS,959,122.0,75.75
Q9NQ90,ANO2,SER,968,106.53,41.25
Q9NQ90,ANO2,SER,975,100.47,40.19
Q9NQ90,ANO2,SER,977,117.61,40.44
Q9NQ90,ANO2,SER,981,109.94,41.88
Q9NQ90,ANO2,SER,982,107.17,41.0
Q9NQ90,ANO2,SER,985,111.18,35.69
Q9NQ90,ANO2,SER,988,103.51,38.25
Q9NQ90,ANO2,SER,992,101.55,37.59
Q9NQ90,ANO2,SER,995,106.95,36.91
Q9NQ90,ANO2,SER,996,120.93,33.75
Q9NQ90,ANO2,SER,998,106.92,33.62
Q9NQ90,ANO2,THR,1001,119.09,35.53
Q9NXI6,RNF186,CYS,3,121.22,46.72
Q9NXI6,RNF186,THR,4,93.97,43.88
Q9NXI6,RNF186,LYS,5,188.92,45.25
Q9NXI6,RNF186,THR,6,114.12,43.53
Q9NXI6,RNF186,SER,10,107.67,37.97
Q9NXI6,RNF186,SER,14,101.74,45.47
Q9NXI6,RNF186,THR,18,123.5,43.0
Q9NXI6,RNF186,THR,19,118.89,45.19
Q9NXI6,RNF186,THR,20,115.59,41.16
Q9NXI6,RNF186,THR,21,130.37,47.94
Q9NXI6,RNF186,THR,22,108.41,43.78
Q9NXI6,RNF186,SER,31,127.0,41.25
Q9NXI6,RNF186,SER,33,94.67,45.81
Q9NXI6,RNF186,THR,34,106.02,52.66
Q9NXI6,RNF186,CYS,36,91.2,57.41
Q9NXI6,RNF186,CYS,43,32.73,91.5
Q9NXI6,RNF186,TYR,47,14.83,88.81
Q9NXI6,RNF186,SER,48,38.58,85.81
Q9NXI6,RNF186,CYS,49,107.48,84.06
Q9NXI6,RNF186,LYS,54,17.24,94.31
Q9NXI6,RNF186,CYS,58,22.2,95.31
Q9NXI6,RNF186,LYS,68,147.88,93.88
Q9NXI6,RNF186,CYS,72,74.49,93.12
Q9NXI6,RNF186,THR,77,83.88,91.06
Q9NXI6,RNF186,SER,79,21.03,94.44
Q9NXI6,RNF186,THR,81,65.34,95.69
Q9NXI6,RNF186,CYS,85,47.01,95.81
Q9NXI6,RNF186,LYS,87,129.8,95.94
Q9NXI6,RNF186,CYS,97,94.57,89.56
Q9NXI6,RNF186,SER,98,65.59,88.5
Q9NXI6,RNF186,CYS,113,123.43,43.06
Q9NXI6,RNF186,THR,114,116.29,46.91
Q9NXI6,RNF186,SER,117,89.13,43.28
Q9NXI6,RNF186,CYS,119,88.93,48.06
Q9NXI6,RNF186,SER,135,101.49,46.62
Q9NXI6,RNF186,SER,146,65.8,59.5
Q9NXI6,RNF186,TYR,174,137.33,74.38
Q9NXI6,RNF186,THR,183,82.16,79.62
Q9NXI6,RNF186,SER,193,58.03,80.62
Q9NXI6,RNF186,THR,194,70.54,77.31
Q9NXI6,RNF186,CYS,197,98.87,72.81
Q9NXI6,RNF186,CYS,198,79.45,69.75
Q9NXI6,RNF186,SER,201,77.63,47.72
Q9NXI6,RNF186,THR,202,122.47,46.19
Q9NXI6,RNF186,SER,205,105.09,38.12
Q9NXI6,RNF186,CYS,206,101.69,35.28
Q9NXI6,RNF186,SER,209,98.41,37.22
Q9NXI6,RNF186,SER,210,117.07,37.19
Q9NXI6,RNF186,THR,212,108.9,44.56
Q9NXI6,RNF186,CYS,215,112.38,36.03
Q9NXI6,RNF186,LYS,219,190.23,44.5
Q9NXI6,RNF186,SER,221,84.84,53.44
Q9NXI6,RNF186,SER,224,94.03,51.62
Q9NXI6,RNF186,SER,225,97.37,62.78
Q9NY59,SMPD3,TYR,4,49.65,92.25
Q9NY59,SMPD3,THR,5,90.89,92.56
Q9NY59,SMPD3,THR,6,66.21,92.75
Q9NY59,SMPD3,SER,11,94.83,93.38
Q9NY59,SMPD3,CYS,12,97.77,95.5
Q9NY59,SMPD3,SER,14,30.18,94.0
Q9NY59,SMPD3,CYS,18,82.96,95.31
Q9NY59,SMPD3,CYS,27,12.16,96.75
Q9NY59,SMPD3,TYR,28,71.25,94.5
Q9NY59,SMPD3,SER,37,51.72,87.5
Q9NY59,SMPD3,THR,42,43.55,90.5
Q9NY59,SMPD3,TYR,43,35.7,87.44
Q9NY59,SMPD3,LYS,45,115.91,86.88
Q9NY59,SMPD3,CYS,53,107.57,63.0
Q9NY59,SMPD3,CYS,54,101.98,68.44
Q9NY59,SMPD3,CYS,59,41.64,80.62
Q9NY59,SMPD3,THR,60,39.45,82.12
Q9NY59,SMPD3,THR,64,30.48,91.38
Q9NY59,SMPD3,TYR,67,61.15,91.56
Q9NY59,SMPD3,SER,74,10.61,97.25
Q9NY59,SMPD3,SER,86,35.55,90.81
Q9NY59,SMPD3,SER,90,85.16,87.62
Q9NY59,SMPD3,TYR,97,24.68,95.75
Q9NY59,SMPD3,SER,98,20.36,94.88
Q9NY59,SMPD3,LYS,103,194.28,42.59
Q9NY59,SMPD3,SER,113,88.28,61.12
Q9NY59,SMPD3,LYS,116,83.15,86.94
Q9NY59,SMPD3,THR,118,78.7,79.19
Q9NY59,SMPD3,LYS,122,43.79,93.69
Q9NY59,SMPD3,SER,123,34.52,94.5
Q9NY59,SMPD3,SER,137,12.91,92.81
Q9NY59,SMPD3,LYS,152,107.56,98.19
Q9NY59,SMPD3,LYS,168,108.01,58.16
Q9NY59,SMPD3,TYR,170,176.65,49.97
Q9NY59,SMPD3,SER,173,80.28,41.78
Q9NY59,SMPD3,THR,175,116.78,39.94
Q9NY59,SMPD3,THR,177,131.85,30.81
Q9NY59,SMPD3,SER,178,97.4,29.88
Q9NY59,SMPD3,SER,180,109.19,27.09
Q9NY59,SMPD3,SER,183,90.79,27.17
Q9NY59,SMPD3,SER,185,95.06,28.2
Q9NY59,SMPD3,SER,186,103.81,27.88
Q9NY59,SMPD3,SER,189,102.44,28.91
Q9NY59,SMPD3,SER,203,110.69,31.14
Q9NY59,SMPD3,LYS,205,185.21,30.16
Q9NY59,SMPD3,THR,207,135.98,29.72
Q9NY59,SMPD3,SER,209,97.71,30.45
Q9NY59,SMPD3,TYR,212,218.37,24.97
Q9NY59,SMPD3,LYS,213,194.83,32.19
Q9NY59,SMPD3,SER,230,121.7,31.2
Q9NY59,SMPD3,SER,236,113.68,29.59
Q9NY59,SMPD3,SER,237,111.09,25.42
Q9NY59,SMPD3,SER,238,93.15,28.67
Q9NY59,SMPD3,CYS,243,103.75,30.55
Q9NY59,SMPD3,THR,279,128.2,34.19
Q9NY59,SMPD3,SER,289,109.81,35.25
Q9NY59,SMPD3,SER,291,113.9,30.77
Q9NY59,SMPD3,SER,294,111.55,31.53
Q9NY59,SMPD3,SER,296,116.7,29.12
Q9NY59,SMPD3,SER,298,114.35,30.44
Q9NY59,SMPD3,SER,301,105.72,29.19
Q9NY59,SMPD3,LYS,304,186.42,32.59
Q9NY59,SMPD3,THR,311,131.39,34.53
Q9NY59,SMPD3,SER,312,104.35,32.12
Q9NY59,SMPD3,SER,314,118.64,30.86
Q9NY59,SMPD3,SER,321,109.72,29.98
Q9NY59,SMPD3,LYS,322,192.9,29.52
Q9NY59,SMPD3,TYR,325,214.1,25.61
Q9NY59,SMPD3,LYS,326,187.92,26.83
Q9NY59,SMPD3,SER,328,96.3,27.92
Q9NY59,SMPD3,LYS,331,189.89,27.94
Q9NY59,SMPD3,LYS,332,154.63,30.69
Q9NY59,SMPD3,SER,350,15.88,97.62
Q9NY59,SMPD3,LYS,368,67.89,92.62
Q9NY59,SMPD3,THR,372,56.61,95.75
Q9NY59,SMPD3,LYS,373,88.08,97.69
Q9NY59,SMPD3,LYS,375,32.83,97.0
Q9NY59,SMPD3,TYR,381,40.22,95.5
Q9NY59,SMPD3,TYR,384,14.49,97.25
Q9NY59,SMPD3,TYR,387,34.51,96.44
Q9NY59,SMPD3,TYR,392,17.6,78.88
Q9NY59,SMPD3,CYS,394,71.05,64.75
Q9NY59,SMPD3,CYS,397,145.87,51.03
Q9NY59,SMPD3,CYS,398,81.48,54.84
Q9NY59,SMPD3,SER,399,65.35,62.56
Q9NY59,SMPD3,LYS,401,14.99,77.25
Q9NY59,SMPD3,CYS,402,59.03,77.56
Q9NY59,SMPD3,TYR,413,12.64,96.31
Q9NY59,SMPD3,TYR,420,24.97,95.19
Q9NY59,SMPD3,CYS,422,41.1,91.56
Q9NY59,SMPD3,LYS,426,20.25,62.81
Q9NY59,SMPD3,CYS,427,40.21,61.25
Q9NY59,SMPD3,SER,446,14.97,91.56
Q9NY59,SMPD3,SER,469,15.23,93.19
Q9NY59,SMPD3,CYS,473,23.6,97.31
Q9NY59,SMPD3,LYS,488,166.01,94.56
Q9NY59,SMPD3,SER,489,88.6,93.62
Q9NY59,SMPD3,THR,490,19.47,93.44
Q9NY59,SMPD3,SER,491,56.4,87.62
Q9NY59,SMPD3,SER,492,76.6,71.31
Q9NY59,SMPD3,SER,493,96.95,61.78
Q9NY59,SMPD3,SER,494,54.03,64.81
Q9NY59,SMPD3,CYS,516,47.7,96.69
Q9NY59,SMPD3,SER,517,12.08,95.75
Q9NY59,SMPD3,SER,518,89.45,94.25
Q9NY59,SMPD3,LYS,521,112.97,97.56
Q9NY59,SMPD3,SER,527,56.21,98.31
Q9NY59,SMPD3,THR,530,85.02,97.5
Q9NY59,SMPD3,TYR,532,19.25,98.69
Q9NY59,SMPD3,LYS,544,31.09,97.12
Q9NY59,SMPD3,THR,554,39.26,92.75
Q9NY59,SMPD3,TYR,558,35.06,91.5
Q9NY59,SMPD3,CYS,563,44.47,85.81
Q9NY59,SMPD3,THR,564,40.73,94.62
Q9NY59,SMPD3,LYS,570,134.97,97.19
Q9NY59,SMPD3,SER,574,42.91,96.25
Q9NY59,SMPD3,TYR,581,17.25,96.44
Q9NY59,SMPD3,THR,586,61.61,89.06
Q9NY59,SMPD3,SER,587,44.36,83.81
Q9NY59,SMPD3,LYS,588,168.03,81.88
Q9NY59,SMPD3,SER,589,117.33,81.06
Q9NY59,SMPD3,SER,590,68.04,80.94
Q9NY59,SMPD3,LYS,593,65.69,82.69
Q9NY59,SMPD3,LYS,596,105.45,83.38
Q9NY59,SMPD3,LYS,600,182.33,89.56
Q9NY59,SMPD3,LYS,621,120.5,94.19
Q9NY59,SMPD3,SER,649,20.98,92.69
Q9NY59,SMPD3,SER,650,25.85,86.38
Q9NYA1,SPHK1,LYS,27,134.02,85.25
Q9NYA1,SPHK1,LYS,29,113.91,93.12
Q9NYA1,SPHK1,SER,36,63.77,97.69
Q9NYA1,SPHK1,SER,48,58.85,98.62
Q9NYA1,SPHK1,THR,50,54.31,98.75
Q9NYA1,SPHK1,SER,66,95.23,97.56
Q9NYA1,SPHK1,SER,79,10.06,95.44
Q9NYA1,SPHK1,THR,99,94.8,97.5
Q9NYA1,SPHK1,LYS,103,37.23,98.31
Q9NYA1,SPHK1,SER,107,10.84,98.31
Q9NYA1,SPHK1,SER,112,16.84,79.69
Q9NYA1,SPHK1,TYR,123,25.28,96.94
Q9NYA1,SPHK1,TYR,126,67.79,97.25
Q9NYA1,SPHK1,THR,130,40.56,95.38
Q9NYA1,SPHK1,THR,136,43.28,98.31
Q9NYA1,SPHK1,CYS,143,24.83,98.12
Q9NYA1,SPHK1,SER,159,98.11,94.31
Q9NYA1,SPHK1,LYS,183,123.73,91.88
Q9NYA1,SPHK1,TYR,184,48.44,92.19
Q9NYA1,SPHK1,THR,193,28.34,93.94
Q9NYA1,SPHK1,THR,205,61.68,96.88
Q9NYA1,SPHK1,TYR,206,25.03,97.25
Q9NYA1,SPHK1,TYR,212,18.7,98.62
Q9NYA1,SPHK1,SER,220,120.78,62.59
Q9NYA1,SPHK1,LYS,221,174.51,62.47
Q9NYA1,SPHK1,THR,222,71.42,74.06
Q9NYA1,SPHK1,SER,225,72.4,76.06
Q9NYA1,SPHK1,SER,247,122.37,94.44
Q9NYA1,SPHK1,THR,250,42.5,98.19
Q9NYA1,SPHK1,CYS,280,20.38,92.56
Q9NYA1,SPHK1,TYR,289,14.98,98.81
Q9NYA1,SPHK1,SER,295,62.54,97.0
Q9NYA1,SPHK1,LYS,308,152.48,96.69
Q9NYA1,SPHK1,TYR,314,91.36,97.81
Q9NYA1,SPHK1,TYR,318,77.14,98.5
Q9NYA1,SPHK1,TYR,321,46.52,98.56
Q9NYA1,SPHK1,LYS,332,49.34,89.19
Q9NYA1,SPHK1,LYS,335,139.21,87.06
Q9NYA1,SPHK1,TYR,358,44.57,95.75
Q9NYA1,SPHK1,CYS,365,30.43,62.72
Q9NYA1,SPHK1,SER,371,99.52,38.38
Q9NYA1,SPHK1,LYS,373,178.85,28.33
Q9NYW0,TAS2R10,SER,15,31.37,96.25
Q9NYW0,TAS2R10,CYS,32,55.35,92.06
Q9NYW0,TAS2R10,CYS,35,60.2,84.56
Q9NYW0,TAS2R10,LYS,37,126.02,91.19
Q9NYW0,TAS2R10,LYS,39,156.71,90.5
Q9NYW0,TAS2R10,SER,41,64.97,91.94
Q9NYW0,TAS2R10,THR,42,61.71,91.31
Q9NYW0,TAS2R10,THR,48,16.81,96.06
Q9NYW0,TAS2R10,THR,63,67.86,90.12
Q9NYW0,TAS2R10,SER,71,40.78,83.81
Q9NYW0,TAS2R10,TYR,75,33.7,69.88
Q9NYW0,TAS2R10,SER,77,60.07,65.75
Q9NYW0,TAS2R10,TYR,83,133.97,86.94
Q9NYW0,TAS2R10,SER,85,30.77,86.75
Q9NYW0,TAS2R10,TYR,86,35.37,90.56
Q9NYW0,TAS2R10,SER,94,22.23,94.88
Q9NYW0,TAS2R10,SER,103,14.03,95.38
Q9NYW0,TAS2R10,TYR,106,45.52,92.75
Q9NYW0,TAS2R10,LYS,109,133.37,92.0
Q9NYW0,TAS2R10,SER,114,106.25,88.62
Q9NYW0,TAS2R10,TYR,116,170.67,91.88
Q9NYW0,TAS2R10,LYS,122,75.37,91.44
Q9NYW0,TAS2R10,SER,123,93.65,91.69
Q9NYW0,TAS2R10,THR,125,28.88,86.25
Q9NYW0,TAS2R10,SER,139,12.6,92.06
Q9NYW0,TAS2R10,SER,140,16.54,92.0
Q9NYW0,TAS2R10,TYR,146,55.89,91.31
Q9NYW0,TAS2R10,LYS,149,131.45,88.19
Q9NYW0,TAS2R10,TYR,154,73.31,72.0
Q9NYW0,TAS2R10,LYS,155,140.81,71.94
Q9NYW0,TAS2R10,THR,156,101.64,73.31
Q9NYW0,TAS2R10,LYS,157,119.62,67.62
Q9NYW0,TAS2R10,THR,160,89.03,48.03
Q9NYW0,TAS2R10,TYR,167,105.26,66.88
Q9NYW0,TAS2R10,LYS,168,77.28,71.44
Q9NYW0,TAS2R10,SER,169,66.44,74.19
Q9NYW0,TAS2R10,TYR,171,53.32,79.44
Q9NYW0,TAS2R10,LYS,174,31.46,87.69
Q9NYW0,TAS2R10,THR,187,57.24,94.62
Q9NYW0,TAS2R10,SER,209,92.3,72.06
Q9NYW0,TAS2R10,THR,212,148.92,59.69
Q9NYW0,TAS2R10,SER,217,93.89,67.06
Q9NYW0,TAS2R10,THR,219,17.95,80.19
Q9NYW0,TAS2R10,LYS,224,94.77,90.19
Q9NYW0,TAS2R10,LYS,227,134.64,94.06
Q9NYW0,TAS2R10,SER,231,40.74,95.81
Q9NYW0,TAS2R10,SER,248,43.25,84.25
Q9NYW0,TAS2R10,CYS,249,17.09,82.06
Q9NYW0,TAS2R10,THR,251,19.25,66.0
Q9NYW0,TAS2R10,LYS,256,83.38,85.12
Q9NYW0,TAS2R10,SER,282,81.26,89.69
Q9NYW0,TAS2R10,LYS,283,80.96,92.5
Q9NYW0,TAS2R10,LYS,285,81.24,94.62
Q9NYW0,TAS2R10,SER,288,31.35,93.75
Q9NYW0,TAS2R10,LYS,296,115.16,87.56
Q9NYW0,TAS2R10,CYS,297,82.85,84.12
Q9NYW0,TAS2R10,CYS,298,72.45,81.56
Q9NYW0,TAS2R10,LYS,300,143.21,76.06
Q9NYW0,TAS2R10,LYS,302,147.92,73.12
Q9NYW0,TAS2R10,THR,307,161.32,58.22
Q9NZP6,NPAP1,SER,6,96.34,34.72
Q9NZP6,NPAP1,LYS,7,168.56,38.0
Q9NZP6,NPAP1,CYS,12,121.34,43.41
Q9NZP6,NPAP1,SER,29,91.2,40.41
Q9NZP6,NPAP1,SER,33,105.98,39.59
Q9NZP6,NPAP1,SER,40,115.95,40.94
Q9NZP6,NPAP1,THR,43,115.86,38.59
Q9NZP6,NPAP1,SER,60,66.61,37.47
Q9NZP6,NPAP1,SER,63,98.19,34.34
Q9NZP6,NPAP1,LYS,69,198.68,40.16
Q9NZP6,NPAP1,CYS,72,108.17,35.28
Q9NZP6,NPAP1,LYS,96,195.21,37.78
Q9NZP6,NPAP1,THR,97,116.1,44.5
Q9NZP6,NPAP1,SER,112,103.91,39.88
Q9NZP6,NPAP1,SER,113,111.65,41.34
Q9NZP6,NPAP1,SER,120,89.34,42.28
Q9NZP6,NPAP1,THR,124,110.22,35.53
Q9NZP6,NPAP1,SER,129,80.48,33.09
Q9NZP6,NPAP1,LYS,136,196.37,39.19
Q9NZP6,NPAP1,LYS,139,193.78,37.19
Q9NZP6,NPAP1,THR,144,130.17,32.94
Q9NZP6,NPAP1,THR,149,117.8,37.75
Q9NZP6,NPAP1,LYS,161,191.04,45.78
Q9NZP6,NPAP1,LYS,162,146.46,39.12
Q9NZP6,NPAP1,LYS,176,155.18,37.97
Q9NZP6,NPAP1,THR,178,124.39,38.41
Q9NZP6,NPAP1,SER,181,99.37,35.41
Q9NZP6,NPAP1,SER,182,117.73,38.28
Q9NZP6,NPAP1,SER,186,109.64,35.88
Q9NZP6,NPAP1,SER,187,97.33,39.0
Q9NZP6,NPAP1,THR,188,131.73,39.09
Q9NZP6,NPAP1,SER,189,93.41,40.59
Q9NZP6,NPAP1,SER,191,78.65,36.16
Q9NZP6,NPAP1,THR,194,131.0,34.03
Q9NZP6,NPAP1,SER,200,82.42,29.02
Q9NZP6,NPAP1,CYS,203,112.23,35.5
Q9NZP6,NPAP1,SER,204,101.15,30.03
Q9NZP6,NPAP1,TYR,213,221.71,36.59
Q9NZP6,NPAP1,LYS,215,159.12,30.72
Q9NZP6,NPAP1,SER,217,85.58,31.83
Q9NZP6,NPAP1,SER,220,113.41,31.08
Q9NZP6,NPAP1,SER,222,88.66,30.86
Q9NZP6,NPAP1,LYS,224,194.94,33.81
Q9NZP6,NPAP1,SER,228,106.8,32.75
Q9NZP6,NPAP1,SER,231,103.9,33.75
Q9NZP6,NPAP1,SER,232,93.93,30.48
Q9NZP6,NPAP1,CYS,233,112.19,36.97
Q9NZP6,NPAP1,SER,241,89.52,32.03
Q9NZP6,NPAP1,THR,242,121.9,31.89
Q9NZP6,NPAP1,SER,244,95.09,35.66
Q9NZP6,NPAP1,CYS,248,124.58,35.59
Q9NZP6,NPAP1,LYS,254,203.15,37.59
Q9NZP6,NPAP1,THR,260,132.07,40.62
Q9NZP6,NPAP1,CYS,269,129.94,29.89
Q9NZP6,NPAP1,SER,270,99.9,41.81
Q9NZP6,NPAP1,LYS,275,187.34,42.88
Q9NZP6,NPAP1,SER,288,95.71,29.77
Q9NZP6,NPAP1,SER,289,95.7,27.78
Q9NZP6,NPAP1,SER,298,104.73,35.88
Q9NZP6,NPAP1,LYS,300,179.02,41.47
Q9NZP6,NPAP1,LYS,306,156.03,34.09
Q9NZP6,NPAP1,CYS,309,101.41,28.03
Q9NZP6,NPAP1,SER,314,112.36,29.92
Q9NZP6,NPAP1,CYS,326,120.97,31.34
Q9NZP6,NPAP1,LYS,327,189.05,37.66
Q9NZP6,NPAP1,LYS,329,180.83,35.06
Q9NZP6,NPAP1,SER,331,113.73,38.34
Q9NZP6,NPAP1,SER,341,103.03,40.59
Q9NZP6,NPAP1,LYS,356,186.42,40.12
Q9NZP6,NPAP1,CYS,359,88.84,32.38
Q9NZP6,NPAP1,SER,361,94.33,35.59
Q9NZP6,NPAP1,THR,368,114.21,35.56
Q9NZP6,NPAP1,LYS,371,179.38,42.56
Q9NZP6,NPAP1,SER,372,100.58,40.38
Q9NZP6,NPAP1,TYR,375,186.97,37.44
Q9NZP6,NPAP1,LYS,376,141.89,34.41
Q9NZP6,NPAP1,SER,379,93.39,30.41
Q9NZP6,NPAP1,LYS,385,180.15,35.47
Q9NZP6,NPAP1,THR,386,110.61,41.28
Q9NZP6,NPAP1,THR,388,125.4,38.62
Q9NZP6,NPAP1,THR,390,99.62,43.97
Q9NZP6,NPAP1,SER,392,102.68,37.28
Q9NZP6,NPAP1,SER,393,88.7,43.81
Q9NZP6,NPAP1,THR,395,102.82,36.88
Q9NZP6,NPAP1,SER,400,84.56,31.42
Q9NZP6,NPAP1,SER,402,99.36,35.53
Q9NZP6,NPAP1,THR,407,115.46,32.28
Q9NZP6,NPAP1,THR,408,106.31,36.44
Q9NZP6,NPAP1,SER,410,115.23,36.69
Q9NZP6,NPAP1,THR,414,119.15,36.69
Q9NZP6,NPAP1,THR,415,116.28,36.88
Q9NZP6,NPAP1,TYR,416,195.12,34.69
Q9NZP6,NPAP1,THR,417,117.36,36.97
Q9NZP6,NPAP1,SER,418,92.1,40.66
Q9NZP6,NPAP1,SER,421,93.22,33.75
Q9NZP6,NPAP1,THR,434,144.19,34.69
Q9NZP6,NPAP1,SER,445,83.41,32.38
Q9NZP6,NPAP1,THR,446,113.92,35.81
Q9NZP6,NPAP1,THR,447,123.27,29.95
Q9NZP6,NPAP1,LYS,449,195.5,31.88
Q9NZP6,NPAP1,LYS,453,190.24,31.22
Q9NZP6,NPAP1,THR,457,119.67,34.84
Q9NZP6,NPAP1,SER,461,99.15,29.02
Q9NZP6,NPAP1,SER,477,103.85,41.5
Q9NZP6,NPAP1,LYS,480,187.64,38.81
Q9NZP6,NPAP1,SER,483,83.5,31.75
Q9NZP6,NPAP1,TYR,484,192.97,31.67
Q9NZP6,NPAP1,SER,486,93.58,31.02
Q9NZP6,NPAP1,THR,494,120.92,36.5
Q9NZP6,NPAP1,SER,495,90.89,40.22
Q9NZP6,NPAP1,THR,499,107.75,31.12
Q9NZP6,NPAP1,SER,502,100.03,26.38
Q9NZP6,NPAP1,SER,503,90.81,32.34
Q9NZP6,NPAP1,THR,504,135.86,27.95
Q9NZP6,NPAP1,SER,506,82.25,28.83
Q9NZP6,NPAP1,LYS,508,182.43,37.94
Q9NZP6,NPAP1,THR,512,110.74,32.12
Q9NZP6,NPAP1,SER,515,102.47,38.59
Q9NZP6,NPAP1,SER,518,94.91,28.09
Q9NZP6,NPAP1,CYS,520,108.95,31.61
Q9NZP6,NPAP1,SER,523,93.58,30.56
Q9NZP6,NPAP1,SER,528,69.97,30.92
Q9NZP6,NPAP1,THR,531,106.44,31.67
Q9NZP6,NPAP1,SER,537,100.73,31.44
Q9NZP6,NPAP1,THR,538,146.83,33.47
Q9NZP6,NPAP1,THR,540,131.74,33.22
Q9NZP6,NPAP1,SER,541,113.25,37.47
Q9NZP6,NPAP1,THR,544,123.45,43.28
Q9NZP6,NPAP1,SER,545,99.1,41.78
Q9NZP6,NPAP1,LYS,546,192.44,48.81
Q9NZP6,NPAP1,SER,550,94.85,33.41
Q9NZP6,NPAP1,THR,551,129.66,39.0
Q9NZP6,NPAP1,SER,552,93.13,38.84
Q9NZP6,NPAP1,SER,555,117.19,37.59
Q9NZP6,NPAP1,THR,556,96.5,31.81
Q9NZP6,NPAP1,THR,558,101.61,36.12
Q9NZP6,NPAP1,THR,559,100.27,35.44
Q9NZP6,NPAP1,SER,562,110.47,29.58
Q9NZP6,NPAP1,THR,566,107.91,37.34
Q9NZP6,NPAP1,SER,567,82.09,35.66
Q9NZP6,NPAP1,THR,569,123.93,31.27
Q9NZP6,NPAP1,THR,580,124.48,35.84
Q9NZP6,NPAP1,THR,581,123.38,35.66
Q9NZP6,NPAP1,SER,584,84.63,29.55
Q9NZP6,NPAP1,THR,590,120.91,38.31
Q9NZP6,NPAP1,SER,591,92.49,29.62
Q9NZP6,NPAP1,SER,592,97.59,30.8
Q9NZP6,NPAP1,SER,594,88.26,30.61
Q9NZP6,NPAP1,SER,595,89.14,27.72
Q9NZP6,NPAP1,SER,598,98.6,26.61
Q9NZP6,NPAP1,SER,599,104.37,31.3
Q9NZP6,NPAP1,SER,603,97.54,28.45
Q9NZP6,NPAP1,CYS,607,100.15,29.5
Q9NZP6,NPAP1,SER,608,113.97,35.38
Q9NZP6,NPAP1,LYS,616,186.27,35.59
Q9NZP6,NPAP1,THR,617,134.54,35.97
Q9NZP6,NPAP1,SER,618,100.43,34.88
Q9NZP6,NPAP1,TYR,620,192.8,32.16
Q9NZP6,NPAP1,THR,621,108.57,37.12
Q9NZP6,NPAP1,SER,622,96.37,29.52
Q9NZP6,NPAP1,THR,631,111.73,30.92
Q9NZP6,NPAP1,THR,632,122.88,31.88
Q9NZP6,NPAP1,SER,634,99.69,31.39
Q9NZP6,NPAP1,LYS,641,170.16,33.62
Q9NZP6,NPAP1,THR,644,90.23,31.92
Q9NZP6,NPAP1,LYS,648,129.85,30.73
Q9NZP6,NPAP1,LYS,658,201.92,27.52
Q9NZP6,NPAP1,SER,660,110.88,27.28
Q9NZP6,NPAP1,SER,663,107.35,27.03
Q9NZP6,NPAP1,CYS,665,115.89,30.53
Q9NZP6,NPAP1,SER,669,73.13,30.14
Q9NZP6,NPAP1,THR,678,134.7,30.12
Q9NZP6,NPAP1,SER,679,93.54,31.62
Q9NZP6,NPAP1,THR,680,111.29,32.03
Q9NZP6,NPAP1,SER,684,95.6,34.31
Q9NZP6,NPAP1,SER,686,99.79,33.88
Q9NZP6,NPAP1,THR,687,120.39,34.81
Q9NZP6,NPAP1,SER,689,97.03,32.69
Q9NZP6,NPAP1,SER,690,105.24,32.97
Q9NZP6,NPAP1,SER,691,115.06,36.47
Q9NZP6,NPAP1,LYS,692,196.79,33.78
Q9NZP6,NPAP1,THR,697,101.19,37.47
Q9NZP6,NPAP1,THR,702,109.11,40.59
Q9NZP6,NPAP1,THR,703,121.64,35.09
Q9NZP6,NPAP1,SER,706,87.27,31.02
Q9NZP6,NPAP1,LYS,707,201.78,30.62
Q9NZP6,NPAP1,SER,713,119.26,29.95
Q9NZP6,NPAP1,SER,715,106.27,30.94
Q9NZP6,NPAP1,SER,717,98.64,28.8
Q9NZP6,NPAP1,LYS,718,156.45,34.41
Q9NZP6,NPAP1,LYS,719,184.4,31.7
Q9NZP6,NPAP1,TYR,720,185.37,32.59
Q9NZP6,NPAP1,TYR,724,225.76,32.91
Q9NZP6,NPAP1,SER,730,119.33,32.03
Q9NZP6,NPAP1,THR,733,143.55,33.81
Q9NZP6,NPAP1,SER,736,88.79,30.86
Q9NZP6,NPAP1,THR,739,139.18,35.5
Q9NZP6,NPAP1,SER,741,110.21,34.09
Q9NZP6,NPAP1,SER,745,115.79,32.34
Q9NZP6,NPAP1,THR,746,131.24,30.41
Q9NZP6,NPAP1,SER,747,93.51,28.05
Q9NZP6,NPAP1,SER,752,96.83,25.2
Q9NZP6,NPAP1,THR,758,126.66,30.94
Q9NZP6,NPAP1,SER,760,89.42,30.31
Q9NZP6,NPAP1,THR,769,126.76,28.19
Q9NZP6,NPAP1,LYS,773,72.77,28.83
Q9NZP6,NPAP1,LYS,783,186.53,26.86
Q9NZP6,NPAP1,THR,784,129.9,30.88
Q9NZP6,NPAP1,SER,785,93.01,30.53
Q9NZP6,NPAP1,SER,788,107.03,30.25
Q9NZP6,NPAP1,SER,794,23.21,34.47
Q9NZP6,NPAP1,THR,803,131.59,29.09
Q9NZP6,NPAP1,SER,804,101.12,34.0
Q9NZP6,NPAP1,THR,805,124.81,30.23
Q9NZP6,NPAP1,SER,808,104.25,31.28
Q9NZP6,NPAP1,SER,809,107.44,34.59
Q9NZP6,NPAP1,SER,811,114.9,35.0
Q9NZP6,NPAP1,SER,814,104.36,36.72
Q9NZP6,NPAP1,SER,816,91.46,37.0
Q9NZP6,NPAP1,LYS,817,187.27,37.34
Q9NZP6,NPAP1,THR,822,121.04,37.19
Q9NZP6,NPAP1,SER,823,83.39,35.06
Q9NZP6,NPAP1,THR,827,128.44,43.03
Q9NZP6,NPAP1,THR,828,127.23,38.72
Q9NZP6,NPAP1,SER,831,105.51,28.42
Q9NZP6,NPAP1,LYS,832,185.8,31.72
Q9NZP6,NPAP1,THR,833,112.84,28.27
Q9NZP6,NPAP1,SER,838,114.54,27.78
Q9NZP6,NPAP1,THR,839,95.15,26.98
Q9NZP6,NPAP1,SER,842,116.28,26.7
Q9NZP6,NPAP1,LYS,844,212.05,28.78
Q9NZP6,NPAP1,TYR,847,173.63,31.92
Q9NZP6,NPAP1,TYR,851,229.39,32.22
Q9NZP6,NPAP1,SER,857,118.4,35.81
Q9NZP6,NPAP1,THR,860,125.97,31.83
Q9NZP6,NPAP1,SER,863,82.01,30.58
Q9NZP6,NPAP1,SER,865,111.46,27.27
Q9NZP6,NPAP1,SER,868,118.85,33.31
Q9NZP6,NPAP1,SER,872,80.91,35.88
Q9NZP6,NPAP1,THR,873,130.67,34.97
Q9NZP6,NPAP1,SER,874,84.37,33.62
Q9NZP6,NPAP1,THR,884,87.36,37.19
Q9NZP6,NPAP1,THR,885,116.95,38.88
Q9NZP6,NPAP1,THR,886,115.36,42.66
Q9NZP6,NPAP1,SER,887,94.23,30.41
Q9NZP6,NPAP1,SER,888,94.53,34.88
Q9NZP6,NPAP1,THR,893,117.5,33.47
Q9NZP6,NPAP1,SER,895,98.09,33.06
Q9NZP6,NPAP1,SER,897,87.08,37.62
Q9NZP6,NPAP1,SER,899,106.03,36.34
Q9NZP6,NPAP1,THR,900,111.92,36.44
Q9NZP6,NPAP1,THR,904,111.6,33.75
Q9NZP6,NPAP1,LYS,909,207.5,35.44
Q9NZP6,NPAP1,SER,910,84.01,37.62
Q9NZP6,NPAP1,SER,912,105.48,33.72
Q9NZP6,NPAP1,SER,913,77.14,37.22
Q9NZP6,NPAP1,THR,921,133.78,30.27
Q9NZP6,NPAP1,THR,929,107.69,28.33
Q9NZP6,NPAP1,SER,930,102.95,28.61
Q9NZP6,NPAP1,SER,932,100.85,27.38
Q9NZP6,NPAP1,SER,937,95.99,30.14
Q9NZP6,NPAP1,SER,939,101.53,28.77
Q9NZP6,NPAP1,THR,949,107.26,31.19
Q9NZP6,NPAP1,SER,950,98.31,32.28
Q9NZP6,NPAP1,TYR,952,235.93,34.62
Q9NZP6,NPAP1,THR,953,118.84,35.41
Q9NZP6,NPAP1,THR,957,133.26,36.0
Q9NZP6,NPAP1,SER,970,113.08,33.47
Q9NZP6,NPAP1,THR,976,144.11,33.03
Q9NZP6,NPAP1,LYS,978,189.62,36.09
Q9NZP6,NPAP1,THR,979,123.22,30.23
Q9NZP6,NPAP1,SER,980,115.88,33.59
Q9NZP6,NPAP1,THR,986,142.11,34.22
Q9NZP6,NPAP1,THR,991,151.55,41.69
Q9NZP6,NPAP1,SER,994,95.97,36.75
Q9NZP6,NPAP1,THR,995,117.67,39.5
Q9NZP6,NPAP1,THR,1001,115.39,33.34
Q9NZP6,NPAP1,THR,1013,133.18,35.94
Q9NZP6,NPAP1,SER,1019,113.79,38.0
Q9NZP6,NPAP1,SER,1023,47.37,32.75
Q9NZP6,NPAP1,SER,1025,87.68,33.81
Q9NZP6,NPAP1,SER,1030,104.56,33.62
Q9NZP6,NPAP1,SER,1031,98.49,35.28
Q9NZP6,NPAP1,THR,1032,137.46,37.69
Q9NZP6,NPAP1,SER,1033,112.72,40.31
Q9NZP6,NPAP1,SER,1043,118.92,32.59
Q9NZP6,NPAP1,THR,1045,138.54,36.0
Q9NZP6,NPAP1,SER,1047,92.55,30.88
Q9NZP6,NPAP1,THR,1048,130.33,32.59
Q9NZP6,NPAP1,THR,1049,124.63,35.16
Q9NZP6,NPAP1,SER,1050,100.22,34.62
Q9NZP6,NPAP1,THR,1062,121.13,38.41
Q9NZP6,NPAP1,SER,1065,100.9,38.28
Q9NZP6,NPAP1,SER,1074,92.21,33.91
Q9NZP6,NPAP1,TYR,1081,196.82,34.03
Q9NZP6,NPAP1,THR,1082,121.32,33.47
Q9NZP6,NPAP1,SER,1083,110.1,34.16
Q9NZP6,NPAP1,TYR,1087,225.73,32.28
Q9NZP6,NPAP1,THR,1095,125.89,37.09
Q9NZP6,NPAP1,SER,1098,97.3,37.44
Q9NZP6,NPAP1,CYS,1099,118.17,35.34
Q9NZP6,NPAP1,SER,1100,112.79,35.5
Q9NZP6,NPAP1,THR,1107,127.57,33.34
Q9NZP6,NPAP1,SER,1109,106.51,30.0
Q9NZP6,NPAP1,CYS,1115,124.67,31.2
Q9NZP6,NPAP1,CYS,1122,95.26,37.12
Q9NZP6,NPAP1,THR,1127,95.75,39.78
Q9NZP6,NPAP1,THR,1129,85.38,39.66
Q9NZP6,NPAP1,LYS,1132,127.85,44.22
Q9NZP6,NPAP1,TYR,1134,180.58,36.25
Q9NZP6,NPAP1,THR,1135,146.09,34.34
Q9NZP6,NPAP1,SER,1136,93.48,34.44
Q9NZP6,NPAP1,SER,1137,102.39,31.48
Q9NZP6,NPAP1,THR,1138,109.38,35.28
Q9NZP6,NPAP1,TYR,1140,214.73,36.5
Q9NZP6,NPAP1,TYR,1141,203.03,36.72
Q9NZP6,NPAP1,THR,1145,88.13,42.47
Q9NZP6,NPAP1,TYR,1146,134.44,45.03
Q9NZP6,NPAP1,CYS,1152,93.17,47.72
Q9NZQ3,NCKIPSD,TYR,2,29.71,89.88
Q9NZQ3,NCKIPSD,TYR,6,135.52,88.12
Q9NZQ3,NCKIPSD,SER,10,49.05,82.88
Q9NZQ3,NCKIPSD,THR,23,30.72,91.38
Q9NZQ3,NCKIPSD,SER,30,54.86,85.44
Q9NZQ3,NCKIPSD,SER,31,52.81,86.81
Q9NZQ3,NCKIPSD,SER,42,54.28,85.94
Q9NZQ3,NCKIPSD,THR,45,41.67,90.0
Q9NZQ3,NCKIPSD,TYR,47,75.31,92.69
Q9NZQ3,NCKIPSD,TYR,52,73.05,91.38
Q9NZQ3,NCKIPSD,THR,77,63.72,85.25
Q9NZQ3,NCKIPSD,LYS,84,171.14,78.56
Q9NZQ3,NCKIPSD,TYR,85,91.12,84.12
Q9NZQ3,NCKIPSD,SER,86,50.74,85.62
Q9NZQ3,NCKIPSD,LYS,95,68.85,91.75
Q9NZQ3,NCKIPSD,LYS,101,129.58,87.19
Q9NZQ3,NCKIPSD,THR,103,13.53,83.38
Q9NZQ3,NCKIPSD,SER,105,60.52,78.62
Q9NZQ3,NCKIPSD,SER,110,66.74,32.44
Q9NZQ3,NCKIPSD,SER,112,54.75,31.86
Q9NZQ3,NCKIPSD,SER,113,91.95,30.38
Q9NZQ3,NCKIPSD,THR,118,129.53,35.56
Q9NZQ3,NCKIPSD,SER,119,107.07,33.62
Q9NZQ3,NCKIPSD,SER,120,98.75,33.47
Q9NZQ3,NCKIPSD,THR,121,120.22,39.28
Q9NZQ3,NCKIPSD,SER,122,94.53,42.44
Q9NZQ3,NCKIPSD,CYS,138,116.06,35.69
Q9NZQ3,NCKIPSD,SER,147,91.71,33.44
Q9NZQ3,NCKIPSD,SER,150,87.97,26.23
Q9NZQ3,NCKIPSD,SER,151,112.6,32.28
Q9NZQ3,NCKIPSD,TYR,161,218.66,32.16
Q9NZQ3,NCKIPSD,SER,167,104.48,30.81
Q9NZQ3,NCKIPSD,SER,168,63.95,32.41
Q9NZQ3,NCKIPSD,THR,180,131.35,37.84
Q9NZQ3,NCKIPSD,THR,181,126.3,35.75
Q9NZQ3,NCKIPSD,LYS,187,205.47,32.25
Q9NZQ3,NCKIPSD,SER,197,124.03,35.84
Q9NZQ3,NCKIPSD,SER,199,122.58,40.0
Q9NZQ3,NCKIPSD,THR,204,125.93,40.28
Q9NZQ3,NCKIPSD,SER,207,116.2,40.09
Q9NZQ3,NCKIPSD,SER,211,82.93,39.5
Q9NZQ3,NCKIPSD,SER,213,94.08,37.78
Q9NZQ3,NCKIPSD,SER,214,116.36,36.47
Q9NZQ3,NCKIPSD,SER,216,106.56,33.56
Q9NZQ3,NCKIPSD,SER,217,90.96,35.25
Q9NZQ3,NCKIPSD,SER,219,96.47,31.7
Q9NZQ3,NCKIPSD,SER,220,95.25,32.12
Q9NZQ3,NCKIPSD,THR,221,130.6,30.3
Q9NZQ3,NCKIPSD,SER,222,84.49,33.19
Q9NZQ3,NCKIPSD,THR,225,95.49,35.0
Q9NZQ3,NCKIPSD,TYR,227,175.83,33.44
Q9NZQ3,NCKIPSD,THR,228,120.72,30.36
Q9NZQ3,NCKIPSD,SER,229,99.14,28.55
Q9NZQ3,NCKIPSD,SER,230,108.49,33.72
Q9NZQ3,NCKIPSD,SER,231,105.78,28.23
Q9NZQ3,NCKIPSD,SER,233,103.76,33.09
Q9NZQ3,NCKIPSD,SER,237,119.87,32.88
Q9NZQ3,NCKIPSD,SER,238,109.11,27.84
Q9NZQ3,NCKIPSD,CYS,239,135.69,31.69
Q9NZQ3,NCKIPSD,SER,240,92.75,31.69
Q9NZQ3,NCKIPSD,THR,242,123.38,35.75
Q9NZQ3,NCKIPSD,THR,251,113.55,29.05
Q9NZQ3,NCKIPSD,THR,253,122.49,31.98
Q9NZQ3,NCKIPSD,THR,254,116.47,33.5
Q9NZQ3,NCKIPSD,SER,256,115.33,35.81
Q9NZQ3,NCKIPSD,SER,263,95.45,38.41
Q9NZQ3,NCKIPSD,LYS,264,202.77,36.5
Q9NZQ3,NCKIPSD,SER,266,111.69,40.28
Q9NZQ3,NCKIPSD,THR,278,143.94,35.75
Q9NZQ3,NCKIPSD,THR,280,128.65,36.97
Q9NZQ3,NCKIPSD,THR,281,114.7,38.19
Q9NZQ3,NCKIPSD,SER,282,99.5,40.16
Q9NZQ3,NCKIPSD,SER,284,92.13,36.75
Q9NZQ3,NCKIPSD,THR,292,124.25,37.38
Q9NZQ3,NCKIPSD,SER,294,118.33,34.72
Q9NZQ3,NCKIPSD,THR,297,130.22,31.3
Q9NZQ3,NCKIPSD,THR,298,133.24,36.25
Q9NZQ3,NCKIPSD,LYS,301,198.23,30.64
Q9NZQ3,NCKIPSD,THR,311,37.33,84.44
Q9NZQ3,NCKIPSD,THR,324,79.73,89.88
Q9NZQ3,NCKIPSD,SER,327,18.96,90.25
Q9NZQ3,NCKIPSD,SER,345,67.57,94.38
Q9NZQ3,NCKIPSD,SER,349,21.41,90.19
Q9NZQ3,NCKIPSD,SER,350,29.63,88.94
Q9NZQ3,NCKIPSD,SER,359,12.26,87.06
Q9NZQ3,NCKIPSD,LYS,364,166.81,53.47
Q9NZQ3,NCKIPSD,SER,367,42.75,50.56
Q9NZQ3,NCKIPSD,SER,372,128.98,48.91
Q9NZQ3,NCKIPSD,CYS,376,22.79,83.75
Q9NZQ3,NCKIPSD,LYS,393,32.94,78.38
Q9NZQ3,NCKIPSD,SER,400,89.14,52.44
Q9NZQ3,NCKIPSD,TYR,404,141.3,53.19
Q9NZQ3,NCKIPSD,CYS,412,79.96,93.19
Q9NZQ3,NCKIPSD,TYR,413,45.3,93.25
Q9NZQ3,NCKIPSD,THR,422,52.52,95.0
Q9NZQ3,NCKIPSD,LYS,430,40.16,94.56
Q9NZQ3,NCKIPSD,LYS,431,106.71,93.5
Q9NZQ3,NCKIPSD,LYS,434,78.68,95.56
Q9NZQ3,NCKIPSD,SER,440,11.81,94.88
Q9NZQ3,NCKIPSD,SER,455,42.05,93.19
Q9NZQ3,NCKIPSD,LYS,462,58.38,97.88
Q9NZQ3,NCKIPSD,SER,469,50.72,96.25
Q9NZQ3,NCKIPSD,SER,476,39.37,97.69
Q9NZQ3,NCKIPSD,THR,477,19.37,98.0
Q9NZQ3,NCKIPSD,SER,480,62.11,97.25
Q9NZQ3,NCKIPSD,SER,481,13.67,97.25
Q9NZQ3,NCKIPSD,THR,493,119.13,94.31
Q9NZQ3,NCKIPSD,THR,495,39.83,90.69
Q9NZQ3,NCKIPSD,CYS,502,17.5,95.75
Q9NZQ3,NCKIPSD,TYR,503,66.76,97.0
Q9NZQ3,NCKIPSD,TYR,520,186.95,92.69
Q9NZQ3,NCKIPSD,TYR,523,53.59,94.62
Q9NZQ3,NCKIPSD,THR,528,24.54,95.5
Q9NZQ3,NCKIPSD,THR,546,128.5,76.25
Q9NZQ3,NCKIPSD,THR,547,74.54,79.56
Q9NZQ3,NCKIPSD,SER,578,45.1,93.75
Q9NZQ3,NCKIPSD,LYS,579,122.98,91.56
Q9NZQ3,NCKIPSD,LYS,584,97.47,93.56
Q9NZQ3,NCKIPSD,LYS,589,45.16,96.12
Q9NZQ3,NCKIPSD,LYS,605,142.5,93.88
Q9NZQ3,NCKIPSD,LYS,616,31.36,97.12
Q9NZQ3,NCKIPSD,SER,624,32.64,95.69
Q9NZQ3,NCKIPSD,TYR,632,136.63,93.0
Q9NZQ3,NCKIPSD,THR,634,102.62,95.25
Q9NZQ3,NCKIPSD,SER,651,73.24,95.12
Q9NZQ3,NCKIPSD,LYS,655,163.12,93.25
Q9NZQ3,NCKIPSD,SER,662,34.91,97.0
Q9NZQ3,NCKIPSD,THR,670,25.4,96.25
Q9NZQ3,NCKIPSD,THR,671,20.15,96.81
Q9NZQ3,NCKIPSD,THR,696,115.47,93.06
Q9NZQ3,NCKIPSD,SER,697,42.77,94.94
Q9NZQ3,NCKIPSD,CYS,711,19.11,96.44
Q9NZQ3,NCKIPSD,LYS,712,170.41,96.81
Q9NZQ3,NCKIPSD,SER,722,163.91,69.75
Q9P126,CLEC1B,TYR,7,192.85,61.66
Q9P126,CLEC1B,THR,9,121.46,55.34
Q9P126,CLEC1B,LYS,13,185.63,56.62
Q9P126,CLEC1B,THR,14,137.48,48.19
Q9P126,CLEC1B,LYS,16,200.38,49.53
Q9P126,CLEC1B,SER,21,96.79,48.88
Q9P126,CLEC1B,SER,24,99.05,41.31
Q9P126,CLEC1B,SER,26,111.71,48.09
Q9P126,CLEC1B,SER,27,80.06,55.5
Q9P126,CLEC1B,SER,28,75.69,68.12
Q9P126,CLEC1B,CYS,41,73.36,95.81
Q9P126,CLEC1B,SER,55,55.03,94.38
Q9P126,CLEC1B,TYR,61,149.14,92.0
Q9P126,CLEC1B,THR,70,70.66,91.31
Q9P126,CLEC1B,THR,72,81.48,92.81
Q9P126,CLEC1B,LYS,78,49.25,93.88
Q9P126,CLEC1B,TYR,83,128.73,91.94
Q9P126,CLEC1B,LYS,86,122.43,88.31
Q9P126,CLEC1B,SER,88,19.83,85.19
Q9P126,CLEC1B,LYS,91,168.2,83.5
Q9P126,CLEC1B,THR,93,71.86,67.56
Q9P126,CLEC1B,LYS,95,173.74,69.19
Q9P126,CLEC1B,LYS,98,162.6,87.38
Q9P126,CLEC1B,SER,100,16.58,91.38
Q9P126,CLEC1B,CYS,102,15.46,93.62
Q9P126,CLEC1B,THR,104,103.15,86.19
Q9P126,CLEC1B,TYR,108,12.42,93.25
Q9P126,CLEC1B,TYR,109,70.57,93.62
Q9P126,CLEC1B,SER,112,10.79,96.19
Q9P126,CLEC1B,THR,122,27.26,98.75
Q9P126,CLEC1B,LYS,127,74.56,98.62
Q9P126,CLEC1B,TYR,129,60.41,98.62
Q9P126,CLEC1B,THR,131,73.67,98.25
Q9P126,CLEC1B,THR,136,64.39,98.5
Q9P126,CLEC1B,LYS,139,44.17,98.0
Q9P126,CLEC1B,TYR,148,16.41,95.12
Q9P126,CLEC1B,LYS,150,88.75,95.75
Q9P126,CLEC1B,SER,162,27.03,97.56
Q9P126,CLEC1B,LYS,165,126.7,91.69
Q9P126,CLEC1B,SER,166,60.6,88.69
Q9P126,CLEC1B,LYS,171,86.0,97.44
Q9P126,CLEC1B,SER,176,41.83,97.12
Q9P126,CLEC1B,SER,179,52.18,95.31
Q9P126,CLEC1B,LYS,190,160.02,83.06
Q9P126,CLEC1B,TYR,197,34.37,98.38
Q9P126,CLEC1B,LYS,202,86.11,97.12
Q9P126,CLEC1B,THR,206,12.57,97.44
Q9P126,CLEC1B,CYS,208,32.84,98.06
Q9P126,CLEC1B,LYS,211,110.59,98.69
Q9P126,CLEC1B,TYR,213,71.41,98.62
Q9P126,CLEC1B,LYS,219,165.89,96.38
Q9P126,CLEC1B,THR,223,18.0,81.31
Q9P126,CLEC1B,LYS,224,105.26,79.38
Q9P2D0,IBTK,SER,2,110.17,40.41
Q9P2D0,IBTK,SER,3,97.17,48.84
Q9P2D0,IBTK,CYS,8,25.99,85.5
Q9P2D0,IBTK,THR,9,98.49,85.56
Q9P2D0,IBTK,SER,10,67.04,82.0
Q9P2D0,IBTK,LYS,11,176.08,83.06
Q9P2D0,IBTK,CYS,12,12.84,87.25
Q9P2D0,IBTK,SER,14,42.56,91.44
Q9P2D0,IBTK,LYS,16,144.23,90.12
Q9P2D0,IBTK,THR,26,24.52,88.5
Q9P2D0,IBTK,LYS,27,102.71,85.19
Q9P2D0,IBTK,SER,29,57.21,89.44
Q9P2D0,IBTK,LYS,34,52.63,91.56
Q9P2D0,IBTK,SER,38,62.4,88.31
Q9P2D0,IBTK,SER,39,27.1,87.88
Q9P2D0,IBTK,TYR,42,146.21,85.94
Q9P2D0,IBTK,THR,46,69.88,88.81
Q9P2D0,IBTK,LYS,48,89.74,92.69
Q9P2D0,IBTK,CYS,62,30.33,92.5
Q9P2D0,IBTK,LYS,64,48.23,93.69
Q9P2D0,IBTK,LYS,65,47.69,94.5
Q9P2D0,IBTK,LYS,74,128.52,88.44
Q9P2D0,IBTK,LYS,81,87.58,94.88
Q9P2D0,IBTK,LYS,83,131.19,93.38
Q9P2D0,IBTK,SER,85,19.86,92.12
Q9P2D0,IBTK,TYR,96,33.83,94.38
Q9P2D0,IBTK,LYS,107,106.52,91.44
Q9P2D0,IBTK,SER,111,48.68,92.69
Q9P2D0,IBTK,TYR,113,109.0,91.88
Q9P2D0,IBTK,LYS,117,133.97,90.88
Q9P2D0,IBTK,LYS,128,143.66,86.94
Q9P2D0,IBTK,THR,132,132.42,85.62
Q9P2D0,IBTK,LYS,137,109.66,90.75
Q9P2D0,IBTK,THR,139,117.29,91.25
Q9P2D0,IBTK,TYR,145,22.98,97.19
Q9P2D0,IBTK,THR,151,84.18,87.94
Q9P2D0,IBTK,SER,159,43.96,86.31
Q9P2D0,IBTK,SER,162,57.47,90.31
Q9P2D0,IBTK,LYS,163,45.64,91.69
Q9P2D0,IBTK,SER,173,53.61,87.94
Q9P2D0,IBTK,SER,175,60.84,90.25
Q9P2D0,IBTK,TYR,178,73.93,96.62
Q9P2D0,IBTK,LYS,180,68.15,96.38
Q9P2D0,IBTK,LYS,186,107.29,92.88
Q9P2D0,IBTK,LYS,195,150.39,95.19
Q9P2D0,IBTK,TYR,199,18.09,98.12
Q9P2D0,IBTK,THR,216,47.35,95.44
Q9P2D0,IBTK,CYS,217,13.81,95.25
Q9P2D0,IBTK,SER,232,42.95,96.81
Q9P2D0,IBTK,LYS,238,65.97,94.81
Q9P2D0,IBTK,CYS,249,34.63,94.38
Q9P2D0,IBTK,TYR,251,25.33,97.12
Q9P2D0,IBTK,SER,268,92.14,93.0
Q9P2D0,IBTK,SER,269,34.97,95.38
Q9P2D0,IBTK,LYS,279,194.3,80.75
Q9P2D0,IBTK,TYR,280,91.06,76.81
Q9P2D0,IBTK,LYS,282,186.23,78.69
Q9P2D0,IBTK,THR,285,83.12,91.25
Q9P2D0,IBTK,CYS,316,17.99,84.31
Q9P2D0,IBTK,LYS,324,100.8,90.12
Q9P2D0,IBTK,CYS,325,24.51,91.94
Q9P2D0,IBTK,THR,327,57.1,91.06
Q9P2D0,IBTK,SER,333,95.67,90.12
Q9P2D0,IBTK,LYS,338,207.16,85.75
Q9P2D0,IBTK,SER,343,36.58,93.75
Q9P2D0,IBTK,SER,348,12.55,94.88
Q9P2D0,IBTK,THR,357,80.6,92.88
Q9P2D0,IBTK,TYR,362,29.39,95.5
Q9P2D0,IBTK,TYR,367,37.44,90.56
Q9P2D0,IBTK,CYS,369,35.67,93.19
Q9P2D0,IBTK,LYS,370,69.49,92.81
Q9P2D0,IBTK,LYS,371,96.41,92.81
Q9P2D0,IBTK,SER,374,48.14,92.31
Q9P2D0,IBTK,LYS,375,167.07,90.88
Q9P2D0,IBTK,LYS,380,128.6,93.12
Q9P2D0,IBTK,LYS,381,56.95,95.38
Q9P2D0,IBTK,SER,385,14.49,93.62
Q9P2D0,IBTK,TYR,391,67.14,85.12
Q9P2D0,IBTK,LYS,392,161.76,85.38
Q9P2D0,IBTK,LYS,399,164.44,80.31
Q9P2D0,IBTK,LYS,405,151.42,88.31
Q9P2D0,IBTK,CYS,407,10.2,92.88
Q9P2D0,IBTK,SER,422,56.49,84.94
Q9P2D0,IBTK,SER,425,121.6,73.75
Q9P2D0,IBTK,SER,426,58.41,84.5
Q9P2D0,IBTK,LYS,428,27.38,90.0
Q9P2D0,IBTK,TYR,434,37.68,80.38
Q9P2D0,IBTK,SER,441,34.36,93.38
Q9P2D0,IBTK,LYS,468,185.39,37.91
Q9P2D0,IBTK,LYS,470,182.24,32.22
Q9P2D0,IBTK,SER,471,110.09,30.83
Q9P2D0,IBTK,SER,472,100.39,36.53
Q9P2D0,IBTK,LYS,474,206.95,36.97
Q9P2D0,IBTK,LYS,475,177.23,33.97
Q9P2D0,IBTK,SER,479,87.82,29.27
Q9P2D0,IBTK,SER,484,117.64,36.0
Q9P2D0,IBTK,SER,485,110.65,32.28
Q9P2D0,IBTK,SER,486,111.25,30.89
Q9P2D0,IBTK,SER,489,83.54,29.12
Q9P2D0,IBTK,TYR,490,222.81,28.53
Q9P2D0,IBTK,SER,492,59.72,38.22
Q9P2D0,IBTK,SER,496,26.82,69.0
Q9P2D0,IBTK,TYR,498,74.69,84.38
Q9P2D0,IBTK,LYS,505,62.74,89.38
Q9P2D0,IBTK,THR,507,52.29,91.44
Q9P2D0,IBTK,SER,514,23.48,96.88
Q9P2D0,IBTK,SER,516,24.9,96.69
Q9P2D0,IBTK,THR,517,16.8,96.12
Q9P2D0,IBTK,SER,520,41.6,89.31
Q9P2D0,IBTK,CYS,522,52.96,92.25
Q9P2D0,IBTK,LYS,532,67.86,93.56
Q9P2D0,IBTK,THR,533,58.48,91.31
Q9P2D0,IBTK,SER,534,25.66,90.62
Q9P2D0,IBTK,TYR,536,119.28,92.25
Q9P2D0,IBTK,SER,542,52.23,93.81
Q9P2D0,IBTK,SER,543,86.76,91.31
Q9P2D0,IBTK,SER,544,60.05,90.69
Q9P2D0,IBTK,SER,545,38.07,89.88
Q9P2D0,IBTK,LYS,552,107.38,92.06
Q9P2D0,IBTK,SER,562,47.81,81.5
Q9P2D0,IBTK,LYS,579,32.92,93.0
Q9P2D0,IBTK,LYS,591,103.07,87.38
Q9P2D0,IBTK,SER,595,39.5,70.19
Q9P2D0,IBTK,THR,599,50.54,56.31
Q9P2D0,IBTK,SER,600,104.38,52.06
Q9P2D0,IBTK,THR,603,127.65,65.06
Q9P2D0,IBTK,TYR,606,101.42,81.38
Q9P2D0,IBTK,LYS,608,107.04,74.5
Q9P2D0,IBTK,SER,612,79.06,76.25
Q9P2D0,IBTK,CYS,615,20.88,84.19
Q9P2D0,IBTK,LYS,622,145.89,84.06
Q9P2D0,IBTK,TYR,630,17.15,91.12
Q9P2D0,IBTK,THR,637,15.73,88.19
Q9P2D0,IBTK,THR,639,81.56,84.06
Q9P2D0,IBTK,THR,644,80.35,85.38
Q9P2D0,IBTK,LYS,648,101.2,85.06
Q9P2D0,IBTK,LYS,655,190.37,32.72
Q9P2D0,IBTK,TYR,660,215.32,30.09
Q9P2D0,IBTK,THR,663,124.53,32.5
Q9P2D0,IBTK,SER,666,98.45,34.0
Q9P2D0,IBTK,LYS,670,184.16,32.41
Q9P2D0,IBTK,LYS,680,186.13,46.88
Q9P2D0,IBTK,SER,681,64.38,48.72
Q9P2D0,IBTK,TYR,686,176.16,42.47
Q9P2D0,IBTK,LYS,687,160.37,49.94
Q9P2D0,IBTK,SER,688,94.05,47.16
Q9P2D0,IBTK,THR,693,127.99,28.19
Q9P2D0,IBTK,SER,695,83.63,28.59
Q9P2D0,IBTK,LYS,699,192.54,29.55
Q9P2D0,IBTK,SER,700,115.41,30.84
Q9P2D0,IBTK,LYS,701,199.83,30.44
Q9P2D0,IBTK,LYS,703,199.12,31.92
Q9P2D0,IBTK,SER,704,94.38,30.94
Q9P2D0,IBTK,CYS,705,114.5,32.0
Q9P2D0,IBTK,LYS,706,182.9,34.25
Q9P2D0,IBTK,LYS,707,212.42,29.83
Q9P2D0,IBTK,LYS,709,209.31,27.17
Q9P2D0,IBTK,THR,722,90.19,89.94
Q9P2D0,IBTK,LYS,725,128.51,89.19
Q9P2D0,IBTK,LYS,726,54.06,87.0
Q9P2D0,IBTK,SER,730,83.23,79.25
Q9P2D0,IBTK,SER,734,53.65,85.0
Q9P2D0,IBTK,LYS,745,91.94,85.12
Q9P2D0,IBTK,LYS,751,168.52,73.31
Q9P2D0,IBTK,THR,753,133.9,65.69
Q9P2D0,IBTK,LYS,756,148.77,61.84
Q9P2D0,IBTK,LYS,758,107.58,72.06
Q9P2D0,IBTK,SER,760,38.8,83.5
Q9P2D0,IBTK,LYS,762,188.42,85.0
Q9P2D0,IBTK,LYS,763,110.68,83.38
Q9P2D0,IBTK,CYS,764,13.07,82.19
Q9P2D0,IBTK,SER,765,61.5,84.69
Q9P2D0,IBTK,CYS,768,34.43,87.12
Q9P2D0,IBTK,THR,771,48.95,90.25
Q9P2D0,IBTK,LYS,773,58.5,91.56
Q9P2D0,IBTK,LYS,778,101.78,93.0
Q9P2D0,IBTK,LYS,784,34.79,90.75
Q9P2D0,IBTK,TYR,793,86.6,89.5
Q9P2D0,IBTK,SER,796,68.77,86.31
Q9P2D0,IBTK,SER,799,37.96,78.0
Q9P2D0,IBTK,SER,800,47.66,68.19
Q9P2D0,IBTK,SER,801,68.56,59.31
Q9P2D0,IBTK,SER,806,99.75,47.97
Q9P2D0,IBTK,SER,807,98.09,51.06
Q9P2D0,IBTK,CYS,808,141.17,54.16
Q9P2D0,IBTK,LYS,821,98.36,94.75
Q9P2D0,IBTK,THR,829,40.05,91.5
Q9P2D0,IBTK,LYS,836,117.85,90.56
Q9P2D0,IBTK,SER,838,18.27,92.25
Q9P2D0,IBTK,SER,846,16.88,96.31
Q9P2D0,IBTK,THR,857,98.01,94.25
Q9P2D0,IBTK,LYS,860,22.47,96.0
Q9P2D0,IBTK,LYS,870,32.94,93.06
Q9P2D0,IBTK,THR,872,57.85,94.0
Q9P2D0,IBTK,LYS,874,148.43,93.06
Q9P2D0,IBTK,TYR,886,35.2,93.38
Q9P2D0,IBTK,SER,887,67.58,91.31
Q9P2D0,IBTK,LYS,889,160.86,95.44
Q9P2D0,IBTK,LYS,892,48.21,97.75
Q9P2D0,IBTK,SER,911,32.32,90.25
Q9P2D0,IBTK,SER,916,43.17,95.12
Q9P2D0,IBTK,LYS,921,124.04,95.38
Q9P2D0,IBTK,LYS,929,142.26,93.44
Q9P2D0,IBTK,THR,940,115.7,79.25
Q9P2D0,IBTK,TYR,942,73.53,72.62
Q9P2D0,IBTK,SER,949,63.51,78.5
Q9P2D0,IBTK,TYR,950,151.98,76.62
Q9P2D0,IBTK,LYS,961,203.61,29.72
Q9P2D0,IBTK,SER,971,107.41,28.17
Q9P2D0,IBTK,THR,973,124.73,31.23
Q9P2D0,IBTK,LYS,976,191.44,31.72
Q9P2D0,IBTK,LYS,977,203.38,34.81
Q9P2D0,IBTK,LYS,979,189.17,33.38
Q9P2D0,IBTK,THR,980,103.84,38.31
Q9P2D0,IBTK,LYS,981,194.03,31.22
Q9P2D0,IBTK,LYS,983,196.82,31.56
Q9P2D0,IBTK,LYS,984,212.1,33.84
Q9P2D0,IBTK,LYS,985,203.12,29.2
Q9P2D0,IBTK,LYS,988,159.32,28.09
Q9P2D0,IBTK,SER,990,76.78,32.16
Q9P2D0,IBTK,SER,992,100.61,29.34
Q9P2D0,IBTK,SER,993,117.28,31.11
Q9P2D0,IBTK,TYR,996,219.13,33.97
Q9P2D0,IBTK,SER,999,83.5,32.41
Q9P2D0,IBTK,SER,1004,102.92,29.86
Q9P2D0,IBTK,SER,1006,98.54,30.3
Q9P2D0,IBTK,SER,1007,105.83,36.19
Q9P2D0,IBTK,THR,1008,136.1,28.92
Q9P2D0,IBTK,LYS,1012,171.07,30.94
Q9P2D0,IBTK,SER,1013,116.13,28.05
Q9P2D0,IBTK,LYS,1015,199.16,26.8
Q9P2D0,IBTK,THR,1016,145.86,33.25
Q9P2D0,IBTK,SER,1018,109.34,33.25
Q9P2D0,IBTK,SER,1021,101.41,31.23
Q9P2D0,IBTK,THR,1027,152.99,27.61
Q9P2D0,IBTK,SER,1028,51.14,27.86
Q9P2D0,IBTK,SER,1030,83.55,30.05
Q9P2D0,IBTK,SER,1033,116.86,28.62
Q9P2D0,IBTK,TYR,1034,224.2,23.83
Q9P2D0,IBTK,SER,1039,64.18,30.8
Q9P2D0,IBTK,SER,1045,99.77,26.14
Q9P2D0,IBTK,THR,1049,121.13,28.97
Q9P2D0,IBTK,THR,1050,133.73,26.55
Q9P2D0,IBTK,SER,1054,114.52,30.39
Q9P2D0,IBTK,LYS,1056,198.6,26.56
Q9P2D0,IBTK,LYS,1060,195.86,26.47
Q9P2D0,IBTK,LYS,1062,188.21,27.66
Q9P2D0,IBTK,TYR,1064,221.31,29.53
Q9P2D0,IBTK,THR,1068,144.96,29.28
Q9P2D0,IBTK,SER,1069,99.69,26.83
Q9P2D0,IBTK,TYR,1072,205.57,32.09
Q9P2D0,IBTK,SER,1073,91.82,31.52
Q9P2D0,IBTK,LYS,1078,175.99,31.8
Q9P2D0,IBTK,LYS,1082,175.62,28.34
Q9P2D0,IBTK,SER,1083,90.69,27.98
Q9P2D0,IBTK,LYS,1087,195.41,27.95
Q9P2D0,IBTK,SER,1089,108.67,29.08
Q9P2D0,IBTK,SER,1096,99.33,31.73
Q9P2D0,IBTK,THR,1101,133.86,33.38
Q9P2D0,IBTK,THR,1102,133.86,28.67
Q9P2D0,IBTK,SER,1103,107.89,34.06
Q9P2D0,IBTK,SER,1104,106.57,29.75
Q9P2D0,IBTK,SER,1106,98.27,26.61
Q9P2D0,IBTK,SER,1111,105.2,28.11
Q9P2D0,IBTK,SER,1113,98.48,30.05
Q9P2D0,IBTK,SER,1116,88.71,29.97
Q9P2D0,IBTK,THR,1124,54.89,48.03
Q9P2D0,IBTK,SER,1131,75.69,38.5
Q9P2D0,IBTK,LYS,1134,135.97,28.3
Q9P2D0,IBTK,CYS,1135,141.23,26.12
Q9P2D0,IBTK,THR,1138,125.37,32.38
Q9P2D0,IBTK,LYS,1140,191.03,29.48
Q9P2D0,IBTK,SER,1141,104.92,30.67
Q9P2D0,IBTK,LYS,1145,192.94,26.98
Q9P2D0,IBTK,THR,1146,131.06,27.92
Q9P2D0,IBTK,SER,1148,75.53,26.8
Q9P2D0,IBTK,LYS,1152,168.92,29.83
Q9P2D0,IBTK,SER,1154,84.7,31.95
Q9P2D0,IBTK,LYS,1156,193.11,32.31
Q9P2D0,IBTK,LYS,1159,201.23,27.78
Q9P2D0,IBTK,THR,1164,130.37,33.06
Q9P2D0,IBTK,THR,1165,138.81,36.81
Q9P2D0,IBTK,LYS,1166,189.06,30.81
Q9P2D0,IBTK,SER,1170,108.58,28.41
Q9P2D0,IBTK,SER,1174,118.35,28.38
Q9P2D0,IBTK,THR,1177,99.23,21.95
Q9P2D0,IBTK,THR,1181,117.28,26.2
Q9P2D0,IBTK,SER,1183,93.46,28.67
Q9P2D0,IBTK,LYS,1184,203.4,28.45
Q9P2D0,IBTK,LYS,1187,194.03,30.86
Q9P2D0,IBTK,SER,1194,97.65,28.58
Q9P2D0,IBTK,SER,1195,103.12,26.3
Q9P2D0,IBTK,SER,1198,108.31,25.94
Q9P2D0,IBTK,SER,1200,98.09,33.25
Q9P2D0,IBTK,SER,1201,106.2,39.78
Q9P2D0,IBTK,LYS,1202,51.81,46.22
Q9P2D0,IBTK,SER,1203,40.76,59.06
Q9P2D0,IBTK,LYS,1212,73.97,51.44
Q9P2D0,IBTK,LYS,1213,135.61,39.25
Q9P2D0,IBTK,SER,1214,65.65,32.81
Q9P2D0,IBTK,THR,1216,90.52,31.69
Q9P2D0,IBTK,SER,1217,84.53,25.69
Q9P2D0,IBTK,SER,1219,97.97,26.33
Q9P2D0,IBTK,SER,1220,121.48,24.38
Q9P2D0,IBTK,LYS,1225,183.76,23.86
Q9P2D0,IBTK,LYS,1226,210.61,23.42
Q9P2D0,IBTK,SER,1228,97.26,22.5
Q9P2D0,IBTK,LYS,1230,156.07,25.17
Q9P2D0,IBTK,SER,1235,123.51,27.38
Q9P2D0,IBTK,LYS,1239,187.09,25.78
Q9P2D0,IBTK,CYS,1243,130.35,24.77
Q9P2D0,IBTK,SER,1244,101.01,29.16
Q9P2D0,IBTK,THR,1245,118.69,26.73
Q9P2D0,IBTK,THR,1248,129.21,34.91
Q9P2D0,IBTK,SER,1257,94.14,34.88
Q9P2D0,IBTK,SER,1264,98.22,29.41
Q9P2D0,IBTK,SER,1270,105.77,26.8
Q9P2D0,IBTK,SER,1271,121.68,30.81
Q9P2D0,IBTK,SER,1272,104.88,27.67
Q9P2D0,IBTK,THR,1274,119.39,32.53
Q9P2D0,IBTK,SER,1277,111.98,31.52
Q9P2D0,IBTK,THR,1283,73.14,73.94
Q9P2D0,IBTK,SER,1286,46.37,76.12
Q9P2D0,IBTK,SER,1301,47.98,63.12
Q9P2D0,IBTK,LYS,1304,83.33,66.19
Q9P2D0,IBTK,TYR,1323,82.59,73.31
Q9P2D0,IBTK,THR,1338,77.59,56.41
Q9P2D0,IBTK,LYS,1350,148.06,40.66
Q9P2D0,IBTK,CYS,1353,202.88,32.97
Q9UBN6,TNFRSF10D,SER,7,108.85,53.34
Q9UBN6,TNFRSF10D,THR,10,143.72,45.56
Q9UBN6,TNFRSF10D,SER,12,111.22,48.25
Q9UBN6,TNFRSF10D,SER,13,101.02,48.88
Q9UBN6,TNFRSF10D,TYR,19,181.52,45.59
Q9UBN6,TNFRSF10D,THR,24,133.79,41.94
Q9UBN6,TNFRSF10D,SER,26,119.3,38.41
Q9UBN6,TNFRSF10D,THR,28,142.85,36.44
Q9UBN6,TNFRSF10D,LYS,36,163.62,64.75
Q9UBN6,TNFRSF10D,LYS,39,155.98,71.81
Q9UBN6,TNFRSF10D,SER,55,104.7,36.34
Q9UBN6,TNFRSF10D,THR,57,132.64,37.78
Q9UBN6,TNFRSF10D,THR,68,138.89,34.06
Q9UBN6,TNFRSF10D,SER,77,98.55,44.66
Q9UBN6,TNFRSF10D,LYS,79,178.97,47.38
Q9UBN6,TNFRSF10D,SER,87,13.63,97.88
Q9UBN6,TNFRSF10D,SER,90,13.04,94.0
Q9UBN6,TNFRSF10D,TYR,92,206.75,87.25
Q9UBN6,TNFRSF10D,THR,93,104.33,90.75
Q9UBN6,TNFRSF10D,CYS,96,56.93,96.44
Q9UBN6,TNFRSF10D,THR,100,75.93,98.0
Q9UBN6,TNFRSF10D,TYR,105,20.52,98.56
Q9UBN6,TNFRSF10D,SER,109,65.66,96.94
Q9UBN6,TNFRSF10D,SER,114,63.79,96.31
Q9UBN6,TNFRSF10D,CYS,115,15.36,97.88
Q9UBN6,TNFRSF10D,CYS,118,14.0,98.19
Q9UBN6,TNFRSF10D,THR,119,66.18,96.44
Q9UBN6,TNFRSF10D,CYS,121,32.4,93.94
Q9UBN6,TNFRSF10D,LYS,122,116.58,92.0
Q9UBN6,TNFRSF10D,SER,123,120.41,90.44
Q9UBN6,TNFRSF10D,THR,126,66.57,94.81
Q9UBN6,TNFRSF10D,LYS,128,136.99,95.56
Q9UBN6,TNFRSF10D,SER,129,38.93,97.0
Q9UBN6,TNFRSF10D,SER,130,75.62,97.38
Q9UBN6,TNFRSF10D,CYS,131,10.82,98.19
Q9UBN6,TNFRSF10D,THR,132,29.57,98.0
Q9UBN6,TNFRSF10D,THR,133,33.68,98.19
Q9UBN6,TNFRSF10D,THR,134,54.88,98.19
Q9UBN6,TNFRSF10D,THR,137,16.72,97.19
Q9UBN6,TNFRSF10D,CYS,139,36.46,95.0
Q9UBN6,TNFRSF10D,LYS,143,216.42,94.56
Q9UBN6,TNFRSF10D,SER,145,16.56,95.25
Q9UBN6,TNFRSF10D,LYS,149,189.96,89.31
Q9UBN6,TNFRSF10D,SER,151,33.15,82.31
Q9UBN6,TNFRSF10D,CYS,155,21.23,93.88
Q9UBN6,TNFRSF10D,THR,157,113.6,94.69
Q9UBN6,TNFRSF10D,CYS,158,18.96,95.69
Q9UBN6,TNFRSF10D,THR,160,149.2,95.19
Q9UBN6,TNFRSF10D,CYS,162,32.86,96.5
Q9UBN6,TNFRSF10D,LYS,168,98.43,95.88
Q9UBN6,TNFRSF10D,SER,170,38.63,95.75
Q9UBN6,TNFRSF10D,CYS,172,38.55,96.12
Q9UBN6,TNFRSF10D,THR,173,62.74,95.19
Q9UBN6,TNFRSF10D,SER,176,37.15,94.44
Q9UBN6,TNFRSF10D,LYS,179,124.52,96.19
Q9UBN6,TNFRSF10D,CYS,180,34.26,96.38
Q9UBN6,TNFRSF10D,LYS,181,91.16,95.44
Q9UBN6,TNFRSF10D,SER,184,99.22,72.88
Q9UBN6,TNFRSF10D,SER,187,86.42,57.03
Q9UBN6,TNFRSF10D,SER,188,93.71,56.53
Q9UBN6,TNFRSF10D,THR,189,131.31,57.09
Q9UBN6,TNFRSF10D,LYS,191,191.58,42.28
Q9UBN6,TNFRSF10D,THR,192,121.29,40.34
Q9UBN6,TNFRSF10D,THR,198,98.78,44.56
Q9UBN6,TNFRSF10D,THR,200,121.48,47.0
Q9UBN6,TNFRSF10D,THR,201,89.58,43.47
Q9UBN6,TNFRSF10D,SER,208,51.69,66.06
Q9UBN6,TNFRSF10D,TYR,210,162.28,76.31
Q9UBN6,TNFRSF10D,TYR,212,140.33,80.56
Q9UBN6,TNFRSF10D,SER,231,53.58,78.38
Q9UBN6,TNFRSF10D,CYS,232,76.4,77.12
Q9UBN6,TNFRSF10D,LYS,234,145.85,72.88
Q9UBN6,TNFRSF10D,LYS,235,147.27,66.38
Q9UBN6,TNFRSF10D,SER,238,71.19,63.22
Q9UBN6,TNFRSF10D,TYR,239,172.01,57.09
Q9UBN6,TNFRSF10D,LYS,241,164.74,58.06
Q9UBN6,TNFRSF10D,CYS,244,113.23,45.44
Q9UBN6,TNFRSF10D,SER,245,111.18,50.16
Q9UBN6,TNFRSF10D,SER,263,98.34,31.66
Q9UBN6,TNFRSF10D,CYS,264,122.67,31.64
Q9UBN6,TNFRSF10D,SER,266,109.26,37.53
Q9UBN6,TNFRSF10D,THR,279,115.01,48.06
Q9UBN6,TNFRSF10D,SER,281,77.72,45.5
Q9UBN6,TNFRSF10D,TYR,284,189.37,47.84
Q9UBN6,TNFRSF10D,THR,288,115.5,35.25
Q9UBN6,TNFRSF10D,SER,291,72.54,39.84
Q9UBN6,TNFRSF10D,THR,304,137.25,35.66
Q9UBN6,TNFRSF10D,THR,307,126.43,35.44
Q9UBN6,TNFRSF10D,CYS,326,136.62,30.89
Q9UBN6,TNFRSF10D,SER,340,99.95,38.34
Q9UBN6,TNFRSF10D,SER,344,108.11,47.31
Q9UBN6,TNFRSF10D,THR,345,101.78,51.41
Q9UBN6,TNFRSF10D,SER,350,88.25,46.38
Q9UBN6,TNFRSF10D,THR,352,105.78,50.06
Q9UBN6,TNFRSF10D,LYS,359,201.85,45.66
Q9UBN6,TNFRSF10D,THR,361,115.81,41.66
Q9UBN6,TNFRSF10D,SER,369,119.87,37.25
Q9UBN6,TNFRSF10D,LYS,371,183.09,40.91
Q9UBN6,TNFRSF10D,TYR,374,221.71,37.28
Q9UBN6,TNFRSF10D,SER,381,122.01,39.25
Q9UBN6,TNFRSF10D,THR,383,138.43,41.22
Q9UBN6,TNFRSF10D,SER,384,102.52,42.34
Q9UBN6,TNFRSF10D,CYS,385,124.25,38.75
Q9UEF7,KL,SER,4,111.93,38.47
Q9UEF7,KL,SER,16,95.86,33.97
Q9UEF7,KL,SER,18,71.91,40.53
Q9UEF7,KL,SER,46,50.92,84.69
Q9UEF7,KL,THR,60,57.22,96.12
Q9UEF7,KL,TYR,74,14.22,97.19
Q9UEF7,KL,LYS,85,18.98,96.12
Q9UEF7,KL,THR,92,48.71,94.12
Q9UEF7,KL,THR,94,11.16,92.81
Q9UEF7,KL,SER,104,96.71,35.34
Q9UEF7,KL,SER,108,104.2,31.52
Q9UEF7,KL,SER,115,93.46,31.36
Q9UEF7,KL,THR,121,29.87,93.88
Q9UEF7,KL,SER,128,10.19,95.88
Q9UEF7,KL,TYR,129,11.15,96.44
Q9UEF7,KL,THR,145,56.59,98.25
Q9UEF7,KL,TYR,147,14.11,98.81
Q9UEF7,KL,SER,161,58.42,88.56
Q9UEF7,KL,TYR,172,11.48,97.94
Q9UEF7,KL,TYR,204,84.94,95.31
Q9UEF7,KL,LYS,232,76.03,97.75
Q9UEF7,KL,TYR,233,36.25,98.62
Q9UEF7,KL,THR,250,39.74,94.06
Q9UEF7,KL,SER,260,60.82,94.0
Q9UEF7,KL,LYS,277,52.6,98.5
Q9UEF7,KL,THR,284,97.86,97.94
Q9UEF7,KL,SER,285,62.73,98.0
Q9UEF7,KL,THR,289,120.29,97.38
Q9UEF7,KL,THR,309,64.26,93.0
Q9UEF7,KL,SER,312,11.24,94.38
Q9UEF7,KL,LYS,314,130.76,94.44
Q9UEF7,KL,LYS,318,55.46,95.19
Q9UEF7,KL,LYS,329,32.72,96.94
Q9UEF7,KL,SER,340,22.63,93.62
Q9UEF7,KL,LYS,342,67.81,95.19
Q9UEF7,KL,SER,346,98.62,82.75
Q9UEF7,KL,SER,347,99.1,87.62
Q9UEF7,KL,THR,353,75.85,96.5
Q9UEF7,KL,SER,355,82.66,97.69
Q9UEF7,KL,LYS,357,45.03,98.19
Q9UEF7,KL,LYS,358,173.68,98.0
Q9UEF7,KL,LYS,361,115.31,97.44
Q9UEF7,KL,LYS,385,38.4,91.06
Q9UEF7,KL,SER,391,19.64,89.62
Q9UEF7,KL,SER,420,34.08,91.44
Q9UEF7,KL,THR,422,108.66,90.19
Q9UEF7,KL,LYS,424,121.53,91.62
Q9UEF7,KL,LYS,429,63.13,92.94
Q9UEF7,KL,TYR,432,17.31,94.75
Q9UEF7,KL,TYR,433,42.68,94.62
Q9UEF7,KL,LYS,435,29.16,95.62
Q9UEF7,KL,LYS,436,47.87,94.25
Q9UEF7,KL,LYS,446,99.91,94.94
Q9UEF7,KL,TYR,470,64.34,92.69
Q9UEF7,KL,SER,471,69.24,90.75
Q9UEF7,KL,TYR,478,23.31,96.81
Q9UEF7,KL,SER,483,27.95,89.06
Q9UEF7,KL,LYS,486,23.3,88.06
Q9UEF7,KL,LYS,499,101.19,96.81
Q9UEF7,KL,LYS,503,104.39,96.25
Q9UEF7,KL,THR,518,24.9,94.31
Q9UEF7,KL,CYS,521,63.73,91.44
Q9UEF7,KL,TYR,531,31.94,83.75
Q9UEF7,KL,THR,536,50.65,79.5
Q9UEF7,KL,THR,537,98.38,75.31
Q9UEF7,KL,SER,539,14.29,69.31
Q9UEF7,KL,THR,542,24.16,68.75
Q9UEF7,KL,TYR,547,88.78,86.12
Q9UEF7,KL,SER,554,52.86,86.25
Q9UEF7,KL,LYS,555,148.94,83.31
Q9UEF7,KL,LYS,559,96.42,86.19
Q9UEF7,KL,THR,565,69.29,76.88
Q9UEF7,KL,LYS,566,198.98,75.19
Q9UEF7,KL,LYS,567,184.98,65.06
Q9UEF7,KL,LYS,569,168.84,68.69
Q9UEF7,KL,SER,570,64.84,67.0
Q9UEF7,KL,TYR,571,131.43,80.62
Q9UEF7,KL,CYS,572,25.3,84.88
Q9UEF7,KL,THR,591,55.32,97.44
Q9UEF7,KL,SER,609,90.52,89.06
Q9UEF7,KL,THR,614,71.1,89.19
Q9UEF7,KL,SER,624,26.56,95.06
Q9UEF7,KL,THR,632,36.91,97.75
Q9UEF7,KL,TYR,661,156.28,95.38
Q9UEF7,KL,LYS,682,86.89,92.5
Q9UEF7,KL,TYR,691,96.97,86.94
Q9UEF7,KL,THR,692,13.88,87.44
Q9UEF7,KL,THR,696,69.13,92.88
Q9UEF7,KL,TYR,697,27.67,94.5
Q9UEF7,KL,SER,698,43.52,95.25
Q9UEF7,KL,LYS,705,33.48,97.88
Q9UEF7,KL,LYS,717,129.34,97.56
Q9UEF7,KL,LYS,725,97.5,97.5
Q9UEF7,KL,LYS,744,100.07,92.62
Q9UEF7,KL,LYS,746,81.25,95.25
Q9UEF7,KL,SER,767,67.88,95.19
Q9UEF7,KL,TYR,770,10.26,97.62
Q9UEF7,KL,TYR,788,146.6,94.88
Q9UEF7,KL,THR,790,81.09,96.81
Q9UEF7,KL,LYS,794,50.13,98.0
Q9UEF7,KL,LYS,795,150.8,97.06
Q9UEF7,KL,TYR,809,38.44,96.62
Q9UEF7,KL,THR,810,17.54,96.88
Q9UEF7,KL,LYS,818,92.76,85.25
Q9UEF7,KL,LYS,823,129.31,82.0
Q9UEF7,KL,TYR,824,33.86,86.94
Q9UEF7,KL,TYR,827,87.89,83.12
Q9UEF7,KL,THR,834,57.04,90.12
Q9UEF7,KL,SER,843,64.89,90.31
Q9UEF7,KL,LYS,854,78.45,97.69
Q9UEF7,KL,LYS,860,55.47,98.06
Q9UEF7,KL,LYS,862,70.42,96.62
Q9UEF7,KL,TYR,863,19.98,97.56
Q9UEF7,KL,TYR,869,21.15,98.5
Q9UEF7,KL,TYR,889,49.4,94.12
Q9UEF7,KL,CYS,910,29.79,98.12
Q9UEF7,KL,TYR,915,28.81,96.56
Q9UEF7,KL,THR,921,51.28,87.81
Q9UEF7,KL,TYR,930,67.37,87.81
Q9UEF7,KL,LYS,938,11.83,93.75
Q9UEF7,KL,LYS,942,125.34,96.0
Q9UEF7,KL,LYS,946,138.82,97.12
Q9UEF7,KL,SER,950,37.69,94.06
Q9UEF7,KL,THR,958,43.83,63.75
Q9UEF7,KL,CYS,963,48.48,68.56
Q9UEF7,KL,THR,968,130.27,43.84
Q9UEF7,KL,CYS,970,67.88,53.62
Q9UEF7,KL,THR,971,115.85,51.0
Q9UEF7,KL,CYS,973,74.56,58.84
Q9UEF7,KL,SER,974,66.67,54.69
Q9UEF7,KL,THR,978,116.58,63.97
Q9UEF7,KL,LYS,980,125.7,72.56
Q9UEF7,KL,SER,981,96.92,78.44
Q9UEF7,KL,SER,993,54.41,86.25
Q9UEF7,KL,SER,996,57.49,85.31
Q9UEF7,KL,SER,998,64.76,83.88
Q9UEF7,KL,TYR,1002,133.03,81.19
Q9UEF7,KL,TYR,1003,138.76,79.38
Q9UEF7,KL,SER,1004,69.67,78.62
Q9UEF7,KL,LYS,1005,146.58,72.06
Q9UEF7,KL,LYS,1006,133.62,70.44
Q9UEF7,KL,SER,1010,93.85,55.72
Q9UEF7,KL,TYR,1011,216.18,49.31
Q9UEF7,KL,LYS,1012,258.01,45.66
Q9UHY1,NRBP1,SER,2,118.11,39.69
Q9UHY1,NRBP1,SER,6,118.96,42.72
Q9UHY1,NRBP1,THR,8,126.34,37.19
Q9UHY1,NRBP1,SER,11,119.51,35.91
Q9UHY1,NRBP1,SER,12,117.46,33.22
Q9UHY1,NRBP1,SER,14,107.86,38.03
Q9UHY1,NRBP1,LYS,17,202.23,35.38
Q9UHY1,NRBP1,SER,20,93.23,34.91
Q9UHY1,NRBP1,SER,21,103.45,36.31
Q9UHY1,NRBP1,SER,22,106.93,34.16
Q9UHY1,NRBP1,SER,23,112.94,37.0
Q9UHY1,NRBP1,THR,28,128.54,30.59
Q9UHY1,NRBP1,SER,29,110.63,35.59
Q9UHY1,NRBP1,SER,31,94.16,39.31
Q9UHY1,NRBP1,THR,35,115.73,34.28
Q9UHY1,NRBP1,SER,36,92.25,31.78
Q9UHY1,NRBP1,THR,37,129.69,32.34
Q9UHY1,NRBP1,THR,38,122.79,34.69
Q9UHY1,NRBP1,SER,39,104.08,39.84
Q9UHY1,NRBP1,SER,42,49.94,45.22
Q9UHY1,NRBP1,SER,49,60.26,60.62
Q9UHY1,NRBP1,SER,53,64.28,73.38
Q9UHY1,NRBP1,CYS,61,69.66,92.06
Q9UHY1,NRBP1,LYS,66,15.17,95.56
Q9UHY1,NRBP1,SER,81,20.42,81.94
Q9UHY1,NRBP1,TYR,83,32.29,92.0
Q9UHY1,NRBP1,THR,88,65.75,93.44
Q9UHY1,NRBP1,SER,102,42.1,70.88
Q9UHY1,NRBP1,LYS,105,151.06,77.88
Q9UHY1,NRBP1,TYR,107,10.09,77.88
Q9UHY1,NRBP1,LYS,108,115.93,81.19
Q9UHY1,NRBP1,LYS,113,116.46,78.81
Q9UHY1,NRBP1,LYS,131,118.19,89.69
Q9UHY1,NRBP1,LYS,134,85.21,91.94
Q9UHY1,NRBP1,TYR,135,42.01,91.31
Q9UHY1,NRBP1,LYS,140,127.3,76.44
Q9UHY1,NRBP1,LYS,143,113.75,75.0
Q9UHY1,NRBP1,TYR,152,64.37,91.81
Q9UHY1,NRBP1,SER,154,88.63,89.12
Q9UHY1,NRBP1,SER,155,55.99,90.62
Q9UHY1,NRBP1,LYS,159,34.74,89.12
Q9UHY1,NRBP1,LYS,163,128.08,89.12
Q9UHY1,NRBP1,LYS,164,137.35,89.31
Q9UHY1,NRBP1,THR,165,15.59,89.62
Q9UHY1,NRBP1,LYS,166,88.0,87.38
Q9UHY1,NRBP1,LYS,167,171.22,88.12
Q9UHY1,NRBP1,LYS,170,136.37,82.75
Q9UHY1,NRBP1,THR,171,123.5,83.06
Q9UHY1,NRBP1,LYS,175,162.75,88.0
Q9UHY1,NRBP1,LYS,178,43.73,92.44
Q9UHY1,NRBP1,THR,182,18.6,93.38
Q9UHY1,NRBP1,SER,186,21.81,93.06
Q9UHY1,NRBP1,SER,189,26.66,93.44
Q9UHY1,NRBP1,TYR,190,52.65,91.31
Q9UHY1,NRBP1,SER,193,57.49,88.94
Q9UHY1,NRBP1,CYS,194,32.18,85.12
Q9UHY1,NRBP1,LYS,217,23.53,92.5
Q9UHY1,NRBP1,SER,220,15.12,66.19
Q9UHY1,NRBP1,THR,225,40.54,52.53
Q9UHY1,NRBP1,LYS,231,95.35,49.34
Q9UHY1,NRBP1,THR,232,43.82,52.81
Q9UHY1,NRBP1,CYS,233,45.31,50.66
Q9UHY1,NRBP1,LYS,238,146.49,56.16
Q9UHY1,NRBP1,TYR,247,71.42,68.25
Q9UHY1,NRBP1,THR,251,98.46,57.75
Q9UHY1,NRBP1,THR,254,68.71,85.0
Q9UHY1,NRBP1,THR,255,37.43,89.88
Q9UHY1,NRBP1,TYR,260,11.09,95.44
Q9UHY1,NRBP1,SER,280,58.92,54.03
Q9UHY1,NRBP1,SER,281,54.78,64.06
Q9UHY1,NRBP1,TYR,282,127.42,70.06
Q9UHY1,NRBP1,SER,289,45.44,92.06
Q9UHY1,NRBP1,SER,290,59.15,92.44
Q9UHY1,NRBP1,LYS,306,73.56,97.06
Q9UHY1,NRBP1,SER,310,85.56,89.31
Q9UHY1,NRBP1,THR,317,77.66,95.88
Q9UHY1,NRBP1,SER,332,64.72,81.81
Q9UHY1,NRBP1,LYS,334,83.4,83.94
Q9UHY1,NRBP1,CYS,340,67.22,87.44
Q9UHY1,NRBP1,THR,357,70.61,71.31
Q9UHY1,NRBP1,LYS,358,156.61,70.56
Q9UHY1,NRBP1,THR,362,87.52,77.0
Q9UHY1,NRBP1,SER,363,75.26,80.94
Q9UHY1,NRBP1,THR,380,52.69,81.0
Q9UHY1,NRBP1,TYR,382,74.34,78.38
Q9UHY1,NRBP1,SER,383,72.88,75.0
Q9UHY1,NRBP1,SER,385,55.47,66.06
Q9UHY1,NRBP1,LYS,392,122.55,84.25
Q9UHY1,NRBP1,TYR,402,88.6,77.25
Q9UHY1,NRBP1,THR,405,28.34,62.94
Q9UHY1,NRBP1,THR,421,89.43,26.98
Q9UHY1,NRBP1,SER,422,84.37,27.98
Q9UHY1,NRBP1,SER,428,88.6,31.34
Q9UHY1,NRBP1,LYS,430,200.99,34.72
Q9UHY1,NRBP1,THR,431,125.09,35.41
Q9UHY1,NRBP1,THR,433,130.41,33.94
Q9UHY1,NRBP1,THR,441,112.4,86.75
Q9UHY1,NRBP1,LYS,443,120.54,89.56
Q9UHY1,NRBP1,CYS,449,23.81,92.44
Q9UHY1,NRBP1,SER,453,62.27,77.94
Q9UHY1,NRBP1,LYS,459,82.93,69.56
Q9UHY1,NRBP1,THR,463,27.61,90.62
Q9UHY1,NRBP1,LYS,467,84.38,90.25
Q9UHY1,NRBP1,LYS,471,161.39,82.06
Q9UHY1,NRBP1,SER,477,70.24,89.69
Q9UHY1,NRBP1,CYS,478,47.5,88.0
Q9UHY1,NRBP1,SER,505,83.77,91.75
Q9UHY1,NRBP1,THR,508,25.05,92.81
Q9UHY1,NRBP1,SER,509,68.02,92.06
Q9UHY1,NRBP1,THR,514,22.76,87.81
Q9UHY1,NRBP1,LYS,517,131.08,84.06
Q9UHY1,NRBP1,SER,524,59.79,58.06
Q9UHY1,NRBP1,THR,525,94.15,52.97
Q9UHY1,NRBP1,SER,528,86.08,40.5
Q9UHY1,NRBP1,THR,532,111.26,30.33
Q9UHY1,NRBP1,SER,534,102.2,32.81
Q9UHY1,NRBP1,SER,535,184.1,33.25
Q9UIR0,BTNL2,TYR,7,194.64,40.62
Q9UIR0,BTNL2,SER,10,86.01,59.19
Q9UIR0,BTNL2,SER,15,56.69,60.59
Q9UIR0,BTNL2,THR,22,98.35,46.31
Q9UIR0,BTNL2,LYS,24,186.06,45.66
Q9UIR0,BTNL2,SER,26,63.57,51.09
Q9UIR0,BTNL2,THR,49,53.88,94.88
Q9UIR0,BTNL2,LYS,55,126.85,89.69
Q9UIR0,BTNL2,THR,57,75.3,81.75
Q9UIR0,BTNL2,TYR,66,16.11,95.06
Q9UIR0,BTNL2,SER,68,111.84,85.44
Q9UIR0,BTNL2,SER,71,71.1,86.75
Q9UIR0,BTNL2,THR,72,58.51,89.81
Q9UIR0,BTNL2,THR,84,56.11,86.25
Q9UIR0,BTNL2,TYR,91,11.99,85.69
Q9UIR0,BTNL2,LYS,104,128.99,86.69
Q9UIR0,BTNL2,LYS,110,53.25,96.31
Q9UIR0,BTNL2,SER,117,80.46,94.12
Q9UIR0,BTNL2,TYR,131,101.38,87.06
Q9UIR0,BTNL2,CYS,132,83.41,90.56
Q9UIR0,BTNL2,THR,135,22.3,96.06
Q9UIR0,BTNL2,SER,136,41.69,95.62
Q9UIR0,BTNL2,LYS,140,84.2,97.44
Q9UIR0,BTNL2,SER,146,44.87,94.44
Q9UIR0,BTNL2,SER,149,40.13,94.19
Q9UIR0,BTNL2,SER,158,78.36,67.69
Q9UIR0,BTNL2,THR,165,17.57,95.12
Q9UIR0,BTNL2,TYR,176,44.57,95.06
Q9UIR0,BTNL2,LYS,184,146.37,92.19
Q9UIR0,BTNL2,SER,189,39.12,93.0
Q9UIR0,BTNL2,LYS,196,178.0,86.81
Q9UIR0,BTNL2,TYR,201,14.61,94.94
Q9UIR0,BTNL2,THR,205,10.53,94.25
Q9UIR0,BTNL2,SER,212,95.2,62.28
Q9UIR0,BTNL2,SER,215,37.39,89.69
Q9UIR0,BTNL2,SER,217,25.53,95.44
Q9UIR0,BTNL2,THR,226,109.31,92.31
Q9UIR0,BTNL2,LYS,229,62.35,97.44
Q9UIR0,BTNL2,SER,231,31.58,96.12
Q9UIR0,BTNL2,SER,234,39.44,90.31
Q9UIR0,BTNL2,LYS,238,35.09,85.5
Q9UIR0,BTNL2,THR,241,22.31,82.12
Q9UIR0,BTNL2,SER,245,90.06,83.31
Q9UIR0,BTNL2,LYS,247,129.71,91.0
Q9UIR0,BTNL2,SER,252,117.76,92.19
Q9UIR0,BTNL2,THR,266,40.15,97.56
Q9UIR0,BTNL2,TYR,268,87.52,96.81
Q9UIR0,BTNL2,SER,270,51.46,94.38
Q9UIR0,BTNL2,LYS,272,142.47,95.19
Q9UIR0,BTNL2,SER,277,88.29,90.88
Q9UIR0,BTNL2,SER,285,78.38,84.25
Q9UIR0,BTNL2,TYR,288,40.18,87.25
Q9UIR0,BTNL2,TYR,294,12.08,94.31
Q9UIR0,BTNL2,THR,312,23.53,96.0
Q9UIR0,BTNL2,SER,316,44.05,93.25
Q9UIR0,BTNL2,THR,325,16.37,97.38
Q9UIR0,BTNL2,SER,330,60.92,97.06
Q9UIR0,BTNL2,SER,334,81.45,95.62
Q9UIR0,BTNL2,LYS,345,56.22,88.06
Q9UIR0,BTNL2,SER,353,60.9,94.06
Q9UIR0,BTNL2,LYS,357,76.72,96.44
Q9UIR0,BTNL2,SER,360,16.79,95.06
Q9UIR0,BTNL2,SER,363,57.51,95.19
Q9UIR0,BTNL2,SER,364,76.69,95.94
Q9UIR0,BTNL2,THR,368,53.22,92.12
Q9UIR0,BTNL2,SER,382,24.19,96.75
Q9UIR0,BTNL2,LYS,400,150.47,88.69
Q9UIR0,BTNL2,THR,401,85.8,91.25
Q9UIR0,BTNL2,SER,404,41.06,91.0
Q9UIR0,BTNL2,SER,405,60.21,89.94
Q9UIR0,BTNL2,SER,406,55.23,92.06
Q9UIR0,BTNL2,THR,410,77.31,96.06
Q9UIR0,BTNL2,SER,413,117.0,84.19
Q9UIR0,BTNL2,THR,426,104.18,73.0
Q9UIR0,BTNL2,SER,429,55.78,59.28
Q9UIR0,BTNL2,THR,434,23.94,93.94
Q9UIR0,BTNL2,SER,438,21.63,94.62
Q9UIR0,BTNL2,LYS,446,63.77,94.94
Q9UIR0,BTNL2,THR,449,83.78,92.44
Q9UIR0,BTNL2,SER,451,37.95,83.69
Q9UIR0,BTNL2,SER,453,53.68,64.44
Q9UIR0,BTNL2,SER,455,34.66,52.0
Q9UIR0,BTNL2,THR,458,90.68,46.03
Q9UIR0,BTNL2,LYS,462,134.03,45.66
Q9UIR0,BTNL2,THR,463,58.33,54.53
Q9UIR0,BTNL2,LYS,480,204.84,40.91
Q9UIR0,BTNL2,SER,482,172.89,47.25
Q9UJM3,ERRFI1,SER,2,116.28,52.47
Q9UJM3,ERRFI1,LYS,16,195.01,54.69
Q9UJM3,ERRFI1,THR,17,136.1,41.97
Q9UJM3,ERRFI1,LYS,31,174.91,38.94
Q9UJM3,ERRFI1,THR,32,117.95,40.38
Q9UJM3,ERRFI1,TYR,33,195.36,38.53
Q9UJM3,ERRFI1,SER,35,99.37,38.34
Q9UJM3,ERRFI1,SER,36,105.82,38.66
Q9UJM3,ERRFI1,SER,38,87.99,41.53
Q9UJM3,ERRFI1,LYS,41,181.7,40.03
Q9UJM3,ERRFI1,THR,51,118.09,50.66
Q9UJM3,ERRFI1,TYR,54,192.89,45.0
Q9UJM3,ERRFI1,SER,55,106.21,45.31
Q9UJM3,ERRFI1,SER,58,110.09,37.94
Q9UJM3,ERRFI1,SER,59,101.61,42.53
Q9UJM3,ERRFI1,SER,71,101.6,44.31
Q9UJM3,ERRFI1,LYS,72,211.66,45.81
Q9UJM3,ERRFI1,SER,73,109.3,37.69
Q9UJM3,ERRFI1,CYS,80,116.8,45.78
Q9UJM3,ERRFI1,SER,87,121.68,42.72
Q9UJM3,ERRFI1,LYS,89,209.14,40.25
Q9UJM3,ERRFI1,SER,90,111.02,41.5
Q9UJM3,ERRFI1,SER,91,108.37,43.28
Q9UJM3,ERRFI1,SER,100,109.64,40.72
Q9UJM3,ERRFI1,CYS,113,116.56,44.56
Q9UJM3,ERRFI1,LYS,116,177.44,55.38
Q9UJM3,ERRFI1,LYS,117,194.76,52.66
Q9UJM3,ERRFI1,THR,119,113.62,41.19
Q9UJM3,ERRFI1,CYS,124,122.56,39.56
Q9UJM3,ERRFI1,SER,126,105.47,45.66
Q9UJM3,ERRFI1,THR,127,120.01,50.88
Q9UJM3,ERRFI1,THR,131,116.48,57.0
Q9UJM3,ERRFI1,LYS,134,198.42,47.69
Q9UJM3,ERRFI1,SER,136,109.09,40.59
Q9UJM3,ERRFI1,SER,138,100.94,46.09
Q9UJM3,ERRFI1,CYS,142,132.61,40.0
Q9UJM3,ERRFI1,CYS,146,117.56,48.03
Q9UJM3,ERRFI1,SER,150,109.77,58.84
Q9UJM3,ERRFI1,SER,159,109.12,56.84
Q9UJM3,ERRFI1,SER,163,113.88,45.09
Q9UJM3,ERRFI1,THR,167,119.85,56.53
Q9UJM3,ERRFI1,CYS,169,120.82,64.19
Q9UJM3,ERRFI1,THR,175,110.89,52.28
Q9UJM3,ERRFI1,SER,176,101.59,49.72
Q9UJM3,ERRFI1,SER,177,101.38,51.47
Q9UJM3,ERRFI1,THR,179,95.1,56.59
Q9UJM3,ERRFI1,SER,186,108.79,42.56
Q9UJM3,ERRFI1,THR,187,137.03,35.59
Q9UJM3,ERRFI1,SER,189,98.1,42.75
Q9UJM3,ERRFI1,LYS,192,186.23,48.44
Q9UJM3,ERRFI1,TYR,193,214.33,39.44
Q9UJM3,ERRFI1,SER,200,104.92,43.84
Q9UJM3,ERRFI1,CYS,204,127.44,57.5
Q9UJM3,ERRFI1,TYR,209,192.04,72.81
Q9UJM3,ERRFI1,TYR,211,181.07,65.31
Q9UJM3,ERRFI1,THR,214,103.63,64.44
Q9UJM3,ERRFI1,SER,218,95.13,38.94
Q9UJM3,ERRFI1,SER,223,102.75,33.53
Q9UJM3,ERRFI1,TYR,224,221.17,36.88
Q9UJM3,ERRFI1,SER,226,93.66,37.53
Q9UJM3,ERRFI1,THR,242,131.29,50.41
Q9UJM3,ERRFI1,SER,249,92.15,63.28
Q9UJM3,ERRFI1,SER,251,97.13,57.03
Q9UJM3,ERRFI1,SER,256,100.26,52.25
Q9UJM3,ERRFI1,LYS,259,197.18,60.88
Q9UJM3,ERRFI1,SER,265,94.67,39.06
Q9UJM3,ERRFI1,CYS,267,107.49,30.66
Q9UJM3,ERRFI1,CYS,268,112.01,33.0
Q9UJM3,ERRFI1,SER,273,107.91,41.22
Q9UJM3,ERRFI1,SER,276,89.32,50.72
Q9UJM3,ERRFI1,LYS,280,171.37,64.0
Q9UJM3,ERRFI1,LYS,295,169.04,62.06
Q9UJM3,ERRFI1,TYR,298,207.91,53.56
Q9UJM3,ERRFI1,SER,302,79.84,49.31
Q9UJM3,ERRFI1,THR,306,120.4,50.56
Q9UJM3,ERRFI1,SER,307,112.72,47.09
Q9UJM3,ERRFI1,SER,308,111.16,53.25
Q9UJM3,ERRFI1,THR,309,124.67,54.28
Q9UJM3,ERRFI1,TYR,310,210.87,52.06
Q9UJM3,ERRFI1,SER,311,108.89,55.62
Q9UJM3,ERRFI1,LYS,318,157.36,68.81
Q9UJM3,ERRFI1,SER,326,96.35,54.22
Q9UJM3,ERRFI1,SER,328,116.13,54.41
Q9UJM3,ERRFI1,SER,330,81.94,55.38
Q9UJM3,ERRFI1,THR,332,95.98,57.09
Q9UJM3,ERRFI1,SER,334,54.61,57.03
Q9UJM3,ERRFI1,LYS,336,172.85,67.44
Q9UJM3,ERRFI1,SER,337,107.82,81.12
Q9UJM3,ERRFI1,SER,340,117.82,90.62
Q9UJM3,ERRFI1,TYR,341,76.07,95.5
Q9UJM3,ERRFI1,THR,349,114.97,95.75
Q9UJM3,ERRFI1,SER,351,95.3,95.38
Q9UJM3,ERRFI1,LYS,357,175.18,93.88
Q9UJM3,ERRFI1,TYR,358,141.27,95.06
Q9UJM3,ERRFI1,SER,360,70.12,87.94
Q9UJM3,ERRFI1,SER,361,86.13,81.81
Q9UJM3,ERRFI1,LYS,362,156.14,72.75
Q9UJM3,ERRFI1,SER,369,42.78,53.91
Q9UJM3,ERRFI1,SER,372,34.01,51.72
Q9UJM3,ERRFI1,SER,374,89.95,54.47
Q9UJM3,ERRFI1,LYS,375,148.08,67.12
Q9UJM3,ERRFI1,CYS,378,13.19,91.75
Q9UJM3,ERRFI1,LYS,387,148.44,94.12
Q9UJM3,ERRFI1,LYS,388,107.8,95.06
Q9UJM3,ERRFI1,SER,390,19.86,96.12
Q9UJM3,ERRFI1,SER,391,71.74,95.12
Q9UJM3,ERRFI1,THR,392,106.31,96.56
Q9UJM3,ERRFI1,TYR,394,99.8,97.69
Q9UJM3,ERRFI1,TYR,395,124.65,96.38
Q9UJM3,ERRFI1,TYR,403,118.24,91.56
Q9UJM3,ERRFI1,LYS,406,117.75,92.31
Q9UJM3,ERRFI1,TYR,407,89.79,89.69
Q9UJM3,ERRFI1,LYS,409,130.85,89.06
Q9UJM3,ERRFI1,THR,417,105.66,67.56
Q9UJM3,ERRFI1,CYS,430,140.06,37.56
Q9UJM3,ERRFI1,SER,433,101.65,41.19
Q9UJM3,ERRFI1,SER,434,102.31,42.56
Q9UJM3,ERRFI1,THR,436,120.25,45.0
Q9UJM3,ERRFI1,LYS,438,161.6,39.75
Q9UJM3,ERRFI1,SER,441,121.01,52.12
Q9UJM3,ERRFI1,LYS,442,204.36,45.38
Q9UJM3,ERRFI1,THR,443,147.41,52.72
Q9UJM3,ERRFI1,LYS,444,179.03,45.59
Q9UJM3,ERRFI1,LYS,452,194.44,49.12
Q9UJM3,ERRFI1,LYS,454,201.96,54.31
Q9UJM3,ERRFI1,SER,457,101.9,52.38
Q9UJM3,ERRFI1,TYR,458,190.22,55.84
Q9UJM3,ERRFI1,SER,461,91.67,47.0
Q9UL54,TAOK2,SER,9,37.66,77.06
Q9UL54,TAOK2,LYS,11,189.35,76.19
Q9UL54,TAOK2,LYS,21,199.85,91.44
Q9UL54,TAOK2,LYS,26,152.55,94.0
Q9UL54,TAOK2,SER,29,47.83,94.75
Q9UL54,TAOK2,SER,38,92.98,72.0
Q9UL54,TAOK2,TYR,43,49.31,95.88
Q9UL54,TAOK2,SER,51,85.03,90.88
Q9UL54,TAOK2,LYS,57,17.68,95.62
Q9UL54,TAOK2,LYS,58,42.52,94.88
Q9UL54,TAOK2,SER,60,38.98,91.44
Q9UL54,TAOK2,TYR,61,10.28,90.75
Q9UL54,TAOK2,SER,62,52.25,86.31
Q9UL54,TAOK2,LYS,64,214.92,80.38
Q9UL54,TAOK2,SER,66,30.6,87.0
Q9UL54,TAOK2,LYS,69,59.79,87.94
Q9UL54,TAOK2,LYS,75,68.39,90.0
Q9UL54,TAOK2,LYS,82,109.67,93.25
Q9UL54,TAOK2,TYR,91,46.72,96.31
Q9UL54,TAOK2,THR,100,31.2,93.44
Q9UL54,TAOK2,TYR,107,22.31,95.69
Q9UL54,TAOK2,CYS,108,10.2,95.62
Q9UL54,TAOK2,SER,111,10.12,96.31
Q9UL54,TAOK2,SER,113,32.95,95.31
Q9UL54,TAOK2,LYS,120,81.02,92.0
Q9UL54,TAOK2,LYS,121,139.95,92.62
Q9UL54,TAOK2,TYR,141,31.05,98.19
Q9UL54,TAOK2,SER,144,85.46,96.81
Q9UL54,TAOK2,LYS,153,35.42,97.38
Q9UL54,TAOK2,LYS,166,10.59,98.25
Q9UL54,TAOK2,SER,172,21.02,88.94
Q9UL54,TAOK2,SER,174,14.98,92.38
Q9UL54,TAOK2,SER,181,44.37,85.0
Q9UL54,TAOK2,THR,185,34.37,90.69
Q9UL54,TAOK2,TYR,187,39.21,96.19
Q9UL54,TAOK2,LYS,205,30.45,97.88
Q9UL54,TAOK2,LYS,222,104.63,94.06
Q9UL54,TAOK2,SER,232,38.41,87.38
Q9UL54,TAOK2,TYR,235,112.81,87.75
Q9UL54,TAOK2,SER,242,35.44,94.38
Q9UL54,TAOK2,SER,247,45.14,87.81
Q9UL54,TAOK2,SER,251,33.54,96.0
Q9UL54,TAOK2,TYR,253,86.0,96.5
Q9UL54,TAOK2,SER,260,24.7,97.69
Q9UL54,TAOK2,LYS,264,63.04,94.5
Q9UL54,TAOK2,THR,271,57.59,98.19
Q9UL54,TAOK2,LYS,277,132.41,97.19
Q9UL54,TAOK2,THR,288,61.44,95.06
Q9UL54,TAOK2,LYS,298,18.68,94.0
Q9UL54,TAOK2,TYR,309,82.87,84.62
Q9UL54,TAOK2,LYS,311,86.44,84.31
Q9UL54,TAOK2,LYS,313,86.7,90.88
Q9UL54,TAOK2,LYS,314,33.0,90.81
Q9UL54,TAOK2,TYR,338,190.54,29.84
Q9UL54,TAOK2,THR,344,127.92,30.58
Q9UL54,TAOK2,THR,346,124.89,27.5
Q9UL54,TAOK2,SER,347,100.79,32.56
Q9UL54,TAOK2,SER,350,105.21,34.72
Q9UL54,TAOK2,SER,351,81.11,32.75
Q9UL54,TAOK2,SER,353,117.35,33.59
Q9UL54,TAOK2,SER,356,110.21,29.02
Q9UL54,TAOK2,SER,358,82.18,28.64
Q9UL54,TAOK2,SER,360,38.47,28.17
Q9UL54,TAOK2,SER,362,52.98,28.19
Q9UL54,TAOK2,SER,363,73.28,29.25
Q9UL54,TAOK2,SER,365,73.75,27.97
Q9UL54,TAOK2,SER,366,81.43,31.22
Q9UL54,TAOK2,SER,367,103.62,29.42
Q9UL54,TAOK2,SER,370,66.73,32.69
Q9UL54,TAOK2,SER,375,101.58,31.06
Q9UL54,TAOK2,THR,408,111.61,33.62
Q9UL54,TAOK2,THR,410,120.27,28.31
Q9UL54,TAOK2,SER,411,112.76,34.91
Q9UL54,TAOK2,SER,413,105.41,32.56
Q9UL54,TAOK2,SER,414,94.67,30.14
Q9UL54,TAOK2,SER,422,101.13,33.69
Q9UL54,TAOK2,TYR,426,185.31,38.91
Q9UL54,TAOK2,TYR,430,205.12,41.84
Q9UL54,TAOK2,THR,435,122.98,33.06
Q9UL54,TAOK2,SER,437,113.74,35.53
Q9UL54,TAOK2,THR,448,130.12,38.16
Q9UL54,TAOK2,SER,449,103.79,39.69
Q9UL54,TAOK2,THR,450,121.19,36.44
Q9UL54,TAOK2,THR,451,123.6,35.5
Q9UL54,TAOK2,SER,452,94.83,34.53
Q9UL54,TAOK2,SER,453,106.46,36.0
Q9UL54,TAOK2,TYR,459,199.2,33.69
Q9UL54,TAOK2,CYS,460,115.79,35.47
Q9UL54,TAOK2,THR,468,120.7,49.09
Q9UL54,TAOK2,THR,471,93.33,65.44
Q9UL54,TAOK2,SER,473,76.03,71.94
Q9UL54,TAOK2,SER,476,65.86,73.94
Q9UL54,TAOK2,SER,486,52.09,66.88
Q9UL54,TAOK2,SER,493,64.47,73.38
Q9UL54,TAOK2,TYR,495,60.91,76.44
Q9UL54,TAOK2,LYS,496,105.02,74.81
Q9UL54,TAOK2,LYS,504,157.5,90.88
Q9UL54,TAOK2,SER,511,72.63,90.5
Q9UL54,TAOK2,SER,521,66.74,91.38
Q9UL54,TAOK2,LYS,541,153.44,94.06
Q9UL54,TAOK2,LYS,552,134.26,93.88
Q9UL54,TAOK2,LYS,563,121.82,90.88
Q9UL54,TAOK2,LYS,573,148.53,93.06
Q9UL54,TAOK2,LYS,574,159.91,94.31
Q9UL54,TAOK2,LYS,584,130.71,90.19
Q9UL54,TAOK2,THR,586,80.71,88.44
Q9UL54,TAOK2,TYR,587,84.09,88.12
Q9UL54,TAOK2,LYS,588,139.89,89.44
Q9UL54,TAOK2,LYS,591,107.24,86.44
Q9UL54,TAOK2,LYS,595,99.4,82.69
Q9UL54,TAOK2,SER,603,103.02,67.38
Q9UL54,TAOK2,THR,604,54.24,66.19
Q9UL54,TAOK2,LYS,606,193.47,76.62
Q9UL54,TAOK2,LYS,609,43.36,80.62
Q9UL54,TAOK2,LYS,617,102.09,87.75
Q9UL54,TAOK2,CYS,623,73.22,90.31
Q9UL54,TAOK2,TYR,638,92.0,93.19
Q9UL54,TAOK2,CYS,643,21.05,88.94
Q9UL54,TAOK2,TYR,646,34.82,89.75
Q9UL54,TAOK2,LYS,647,113.02,89.62
Q9UL54,TAOK2,LYS,649,151.8,92.12
Q9UL54,TAOK2,SER,656,53.91,94.81
Q9UL54,TAOK2,LYS,668,84.18,90.88
Q9UL54,TAOK2,LYS,669,107.74,91.44
Q9UL54,TAOK2,THR,671,68.94,91.06
Q9UL54,TAOK2,LYS,673,128.19,89.44
Q9UL54,TAOK2,CYS,677,74.1,90.25
Q9UL54,TAOK2,THR,687,42.61,93.62
Q9UL54,TAOK2,THR,701,35.72,91.69
Q9UL54,TAOK2,THR,706,93.58,88.19
Q9UL54,TAOK2,THR,712,56.94,85.25
Q9UL54,TAOK2,TYR,720,117.54,77.0
Q9UL54,TAOK2,LYS,722,133.66,87.25
Q9UL54,TAOK2,LYS,731,105.13,80.69
Q9UL54,TAOK2,LYS,741,178.5,55.44
Q9UL54,TAOK2,SER,742,77.43,55.03
Q9UL54,TAOK2,LYS,744,101.77,52.53
Q9UL54,TAOK2,THR,767,143.44,38.0
Q9UL54,TAOK2,THR,769,133.0,40.03
Q9UL54,TAOK2,CYS,776,128.23,29.55
Q9UL54,TAOK2,SER,777,99.36,33.34
Q9UL54,TAOK2,LYS,804,172.99,33.16
Q9UL54,TAOK2,THR,808,121.46,27.41
Q9UL54,TAOK2,LYS,812,203.54,31.17
Q9UL54,TAOK2,SER,821,113.91,35.19
Q9UL54,TAOK2,SER,825,101.35,38.12
Q9UL54,TAOK2,SER,827,98.91,28.77
Q9UL54,TAOK2,LYS,830,181.94,32.78
Q9UL54,TAOK2,SER,833,109.74,26.34
Q9UL54,TAOK2,SER,853,98.02,29.02
Q9UL54,TAOK2,SER,860,94.65,30.81
Q9UL54,TAOK2,THR,869,141.2,29.62
Q9UL54,TAOK2,SER,871,108.75,29.47
Q9UL54,TAOK2,LYS,875,134.07,27.98
Q9UL54,TAOK2,SER,879,99.24,24.47
Q9UL54,TAOK2,THR,896,114.86,34.53
Q9UL54,TAOK2,THR,913,142.01,37.25
Q9UL54,TAOK2,CYS,921,133.55,39.31
Q9UL54,TAOK2,SER,923,102.95,37.56
Q9UL54,TAOK2,THR,933,125.04,35.03
Q9UL54,TAOK2,CYS,938,104.89,30.08
Q9UL54,TAOK2,SER,941,105.52,33.69
Q9UL54,TAOK2,SER,948,41.69,63.75
Q9UL54,TAOK2,SER,961,61.97,65.88
Q9UL54,TAOK2,SER,962,32.8,63.91
Q9UL54,TAOK2,SER,963,101.4,60.94
Q9UL54,TAOK2,SER,1002,38.54,77.88
Q9UL54,TAOK2,TYR,1003,95.11,79.5
Q9UL54,TAOK2,CYS,1007,38.98,75.06
Q9UL54,TAOK2,THR,1008,96.25,77.38
Q9UL54,TAOK2,SER,1014,61.76,74.75
Q9UL54,TAOK2,SER,1015,81.75,78.88
Q9UL54,TAOK2,THR,1024,94.43,75.69
Q9UL54,TAOK2,SER,1082,24.08,55.94
Q9UL54,TAOK2,SER,1093,58.73,75.0
Q9UL54,TAOK2,CYS,1103,105.66,54.47
Q9UL54,TAOK2,TYR,1115,107.21,52.88
Q9UL54,TAOK2,LYS,1117,205.29,43.75
Q9UL54,TAOK2,THR,1118,111.34,41.31
Q9UL54,TAOK2,LYS,1120,200.21,34.34
Q9UL54,TAOK2,SER,1125,89.05,37.41
Q9UL54,TAOK2,THR,1139,123.76,36.69
Q9UL54,TAOK2,THR,1140,131.49,39.56
Q9UL54,TAOK2,CYS,1154,61.55,64.88
Q9UL54,TAOK2,LYS,1155,112.22,65.69
Q9UL54,TAOK2,SER,1165,64.58,62.69
Q9UL54,TAOK2,SER,1170,90.62,68.81
Q9UL54,TAOK2,THR,1179,50.9,71.88
Q9UL54,TAOK2,SER,1182,92.69,71.12
Q9UL54,TAOK2,THR,1192,99.16,38.53
Q9UL54,TAOK2,SER,1201,76.64,47.31
Q9UL54,TAOK2,SER,1210,100.75,32.44
Q9UL54,TAOK2,THR,1217,129.93,35.88
Q9UL54,TAOK2,SER,1223,90.11,34.31
Q9UL54,TAOK2,THR,1225,138.73,35.41
Q9UL54,TAOK2,SER,1228,104.91,32.38
Q9UN73,PCDHA6,THR,4,123.24,38.03
Q9UN73,PCDHA6,LYS,11,195.53,39.91
Q9UN73,PCDHA6,CYS,13,123.58,41.62
Q9UN73,PCDHA6,LYS,25,187.67,38.59
Q9UN73,PCDHA6,SER,28,116.7,41.62
Q9UN73,PCDHA6,TYR,33,25.13,91.94
Q9UN73,PCDHA6,SER,34,38.42,91.38
Q9UN73,PCDHA6,LYS,40,174.49,89.38
Q9UN73,PCDHA6,THR,43,42.83,90.94
Q9UN73,PCDHA6,SER,68,22.1,80.56
Q9UN73,PCDHA6,LYS,69,159.73,67.19
Q9UN73,PCDHA6,SER,88,43.17,88.31
Q9UN73,PCDHA6,CYS,96,37.13,88.56
Q9UN73,PCDHA6,SER,99,53.23,87.19
Q9UN73,PCDHA6,SER,103,73.31,89.12
Q9UN73,PCDHA6,TYR,143,125.84,94.0
Q9UN73,PCDHA6,SER,145,74.06,93.0
Q9UN73,PCDHA6,SER,150,14.43,93.19
Q9UN73,PCDHA6,SER,158,61.68,89.19
Q9UN73,PCDHA6,SER,164,72.02,86.44
Q9UN73,PCDHA6,SER,166,36.75,86.44
Q9UN73,PCDHA6,THR,169,78.45,90.69
Q9UN73,PCDHA6,TYR,170,31.68,92.06
Q9UN73,PCDHA6,LYS,171,154.1,92.44
Q9UN73,PCDHA6,SER,173,37.69,93.0
Q9UN73,PCDHA6,SER,174,119.85,90.31
Q9UN73,PCDHA6,SER,175,28.97,90.0
Q9UN73,PCDHA6,TYR,177,54.94,92.75
Q9UN73,PCDHA6,LYS,183,116.1,82.62
Q9UN73,PCDHA6,SER,186,119.06,58.78
Q9UN73,PCDHA6,LYS,190,68.62,73.62
Q9UN73,PCDHA6,LYS,197,106.75,92.88
Q9UN73,PCDHA6,LYS,198,101.09,92.12
Q9UN73,PCDHA6,SER,199,69.56,93.44
Q9UN73,PCDHA6,THR,213,35.24,94.06
Q9UN73,PCDHA6,THR,215,27.26,93.06
Q9UN73,PCDHA6,LYS,219,194.42,86.38
Q9UN73,PCDHA6,THR,223,76.26,93.62
Q9UN73,PCDHA6,THR,225,91.65,94.19
Q9UN73,PCDHA6,THR,231,47.7,95.56
Q9UN73,PCDHA6,THR,241,82.3,95.06
Q9UN73,PCDHA6,SER,245,94.55,93.25
Q9UN73,PCDHA6,TYR,247,28.56,95.75
Q9UN73,PCDHA6,THR,259,55.05,93.56
Q9UN73,PCDHA6,THR,260,66.46,94.69
Q9UN73,PCDHA6,SER,267,70.53,94.25
Q9UN73,PCDHA6,SER,278,15.02,95.75
Q9UN73,PCDHA6,TYR,279,14.26,96.38
Q9UN73,PCDHA6,SER,280,42.59,95.56
Q9UN73,PCDHA6,SER,283,113.15,89.75
Q9UN73,PCDHA6,SER,294,35.54,95.19
Q9UN73,PCDHA6,THR,299,58.05,93.62
Q9UN73,PCDHA6,LYS,317,134.72,94.25
Q9UN73,PCDHA6,THR,323,36.79,95.69
Q9UN73,PCDHA6,LYS,325,107.41,93.06
Q9UN73,PCDHA6,THR,335,18.39,95.94
Q9UN73,PCDHA6,LYS,343,110.84,93.0
Q9UN73,PCDHA6,THR,353,88.26,81.06
Q9UN73,PCDHA6,SER,354,52.18,82.75
Q9UN73,PCDHA6,SER,356,64.44,81.38
Q9UN73,PCDHA6,THR,367,55.27,90.06
Q9UN73,PCDHA6,SER,373,19.99,92.12
Q9UN73,PCDHA6,SER,379,49.34,91.94
Q9UN73,PCDHA6,CYS,387,16.35,92.81
Q9UN73,PCDHA6,SER,388,65.8,93.06
Q9UN73,PCDHA6,THR,390,45.74,90.44
Q9UN73,PCDHA6,LYS,396,88.83,93.12
Q9UN73,PCDHA6,SER,399,71.11,90.75
Q9UN73,PCDHA6,THR,400,89.33,83.62
Q9UN73,PCDHA6,LYS,402,162.96,79.44
Q9UN73,PCDHA6,TYR,404,113.46,89.62
Q9UN73,PCDHA6,TYR,405,24.32,91.06
Q9UN73,PCDHA6,SER,411,50.42,91.81
Q9UN73,PCDHA6,SER,417,81.0,93.31
Q9UN73,PCDHA6,SER,419,64.59,92.94
Q9UN73,PCDHA6,TYR,421,36.79,92.5
Q9UN73,PCDHA6,THR,426,44.87,94.5
Q9UN73,PCDHA6,SER,432,112.68,89.69
Q9UN73,PCDHA6,SER,434,23.52,93.44
Q9UN73,PCDHA6,THR,438,83.01,94.75
Q9UN73,PCDHA6,SER,440,86.32,91.56
Q9UN73,PCDHA6,SER,442,49.63,91.31
Q9UN73,PCDHA6,TYR,460,30.56,94.12
Q9UN73,PCDHA6,THR,461,80.06,94.5
Q9UN73,PCDHA6,LYS,465,125.23,92.38
Q9UN73,PCDHA6,CYS,472,27.08,92.12
Q9UN73,PCDHA6,THR,476,57.0,94.94
Q9UN73,PCDHA6,SER,478,63.84,94.25
Q9UN73,PCDHA6,SER,491,53.63,95.94
Q9UN73,PCDHA6,TYR,492,17.24,96.06
Q9UN73,PCDHA6,SER,493,49.05,95.06
Q9UN73,PCDHA6,SER,505,57.59,88.88
Q9UN73,PCDHA6,SER,506,43.95,89.81
Q9UN73,PCDHA6,TYR,507,12.89,90.38
Q9UN73,PCDHA6,SER,509,37.97,93.75
Q9UN73,PCDHA6,SER,514,43.7,93.5
Q9UN73,PCDHA6,LYS,516,85.99,95.38
Q9UN73,PCDHA6,TYR,518,63.92,94.69
Q9UN73,PCDHA6,SER,547,33.96,95.12
Q9UN73,PCDHA6,THR,550,23.54,94.75
Q9UN73,PCDHA6,THR,573,156.24,37.34
Q9UN73,PCDHA6,SER,578,77.01,69.94
Q9UN73,PCDHA6,SER,584,92.64,70.19
Q9UN73,PCDHA6,LYS,593,98.13,87.62
Q9UN73,PCDHA6,SER,601,44.49,92.12
Q9UN73,PCDHA6,TYR,603,152.94,91.62
Q9UN73,PCDHA6,SER,608,12.06,93.75
Q9UN73,PCDHA6,TYR,609,17.68,93.0
Q9UN73,PCDHA6,SER,616,95.04,53.66
Q9UN73,PCDHA6,SER,617,72.83,55.81
Q9UN73,PCDHA6,TYR,627,127.45,91.12
Q9UN73,PCDHA6,THR,628,70.8,89.88
Q9UN73,PCDHA6,SER,632,10.14,89.31
Q9UN73,PCDHA6,THR,634,64.04,84.75
Q9UN73,PCDHA6,SER,642,54.45,78.31
Q9UN73,PCDHA6,LYS,652,79.65,93.38
Q9UN73,PCDHA6,THR,660,63.95,92.94
Q9UN73,PCDHA6,THR,662,74.24,89.69
Q9UN73,PCDHA6,THR,664,21.17,86.0
Q9UN73,PCDHA6,SER,668,23.85,81.56
Q9UN73,PCDHA6,SER,672,101.29,51.88
Q9UN73,PCDHA6,LYS,677,207.45,30.45
Q9UN73,PCDHA6,SER,679,112.32,33.28
Q9UN73,PCDHA6,SER,680,105.67,30.02
Q9UN73,PCDHA6,SER,683,108.33,33.84
Q9UN73,PCDHA6,TYR,699,136.64,77.94
Q9UN73,PCDHA6,CYS,705,70.79,90.69
Q9UN73,PCDHA6,SER,708,55.1,90.31
Q9UN73,PCDHA6,SER,709,70.5,90.62
Q9UN73,PCDHA6,THR,714,74.86,86.06
Q9UN73,PCDHA6,TYR,718,125.67,83.75
Q9UN73,PCDHA6,THR,719,67.39,82.5
Q9UN73,PCDHA6,CYS,723,113.14,72.62
Q9UN73,PCDHA6,SER,724,88.76,68.75
Q9UN73,PCDHA6,THR,728,142.76,41.91
Q9UN73,PCDHA6,CYS,732,118.73,33.78
Q9UN73,PCDHA6,THR,733,147.14,37.81
Q9UN73,PCDHA6,LYS,736,188.84,34.84
Q9UN73,PCDHA6,THR,738,141.27,34.44
Q9UN73,PCDHA6,CYS,741,108.06,33.91
Q9UN73,PCDHA6,SER,742,111.83,30.86
Q9UN73,PCDHA6,SER,743,110.81,40.47
Q9UN73,PCDHA6,SER,747,114.53,34.34
Q9UN73,PCDHA6,SER,749,103.58,27.81
Q9UN73,PCDHA6,TYR,750,209.98,30.95
Q9UN73,PCDHA6,SER,751,89.15,30.83
Q9UN73,PCDHA6,CYS,759,130.03,30.52
Q9UN73,PCDHA6,SER,760,111.21,28.91
Q9UN73,PCDHA6,LYS,766,199.99,35.59
Q9UN73,PCDHA6,SER,773,106.51,34.97
Q9UN73,PCDHA6,SER,775,113.43,34.56
Q9UN73,PCDHA6,SER,777,102.47,34.41
Q9UN73,PCDHA6,CYS,779,126.23,28.56
Q9UN73,PCDHA6,LYS,785,167.74,30.67
Q9UN73,PCDHA6,LYS,798,194.22,34.81
Q9UN73,PCDHA6,TYR,808,203.28,33.25
Q9UN73,PCDHA6,SER,809,106.94,33.22
Q9UN73,PCDHA6,SER,811,110.08,34.84
Q9UN73,PCDHA6,SER,818,106.54,29.64
Q9UN73,PCDHA6,SER,819,96.47,31.67
Q9UN73,PCDHA6,THR,841,131.17,34.47
Q9UN73,PCDHA6,SER,843,98.3,34.97
Q9UN73,PCDHA6,SER,844,113.36,31.83
Q9UN73,PCDHA6,THR,846,132.79,39.62
Q9UN73,PCDHA6,SER,855,101.43,38.38
Q9UN73,PCDHA6,SER,864,92.74,32.38
Q9UN73,PCDHA6,SER,866,105.08,32.84
Q9UN73,PCDHA6,THR,868,122.24,32.28
Q9UN73,PCDHA6,LYS,870,198.23,35.19
Q9UN73,PCDHA6,TYR,871,227.58,36.81
Q9UN73,PCDHA6,LYS,877,191.13,37.78
Q9UN73,PCDHA6,SER,879,105.84,34.62
Q9UN73,PCDHA6,LYS,887,194.08,37.91
Q9UN73,PCDHA6,SER,893,91.15,37.31
Q9UN73,PCDHA6,SER,898,102.19,35.12
Q9UN73,PCDHA6,THR,904,128.85,35.59
Q9UN73,PCDHA6,SER,906,104.36,37.94
Q9UN73,PCDHA6,LYS,910,189.39,37.03
Q9UN73,PCDHA6,SER,911,101.47,38.44
Q9UN73,PCDHA6,THR,915,110.72,34.81
Q9UN73,PCDHA6,LYS,918,217.09,38.78
Q9UN73,PCDHA6,LYS,919,174.54,37.44
Q9UN73,PCDHA6,THR,922,128.88,34.81
Q9UN73,PCDHA6,LYS,923,209.96,39.38
Q9UN73,PCDHA6,LYS,924,204.39,36.19
Q9UN73,PCDHA6,LYS,925,215.02,40.66
Q9UN73,PCDHA6,LYS,926,196.74,36.0
Q9UN73,PCDHA6,LYS,927,212.11,40.62
Q9UN73,PCDHA6,LYS,928,198.08,37.09
Q9UN73,PCDHA6,LYS,929,177.61,40.34
Q9UN73,PCDHA6,LYS,930,187.29,40.25
Q9UN73,PCDHA6,LYS,933,196.51,37.62
Q9UN73,PCDHA6,THR,934,126.34,39.62
Q9UN73,PCDHA6,LYS,937,208.8,43.41
Q9UN73,PCDHA6,LYS,938,190.91,39.81
Q9UN73,PCDHA6,LYS,940,203.5,39.16
Q9UN73,PCDHA6,SER,943,95.37,40.81
Q9UN73,PCDHA6,THR,944,120.84,41.69
Q9UN73,PCDHA6,THR,945,136.79,47.88
Q9UN73,PCDHA6,SER,948,88.53,42.06
Q9UQ26,RIMS2,SER,2,96.91,39.75
Q9UQ26,RIMS2,SER,18,106.74,33.84
Q9UQ26,RIMS2,SER,30,82.57,78.06
Q9UQ26,RIMS2,THR,33,79.8,84.5
Q9UQ26,RIMS2,LYS,38,151.06,85.12
Q9UQ26,RIMS2,LYS,48,116.45,77.69
Q9UQ26,RIMS2,LYS,49,133.96,74.62
Q9UQ26,RIMS2,LYS,50,120.0,65.19
Q9UQ26,RIMS2,LYS,52,169.73,56.41
Q9UQ26,RIMS2,LYS,56,191.19,35.38
Q9UQ26,RIMS2,THR,60,88.52,32.88
Q9UQ26,RIMS2,SER,66,108.06,38.66
Q9UQ26,RIMS2,THR,69,98.88,42.69
Q9UQ26,RIMS2,LYS,81,199.71,36.28
Q9UQ26,RIMS2,LYS,86,112.63,42.81
Q9UQ26,RIMS2,THR,90,70.28,64.25
Q9UQ26,RIMS2,LYS,91,124.99,72.88
Q9UQ26,RIMS2,TYR,99,109.9,68.81
Q9UQ26,RIMS2,LYS,100,81.24,74.44
Q9UQ26,RIMS2,LYS,104,123.84,77.38
Q9UQ26,RIMS2,LYS,105,128.26,75.81
Q9UQ26,RIMS2,SER,110,39.16,52.38
Q9UQ26,RIMS2,LYS,117,191.32,35.78
Q9UQ26,RIMS2,THR,122,40.49,85.19
Q9UQ26,RIMS2,CYS,126,40.99,88.88
Q9UQ26,RIMS2,LYS,128,199.7,85.31
Q9UQ26,RIMS2,THR,129,48.21,85.19
Q9UQ26,RIMS2,LYS,130,118.42,84.62
Q9UQ26,RIMS2,CYS,135,76.47,70.62
Q9UQ26,RIMS2,SER,140,58.47,90.75
Q9UQ26,RIMS2,TYR,141,101.05,89.88
Q9UQ26,RIMS2,CYS,142,57.1,90.38
Q9UQ26,RIMS2,THR,144,46.93,87.69
Q9UQ26,RIMS2,LYS,145,74.6,90.56
Q9UQ26,RIMS2,CYS,147,12.83,91.81
Q9UQ26,RIMS2,CYS,150,13.44,92.31
Q9UQ26,RIMS2,SER,155,82.8,82.25
Q9UQ26,RIMS2,SER,158,76.76,72.0
Q9UQ26,RIMS2,LYS,160,146.97,79.75
Q9UQ26,RIMS2,LYS,170,114.29,85.5
Q9UQ26,RIMS2,THR,176,96.09,76.75
Q9UQ26,RIMS2,LYS,177,146.21,73.69
Q9UQ26,RIMS2,SER,178,48.13,71.5
Q9UQ26,RIMS2,TYR,183,186.7,54.56
Q9UQ26,RIMS2,SER,185,105.43,31.12
Q9UQ26,RIMS2,SER,187,107.02,30.92
Q9UQ26,RIMS2,THR,189,123.21,31.88
Q9UQ26,RIMS2,LYS,196,176.67,30.69
Q9UQ26,RIMS2,LYS,210,156.83,35.78
Q9UQ26,RIMS2,LYS,211,191.56,32.88
Q9UQ26,RIMS2,LYS,213,184.02,35.66
Q9UQ26,RIMS2,THR,218,99.64,35.44
Q9UQ26,RIMS2,SER,224,111.67,35.97
Q9UQ26,RIMS2,SER,228,92.98,36.0
Q9UQ26,RIMS2,LYS,234,179.43,40.25
Q9UQ26,RIMS2,SER,235,87.35,38.16
Q9UQ26,RIMS2,SER,237,79.29,37.19
Q9UQ26,RIMS2,THR,241,114.46,39.31
Q9UQ26,RIMS2,SER,245,87.12,41.22
Q9UQ26,RIMS2,LYS,247,113.2,42.94
Q9UQ26,RIMS2,SER,250,113.56,39.47
Q9UQ26,RIMS2,LYS,253,159.61,34.38
Q9UQ26,RIMS2,SER,258,98.16,36.41
Q9UQ26,RIMS2,SER,262,73.19,38.06
Q9UQ26,RIMS2,LYS,265,177.18,34.84
Q9UQ26,RIMS2,SER,267,95.93,32.66
Q9UQ26,RIMS2,SER,269,96.98,28.62
Q9UQ26,RIMS2,SER,271,104.59,30.73
Q9UQ26,RIMS2,TYR,278,156.99,30.83
Q9UQ26,RIMS2,TYR,287,188.67,32.5
Q9UQ26,RIMS2,SER,288,75.9,31.3
Q9UQ26,RIMS2,TYR,290,204.43,28.89
Q9UQ26,RIMS2,THR,292,122.95,31.44
Q9UQ26,RIMS2,SER,293,103.23,33.44
Q9UQ26,RIMS2,THR,295,116.95,36.5
Q9UQ26,RIMS2,SER,300,92.95,35.28
Q9UQ26,RIMS2,SER,302,104.04,35.66
Q9UQ26,RIMS2,TYR,304,192.73,39.38
Q9UQ26,RIMS2,SER,309,72.38,30.06
Q9UQ26,RIMS2,TYR,316,191.43,36.31
Q9UQ26,RIMS2,SER,319,79.76,31.22
Q9UQ26,RIMS2,SER,323,96.01,30.64
Q9UQ26,RIMS2,TYR,324,186.28,35.28
Q9UQ26,RIMS2,SER,327,97.3,29.86
Q9UQ26,RIMS2,SER,331,84.37,30.05
Q9UQ26,RIMS2,SER,335,103.63,28.8
Q9UQ26,RIMS2,LYS,336,160.48,29.81
Q9UQ26,RIMS2,TYR,338,202.97,35.22
Q9UQ26,RIMS2,SER,347,63.84,54.0
Q9UQ26,RIMS2,TYR,351,161.02,69.5
Q9UQ26,RIMS2,TYR,360,147.67,65.12
Q9UQ26,RIMS2,SER,362,57.97,69.75
Q9UQ26,RIMS2,TYR,364,110.74,62.78
Q9UQ26,RIMS2,SER,366,87.24,61.28
Q9UQ26,RIMS2,TYR,373,177.93,35.41
Q9UQ26,RIMS2,LYS,376,188.8,47.69
Q9UQ26,RIMS2,TYR,380,63.15,61.69
Q9UQ26,RIMS2,SER,391,50.88,76.19
Q9UQ26,RIMS2,SER,400,49.02,50.5
Q9UQ26,RIMS2,SER,403,85.99,44.31
Q9UQ26,RIMS2,SER,412,87.89,32.53
Q9UQ26,RIMS2,SER,415,86.32,29.97
Q9UQ26,RIMS2,SER,423,93.76,28.62
Q9UQ26,RIMS2,SER,427,101.08,31.86
Q9UQ26,RIMS2,SER,429,92.83,35.09
Q9UQ26,RIMS2,SER,440,85.03,29.94
Q9UQ26,RIMS2,TYR,441,207.7,34.56
Q9UQ26,RIMS2,SER,442,93.22,32.62
Q9UQ26,RIMS2,THR,446,102.13,35.22
Q9UQ26,RIMS2,SER,453,105.17,29.19
Q9UQ26,RIMS2,SER,454,104.37,34.06
Q9UQ26,RIMS2,TYR,455,190.75,25.95
Q9UQ26,RIMS2,THR,459,102.86,29.7
Q9UQ26,RIMS2,THR,460,100.5,29.92
Q9UQ26,RIMS2,SER,463,97.87,29.48
Q9UQ26,RIMS2,THR,466,128.99,37.06
Q9UQ26,RIMS2,SER,470,72.69,38.62
Q9UQ26,RIMS2,THR,482,115.17,37.06
Q9UQ26,RIMS2,SER,484,96.01,31.88
Q9UQ26,RIMS2,LYS,487,166.0,34.66
Q9UQ26,RIMS2,SER,494,78.85,29.06
Q9UQ26,RIMS2,SER,495,103.85,29.86
Q9UQ26,RIMS2,LYS,499,174.59,37.59
Q9UQ26,RIMS2,THR,500,128.04,37.0
Q9UQ26,RIMS2,LYS,501,208.5,40.56
Q9UQ26,RIMS2,LYS,504,209.0,36.59
Q9UQ26,RIMS2,THR,507,99.12,37.53
Q9UQ26,RIMS2,SER,513,88.55,31.77
Q9UQ26,RIMS2,SER,515,92.29,29.14
Q9UQ26,RIMS2,SER,516,97.0,32.25
Q9UQ26,RIMS2,SER,519,94.97,32.84
Q9UQ26,RIMS2,SER,521,94.82,32.88
Q9UQ26,RIMS2,LYS,528,193.19,35.28
Q9UQ26,RIMS2,LYS,531,189.33,34.53
Q9UQ26,RIMS2,SER,532,104.11,42.28
Q9UQ26,RIMS2,LYS,533,172.1,40.5
Q9UQ26,RIMS2,LYS,534,196.32,41.66
Q9UQ26,RIMS2,LYS,537,196.64,38.0
Q9UQ26,RIMS2,SER,542,88.75,35.47
Q9UQ26,RIMS2,SER,544,83.06,33.0
Q9UQ26,RIMS2,SER,545,106.25,30.03
Q9UQ26,RIMS2,SER,546,81.71,33.34
Q9UQ26,RIMS2,SER,552,78.82,30.92
Q9UQ26,RIMS2,THR,553,130.68,33.12
Q9UQ26,RIMS2,TYR,556,201.2,38.22
Q9UQ26,RIMS2,THR,557,121.61,35.66
Q9UQ26,RIMS2,SER,558,85.67,36.78
Q9UQ26,RIMS2,CYS,559,112.79,41.44
Q9UQ26,RIMS2,SER,566,89.4,31.03
Q9UQ26,RIMS2,SER,568,109.54,30.59
Q9UQ26,RIMS2,SER,570,99.2,31.19
Q9UQ26,RIMS2,LYS,572,134.12,33.25
Q9UQ26,RIMS2,SER,575,81.98,29.84
Q9UQ26,RIMS2,LYS,577,185.06,30.14
Q9UQ26,RIMS2,LYS,579,195.41,30.45
Q9UQ26,RIMS2,LYS,581,196.35,29.64
Q9UQ26,RIMS2,THR,582,121.59,33.03
Q9UQ26,RIMS2,SER,583,76.47,28.62
Q9UQ26,RIMS2,SER,589,52.5,29.19
Q9UQ26,RIMS2,SER,591,105.84,27.89
Q9UQ26,RIMS2,THR,593,116.94,28.84
Q9UQ26,RIMS2,SER,595,87.15,27.7
Q9UQ26,RIMS2,LYS,599,185.17,34.47
Q9UQ26,RIMS2,TYR,603,180.44,30.42
Q9UQ26,RIMS2,SER,608,99.53,27.67
Q9UQ26,RIMS2,SER,616,76.99,28.98
Q9UQ26,RIMS2,LYS,621,158.23,32.75
Q9UQ26,RIMS2,SER,623,118.15,30.64
Q9UQ26,RIMS2,THR,627,143.76,30.22
Q9UQ26,RIMS2,CYS,628,121.35,27.72
Q9UQ26,RIMS2,SER,629,118.59,27.77
Q9UQ26,RIMS2,SER,630,100.93,29.03
Q9UQ26,RIMS2,THR,631,122.69,28.7
Q9UQ26,RIMS2,THR,632,106.15,30.33
Q9UQ26,RIMS2,SER,638,84.79,27.11
Q9UQ26,RIMS2,SER,640,92.65,27.12
Q9UQ26,RIMS2,LYS,642,187.09,39.03
Q9UQ26,RIMS2,THR,646,76.34,74.5
Q9UQ26,RIMS2,SER,650,19.86,81.75
Q9UQ26,RIMS2,LYS,651,216.92,79.06
Q9UQ26,RIMS2,LYS,664,13.27,80.5
Q9UQ26,RIMS2,LYS,667,157.06,58.62
Q9UQ26,RIMS2,SER,670,47.06,49.91
Q9UQ26,RIMS2,SER,675,41.46,43.81
Q9UQ26,RIMS2,LYS,682,113.96,91.25
Q9UQ26,RIMS2,LYS,687,121.25,77.94
Q9UQ26,RIMS2,THR,689,35.63,72.0
Q9UQ26,RIMS2,SER,691,86.85,71.12
Q9UQ26,RIMS2,THR,699,59.43,91.19
Q9UQ26,RIMS2,LYS,700,141.46,90.75
Q9UQ26,RIMS2,LYS,702,106.57,87.62
Q9UQ26,RIMS2,LYS,703,197.91,84.44
Q9UQ26,RIMS2,SER,705,16.65,85.88
Q9UQ26,RIMS2,THR,709,79.56,83.0
Q9UQ26,RIMS2,THR,731,60.61,88.0
Q9UQ26,RIMS2,TYR,736,123.84,89.38
Q9UQ26,RIMS2,LYS,743,100.98,83.19
Q9UQ26,RIMS2,SER,765,110.26,30.94
Q9UQ26,RIMS2,THR,766,134.57,37.72
Q9UQ26,RIMS2,SER,772,100.09,35.38
Q9UQ26,RIMS2,SER,773,108.31,35.16
Q9UQ26,RIMS2,SER,774,97.11,32.97
Q9UQ26,RIMS2,SER,775,101.62,35.5
Q9UQ26,RIMS2,SER,776,109.18,35.88
Q9UQ26,RIMS2,SER,779,97.45,38.5
Q9UQ26,RIMS2,LYS,781,182.08,33.38
Q9UQ26,RIMS2,SER,786,106.32,28.02
Q9UQ26,RIMS2,SER,788,90.78,30.84
Q9UQ26,RIMS2,THR,790,134.09,35.88
Q9UQ26,RIMS2,SER,791,100.46,33.22
Q9UQ26,RIMS2,SER,794,104.86,37.97
Q9UQ26,RIMS2,SER,806,65.9,76.69
Q9UQ26,RIMS2,LYS,812,56.86,95.44
Q9UQ26,RIMS2,LYS,817,144.98,89.81
Q9UQ26,RIMS2,THR,825,12.39,97.0
Q9UQ26,RIMS2,LYS,830,60.54,93.75
Q9UQ26,RIMS2,SER,834,79.19,82.44
Q9UQ26,RIMS2,LYS,846,29.19,96.12
Q9UQ26,RIMS2,TYR,848,32.16,96.06
Q9UQ26,RIMS2,SER,854,49.38,83.56
Q9UQ26,RIMS2,LYS,856,185.47,84.81
Q9UQ26,RIMS2,LYS,858,71.23,93.62
Q9UQ26,RIMS2,LYS,862,77.48,94.88
Q9UQ26,RIMS2,THR,863,33.75,94.62
Q9UQ26,RIMS2,LYS,865,151.5,92.38
Q9UQ26,RIMS2,LYS,866,155.1,91.12
Q9UQ26,RIMS2,THR,867,29.0,92.81
Q9UQ26,RIMS2,LYS,871,162.71,96.0
Q9UQ26,RIMS2,THR,875,67.32,96.62
Q9UQ26,RIMS2,SER,879,65.49,91.69
Q9UQ26,RIMS2,SER,906,12.9,89.94
Q9UQ26,RIMS2,THR,918,99.69,88.5
Q9UQ26,RIMS2,TYR,928,47.37,93.69
Q9UQ26,RIMS2,LYS,929,106.53,93.19
Q9UQ26,RIMS2,THR,932,34.7,80.31
Q9UQ26,RIMS2,SER,936,26.81,49.91
Q9UQ26,RIMS2,SER,937,72.26,36.88
Q9UQ26,RIMS2,SER,944,100.65,29.11
Q9UQ26,RIMS2,TYR,946,216.49,36.12
Q9UQ26,RIMS2,SER,956,103.55,32.28
Q9UQ26,RIMS2,THR,958,113.58,31.66
Q9UQ26,RIMS2,SER,964,98.53,35.69
Q9UQ26,RIMS2,LYS,965,195.36,38.84
Q9UQ26,RIMS2,SER,968,87.97,34.91
Q9UQ26,RIMS2,SER,970,96.8,33.53
Q9UQ26,RIMS2,SER,973,87.5,37.0
Q9UQ26,RIMS2,TYR,975,204.46,38.44
Q9UQ26,RIMS2,CYS,977,115.97,43.0
Q9UQ26,RIMS2,SER,985,73.53,33.72
Q9UQ26,RIMS2,TYR,987,168.92,31.03
Q9UQ26,RIMS2,SER,996,99.82,32.22
Q9UQ26,RIMS2,SER,997,93.7,36.88
Q9UQ26,RIMS2,THR,998,107.63,30.58
Q9UQ26,RIMS2,SER,1000,84.89,31.72
Q9UQ26,RIMS2,SER,1007,80.38,27.97
Q9UQ26,RIMS2,SER,1008,76.22,27.25
Q9UQ26,RIMS2,CYS,1011,88.48,28.31
Q9UQ26,RIMS2,SER,1012,38.64,37.09
Q9UQ26,RIMS2,SER,1014,107.05,31.42
Q9UQ26,RIMS2,SER,1016,108.68,35.34
Q9UQ26,RIMS2,THR,1026,120.67,32.28
Q9UQ26,RIMS2,SER,1028,103.96,36.16
Q9UQ26,RIMS2,SER,1030,106.86,35.69
Q9UQ26,RIMS2,SER,1032,94.82,34.59
Q9UQ26,RIMS2,SER,1038,100.17,29.02
Q9UQ26,RIMS2,THR,1048,130.88,27.69
Q9UQ26,RIMS2,THR,1050,106.64,26.45
Q9UQ26,RIMS2,THR,1052,117.55,29.03
Q9UQ26,RIMS2,TYR,1055,192.53,36.81
Q9UQ26,RIMS2,THR,1057,99.99,36.53
Q9UQ26,RIMS2,SER,1059,77.15,37.88
Q9UQ26,RIMS2,TYR,1071,226.03,30.67
Q9UQ26,RIMS2,SER,1072,86.94,30.28
Q9UQ26,RIMS2,CYS,1079,114.64,37.19
Q9UQ26,RIMS2,TYR,1087,215.94,29.61
Q9UQ26,RIMS2,SER,1090,102.52,30.59
Q9UQ26,RIMS2,SER,1092,99.0,28.45
Q9UQ26,RIMS2,THR,1093,122.76,29.92
Q9UQ26,RIMS2,THR,1102,111.53,36.97
Q9UQ26,RIMS2,THR,1103,86.75,38.19
Q9UQ26,RIMS2,THR,1104,93.12,35.59
Q9UQ26,RIMS2,SER,1106,68.56,37.94
Q9UQ26,RIMS2,SER,1108,86.96,36.97
Q9UQ26,RIMS2,THR,1109,90.99,38.75
Q9UQ26,RIMS2,THR,1114,106.55,38.91
Q9UQ26,RIMS2,SER,1119,111.01,35.81
Q9UQ26,RIMS2,SER,1122,50.16,33.72
Q9UQ26,RIMS2,THR,1125,134.11,39.16
Q9UQ26,RIMS2,SER,1128,105.68,36.62
Q9UQ26,RIMS2,SER,1132,105.06,40.19
Q9UQ26,RIMS2,SER,1136,92.73,33.22
Q9UQ26,RIMS2,SER,1138,100.16,36.94
Q9UQ26,RIMS2,THR,1142,130.86,35.34
Q9UQ26,RIMS2,SER,1144,111.27,33.0
Q9UQ26,RIMS2,THR,1147,139.75,37.78
Q9UQ26,RIMS2,SER,1148,102.98,36.88
Q9UQ26,RIMS2,SER,1150,107.18,34.56
Q9UQ26,RIMS2,SER,1151,106.84,37.28
Q9UQ26,RIMS2,THR,1152,131.24,42.69
Q9UQ26,RIMS2,LYS,1168,210.29,33.59
Q9UQ26,RIMS2,THR,1170,124.42,33.91
Q9UQ26,RIMS2,LYS,1174,179.97,31.5
Q9UQ26,RIMS2,LYS,1178,211.06,37.38
Q9UQ26,RIMS2,LYS,1179,211.56,30.91
Q9UQ26,RIMS2,SER,1182,114.74,32.81
Q9UQ26,RIMS2,THR,1183,82.69,33.12
Q9UQ26,RIMS2,SER,1187,103.78,34.0
Q9UQ26,RIMS2,THR,1188,120.42,31.39
Q9UQ26,RIMS2,THR,1190,125.06,35.09
Q9UQ26,RIMS2,THR,1201,113.72,41.16
Q9UQ26,RIMS2,SER,1205,108.01,30.25
Q9UQ26,RIMS2,SER,1208,98.21,32.53
Q9UQ26,RIMS2,THR,1209,120.47,30.42
Q9UQ26,RIMS2,SER,1212,102.64,32.31
Q9UQ26,RIMS2,SER,1215,117.1,36.31
Q9UQ26,RIMS2,TYR,1216,204.64,30.09
Q9UQ26,RIMS2,SER,1217,108.06,32.16
Q9UQ26,RIMS2,SER,1218,97.03,30.02
Q9UQ26,RIMS2,SER,1231,120.6,32.0
Q9UQ26,RIMS2,SER,1233,82.37,39.75
Q9UQ26,RIMS2,SER,1236,56.41,35.31
Q9UQ26,RIMS2,THR,1255,33.43,76.88
Q9UQ26,RIMS2,LYS,1268,97.15,91.75
Q9UQ26,RIMS2,LYS,1269,208.66,90.06
Q9UQ26,RIMS2,LYS,1285,95.12,84.19
Q9UQ26,RIMS2,SER,1288,37.91,78.81
Q9UQ26,RIMS2,LYS,1289,210.38,79.06
Q9UQ26,RIMS2,THR,1290,76.47,85.25
Q9UQ26,RIMS2,TYR,1295,22.42,97.12
Q9UQ26,RIMS2,LYS,1297,51.21,97.69
Q9UQ26,RIMS2,TYR,1299,40.26,97.62
Q9UQ26,RIMS2,CYS,1306,49.71,93.88
Q9UQ26,RIMS2,LYS,1309,131.43,96.75
Q9UQ26,RIMS2,LYS,1310,77.65,97.25
Q9UQ26,RIMS2,LYS,1311,135.66,96.5
Q9UQ26,RIMS2,LYS,1313,166.85,95.38
Q9UQ26,RIMS2,LYS,1317,128.54,92.75
Q9UQ26,RIMS2,THR,1318,34.64,93.81
Q9UQ26,RIMS2,TYR,1323,27.75,96.44
Q9UQ26,RIMS2,SER,1328,40.89,94.88
Q9UQ26,RIMS2,SER,1332,40.18,91.44
Q9UQ26,RIMS2,LYS,1336,19.76,94.19
Q9UQ26,RIMS2,TYR,1346,32.21,90.75
Q9UQ26,RIMS2,LYS,1352,97.98,89.31
Q9UQ26,RIMS2,SER,1353,11.6,91.5
Q9UQ26,RIMS2,SER,1368,92.4,88.06
Q9UQ26,RIMS2,LYS,1376,34.15,94.5
Q9UQ26,RIMS2,SER,1381,44.42,78.56
Q9UQ26,RIMS2,THR,1387,40.1,55.59
Q9UQ26,RIMS2,THR,1392,120.95,31.16
Q9UQ26,RIMS2,SER,1396,105.94,31.2
Q9UQ26,RIMS2,SER,1398,112.79,31.3
Q9UQ26,RIMS2,SER,1399,94.68,32.25
Q9UQ26,RIMS2,SER,1402,110.92,32.53
Q9UQ26,RIMS2,SER,1403,117.14,33.56
Q9UQ26,RIMS2,THR,1404,140.25,34.22
Q9UQ26,RIMS2,SER,1407,62.93,31.08
Q9UQ26,RIMS2,TYR,1408,123.9,32.28
Q9UQ26,RIMS2,SER,1409,77.54,34.75
Q9UQ26,RIMS2,SER,1411,127.1,34.91
Q9UQ49,NEU3,THR,5,50.31,46.06
Q9UQ49,NEU3,THR,6,78.52,47.97
Q9UQ49,NEU3,SER,8,44.54,61.19
Q9UQ49,NEU3,SER,11,45.01,93.69
Q9UQ49,NEU3,TYR,24,23.55,98.31
Q9UQ49,NEU3,TYR,31,18.67,97.88
Q9UQ49,NEU3,THR,35,60.96,95.56
Q9UQ49,NEU3,LYS,44,46.38,98.31
Q9UQ49,NEU3,SER,46,44.18,95.81
Q9UQ49,NEU3,THR,47,49.19,94.12
Q9UQ49,NEU3,LYS,74,67.12,98.19
Q9UQ49,NEU3,THR,80,36.22,98.06
Q9UQ49,NEU3,LYS,96,168.66,95.56
Q9UQ49,NEU3,SER,97,73.62,95.69
Q9UQ49,NEU3,THR,112,36.19,97.0
Q9UQ49,NEU3,SER,119,38.29,91.38
Q9UQ49,NEU3,TYR,130,83.55,98.62
Q9UQ49,NEU3,CYS,136,60.16,97.56
Q9UQ49,NEU3,SER,137,63.92,97.94
Q9UQ49,NEU3,SER,139,25.78,98.5
Q9UQ49,NEU3,SER,151,87.73,94.69
Q9UQ49,NEU3,LYS,154,130.46,92.25
Q9UQ49,NEU3,SER,171,71.54,95.0
Q9UQ49,NEU3,TYR,179,16.01,98.5
Q9UQ49,NEU3,TYR,181,24.17,97.56
Q9UQ49,NEU3,TYR,182,41.7,95.94
Q9UQ49,NEU3,SER,185,54.8,81.31
Q9UQ49,NEU3,CYS,189,111.83,62.69
Q9UQ49,NEU3,CYS,194,18.84,68.31
Q9UQ49,NEU3,LYS,195,171.81,84.38
Q9UQ49,NEU3,THR,196,28.06,91.88
Q9UQ49,NEU3,TYR,204,25.62,98.5
Q9UQ49,NEU3,THR,211,58.57,97.5
Q9UQ49,NEU3,THR,257,97.33,94.75
Q9UQ49,NEU3,CYS,273,11.65,94.69
Q9UQ49,NEU3,SER,285,21.44,96.0
Q9UQ49,NEU3,CYS,295,118.85,29.19
Q9UQ49,NEU3,SER,298,113.38,36.81
Q9UQ49,NEU3,SER,299,112.23,35.38
Q9UQ49,NEU3,SER,300,104.87,40.0
Q9UQ49,NEU3,LYS,301,191.09,40.41
Q9UQ49,NEU3,THR,305,114.78,40.59
Q9UQ49,NEU3,SER,309,106.68,38.28
Q9UQ49,NEU3,SER,310,104.43,39.12
Q9UQ49,NEU3,SER,313,89.26,34.97
Q9UQ49,NEU3,SER,314,120.14,33.78
Q9UQ49,NEU3,THR,323,128.47,45.38
Q9UQ49,NEU3,SER,325,49.56,70.88
Q9UQ49,NEU3,THR,335,28.9,96.69
Q9UQ49,NEU3,SER,336,25.64,95.19
Q9UQ49,NEU3,LYS,338,171.99,95.56
Q9UQ49,NEU3,THR,350,41.23,92.19
Q9UQ49,NEU3,CYS,356,42.61,91.56
Q9UQ49,NEU3,SER,358,31.03,94.94
Q9UQ49,NEU3,CYS,365,99.44,95.88
Q9UQ49,NEU3,TYR,370,15.68,98.5
Q9UQ49,NEU3,THR,390,119.09,93.69
Q9UQ49,NEU3,LYS,391,174.95,93.62
Q9UQ49,NEU3,THR,403,24.04,92.69
Q9UQ49,NEU3,SER,409,66.61,90.56
Q9UQ49,NEU3,CYS,415,115.75,34.25
Q9UQ49,NEU3,THR,416,118.13,29.5
Q9UQ49,NEU3,SER,417,105.55,29.88
Q9UQ49,NEU3,SER,423,96.2,33.53
Q9UQ49,NEU3,LYS,426,207.29,32.44
Q9UQ49,NEU3,SER,427,105.81,38.53
Q9Y250,LZTS1,SER,3,106.63,50.81
Q9Y250,LZTS1,SER,5,92.49,42.78
Q9Y250,LZTS1,SER,6,116.35,51.59
Q9Y250,LZTS1,SER,9,118.82,54.22
Q9Y250,LZTS1,SER,12,95.43,38.44
Q9Y250,LZTS1,SER,15,84.44,41.34
Q9Y250,LZTS1,LYS,16,179.0,51.0
Q9Y250,LZTS1,CYS,18,139.03,48.97
Q9Y250,LZTS1,SER,21,111.28,54.97
Q9Y250,LZTS1,TYR,23,219.68,50.84
Q9Y250,LZTS1,LYS,24,163.46,48.47
Q9Y250,LZTS1,LYS,27,181.22,46.28
Q9Y250,LZTS1,SER,28,103.88,44.56
Q9Y250,LZTS1,SER,29,93.8,41.88
Q9Y250,LZTS1,LYS,32,187.43,44.59
Q9Y250,LZTS1,LYS,33,193.76,48.34
Q9Y250,LZTS1,TYR,37,202.98,41.94
Q9Y250,LZTS1,SER,38,115.54,46.03
Q9Y250,LZTS1,SER,47,110.39,43.28
Q9Y250,LZTS1,SER,50,106.85,39.84
Q9Y250,LZTS1,LYS,54,215.49,40.09
Q9Y250,LZTS1,SER,55,119.35,39.75
Q9Y250,LZTS1,SER,56,100.85,33.66
Q9Y250,LZTS1,SER,57,92.98,43.12
Q9Y250,LZTS1,LYS,58,189.63,42.44
Q9Y250,LZTS1,LYS,61,206.97,42.12
Q9Y250,LZTS1,SER,62,115.03,40.03
Q9Y250,LZTS1,TYR,67,216.1,51.28
Q9Y250,LZTS1,LYS,69,177.71,55.12
Q9Y250,LZTS1,SER,71,78.3,50.25
Q9Y250,LZTS1,LYS,73,187.07,47.0
Q9Y250,LZTS1,SER,77,103.2,38.25
Q9Y250,LZTS1,TYR,82,209.83,38.72
Q9Y250,LZTS1,THR,83,116.61,38.56
Q9Y250,LZTS1,SER,86,108.66,35.56
Q9Y250,LZTS1,SER,87,123.06,40.59
Q9Y250,LZTS1,SER,101,112.12,43.56
Q9Y250,LZTS1,THR,102,121.04,44.94
Q9Y250,LZTS1,LYS,105,193.85,39.44
Q9Y250,LZTS1,SER,110,110.66,34.34
Q9Y250,LZTS1,SER,117,94.26,40.38
Q9Y250,LZTS1,LYS,119,185.63,43.88
Q9Y250,LZTS1,THR,125,125.34,51.09
Q9Y250,LZTS1,LYS,128,200.58,46.31
Q9Y250,LZTS1,SER,134,112.32,47.78
Q9Y250,LZTS1,SER,140,112.48,41.38
Q9Y250,LZTS1,SER,141,102.31,37.06
Q9Y250,LZTS1,SER,144,117.54,34.75
Q9Y250,LZTS1,SER,146,111.12,39.16
Q9Y250,LZTS1,LYS,156,185.34,48.34
Q9Y250,LZTS1,LYS,158,162.02,47.72
Q9Y250,LZTS1,LYS,163,173.77,43.44
Q9Y250,LZTS1,CYS,167,114.79,36.44
Q9Y250,LZTS1,SER,168,122.68,41.78
Q9Y250,LZTS1,SER,172,114.29,56.5
Q9Y250,LZTS1,SER,174,105.43,44.5
Q9Y250,LZTS1,SER,178,90.87,47.75
Q9Y250,LZTS1,SER,180,117.12,41.31
Q9Y250,LZTS1,SER,181,108.14,45.53
Q9Y250,LZTS1,THR,184,137.48,38.09
Q9Y250,LZTS1,SER,186,93.92,40.62
Q9Y250,LZTS1,THR,187,127.88,39.66
Q9Y250,LZTS1,SER,188,103.1,39.53
Q9Y250,LZTS1,SER,189,104.57,36.56
Q9Y250,LZTS1,SER,190,70.73,41.0
Q9Y250,LZTS1,TYR,191,190.4,43.38
Q9Y250,LZTS1,THR,198,127.53,40.34
Q9Y250,LZTS1,THR,203,134.88,44.5
Q9Y250,LZTS1,SER,204,72.92,42.72
Q9Y250,LZTS1,SER,209,113.06,37.97
Q9Y250,LZTS1,THR,214,116.1,42.38
Q9Y250,LZTS1,SER,222,85.69,44.06
Q9Y250,LZTS1,SER,226,113.87,39.59
Q9Y250,LZTS1,LYS,228,205.93,40.94
Q9Y250,LZTS1,SER,231,78.99,36.81
Q9Y250,LZTS1,SER,233,100.29,41.06
Q9Y250,LZTS1,SER,237,105.52,39.59
Q9Y250,LZTS1,LYS,238,188.2,39.72
Q9Y250,LZTS1,SER,242,106.43,40.81
Q9Y250,LZTS1,LYS,244,199.48,44.25
Q9Y250,LZTS1,LYS,247,186.22,41.19
Q9Y250,LZTS1,SER,250,95.24,36.72
Q9Y250,LZTS1,CYS,251,107.04,36.19
Q9Y250,LZTS1,SER,254,104.42,36.44
Q9Y250,LZTS1,SER,257,99.76,48.06
Q9Y250,LZTS1,THR,258,78.49,48.84
Q9Y250,LZTS1,CYS,261,90.15,75.44
Q9Y250,LZTS1,SER,262,54.03,77.94
Q9Y250,LZTS1,LYS,269,103.02,86.69
Q9Y250,LZTS1,LYS,279,139.42,89.25
Q9Y250,LZTS1,SER,283,35.43,89.5
Q9Y250,LZTS1,LYS,287,141.21,90.12
Q9Y250,LZTS1,SER,291,60.84,85.56
Q9Y250,LZTS1,SER,292,59.96,83.62
Q9Y250,LZTS1,TYR,295,156.86,83.56
Q9Y250,LZTS1,CYS,302,77.86,70.19
Q9Y250,LZTS1,LYS,312,126.34,59.88
Q9Y250,LZTS1,LYS,316,155.86,80.94
Q9Y250,LZTS1,LYS,318,147.56,87.0
Q9Y250,LZTS1,SER,321,68.93,90.94
Q9Y250,LZTS1,LYS,323,128.79,93.81
Q9Y250,LZTS1,SER,324,70.27,93.31
Q9Y250,LZTS1,LYS,342,120.95,97.69
Q9Y250,LZTS1,SER,351,61.06,98.31
Q9Y250,LZTS1,LYS,354,130.88,98.38
Q9Y250,LZTS1,THR,361,80.15,98.38
Q9Y250,LZTS1,LYS,362,94.42,98.62
Q9Y250,LZTS1,SER,365,30.15,97.75
Q9Y250,LZTS1,TYR,366,146.67,97.94
Q9Y250,LZTS1,LYS,370,159.73,96.19
Q9Y250,LZTS1,THR,371,98.79,96.62
Q9Y250,LZTS1,SER,372,66.71,97.0
Q9Y250,LZTS1,THR,380,68.01,98.38
Q9Y250,LZTS1,CYS,385,82.92,98.19
Q9Y250,LZTS1,LYS,387,103.04,98.62
Q9Y250,LZTS1,SER,388,62.7,97.94
Q9Y250,LZTS1,SER,392,63.78,98.12
Q9Y250,LZTS1,LYS,395,117.57,98.62
Q9Y250,LZTS1,LYS,399,137.02,98.69
Q9Y250,LZTS1,SER,401,55.62,98.25
Q9Y250,LZTS1,THR,403,82.59,98.38
Q9Y250,LZTS1,LYS,408,103.09,98.62
Q9Y250,LZTS1,SER,410,72.58,98.56
Q9Y250,LZTS1,LYS,416,127.76,98.75
Q9Y250,LZTS1,LYS,420,161.65,98.69
Q9Y250,LZTS1,THR,422,83.19,98.19
Q9Y250,LZTS1,LYS,425,111.11,98.5
Q9Y250,LZTS1,THR,433,74.26,98.44
Q9Y250,LZTS1,THR,442,72.65,98.56
Q9Y250,LZTS1,LYS,443,113.06,98.5
Q9Y250,LZTS1,CYS,450,74.29,97.69
Q9Y250,LZTS1,LYS,457,124.69,98.0
Q9Y250,LZTS1,LYS,458,88.86,98.19
Q9Y250,LZTS1,LYS,467,120.11,97.75
Q9Y250,LZTS1,THR,492,128.92,47.69
Q9Y250,LZTS1,SER,522,39.95,91.88
Q9Y250,LZTS1,SER,523,65.74,92.88
Q9Y250,LZTS1,LYS,533,133.11,93.56
Q9Y250,LZTS1,LYS,536,136.99,94.25
Q9Y250,LZTS1,LYS,538,109.29,94.94
Q9Y250,LZTS1,TYR,542,141.37,92.69
Q9Y250,LZTS1,LYS,544,65.56,85.88
Q9Y250,LZTS1,SER,549,65.81,86.94
Q9Y250,LZTS1,TYR,550,137.62,92.0
Q9Y250,LZTS1,TYR,554,118.32,91.94
Q9Y250,LZTS1,LYS,562,117.71,90.31
Q9Y250,LZTS1,SER,572,106.31,38.12
Q9Y250,LZTS1,TYR,588,178.07,50.59
Q9Y250,LZTS1,THR,594,116.57,47.0
Q9Y275,TNFSF13B,SER,4,88.04,42.97
Q9Y275,TNFSF13B,THR,5,116.88,44.84
Q9Y275,TNFSF13B,SER,10,97.18,38.84
Q9Y275,TNFSF13B,THR,13,121.86,39.66
Q9Y275,TNFSF13B,SER,14,106.18,41.25
Q9Y275,TNFSF13B,CYS,15,123.3,40.62
Q9Y275,TNFSF13B,LYS,17,185.54,39.78
Q9Y275,TNFSF13B,LYS,18,189.06,42.22
Q9Y275,TNFSF13B,LYS,23,214.84,38.53
Q9Y275,TNFSF13B,LYS,25,184.1,35.56
Q9Y275,TNFSF13B,CYS,27,124.1,34.78
Q9Y275,TNFSF13B,SER,29,96.69,33.66
Q9Y275,TNFSF13B,LYS,34,190.99,40.12
Q9Y275,TNFSF13B,SER,36,107.27,41.25
Q9Y275,TNFSF13B,SER,38,102.86,44.41
Q9Y275,TNFSF13B,SER,41,124.24,51.5
Q9Y275,TNFSF13B,SER,42,80.2,61.12
Q9Y275,TNFSF13B,LYS,43,161.19,66.31
Q9Y275,TNFSF13B,LYS,46,158.49,85.88
Q9Y275,TNFSF13B,THR,51,71.47,91.69
Q9Y275,TNFSF13B,SER,58,62.15,96.25
Q9Y275,TNFSF13B,CYS,59,70.46,96.44
Q9Y275,TNFSF13B,CYS,60,74.64,96.62
Q9Y275,TNFSF13B,THR,62,83.82,96.56
Q9Y275,TNFSF13B,SER,65,55.77,94.44
Q9Y275,TNFSF13B,TYR,67,155.69,95.94
Q9Y275,TNFSF13B,SER,78,71.44,92.06
Q9Y275,TNFSF13B,LYS,90,183.82,53.22
Q9Y275,TNFSF13B,LYS,99,201.04,35.97
Q9Y275,TNFSF13B,THR,109,136.91,34.28
Q9Y275,TNFSF13B,LYS,113,181.18,39.88
Q9Y275,TNFSF13B,SER,125,102.59,41.59
Q9Y275,TNFSF13B,SER,126,90.17,48.53
Q9Y275,TNFSF13B,SER,129,86.2,46.5
Q9Y275,TNFSF13B,LYS,132,202.92,50.56
Q9Y275,TNFSF13B,THR,141,113.64,69.38
Q9Y275,TNFSF13B,THR,143,66.67,92.44
Q9Y275,TNFSF13B,CYS,146,17.54,98.31
Q9Y275,TNFSF13B,SER,153,81.35,97.75
Q9Y275,TNFSF13B,THR,155,52.24,97.69
Q9Y275,TNFSF13B,THR,157,37.64,98.25
Q9Y275,TNFSF13B,LYS,160,150.16,96.19
Q9Y275,TNFSF13B,SER,162,62.06,95.88
Q9Y275,TNFSF13B,TYR,163,72.56,98.12
Q9Y275,TNFSF13B,SER,171,45.13,98.38
Q9Y275,TNFSF13B,LYS,173,88.36,98.44
Q9Y275,TNFSF13B,SER,176,70.03,97.12
Q9Y275,TNFSF13B,LYS,181,84.0,97.62
Q9Y275,TNFSF13B,LYS,184,34.47,98.44
Q9Y275,TNFSF13B,LYS,188,71.96,98.56
Q9Y275,TNFSF13B,THR,190,74.64,98.25
Q9Y275,TNFSF13B,TYR,192,125.5,98.62
Q9Y275,TNFSF13B,TYR,196,32.33,98.88
Q9Y275,TNFSF13B,THR,202,49.58,98.5
Q9Y275,TNFSF13B,LYS,204,140.37,97.56
Q9Y275,TNFSF13B,THR,205,24.92,97.31
Q9Y275,TNFSF13B,TYR,206,183.24,97.38
Q9Y275,TNFSF13B,LYS,215,87.0,98.38
Q9Y275,TNFSF13B,LYS,216,29.3,97.88
Q9Y275,TNFSF13B,SER,225,60.96,95.81
Q9Y275,TNFSF13B,THR,228,54.53,98.44
Q9Y275,TNFSF13B,CYS,232,10.91,98.5
Q9Y275,TNFSF13B,THR,239,108.42,97.62
Q9Y275,TNFSF13B,SER,244,57.64,98.44
Q9Y275,TNFSF13B,TYR,246,112.85,98.81
Q9Y275,TNFSF13B,SER,247,18.27,98.75
Q9Y275,TNFSF13B,LYS,252,117.83,98.31
Q9Y275,TNFSF13B,SER,271,16.19,98.44
Q9Y275,TNFSF13B,LYS,283,44.49,98.5
Q9Y2G0,EFR3B,TYR,2,232.12,34.66
Q9Y2G0,EFR3B,CYS,5,106.21,41.0
Q9Y2G0,EFR3B,CYS,7,97.57,40.31
Q9Y2G0,EFR3B,CYS,8,100.05,48.66
Q9Y2G0,EFR3B,TYR,15,27.49,87.38
Q9Y2G0,EFR3B,LYS,16,60.5,90.19
Q9Y2G0,EFR3B,LYS,33,150.42,89.06
Q9Y2G0,EFR3B,THR,34,85.95,89.94
Q9Y2G0,EFR3B,LYS,38,117.21,92.31
Q9Y2G0,EFR3B,THR,40,23.24,89.56
Q9Y2G0,EFR3B,TYR,42,31.1,89.94
Q9Y2G0,EFR3B,SER,45,72.75,87.56
Q9Y2G0,EFR3B,LYS,49,52.71,86.81
Q9Y2G0,EFR3B,TYR,56,26.54,93.25
Q9Y2G0,EFR3B,TYR,70,75.91,91.62
Q9Y2G0,EFR3B,TYR,72,35.42,92.69
Q9Y2G0,EFR3B,CYS,74,58.33,92.88
Q9Y2G0,EFR3B,CYS,89,29.74,60.06
Q9Y2G0,EFR3B,SER,91,44.4,62.72
Q9Y2G0,EFR3B,SER,98,13.22,87.62
Q9Y2G0,EFR3B,LYS,101,123.07,90.44
Q9Y2G0,EFR3B,LYS,105,65.98,94.06
Q9Y2G0,EFR3B,SER,109,30.41,87.62
Q9Y2G0,EFR3B,LYS,111,108.9,91.12
Q9Y2G0,EFR3B,LYS,124,87.84,89.19
Q9Y2G0,EFR3B,THR,132,15.64,57.72
Q9Y2G0,EFR3B,SER,134,12.81,53.56
Q9Y2G0,EFR3B,TYR,135,56.04,57.09
Q9Y2G0,EFR3B,SER,138,33.04,69.25
Q9Y2G0,EFR3B,TYR,139,10.2,79.69
Q9Y2G0,EFR3B,SER,144,30.76,93.81
Q9Y2G0,EFR3B,SER,152,16.57,92.81
Q9Y2G0,EFR3B,SER,153,102.3,89.0
Q9Y2G0,EFR3B,LYS,160,51.82,91.38
Q9Y2G0,EFR3B,THR,161,45.88,91.88
Q9Y2G0,EFR3B,LYS,162,98.94,93.56
Q9Y2G0,EFR3B,LYS,169,71.71,96.62
Q9Y2G0,EFR3B,LYS,177,27.31,79.75
Q9Y2G0,EFR3B,LYS,195,77.54,95.88
Q9Y2G0,EFR3B,SER,212,93.14,45.16
Q9Y2G0,EFR3B,SER,214,103.36,36.12
Q9Y2G0,EFR3B,SER,216,87.41,38.12
Q9Y2G0,EFR3B,LYS,223,185.28,46.91
Q9Y2G0,EFR3B,LYS,225,171.88,65.88
Q9Y2G0,EFR3B,SER,227,34.25,88.81
Q9Y2G0,EFR3B,LYS,249,119.62,94.06
Q9Y2G0,EFR3B,LYS,253,105.63,97.38
Q9Y2G0,EFR3B,SER,263,78.22,93.94
Q9Y2G0,EFR3B,LYS,268,80.3,89.88
Q9Y2G0,EFR3B,LYS,276,71.87,95.62
Q9Y2G0,EFR3B,TYR,280,140.8,94.56
Q9Y2G0,EFR3B,SER,281,18.7,94.44
Q9Y2G0,EFR3B,SER,302,19.94,93.19
Q9Y2G0,EFR3B,SER,304,30.29,91.56
Q9Y2G0,EFR3B,THR,307,45.99,93.38
Q9Y2G0,EFR3B,SER,317,11.94,93.62
Q9Y2G0,EFR3B,THR,325,130.16,70.38
Q9Y2G0,EFR3B,SER,327,57.92,67.81
Q9Y2G0,EFR3B,TYR,349,13.52,91.12
Q9Y2G0,EFR3B,THR,352,95.51,84.94
Q9Y2G0,EFR3B,SER,354,38.45,79.94
Q9Y2G0,EFR3B,TYR,355,35.94,79.94
Q9Y2G0,EFR3B,SER,360,75.08,46.84
Q9Y2G0,EFR3B,THR,363,134.29,51.84
Q9Y2G0,EFR3B,LYS,364,153.78,59.16
Q9Y2G0,EFR3B,LYS,367,120.6,84.06
Q9Y2G0,EFR3B,LYS,380,131.56,95.44
Q9Y2G0,EFR3B,SER,384,36.65,92.06
Q9Y2G0,EFR3B,SER,387,77.85,90.5
Q9Y2G0,EFR3B,THR,388,45.35,88.19
Q9Y2G0,EFR3B,THR,391,65.91,87.12
Q9Y2G0,EFR3B,TYR,392,137.82,86.62
Q9Y2G0,EFR3B,SER,395,26.97,90.38
Q9Y2G0,EFR3B,SER,403,65.51,91.62
Q9Y2G0,EFR3B,LYS,404,72.48,92.56
Q9Y2G0,EFR3B,SER,409,70.1,55.81
Q9Y2G0,EFR3B,THR,416,43.15,50.44
Q9Y2G0,EFR3B,THR,419,104.76,69.12
Q9Y2G0,EFR3B,THR,427,14.05,92.44
Q9Y2G0,EFR3B,LYS,433,47.73,96.81
Q9Y2G0,EFR3B,THR,440,81.7,90.88
Q9Y2G0,EFR3B,SER,449,72.79,85.31
Q9Y2G0,EFR3B,SER,453,30.97,90.19
Q9Y2G0,EFR3B,SER,461,23.13,85.94
Q9Y2G0,EFR3B,LYS,490,45.11,92.38
Q9Y2G0,EFR3B,SER,492,70.55,89.44
Q9Y2G0,EFR3B,THR,493,89.37,91.06
Q9Y2G0,EFR3B,SER,495,33.78,92.38
Q9Y2G0,EFR3B,THR,496,26.74,90.56
Q9Y2G0,EFR3B,SER,498,117.0,87.38
Q9Y2G0,EFR3B,SER,501,77.08,88.12
Q9Y2G0,EFR3B,LYS,504,170.37,88.31
Q9Y2G0,EFR3B,LYS,506,130.34,86.0
Q9Y2G0,EFR3B,LYS,509,196.06,85.56
Q9Y2G0,EFR3B,CYS,510,30.84,88.5
Q9Y2G0,EFR3B,SER,511,45.33,90.62
Q9Y2G0,EFR3B,THR,515,51.28,92.88
Q9Y2G0,EFR3B,LYS,519,176.25,91.75
Q9Y2G0,EFR3B,LYS,520,123.12,91.94
Q9Y2G0,EFR3B,SER,522,12.63,92.19
Q9Y2G0,EFR3B,TYR,530,25.17,95.31
Q9Y2G0,EFR3B,LYS,534,36.31,91.06
Q9Y2G0,EFR3B,THR,537,65.28,93.19
Q9Y2G0,EFR3B,LYS,541,130.94,95.81
Q9Y2G0,EFR3B,SER,554,13.2,95.31
Q9Y2G0,EFR3B,TYR,587,54.77,93.62
Q9Y2G0,EFR3B,THR,607,17.47,91.75
Q9Y2G0,EFR3B,THR,608,106.3,89.62
Q9Y2G0,EFR3B,CYS,613,36.26,93.88
Q9Y2G0,EFR3B,THR,622,35.51,94.75
Q9Y2G0,EFR3B,LYS,624,99.99,93.0
Q9Y2G0,EFR3B,LYS,625,166.59,92.31
Q9Y2G0,EFR3B,TYR,629,39.81,91.12
Q9Y2G0,EFR3B,SER,643,32.23,79.31
Q9Y2G0,EFR3B,SER,658,83.53,91.5
Q9Y2G0,EFR3B,LYS,659,77.53,91.75
Q9Y2G0,EFR3B,SER,667,53.42,87.0
Q9Y2G0,EFR3B,TYR,669,29.35,89.0
Q9Y2G0,EFR3B,SER,671,37.84,84.81
Q9Y2G0,EFR3B,CYS,675,74.31,89.94
Q9Y2G0,EFR3B,TYR,678,14.61,93.0
Q9Y2G0,EFR3B,THR,683,48.54,59.97
Q9Y2G0,EFR3B,SER,689,66.21,42.91
Q9Y2G0,EFR3B,LYS,690,159.36,33.91
Q9Y2G0,EFR3B,SER,693,87.09,28.89
Q9Y2G0,EFR3B,THR,697,128.1,31.94
Q9Y2G0,EFR3B,SER,699,106.16,35.53
Q9Y2G0,EFR3B,SER,706,105.29,31.91
Q9Y2G0,EFR3B,SER,709,97.56,27.64
Q9Y2G0,EFR3B,LYS,712,185.9,30.5
Q9Y2G0,EFR3B,THR,722,70.34,59.09
Q9Y2G0,EFR3B,TYR,723,164.19,64.31
Q9Y2G0,EFR3B,THR,725,69.5,68.31
Q9Y2G0,EFR3B,LYS,727,107.37,68.25
Q9Y2G0,EFR3B,LYS,728,139.26,67.81
Q9Y2G0,EFR3B,SER,733,64.77,65.44
Q9Y2G0,EFR3B,LYS,750,96.18,74.38
Q9Y2G0,EFR3B,LYS,753,155.71,77.69
Q9Y2G0,EFR3B,CYS,763,60.74,78.94
Q9Y2G0,EFR3B,SER,768,68.59,81.19
Q9Y2G0,EFR3B,SER,772,59.01,83.06
Q9Y2G0,EFR3B,LYS,773,108.13,83.62
Q9Y2G0,EFR3B,THR,781,104.82,66.94
Q9Y2G0,EFR3B,SER,787,85.7,42.19
Q9Y2G0,EFR3B,SER,789,98.34,36.5
Q9Y2G0,EFR3B,THR,791,123.48,30.45
Q9Y2G0,EFR3B,THR,793,119.02,31.73
Q9Y2G0,EFR3B,TYR,796,217.0,33.25
Q9Y2G0,EFR3B,SER,803,78.02,48.88
Q9Y2G0,EFR3B,TYR,807,127.33,65.75
Q9Y2G0,EFR3B,LYS,810,106.43,60.88
Q9Y2G0,EFR3B,CYS,815,63.63,59.84
Q9Y2G0,EFR3B,TYR,817,267.91,41.19
Q9Y2V7,COG6,SER,5,113.31,36.44
Q9Y2V7,COG6,SER,12,99.8,25.84
Q9Y2V7,COG6,THR,14,138.26,28.59
Q9Y2V7,COG6,THR,27,142.5,40.12
Q9Y2V7,COG6,SER,28,116.07,41.97
Q9Y2V7,COG6,THR,30,135.02,41.5
Q9Y2V7,COG6,THR,31,129.98,42.09
Q9Y2V7,COG6,CYS,32,120.79,40.06
Q9Y2V7,COG6,SER,36,74.71,67.62
Q9Y2V7,COG6,LYS,38,147.58,63.38
Q9Y2V7,COG6,LYS,41,156.27,67.25
Q9Y2V7,COG6,THR,45,83.57,62.75
Q9Y2V7,COG6,LYS,51,148.82,75.0
Q9Y2V7,COG6,LYS,58,149.77,76.5
Q9Y2V7,COG6,SER,61,72.47,70.56
Q9Y2V7,COG6,THR,62,99.23,75.81
Q9Y2V7,COG6,SER,68,46.6,72.0
Q9Y2V7,COG6,THR,71,44.22,69.69
Q9Y2V7,COG6,LYS,82,111.76,82.69
Q9Y2V7,COG6,SER,83,53.73,84.81
Q9Y2V7,COG6,SER,92,64.13,90.0
Q9Y2V7,COG6,LYS,95,124.06,92.06
Q9Y2V7,COG6,LYS,98,104.67,91.19
Q9Y2V7,COG6,SER,103,57.08,93.69
Q9Y2V7,COG6,SER,105,69.07,91.88
Q9Y2V7,COG6,SER,112,58.08,91.19
Q9Y2V7,COG6,CYS,114,84.86,90.69
Q9Y2V7,COG6,CYS,115,69.03,88.94
Q9Y2V7,COG6,THR,119,85.55,89.12
Q9Y2V7,COG6,SER,120,65.63,88.38
Q9Y2V7,COG6,LYS,126,139.8,82.94
Q9Y2V7,COG6,THR,129,64.22,84.69
Q9Y2V7,COG6,LYS,135,114.65,87.69
Q9Y2V7,COG6,THR,136,60.76,89.94
Q9Y2V7,COG6,THR,137,74.14,90.69
Q9Y2V7,COG6,LYS,138,130.61,91.69
Q9Y2V7,COG6,SER,141,50.38,91.25
Q9Y2V7,COG6,SER,143,64.01,92.31
Q9Y2V7,COG6,LYS,145,130.44,92.56
Q9Y2V7,COG6,SER,158,79.44,86.94
Q9Y2V7,COG6,LYS,159,97.86,85.94
Q9Y2V7,COG6,THR,163,80.31,87.06
Q9Y2V7,COG6,SER,164,86.66,84.0
Q9Y2V7,COG6,SER,168,67.15,85.19
Q9Y2V7,COG6,THR,173,107.64,70.88
Q9Y2V7,COG6,THR,179,62.36,86.69
Q9Y2V7,COG6,LYS,184,134.91,92.06
Q9Y2V7,COG6,LYS,190,58.28,91.19
Q9Y2V7,COG6,LYS,197,106.12,85.56
Q9Y2V7,COG6,THR,202,62.04,81.56
Q9Y2V7,COG6,THR,206,104.39,85.0
Q9Y2V7,COG6,THR,221,55.41,91.31
Q9Y2V7,COG6,TYR,227,38.25,93.81
Q9Y2V7,COG6,SER,232,51.89,91.31
Q9Y2V7,COG6,THR,236,89.27,89.38
Q9Y2V7,COG6,THR,238,52.57,85.81
Q9Y2V7,COG6,SER,241,80.53,72.56
Q9Y2V7,COG6,CYS,242,13.66,71.81
Q9Y2V7,COG6,SER,245,47.67,88.19
Q9Y2V7,COG6,TYR,262,14.42,95.25
Q9Y2V7,COG6,LYS,263,97.2,94.5
Q9Y2V7,COG6,TYR,264,116.73,95.69
Q9Y2V7,COG6,THR,271,66.51,95.44
Q9Y2V7,COG6,SER,275,64.66,93.81
Q9Y2V7,COG6,THR,286,66.15,92.31
Q9Y2V7,COG6,THR,293,97.8,77.75
Q9Y2V7,COG6,SER,301,65.46,87.94
Q9Y2V7,COG6,SER,321,37.74,93.0
Q9Y2V7,COG6,LYS,323,41.16,92.69
Q9Y2V7,COG6,LYS,331,155.68,92.56
Q9Y2V7,COG6,THR,334,119.85,89.25
Q9Y2V7,COG6,THR,335,66.19,86.06
Q9Y2V7,COG6,CYS,354,14.15,96.0
Q9Y2V7,COG6,LYS,358,73.42,97.56
Q9Y2V7,COG6,LYS,376,72.61,91.88
Q9Y2V7,COG6,LYS,382,49.16,90.62
Q9Y2V7,COG6,TYR,384,27.87,92.56
Q9Y2V7,COG6,THR,387,36.87,90.88
Q9Y2V7,COG6,SER,389,35.78,91.19
Q9Y2V7,COG6,SER,395,34.95,72.62
Q9Y2V7,COG6,THR,397,84.74,83.38
Q9Y2V7,COG6,THR,401,71.55,95.19
Q9Y2V7,COG6,THR,402,12.73,96.44
Q9Y2V7,COG6,LYS,411,44.51,93.75
Q9Y2V7,COG6,LYS,412,134.84,95.38
Q9Y2V7,COG6,SER,417,38.48,93.38
Q9Y2V7,COG6,SER,419,55.18,91.5
Q9Y2V7,COG6,SER,423,58.33,88.44
Q9Y2V7,COG6,LYS,424,121.29,89.5
Q9Y2V7,COG6,LYS,428,179.52,79.0
Q9Y2V7,COG6,SER,440,61.1,90.19
Q9Y2V7,COG6,SER,455,11.95,83.0
Q9Y2V7,COG6,SER,458,98.58,60.56
Q9Y2V7,COG6,SER,459,16.61,63.94
Q9Y2V7,COG6,SER,475,38.36,91.94
Q9Y2V7,COG6,CYS,476,25.28,92.25
Q9Y2V7,COG6,THR,486,79.3,93.19
Q9Y2V7,COG6,SER,490,75.11,90.75
Q9Y2V7,COG6,THR,494,77.47,94.06
Q9Y2V7,COG6,TYR,506,70.18,95.19
Q9Y2V7,COG6,LYS,509,61.78,95.31
Q9Y2V7,COG6,THR,510,52.2,93.75
Q9Y2V7,COG6,THR,511,17.19,93.75
Q9Y2V7,COG6,THR,535,40.13,96.06
Q9Y2V7,COG6,SER,542,54.71,95.44
Q9Y2V7,COG6,TYR,543,59.91,95.5
Q9Y2V7,COG6,THR,546,83.95,94.44
Q9Y2V7,COG6,SER,551,29.17,92.06
Q9Y2V7,COG6,TYR,552,118.78,90.19
Q9Y2V7,COG6,TYR,554,40.95,91.31
Q9Y2V7,COG6,THR,556,22.82,89.69
Q9Y2V7,COG6,LYS,561,128.53,84.06
Q9Y2V7,COG6,SER,566,13.79,86.62
Q9Y2V7,COG6,SER,575,38.68,86.44
Q9Y2V7,COG6,THR,577,49.22,87.69
Q9Y2V7,COG6,LYS,579,93.98,90.12
Q9Y2V7,COG6,SER,590,93.84,90.94
Q9Y2V7,COG6,SER,605,14.75,90.38
Q9Y2V7,COG6,THR,607,100.85,91.38
Q9Y2V7,COG6,LYS,609,59.0,92.88
Q9Y2V7,COG6,LYS,614,133.42,93.06
Q9Y2V7,COG6,THR,617,16.36,93.56
Q9Y2V7,COG6,CYS,621,18.45,93.88
Q9Y2V7,COG6,TYR,628,48.82,93.44
Q9Y2V7,COG6,TYR,638,17.85,87.69
Q9Y2V7,COG6,LYS,639,180.61,83.0
Q9Y2V7,COG6,SER,648,33.19,91.25
Q9Y2V7,COG6,THR,654,101.15,89.38
Q9Y2V7,COG6,SER,657,132.87,79.0
Q9Y2X7,GIT1,SER,2,112.54,33.16
Q9Y2X7,GIT1,LYS,4,179.32,40.94
Q9Y2X7,GIT1,SER,15,49.38,96.25
Q9Y2X7,GIT1,SER,25,12.4,95.69
Q9Y2X7,GIT1,CYS,31,15.88,96.5
Q9Y2X7,GIT1,SER,40,47.28,95.25
Q9Y2X7,GIT1,LYS,49,44.66,97.56
Q9Y2X7,GIT1,SER,54,29.63,93.31
Q9Y2X7,GIT1,THR,59,33.68,97.81
Q9Y2X7,GIT1,THR,66,36.93,96.62
Q9Y2X7,GIT1,SER,69,73.89,93.75
Q9Y2X7,GIT1,SER,74,32.83,94.81
Q9Y2X7,GIT1,SER,79,18.07,92.38
Q9Y2X7,GIT1,SER,88,65.84,65.0
Q9Y2X7,GIT1,LYS,92,59.19,93.5
Q9Y2X7,GIT1,LYS,98,152.33,93.06
Q9Y2X7,GIT1,LYS,119,128.45,90.19
Q9Y2X7,GIT1,CYS,122,30.95,80.06
Q9Y2X7,GIT1,THR,129,55.77,87.62
Q9Y2X7,GIT1,LYS,131,122.64,91.62
Q9Y2X7,GIT1,LYS,135,78.63,96.94
Q9Y2X7,GIT1,SER,139,74.27,97.19
Q9Y2X7,GIT1,SER,140,19.98,97.62
Q9Y2X7,GIT1,THR,143,64.01,94.69
Q9Y2X7,GIT1,THR,148,55.63,96.06
Q9Y2X7,GIT1,SER,154,17.83,93.94
Q9Y2X7,GIT1,LYS,166,122.29,95.75
Q9Y2X7,GIT1,THR,168,18.08,98.0
Q9Y2X7,GIT1,LYS,176,127.01,98.19
Q9Y2X7,GIT1,THR,180,35.36,98.44
Q9Y2X7,GIT1,TYR,189,55.93,97.0
Q9Y2X7,GIT1,SER,195,31.81,93.19
Q9Y2X7,GIT1,THR,202,28.81,97.56
Q9Y2X7,GIT1,TYR,206,29.84,98.31
Q9Y2X7,GIT1,TYR,224,11.5,96.0
Q9Y2X7,GIT1,THR,227,13.63,97.0
Q9Y2X7,GIT1,TYR,233,70.67,96.12
Q9Y2X7,GIT1,CYS,235,39.37,92.56
Q9Y2X7,GIT1,LYS,238,93.28,92.62
Q9Y2X7,GIT1,LYS,242,160.27,89.81
Q9Y2X7,GIT1,TYR,246,36.75,93.5
Q9Y2X7,GIT1,SER,254,107.51,53.62
Q9Y2X7,GIT1,SER,258,64.12,77.88
Q9Y2X7,GIT1,LYS,262,87.02,88.12
Q9Y2X7,GIT1,LYS,265,63.72,93.19
Q9Y2X7,GIT1,LYS,266,147.98,94.62
Q9Y2X7,GIT1,LYS,267,156.69,96.19
Q9Y2X7,GIT1,SER,272,62.07,94.81
Q9Y2X7,GIT1,THR,299,39.91,90.06
Q9Y2X7,GIT1,SER,303,76.46,75.12
Q9Y2X7,GIT1,THR,304,33.7,73.38
Q9Y2X7,GIT1,THR,307,102.62,63.66
Q9Y2X7,GIT1,SER,310,13.34,64.69
Q9Y2X7,GIT1,TYR,321,33.78,92.88
Q9Y2X7,GIT1,SER,322,40.91,92.5
Q9Y2X7,GIT1,THR,324,110.95,94.31
Q9Y2X7,GIT1,LYS,331,100.96,98.0
Q9Y2X7,GIT1,THR,342,42.02,93.81
Q9Y2X7,GIT1,SER,349,31.01,94.69
Q9Y2X7,GIT1,LYS,352,71.87,94.44
Q9Y2X7,GIT1,LYS,358,127.44,53.09
Q9Y2X7,GIT1,SER,359,96.94,45.09
Q9Y2X7,GIT1,SER,361,105.32,32.81
Q9Y2X7,GIT1,SER,362,55.74,26.84
Q9Y2X7,GIT1,THR,364,114.27,36.44
Q9Y2X7,GIT1,SER,370,111.46,34.88
Q9Y2X7,GIT1,SER,373,108.9,32.69
Q9Y2X7,GIT1,SER,375,99.92,36.91
Q9Y2X7,GIT1,TYR,383,223.6,49.78
Q9Y2X7,GIT1,SER,385,114.77,51.94
Q9Y2X7,GIT1,SER,388,115.37,43.47
Q9Y2X7,GIT1,THR,392,122.58,46.5
Q9Y2X7,GIT1,SER,399,95.2,35.72
Q9Y2X7,GIT1,THR,400,137.65,34.53
Q9Y2X7,GIT1,THR,403,127.45,38.69
Q9Y2X7,GIT1,SER,405,91.42,35.5
Q9Y2X7,GIT1,SER,410,116.34,37.84
Q9Y2X7,GIT1,SER,413,128.31,38.44
Q9Y2X7,GIT1,SER,414,81.83,40.31
Q9Y2X7,GIT1,SER,417,89.41,43.03
Q9Y2X7,GIT1,THR,422,73.76,86.31
Q9Y2X7,GIT1,TYR,426,115.23,86.0
Q9Y2X7,GIT1,LYS,430,118.2,90.69
Q9Y2X7,GIT1,LYS,431,159.85,91.88
Q9Y2X7,GIT1,THR,435,71.07,90.38
Q9Y2X7,GIT1,SER,436,51.2,86.5
Q9Y2X7,GIT1,LYS,439,135.78,90.5
Q9Y2X7,GIT1,LYS,445,150.66,91.19
Q9Y2X7,GIT1,SER,448,61.06,90.5
Q9Y2X7,GIT1,SER,449,62.06,91.81
Q9Y2X7,GIT1,SER,451,45.01,91.69
Q9Y2X7,GIT1,LYS,463,129.83,92.44
Q9Y2X7,GIT1,THR,480,122.5,37.12
Q9Y2X7,GIT1,SER,485,86.71,38.81
Q9Y2X7,GIT1,THR,491,131.58,34.12
Q9Y2X7,GIT1,SER,498,111.85,33.91
Q9Y2X7,GIT1,THR,499,113.29,32.22
Q9Y2X7,GIT1,SER,508,34.09,43.34
Q9Y2X7,GIT1,TYR,510,47.17,39.44
Q9Y2X7,GIT1,SER,514,110.96,31.84
Q9Y2X7,GIT1,LYS,517,204.53,31.91
Q9Y2X7,GIT1,THR,528,113.35,27.98
Q9Y2X7,GIT1,THR,529,107.92,29.77
Q9Y2X7,GIT1,SER,536,100.63,24.75
Q9Y2X7,GIT1,THR,537,126.37,31.3
Q9Y2X7,GIT1,TYR,545,214.89,32.66
Q9Y2X7,GIT1,SER,546,97.4,27.72
Q9Y2X7,GIT1,TYR,554,210.03,27.69
Q9Y2X7,GIT1,LYS,558,199.98,28.92
Q9Y2X7,GIT1,SER,561,103.9,33.28
Q9Y2X7,GIT1,SER,563,110.33,35.81
Q9Y2X7,GIT1,THR,568,118.22,33.5
Q9Y2X7,GIT1,SER,570,119.53,36.28
Q9Y2X7,GIT1,SER,571,105.74,34.81
Q9Y2X7,GIT1,SER,575,97.85,28.56
Q9Y2X7,GIT1,CYS,576,119.62,25.95
Q9Y2X7,GIT1,SER,577,92.26,33.94
Q9Y2X7,GIT1,SER,581,96.73,28.89
Q9Y2X7,GIT1,THR,584,114.9,33.03
Q9Y2X7,GIT1,SER,585,90.91,32.59
Q9Y2X7,GIT1,LYS,586,193.16,29.64
Q9Y2X7,GIT1,SER,588,94.82,26.47
Q9Y2X7,GIT1,SER,592,122.93,31.89
Q9Y2X7,GIT1,SER,596,108.67,37.78
Q9Y2X7,GIT1,TYR,598,205.31,39.12
Q9Y2X7,GIT1,THR,601,134.49,36.81
Q9Y2X7,GIT1,SER,603,114.69,33.28
Q9Y2X7,GIT1,LYS,613,195.55,32.28
Q9Y2X7,GIT1,LYS,620,191.69,30.44
Q9Y2X7,GIT1,SER,630,88.82,28.12
Q9Y2X7,GIT1,SER,641,52.15,85.06
Q9Y2X7,GIT1,THR,642,19.36,86.69
Q9Y2X7,GIT1,LYS,648,60.88,92.25
Q9Y2X7,GIT1,THR,649,18.45,93.81
Q9Y2X7,GIT1,THR,653,48.18,94.19
Q9Y2X7,GIT1,LYS,654,115.39,93.69
Q9Y2X7,GIT1,LYS,667,110.5,89.0
Q9Y2X7,GIT1,SER,670,39.69,93.0
Q9Y2X7,GIT1,CYS,674,10.48,95.19
Q9Y2X7,GIT1,LYS,677,93.74,96.25
Q9Y2X7,GIT1,THR,683,71.34,95.0
Q9Y2X7,GIT1,SER,687,88.12,93.0
Q9Y2X7,GIT1,LYS,691,212.16,79.88
Q9Y2X7,GIT1,SER,700,55.05,92.81
Q9Y2X7,GIT1,TYR,710,139.48,96.06
Q9Y2X7,GIT1,SER,714,62.8,93.06
Q9Y2X7,GIT1,LYS,718,97.11,87.19
Q9Y2X7,GIT1,THR,719,17.72,80.06
Q9Y2X7,GIT1,THR,734,16.28,92.25
Q9Y2X7,GIT1,TYR,742,136.88,95.69
Q9Y2X7,GIT1,LYS,746,103.12,95.31
Q9Y2X7,GIT1,LYS,749,147.26,93.12
Q9Y2X7,GIT1,THR,753,54.16,90.44
Q9Y2X7,GIT1,THR,756,46.3,82.06
Q9Y2X7,GIT1,LYS,759,159.02,55.91
Q9Y2X7,GIT1,LYS,760,179.5,50.31
Q9Y3M8,STARD13,SER,3,95.54,35.5
Q9Y3M8,STARD13,THR,8,125.89,34.03
Q9Y3M8,STARD13,SER,11,127.92,40.0
Q9Y3M8,STARD13,CYS,13,95.67,36.78
Q9Y3M8,STARD13,TYR,14,187.2,40.22
Q9Y3M8,STARD13,TYR,15,180.21,46.5
Q9Y3M8,STARD13,SER,18,91.39,52.44
Q9Y3M8,STARD13,THR,20,83.28,65.94
Q9Y3M8,STARD13,TYR,27,131.6,52.19
Q9Y3M8,STARD13,THR,33,93.17,54.47
Q9Y3M8,STARD13,THR,34,104.25,52.91
Q9Y3M8,STARD13,SER,37,61.54,82.25
Q9Y3M8,STARD13,TYR,39,138.59,81.75
Q9Y3M8,STARD13,SER,42,58.8,87.38
Q9Y3M8,STARD13,THR,52,52.08,86.19
Q9Y3M8,STARD13,LYS,53,98.89,85.38
Q9Y3M8,STARD13,LYS,61,71.96,88.19
Q9Y3M8,STARD13,TYR,79,17.12,89.81
Q9Y3M8,STARD13,SER,82,97.84,87.69
Q9Y3M8,STARD13,LYS,92,104.24,89.56
Q9Y3M8,STARD13,LYS,100,165.86,86.31
Q9Y3M8,STARD13,CYS,107,12.32,92.81
Q9Y3M8,STARD13,THR,112,37.02,89.88
Q9Y3M8,STARD13,LYS,115,135.86,89.19
Q9Y3M8,STARD13,SER,118,85.36,80.0
Q9Y3M8,STARD13,LYS,120,183.37,69.81
Q9Y3M8,STARD13,LYS,128,130.12,38.56
Q9Y3M8,STARD13,LYS,129,209.82,31.44
Q9Y3M8,STARD13,SER,133,80.31,41.25
Q9Y3M8,STARD13,CYS,139,19.82,80.0
Q9Y3M8,STARD13,LYS,143,76.48,82.06
Q9Y3M8,STARD13,THR,145,45.95,80.5
Q9Y3M8,STARD13,THR,149,131.25,73.62
Q9Y3M8,STARD13,SER,150,50.38,80.69
Q9Y3M8,STARD13,SER,154,32.84,83.69
Q9Y3M8,STARD13,TYR,160,164.46,38.72
Q9Y3M8,STARD13,THR,161,114.55,43.31
Q9Y3M8,STARD13,SER,171,111.48,29.3
Q9Y3M8,STARD13,THR,175,137.6,31.72
Q9Y3M8,STARD13,THR,180,126.24,26.88
Q9Y3M8,STARD13,THR,181,129.18,28.45
Q9Y3M8,STARD13,SER,182,116.65,24.83
Q9Y3M8,STARD13,SER,183,104.64,30.28
Q9Y3M8,STARD13,SER,185,104.13,33.09
Q9Y3M8,STARD13,THR,188,138.58,34.94
Q9Y3M8,STARD13,SER,191,119.72,33.75
Q9Y3M8,STARD13,CYS,196,125.44,27.84
Q9Y3M8,STARD13,SER,197,106.26,25.36
Q9Y3M8,STARD13,SER,200,99.21,21.42
Q9Y3M8,STARD13,SER,202,123.61,31.91
Q9Y3M8,STARD13,SER,203,113.78,25.81
Q9Y3M8,STARD13,SER,206,114.06,26.61
Q9Y3M8,STARD13,SER,208,106.07,25.94
Q9Y3M8,STARD13,SER,210,116.66,30.44
Q9Y3M8,STARD13,CYS,215,109.28,19.28
Q9Y3M8,STARD13,CYS,216,109.24,21.39
Q9Y3M8,STARD13,THR,217,128.93,18.33
Q9Y3M8,STARD13,SER,229,100.08,21.94
Q9Y3M8,STARD13,SER,230,108.76,27.41
Q9Y3M8,STARD13,SER,231,100.27,24.25
Q9Y3M8,STARD13,LYS,247,182.84,24.72
Q9Y3M8,STARD13,LYS,250,151.24,23.23
Q9Y3M8,STARD13,THR,252,102.98,31.77
Q9Y3M8,STARD13,LYS,257,171.86,52.38
Q9Y3M8,STARD13,SER,258,56.02,54.66
Q9Y3M8,STARD13,LYS,261,151.73,61.22
Q9Y3M8,STARD13,THR,265,101.2,43.75
Q9Y3M8,STARD13,LYS,269,205.43,30.56
Q9Y3M8,STARD13,LYS,276,214.69,23.52
Q9Y3M8,STARD13,SER,278,128.9,27.73
Q9Y3M8,STARD13,THR,281,151.41,30.31
Q9Y3M8,STARD13,SER,287,95.02,30.7
Q9Y3M8,STARD13,SER,297,79.98,38.28
Q9Y3M8,STARD13,LYS,299,185.99,40.25
Q9Y3M8,STARD13,CYS,303,117.57,29.47
Q9Y3M8,STARD13,SER,314,99.66,21.94
Q9Y3M8,STARD13,CYS,319,136.74,23.23
Q9Y3M8,STARD13,LYS,321,215.56,21.03
Q9Y3M8,STARD13,CYS,325,124.47,21.12
Q9Y3M8,STARD13,SER,326,114.97,23.05
Q9Y3M8,STARD13,LYS,328,193.52,23.7
Q9Y3M8,STARD13,SER,329,97.4,19.34
Q9Y3M8,STARD13,SER,330,109.45,22.61
Q9Y3M8,STARD13,SER,333,90.97,22.12
Q9Y3M8,STARD13,SER,334,105.52,22.55
Q9Y3M8,STARD13,SER,336,94.42,22.34
Q9Y3M8,STARD13,SER,339,101.98,23.72
Q9Y3M8,STARD13,SER,340,100.34,22.48
Q9Y3M8,STARD13,SER,341,119.71,23.22
Q9Y3M8,STARD13,SER,344,104.69,24.88
Q9Y3M8,STARD13,THR,345,127.22,25.88
Q9Y3M8,STARD13,CYS,347,115.76,20.56
Q9Y3M8,STARD13,LYS,349,170.48,22.22
Q9Y3M8,STARD13,LYS,352,210.36,23.34
Q9Y3M8,STARD13,CYS,353,111.46,17.19
Q9Y3M8,STARD13,LYS,358,196.34,23.92
Q9Y3M8,STARD13,TYR,363,193.96,31.48
Q9Y3M8,STARD13,THR,373,136.5,23.41
Q9Y3M8,STARD13,SER,382,117.5,23.94
Q9Y3M8,STARD13,SER,389,83.92,32.88
Q9Y3M8,STARD13,LYS,399,218.87,59.56
Q9Y3M8,STARD13,LYS,402,154.13,62.62
Q9Y3M8,STARD13,THR,405,84.21,61.16
Q9Y3M8,STARD13,LYS,408,214.54,61.06
Q9Y3M8,STARD13,SER,411,73.24,49.47
Q9Y3M8,STARD13,SER,414,42.74,40.78
Q9Y3M8,STARD13,SER,416,68.44,32.22
Q9Y3M8,STARD13,THR,418,136.59,32.53
Q9Y3M8,STARD13,SER,420,118.73,30.53
Q9Y3M8,STARD13,SER,421,96.88,32.06
Q9Y3M8,STARD13,THR,428,105.92,35.5
Q9Y3M8,STARD13,SER,430,73.73,28.14
Q9Y3M8,STARD13,SER,432,95.14,24.34
Q9Y3M8,STARD13,SER,449,108.1,23.73
Q9Y3M8,STARD13,CYS,450,114.52,24.94
Q9Y3M8,STARD13,SER,454,112.86,32.84
Q9Y3M8,STARD13,SER,457,75.53,31.09
Q9Y3M8,STARD13,TYR,459,204.89,33.19
Q9Y3M8,STARD13,SER,465,95.18,30.27
Q9Y3M8,STARD13,TYR,468,173.04,36.69
Q9Y3M8,STARD13,SER,470,100.21,34.09
Q9Y3M8,STARD13,THR,471,130.14,28.92
Q9Y3M8,STARD13,LYS,479,189.47,40.19
Q9Y3M8,STARD13,SER,504,54.19,75.62
Q9Y3M8,STARD13,LYS,505,138.08,76.5
Q9Y3M8,STARD13,THR,513,119.22,26.05
Q9Y3M8,STARD13,THR,516,114.44,26.95
Q9Y3M8,STARD13,SER,524,108.59,26.75
Q9Y3M8,STARD13,THR,525,127.09,25.09
Q9Y3M8,STARD13,SER,528,101.62,27.59
Q9Y3M8,STARD13,THR,533,107.7,28.19
Q9Y3M8,STARD13,SER,540,113.62,23.06
Q9Y3M8,STARD13,SER,542,97.71,24.5
Q9Y3M8,STARD13,THR,546,142.3,27.92
Q9Y3M8,STARD13,THR,547,114.28,24.31
Q9Y3M8,STARD13,SER,549,106.32,23.31
Q9Y3M8,STARD13,THR,556,125.69,21.47
Q9Y3M8,STARD13,SER,557,104.34,26.98
Q9Y3M8,STARD13,SER,561,106.24,33.47
Q9Y3M8,STARD13,SER,572,104.0,32.56
Q9Y3M8,STARD13,SER,577,106.57,37.72
Q9Y3M8,STARD13,THR,579,115.15,35.22
Q9Y3M8,STARD13,SER,589,79.08,43.88
Q9Y3M8,STARD13,SER,593,77.9,44.56
Q9Y3M8,STARD13,SER,602,47.9,69.31
Q9Y3M8,STARD13,SER,606,10.36,94.0
Q9Y3M8,STARD13,SER,607,40.92,94.5
Q9Y3M8,STARD13,SER,611,19.7,92.56
Q9Y3M8,STARD13,SER,614,14.05,92.56
Q9Y3M8,STARD13,LYS,630,130.72,87.56
Q9Y3M8,STARD13,SER,634,107.44,51.19
Q9Y3M8,STARD13,LYS,636,203.71,40.78
Q9Y3M8,STARD13,THR,640,80.6,55.03
Q9Y3M8,STARD13,SER,642,62.22,49.5
Q9Y3M8,STARD13,LYS,645,127.65,42.31
Q9Y3M8,STARD13,LYS,648,133.24,40.69
Q9Y3M8,STARD13,LYS,651,190.79,54.41
Q9Y3M8,STARD13,TYR,655,29.96,86.88
Q9Y3M8,STARD13,LYS,656,139.08,81.88
Q9Y3M8,STARD13,LYS,658,103.38,90.19
Q9Y3M8,STARD13,THR,672,51.84,91.25
Q9Y3M8,STARD13,TYR,686,26.64,97.38
Q9Y3M8,STARD13,SER,689,84.15,95.62
Q9Y3M8,STARD13,LYS,700,94.51,97.38
Q9Y3M8,STARD13,SER,701,92.7,95.75
Q9Y3M8,STARD13,LYS,704,180.09,96.88
Q9Y3M8,STARD13,SER,705,79.59,97.94
Q9Y3M8,STARD13,SER,727,31.07,96.62
Q9Y3M8,STARD13,TYR,729,47.67,98.25
Q9Y3M8,STARD13,LYS,736,26.94,97.75
Q9Y3M8,STARD13,THR,748,11.65,92.12
Q9Y3M8,STARD13,LYS,750,137.38,84.62
Q9Y3M8,STARD13,SER,752,20.29,92.88
Q9Y3M8,STARD13,TYR,759,10.26,95.38
Q9Y3M8,STARD13,TYR,761,80.86,92.19
Q9Y3M8,STARD13,SER,763,44.06,93.0
Q9Y3M8,STARD13,LYS,764,157.15,93.0
Q9Y3M8,STARD13,THR,788,10.31,97.5
Q9Y3M8,STARD13,CYS,791,25.1,97.31
Q9Y3M8,STARD13,THR,806,54.08,97.94
Q9Y3M8,STARD13,CYS,813,31.94,97.44
Q9Y3M8,STARD13,LYS,825,188.39,49.72
Q9Y3M8,STARD13,LYS,826,173.97,38.75
Q9Y3M8,STARD13,SER,828,77.94,33.88
Q9Y3M8,STARD13,SER,829,73.71,32.28
Q9Y3M8,STARD13,LYS,835,194.09,46.53
Q9Y3M8,STARD13,LYS,836,170.43,44.84
Q9Y3M8,STARD13,TYR,837,144.48,46.19
Q9Y3M8,STARD13,THR,839,113.65,53.44
Q9Y3M8,STARD13,LYS,841,174.68,65.88
Q9Y3M8,STARD13,LYS,845,135.26,86.5
Q9Y3M8,STARD13,SER,881,33.26,84.25
Q9Y3M8,STARD13,TYR,882,23.59,86.69
Q9Y3M8,STARD13,THR,891,45.97,91.69
Q9Y3M8,STARD13,THR,897,110.55,78.38
Q9Y3M8,STARD13,SER,902,127.76,67.62
Q9Y3M8,STARD13,THR,905,64.56,87.81
Q9Y3M8,STARD13,THR,908,50.99,90.31
Q9Y3M8,STARD13,TYR,909,44.86,92.19
Q9Y3M8,STARD13,LYS,919,129.8,93.38
Q9Y3M8,STARD13,LYS,922,172.38,91.81
Q9Y3M8,STARD13,LYS,924,181.52,91.88
Q9Y3M8,STARD13,LYS,926,177.76,90.88
Q9Y3M8,STARD13,THR,930,113.12,94.5
Q9Y3M8,STARD13,CYS,931,37.86,89.62
Q9Y3M8,STARD13,SER,932,101.66,86.19
Q9Y3M8,STARD13,SER,933,36.7,83.44
Q9Y3M8,STARD13,THR,934,64.66,79.5
Q9Y3M8,STARD13,THR,937,11.58,95.12
Q9Y3M8,STARD13,LYS,942,68.21,94.62
Q9Y3M8,STARD13,LYS,943,107.17,91.12
Q9Y3M8,STARD13,LYS,951,44.8,94.44
Q9Y3M8,STARD13,LYS,954,26.04,97.69
Q9Y3M8,STARD13,SER,964,61.74,95.12
Q9Y3M8,STARD13,LYS,985,71.73,96.25
Q9Y3M8,STARD13,THR,989,95.25,96.62
Q9Y3M8,STARD13,TYR,997,10.5,97.56
Q9Y3M8,STARD13,TYR,999,14.2,97.38
Q9Y3M8,STARD13,SER,1003,25.07,91.56
Q9Y3M8,STARD13,SER,1009,26.62,96.25
Q9Y3M8,STARD13,LYS,1019,64.0,95.44
Q9Y3M8,STARD13,THR,1020,51.31,93.25
Q9Y3M8,STARD13,LYS,1024,184.45,84.06
Q9Y3M8,STARD13,SER,1031,11.39,97.56
Q9Y3M8,STARD13,TYR,1054,12.17,98.12
Q9Y3M8,STARD13,CYS,1059,53.54,90.69
Q9Y3M8,STARD13,SER,1061,114.35,87.06
Q9Y3M8,STARD13,LYS,1063,74.98,93.94
Q9Y3M8,STARD13,LYS,1075,27.82,96.0
Q9Y3M8,STARD13,SER,1083,47.6,93.06
Q9Y3M8,STARD13,LYS,1084,92.03,93.19
Q9Y3M8,STARD13,SER,1100,31.09,95.62
Q9Y3M8,STARD13,THR,1111,115.92,47.16
Q9Y3M8,STARD13,LYS,1112,209.7,38.19
Q9Y5U5,TNFRSF18,CYS,14,53.93,74.62
Q9Y5U5,TNFRSF18,CYS,20,72.28,69.56
Q9Y5U5,TNFRSF18,SER,23,83.11,60.12
Q9Y5U5,TNFRSF18,THR,29,143.51,48.06
Q9Y5U5,TNFRSF18,CYS,34,30.13,89.31
Q9Y5U5,TNFRSF18,THR,43,116.96,91.06
Q9Y5U5,TNFRSF18,THR,45,67.34,93.06
Q9Y5U5,TNFRSF18,CYS,49,15.72,92.81
Q9Y5U5,TNFRSF18,THR,54,131.53,63.69
Q9Y5U5,TNFRSF18,THR,55,124.98,54.5
Q9Y5U5,TNFRSF18,CYS,57,91.72,48.97
Q9Y5U5,TNFRSF18,CYS,58,68.13,50.25
Q9Y5U5,TNFRSF18,TYR,61,164.79,51.91
Q9Y5U5,TNFRSF18,CYS,66,34.97,53.41
Q9Y5U5,TNFRSF18,CYS,67,47.74,53.69
Q9Y5U5,TNFRSF18,SER,68,86.23,55.59
Q9Y5U5,TNFRSF18,CYS,72,15.54,89.19
Q9Y5U5,TNFRSF18,CYS,74,19.85,94.0
Q9Y5U5,TNFRSF18,CYS,81,34.73,91.31
Q9Y5U5,TNFRSF18,CYS,85,37.3,80.81
Q9Y5U5,TNFRSF18,THR,87,76.22,86.5
Q9Y5U5,TNFRSF18,THR,88,58.27,90.19
Q9Y5U5,TNFRSF18,CYS,89,10.77,93.81
Q9Y5U5,TNFRSF18,SER,102,62.93,89.88
Q9Y5U5,TNFRSF18,LYS,105,138.04,72.31
Q9Y5U5,TNFRSF18,SER,107,98.77,77.81
Q9Y5U5,TNFRSF18,CYS,112,34.46,97.31
Q9Y5U5,TNFRSF18,SER,117,109.54,96.56
Q9Y5U5,TNFRSF18,THR,119,30.36,97.88
Q9Y5U5,TNFRSF18,CYS,128,50.11,96.75
Q9Y5U5,TNFRSF18,LYS,129,119.58,96.31
Q9Y5U5,TNFRSF18,THR,132,49.9,96.88
Q9Y5U5,TNFRSF18,THR,135,101.08,93.06
Q9Y5U5,TNFRSF18,THR,141,65.59,95.94
Q9Y5U5,TNFRSF18,LYS,147,89.61,97.31
Q9Y5U5,TNFRSF18,THR,148,44.11,97.12
Q9Y5U5,TNFRSF18,CYS,153,42.9,96.81
Q9Y5U5,TNFRSF18,SER,157,94.75,75.81
Q9Y5U5,TNFRSF18,THR,167,57.89,85.31
Q9Y5U5,TNFRSF18,CYS,176,68.53,96.31
Q9Y5U5,TNFRSF18,THR,181,76.15,95.12
Q9Y5U5,TNFRSF18,SER,182,65.71,94.88
Q9Y5U5,TNFRSF18,SER,194,38.61,77.88
Q9Y5U5,TNFRSF18,CYS,196,111.56,63.19
Q9Y5U5,TNFRSF18,THR,202,112.35,47.09
Q9Y5U5,TNFRSF18,SER,211,116.42,35.47
Q9Y5U5,TNFRSF18,THR,212,126.69,32.19
Q9Y5U5,TNFRSF18,SER,217,95.75,33.53
Q9Y5U5,TNFRSF18,CYS,218,119.03,36.25
Q9Y5U5,TNFRSF18,SER,229,88.5,34.75
Q9Y5U5,TNFRSF18,LYS,233,205.96,33.47
Q9Y5X3,SNX5,SER,16,76.45,35.28
Q9Y5X3,SNX5,LYS,17,160.53,33.97
Q9Y5X3,SNX5,SER,20,25.96,45.22
Q9Y5X3,SNX5,SER,22,50.93,50.12
Q9Y5X3,SNX5,SER,30,24.81,91.56
Q9Y5X3,SNX5,SER,40,28.07,78.56
Q9Y5X3,SNX5,LYS,44,69.3,83.75
Q9Y5X3,SNX5,LYS,46,55.48,91.94
Q9Y5X3,SNX5,THR,48,36.46,96.38
Q9Y5X3,SNX5,LYS,52,86.31,97.19
Q9Y5X3,SNX5,THR,54,109.93,95.81
Q9Y5X3,SNX5,THR,57,93.25,94.12
Q9Y5X3,SNX5,SER,60,47.52,96.31
Q9Y5X3,SNX5,SER,64,62.66,97.81
Q9Y5X3,SNX5,THR,66,66.16,95.94
Q9Y5X3,SNX5,THR,78,29.81,95.31
Q9Y5X3,SNX5,THR,82,38.05,94.38
Q9Y5X3,SNX5,THR,83,90.75,90.75
Q9Y5X3,SNX5,TYR,85,24.78,96.06
Q9Y5X3,SNX5,THR,95,83.37,87.81
Q9Y5X3,SNX5,LYS,96,160.76,87.75
Q9Y5X3,SNX5,LYS,105,93.65,89.31
Q9Y5X3,SNX5,LYS,108,122.35,90.38
Q9Y5X3,SNX5,SER,115,98.92,89.12
Q9Y5X3,SNX5,THR,117,72.91,90.81
Q9Y5X3,SNX5,LYS,118,181.01,91.19
Q9Y5X3,SNX5,LYS,123,131.25,90.19
Q9Y5X3,SNX5,LYS,125,81.98,92.12
Q9Y5X3,SNX5,TYR,132,59.08,84.38
Q9Y5X3,SNX5,LYS,137,82.24,86.5
Q9Y5X3,SNX5,LYS,138,105.31,85.0
Q9Y5X3,SNX5,THR,139,10.91,88.06
Q9Y5X3,SNX5,SER,141,22.09,89.25
Q9Y5X3,SNX5,SER,142,38.69,90.38
Q9Y5X3,SNX5,SER,152,32.44,92.62
Q9Y5X3,SNX5,SER,157,13.47,95.44
Q9Y5X3,SNX5,LYS,158,153.33,95.5
Q9Y5X3,SNX5,TYR,168,93.61,95.94
Q9Y5X3,SNX5,SER,173,102.09,80.88
Q9Y5X3,SNX5,LYS,177,81.38,58.91
Q9Y5X3,SNX5,THR,179,99.35,50.34
Q9Y5X3,SNX5,LYS,180,184.65,47.66
Q9Y5X3,SNX5,LYS,188,139.0,43.97
Q9Y5X3,SNX5,SER,189,60.15,40.97
Q9Y5X3,SNX5,LYS,192,87.33,46.16
Q9Y5X3,SNX5,SER,193,63.52,48.31
Q9Y5X3,SNX5,THR,200,110.41,64.19
Q9Y5X3,SNX5,LYS,203,171.42,83.0
Q9Y5X3,SNX5,LYS,213,85.76,93.06
Q9Y5X3,SNX5,TYR,219,26.7,96.56
Q9Y5X3,SNX5,TYR,220,35.29,96.5
Q9Y5X3,SNX5,LYS,224,97.77,97.12
Q9Y5X3,SNX5,SER,226,44.94,98.19
Q9Y5X3,SNX5,LYS,229,143.03,98.44
Q9Y5X3,SNX5,LYS,232,121.91,98.06
Q9Y5X3,SNX5,THR,234,11.06,95.19
Q9Y5X3,SNX5,SER,236,62.61,98.12
Q9Y5X3,SNX5,LYS,238,127.27,92.56
Q9Y5X3,SNX5,TYR,244,54.56,97.56
Q9Y5X3,SNX5,THR,247,49.91,97.06
Q9Y5X3,SNX5,CYS,250,86.73,97.25
Q9Y5X3,SNX5,SER,253,66.34,97.0
Q9Y5X3,SNX5,THR,260,115.41,92.88
Q9Y5X3,SNX5,LYS,263,68.34,95.44
Q9Y5X3,SNX5,LYS,264,98.9,93.44
Q9Y5X3,SNX5,TYR,265,51.3,93.19
Q9Y5X3,SNX5,LYS,268,80.43,94.5
Q9Y5X3,SNX5,LYS,275,86.68,96.81
Q9Y5X3,SNX5,LYS,278,135.85,94.25
Q9Y5X3,SNX5,SER,284,14.7,94.88
Q9Y5X3,SNX5,SER,285,60.28,91.5
Q9Y5X3,SNX5,LYS,290,30.64,90.62
Q9Y5X3,SNX5,TYR,297,39.75,91.62
Q9Y5X3,SNX5,LYS,306,57.17,94.69
Q9Y5X3,SNX5,TYR,310,54.25,91.69
Q9Y5X3,SNX5,THR,313,22.96,92.88
Q9Y5X3,SNX5,LYS,314,107.83,92.94
Q9Y5X3,SNX5,TYR,319,47.51,95.69
Q9Y5X3,SNX5,LYS,324,119.37,96.31
Q9Y5X3,SNX5,LYS,328,130.04,97.25
Q9Y5X3,SNX5,LYS,332,157.05,96.19
Q9Y5X3,SNX5,SER,333,100.39,94.94
Q9Y5X3,SNX5,LYS,334,134.46,95.12
Q9Y5X3,SNX5,LYS,337,176.72,96.38
Q9Y5X3,SNX5,CYS,346,15.12,97.44
Q9Y5X3,SNX5,CYS,347,26.9,97.38
Q9Y5X3,SNX5,LYS,349,89.09,96.0
Q9Y5X3,SNX5,SER,354,17.46,97.19
Q9Y5X3,SNX5,SER,356,32.43,97.44
Q9Y5X3,SNX5,LYS,358,87.04,97.88
Q9Y5X3,SNX5,LYS,365,115.74,94.62
Q9Y5X3,SNX5,LYS,367,115.2,91.81
Q9Y5X3,SNX5,LYS,374,77.9,92.94
Q9Y5X3,SNX5,SER,380,48.05,96.62
Q9Y5X3,SNX5,LYS,385,130.26,97.94
Q9Y5X3,SNX5,SER,392,68.41,98.0
Q9Y5X3,SNX5,SER,396,74.68,94.25
Q9Y5X3,SNX5,CYS,397,13.6,93.5
Q9Y5X3,SNX5,LYS,402,149.09,89.69
Q9Y5Y5,PEX16,LYS,3,173.13,87.81
Q9Y5Y5,PEX16,TYR,11,77.71,91.75
Q9Y5Y5,PEX16,TYR,14,109.2,89.19
Q9Y5Y5,PEX16,THR,16,45.04,85.25
Q9Y5Y5,PEX16,THR,27,94.51,87.31
Q9Y5Y5,PEX16,TYR,34,134.72,80.69
Q9Y5Y5,PEX16,SER,43,18.84,73.06
Q9Y5Y5,PEX16,TYR,51,76.26,88.25
Q9Y5Y5,PEX16,LYS,67,144.59,81.38
Q9Y5Y5,PEX16,LYS,71,69.6,61.03
Q9Y5Y5,PEX16,LYS,72,153.26,56.03
Q9Y5Y5,PEX16,SER,76,56.2,82.75
Q9Y5Y5,PEX16,SER,78,58.32,88.12
Q9Y5Y5,PEX16,LYS,81,133.93,90.0
Q9Y5Y5,PEX16,THR,84,51.75,91.19
Q9Y5Y5,PEX16,CYS,91,28.58,90.5
Q9Y5Y5,PEX16,LYS,102,139.44,88.19
Q9Y5Y5,PEX16,LYS,132,161.9,85.12
Q9Y5Y5,PEX16,THR,137,27.96,82.38
Q9Y5Y5,PEX16,SER,138,35.27,78.69
Q9Y5Y5,PEX16,THR,148,52.96,61.19
Q9Y5Y5,PEX16,SER,158,73.96,35.28
Q9Y5Y5,PEX16,SER,165,38.56,73.56
Q9Y5Y5,PEX16,TYR,166,127.4,78.69
Q9Y5Y5,PEX16,LYS,169,196.67,86.75
Q9Y5Y5,PEX16,SER,171,81.47,85.38
Q9Y5Y5,PEX16,THR,177,41.17,76.25
Q9Y5Y5,PEX16,THR,181,56.9,67.75
Q9Y5Y5,PEX16,SER,183,79.97,71.94
Q9Y5Y5,PEX16,SER,186,41.28,65.12
Q9Y5Y5,PEX16,SER,207,70.19,65.25
Q9Y5Y5,PEX16,THR,209,112.42,73.75
Q9Y5Y5,PEX16,THR,211,21.65,82.38
Q9Y5Y5,PEX16,THR,218,38.84,92.56
Q9Y5Y5,PEX16,TYR,224,35.32,93.0
Q9Y5Y5,PEX16,SER,242,26.59,88.06
Q9Y5Y5,PEX16,LYS,244,109.37,92.06
Q9Y5Y5,PEX16,THR,255,54.3,96.06
Q9Y5Y5,PEX16,SER,258,63.91,94.31
Q9Y5Y5,PEX16,SER,261,82.52,87.12
Q9Y5Y5,PEX16,LYS,264,185.22,82.25
Q9Y5Y5,PEX16,THR,267,38.63,85.69
Q9Y5Y5,PEX16,THR,278,74.74,93.88
Q9Y5Y5,PEX16,TYR,283,108.18,88.62
Q9Y5Y5,PEX16,TYR,284,14.56,89.12
Q9Y5Y5,PEX16,SER,288,35.92,86.38
Q9Y5Y5,PEX16,TYR,323,115.13,83.88
Q9Y5Y5,PEX16,THR,326,56.48,81.56
Q9Y5Y5,PEX16,LYS,329,141.25,80.44
Q9Y5Y5,PEX16,TYR,331,104.29,75.56
Q9Y5Y5,PEX16,TYR,333,35.89,70.19
Q9Y5Y5,PEX16,SER,334,14.48,62.47
Q9Y5Y6,ST14,SER,3,108.58,38.88
Q9Y5Y6,ST14,LYS,8,203.48,36.09
Q9Y5Y6,ST14,LYS,14,193.39,34.69
Q9Y5Y6,ST14,LYS,21,208.13,34.75
Q9Y5Y6,ST14,TYR,22,224.71,37.94
Q9Y5Y6,ST14,SER,24,95.43,38.91
Q9Y5Y6,ST14,LYS,28,165.44,38.38
Q9Y5Y6,ST14,LYS,45,207.76,43.59
Q9Y5Y6,ST14,LYS,46,180.91,37.97
Q9Y5Y6,ST14,LYS,49,189.24,33.72
Q9Y5Y6,ST14,TYR,81,124.21,59.56
Q9Y5Y6,ST14,LYS,88,54.14,86.81
Q9Y5Y6,ST14,TYR,93,32.81,91.31
Q9Y5Y6,ST14,THR,97,67.79,81.5
Q9Y5Y6,ST14,TYR,105,19.99,90.44
Q9Y5Y6,ST14,SER,108,61.33,85.88
Q9Y5Y6,ST14,SER,110,16.58,92.56
Q9Y5Y6,ST14,THR,111,108.86,93.94
Q9Y5Y6,ST14,SER,115,63.49,92.06
Q9Y5Y6,ST14,SER,118,62.38,91.31
Q9Y5Y6,ST14,LYS,119,64.78,90.12
Q9Y5Y6,ST14,LYS,121,91.67,91.25
Q9Y5Y6,ST14,LYS,125,131.43,88.38
Q9Y5Y6,ST14,SER,129,75.79,85.38
Q9Y5Y6,ST14,TYR,137,52.42,89.94
Q9Y5Y6,ST14,LYS,139,98.38,89.81
Q9Y5Y6,ST14,THR,144,62.1,87.75
Q9Y5Y6,ST14,SER,150,39.48,73.38
Q9Y5Y6,ST14,SER,160,20.28,90.38
Q9Y5Y6,ST14,SER,187,83.52,60.03
Q9Y5Y6,ST14,LYS,189,164.9,59.22
Q9Y5Y6,ST14,SER,190,69.29,63.59
Q9Y5Y6,ST14,THR,194,41.59,79.12
Q9Y5Y6,ST14,SER,195,10.58,84.19
Q9Y5Y6,ST14,THR,201,18.62,78.12
Q9Y5Y6,ST14,SER,203,85.69,64.44
Q9Y5Y6,ST14,LYS,204,116.59,62.53
Q9Y5Y6,ST14,THR,205,10.52,62.09
Q9Y5Y6,ST14,THR,209,152.87,44.12
Q9Y5Y6,ST14,SER,213,70.42,74.56
Q9Y5Y6,ST14,CYS,214,27.03,83.38
Q9Y5Y6,ST14,SER,215,97.19,86.38
Q9Y5Y6,ST14,THR,229,51.69,94.5
Q9Y5Y6,ST14,SER,236,50.42,82.62
Q9Y5Y6,ST14,THR,259,19.7,95.81
Q9Y5Y6,ST14,SER,262,40.26,91.12
Q9Y5Y6,ST14,SER,267,57.11,78.81
Q9Y5Y6,ST14,CYS,268,85.31,75.0
Q9Y5Y6,ST14,SER,273,20.21,66.56
Q9Y5Y6,ST14,CYS,294,22.11,89.44
Q9Y5Y6,ST14,THR,296,93.54,87.12
Q9Y5Y6,ST14,TYR,297,62.31,86.88
Q9Y5Y6,ST14,SER,300,106.59,78.69
Q9Y5Y6,ST14,TYR,301,111.89,83.19
Q9Y5Y6,ST14,THR,304,15.17,95.12
Q9Y5Y6,ST14,SER,308,23.29,90.81
Q9Y5Y6,ST14,THR,320,29.21,63.56
Q9Y5Y6,ST14,SER,338,118.35,78.62
Q9Y5Y6,ST14,SER,339,91.77,84.25
Q9Y5Y6,ST14,CYS,340,26.54,91.19
Q9Y5Y6,ST14,LYS,346,150.65,89.25
Q9Y5Y6,ST14,THR,350,90.42,94.0
Q9Y5Y6,ST14,TYR,355,58.04,91.75
Q9Y5Y6,ST14,TYR,356,47.89,89.75
Q9Y5Y6,ST14,THR,367,49.46,95.75
Q9Y5Y6,ST14,LYS,379,18.0,88.62
Q9Y5Y6,ST14,LYS,383,55.29,88.69
Q9Y5Y6,ST14,TYR,386,69.4,90.38
Q9Y5Y6,ST14,THR,396,83.95,79.44
Q9Y5Y6,ST14,LYS,399,66.81,87.25
Q9Y5Y6,ST14,TYR,401,21.24,94.06
Q9Y5Y6,ST14,LYS,408,89.83,92.12
Q9Y5Y6,ST14,TYR,409,27.92,91.56
Q9Y5Y6,ST14,CYS,410,18.88,90.69
Q9Y5Y6,ST14,SER,414,90.7,72.56
Q9Y5Y6,ST14,THR,419,64.97,86.06
Q9Y5Y6,ST14,SER,422,50.44,85.94
Q9Y5Y6,ST14,LYS,424,110.51,91.44
Q9Y5Y6,ST14,THR,426,64.64,94.5
Q9Y5Y6,ST14,TYR,435,45.19,89.38
Q9Y5Y6,ST14,THR,438,28.63,91.5
Q9Y5Y6,ST14,SER,446,15.24,84.25
Q9Y5Y6,ST14,TYR,447,21.4,74.12
Q9Y5Y6,ST14,SER,449,62.9,58.69
Q9Y5Y6,ST14,SER,450,103.61,64.56
Q9Y5Y6,ST14,THR,458,36.92,81.88
Q9Y5Y6,ST14,THR,461,80.77,70.0
Q9Y5Y6,ST14,CYS,464,41.33,77.81
Q9Y5Y6,ST14,LYS,467,124.84,80.88
Q9Y5Y6,ST14,CYS,471,16.16,79.56
Q9Y5Y6,ST14,THR,478,104.56,74.5
Q9Y5Y6,ST14,SER,481,12.69,83.56
Q9Y5Y6,ST14,CYS,486,13.18,77.56
Q9Y5Y6,ST14,SER,487,109.64,81.06
Q9Y5Y6,ST14,CYS,488,20.87,77.75
Q9Y5Y6,ST14,THR,495,69.17,86.0
Q9Y5Y6,ST14,LYS,497,151.79,84.56
Q9Y5Y6,ST14,LYS,499,132.47,80.31
Q9Y5Y6,ST14,LYS,502,29.14,73.56
Q9Y5Y6,ST14,CYS,508,18.69,74.31
Q9Y5Y6,ST14,SER,510,93.69,69.25
Q9Y5Y6,ST14,CYS,523,27.15,67.25
Q9Y5Y6,ST14,SER,524,97.82,64.56
Q9Y5Y6,ST14,CYS,525,20.51,65.12
Q9Y5Y6,ST14,THR,529,38.58,77.88
Q9Y5Y6,ST14,SER,533,95.37,67.0
Q9Y5Y6,ST14,LYS,536,99.46,69.38
Q9Y5Y6,ST14,CYS,537,63.24,78.5
Q9Y5Y6,ST14,SER,539,44.06,78.88
Q9Y5Y6,ST14,LYS,540,126.21,74.62
Q9Y5Y6,ST14,SER,541,88.09,80.44
Q9Y5Y6,ST14,CYS,544,40.98,75.81
Q9Y5Y6,ST14,LYS,547,139.1,77.38
Q9Y5Y6,ST14,SER,554,11.93,74.5
Q9Y5Y6,ST14,SER,558,77.12,64.75
Q9Y5Y6,ST14,CYS,559,13.4,66.56
Q9Y5Y6,ST14,LYS,561,154.34,54.78
Q9Y5Y6,ST14,THR,566,122.13,72.88
Q9Y5Y6,ST14,CYS,567,75.99,69.5
Q9Y5Y6,ST14,THR,568,83.54,68.75
Q9Y5Y6,ST14,LYS,569,189.77,62.72
Q9Y5Y6,ST14,THR,571,24.4,72.06
Q9Y5Y6,ST14,TYR,572,28.68,71.81
Q9Y5Y6,ST14,SER,581,12.97,68.19
Q9Y5Y6,ST14,LYS,582,30.31,69.19
Q9Y5Y6,ST14,CYS,587,10.5,74.38
Q9Y5Y6,ST14,LYS,590,122.12,77.94
Q9Y5Y6,ST14,SER,594,101.69,80.81
Q9Y5Y6,ST14,SER,597,21.49,83.31
Q9Y5Y6,ST14,LYS,600,130.64,74.44
Q9Y5Y6,ST14,CYS,602,24.68,73.62
Q9Y5Y6,ST14,CYS,604,17.37,87.81
Q9Y5Y6,ST14,SER,608,46.47,56.81
Q9Y5Y6,ST14,THR,610,127.67,48.41
Q9Y5Y6,ST14,THR,619,46.01,74.44
Q9Y5Y6,ST14,SER,647,14.94,94.62
Q9Y5Y6,ST14,TYR,666,35.45,92.12
Q9Y5Y6,ST14,SER,667,61.1,92.06
Q9Y5Y6,ST14,THR,670,77.55,94.81
Q9Y5Y6,ST14,THR,673,20.37,96.94
Q9Y5Y6,ST14,SER,682,73.75,90.94
Q9Y5Y6,ST14,SER,685,114.89,91.31
Q9Y5Y6,ST14,LYS,695,126.25,96.62
Q9Y5Y6,ST14,SER,699,37.38,95.88
Q9Y5Y6,ST14,THR,707,60.69,80.25
Q9Y5Y6,ST14,TYR,710,54.81,94.88
Q9Y5Y6,ST14,LYS,719,133.02,96.0
Q9Y5Y6,ST14,TYR,723,83.08,92.12
Q9Y5Y6,ST14,SER,724,45.83,89.19
Q9Y5Y6,ST14,SER,725,79.15,84.25
Q9Y5Y6,ST14,SER,736,20.74,80.44
Q9Y5Y6,ST14,LYS,743,48.75,86.0
Q9Y5Y6,ST14,THR,753,92.64,67.5
Q9Y5Y6,ST14,TYR,755,143.03,53.25
Q9Y5Y6,ST14,THR,758,112.77,71.44
Q9Y5Y6,ST14,LYS,765,16.44,89.19
Q9Y5Y6,ST14,THR,774,85.64,88.06
Q9Y5Y6,ST14,THR,775,44.68,87.56
Q9Y5Y6,ST14,THR,785,23.09,90.56
Q9Y5Y6,ST14,SER,795,83.23,75.25
Q9Y5Y6,ST14,SER,800,12.15,76.56
Q9Y5Y6,ST14,CYS,801,13.17,79.56
Q9Y5Y6,ST14,SER,805,18.08,90.31
Q9Y5Y6,ST14,CYS,830,15.96,71.62
Q9Y5Y6,ST14,LYS,835,63.82,83.5
Q9Y5Y6,ST14,LYS,850,100.72,93.69
Q9Y5Y6,ST14,THR,853,21.33,93.06
Q9Y644,RFNG,SER,2,103.41,38.69
Q9Y644,RFNG,CYS,9,93.4,54.28
Q9Y644,RFNG,CYS,12,78.85,56.69
Q9Y644,RFNG,THR,38,123.79,66.94
Q9Y644,RFNG,SER,48,106.97,55.91
Q9Y644,RFNG,SER,54,92.91,82.75
Q9Y644,RFNG,LYS,65,13.97,98.69
Q9Y644,RFNG,THR,67,15.28,97.19
Q9Y644,RFNG,LYS,69,139.11,95.69
Q9Y644,RFNG,SER,84,40.21,96.88
Q9Y644,RFNG,THR,112,14.64,97.81
Q9Y644,RFNG,SER,115,60.39,96.69
Q9Y644,RFNG,THR,119,60.69,95.5
Q9Y644,RFNG,CYS,125,31.88,98.44
Q9Y644,RFNG,LYS,133,75.81,98.38
Q9Y644,RFNG,SER,137,44.91,97.94
Q9Y644,RFNG,LYS,140,60.7,98.44
Q9Y644,RFNG,SER,155,17.83,98.44
Q9Y644,RFNG,SER,161,65.86,97.19
Q9Y644,RFNG,SER,162,84.8,96.62
Q9Y644,RFNG,SER,164,43.6,96.88
Q9Y644,RFNG,SER,166,88.96,97.38
Q9Y644,RFNG,SER,175,44.17,87.88
Q9Y644,RFNG,THR,183,75.93,84.31
Q9Y644,RFNG,THR,191,87.17,59.62
Q9Y644,RFNG,THR,193,58.39,83.06
Q9Y644,RFNG,THR,194,78.03,88.19
Q9Y644,RFNG,LYS,196,136.51,95.38
Q9Y644,RFNG,LYS,215,103.27,98.75
Q9Y644,RFNG,SER,217,30.58,98.38
Q9Y644,RFNG,SER,221,15.41,97.5
Q9Y644,RFNG,SER,224,35.36,97.5
Q9Y644,RFNG,SER,227,78.65,96.06
Q9Y644,RFNG,THR,228,12.87,95.81
Q9Y644,RFNG,THR,272,44.93,96.19
Q9Y644,RFNG,SER,298,61.93,93.88
Q9Y644,RFNG,THR,304,17.55,97.12
Q9Y644,RFNG,LYS,307,61.91,97.81
Q9Y644,RFNG,CYS,311,18.06,97.25
Q9Y644,RFNG,TYR,314,41.56,96.75
Q9Y644,RFNG,THR,317,18.03,96.94
Q9Y644,RFNG,CYS,320,16.68,96.31
Q9Y644,RFNG,LYS,324,200.58,47.44
Q9Y644,RFNG,THR,329,139.83,35.66
Q9Y644,RFNG,SER,330,100.69,33.03
Q9Y694,SLC22A7,SER,59,88.99,65.12
Q9Y694,SLC22A7,THR,76,74.46,80.75
Q9Y694,SLC22A7,SER,79,32.5,84.25
Q9Y694,SLC22A7,CYS,80,36.98,87.06
Q9Y694,SLC22A7,TYR,85,177.39,81.31
Q9Y694,SLC22A7,THR,92,71.21,50.19
Q9Y694,SLC22A7,THR,93,144.05,42.28
Q9Y694,SLC22A7,SER,100,105.12,34.09
Q9Y694,SLC22A7,THR,110,60.94,85.25
Q9Y694,SLC22A7,CYS,113,16.29,84.12
Q9Y694,SLC22A7,SER,114,92.16,80.19
Q9Y694,SLC22A7,TYR,119,28.56,86.25
Q9Y694,SLC22A7,SER,122,74.41,86.75
Q9Y694,SLC22A7,SER,125,53.7,87.56
Q9Y694,SLC22A7,SER,126,21.8,88.88
Q9Y694,SLC22A7,THR,130,15.21,79.5
Q9Y694,SLC22A7,SER,132,95.31,62.0
Q9Y694,SLC22A7,CYS,138,33.41,81.38
Q9Y694,SLC22A7,LYS,141,87.2,79.81
Q9Y694,SLC22A7,THR,149,20.14,91.31
Q9Y694,SLC22A7,TYR,164,138.98,88.25
Q9Y694,SLC22A7,SER,181,29.0,97.5
Q9Y694,SLC22A7,SER,194,51.63,91.12
Q9Y694,SLC22A7,TYR,195,32.62,89.88
Q9Y694,SLC22A7,THR,201,14.73,97.19
Q9Y694,SLC22A7,THR,203,37.29,96.31
Q9Y694,SLC22A7,SER,207,22.49,96.06
Q9Y694,SLC22A7,THR,213,25.7,88.94
Q9Y694,SLC22A7,THR,230,87.65,77.81
Q9Y694,SLC22A7,SER,237,27.01,87.44
Q9Y694,SLC22A7,THR,238,46.82,90.5
Q9Y694,SLC22A7,TYR,252,138.64,94.88
Q9Y694,SLC22A7,SER,274,15.4,92.81
Q9Y694,SLC22A7,THR,287,42.76,85.0
Q9Y694,SLC22A7,LYS,292,152.35,89.75
Q9Y694,SLC22A7,TYR,297,51.75,91.25
Q9Y694,SLC22A7,CYS,310,71.25,57.81
Q9Y694,SLC22A7,SER,313,39.0,58.31
Q9Y694,SLC22A7,SER,315,36.46,71.0
Q9Y694,SLC22A7,SER,320,48.3,82.81
Q9Y694,SLC22A7,LYS,321,157.26,83.81
Q9Y694,SLC22A7,SER,333,54.45,82.69
Q9Y694,SLC22A7,TYR,334,125.21,83.12
Q9Y694,SLC22A7,THR,340,22.55,89.25
Q9Y694,SLC22A7,SER,369,62.72,76.38
Q9Y694,SLC22A7,TYR,376,14.62,93.0
Q9Y694,SLC22A7,LYS,390,20.61,91.5
Q9Y694,SLC22A7,TYR,394,131.99,89.19
Q9Y694,SLC22A7,SER,396,31.19,92.06
Q9Y694,SLC22A7,TYR,399,154.66,89.94
Q9Y694,SLC22A7,THR,409,13.66,97.06
Q9Y694,SLC22A7,THR,419,54.07,91.0
Q9Y694,SLC22A7,SER,424,65.26,76.0
Q9Y694,SLC22A7,SER,425,100.64,69.81
Q9Y694,SLC22A7,LYS,428,116.43,84.69
Q9Y694,SLC22A7,SER,429,70.58,87.94
Q9Y694,SLC22A7,SER,431,12.82,89.5
Q9Y694,SLC22A7,THR,432,14.04,92.0
Q9Y694,SLC22A7,THR,447,32.66,92.06
Q9Y694,SLC22A7,TYR,450,85.78,89.75
Q9Y694,SLC22A7,SER,454,29.85,86.88
Q9Y694,SLC22A7,THR,459,73.06,81.62
Q9Y694,SLC22A7,THR,464,16.85,84.56
Q9Y694,SLC22A7,SER,492,27.31,84.12
Q9Y694,SLC22A7,LYS,495,47.05,89.56
Q9Y694,SLC22A7,THR,497,34.75,93.19
Q9Y694,SLC22A7,THR,508,21.56,96.19
Q9Y694,SLC22A7,THR,515,12.56,85.44
Q9Y694,SLC22A7,THR,523,64.72,83.38
Q9Y694,SLC22A7,LYS,530,111.7,63.38
Q9Y694,SLC22A7,SER,531,70.35,46.97
Q9Y694,SLC22A7,THR,534,116.71,38.03
Q9Y694,SLC22A7,SER,535,94.4,37.34
Q9Y694,SLC22A7,LYS,544,192.34,42.84
Q9Y6I8,PXMP4,LYS,20,114.82,84.88
Q9Y6I8,PXMP4,TYR,23,94.66,86.81
Q9Y6I8,PXMP4,LYS,31,116.92,97.25
Q9Y6I8,PXMP4,TYR,39,128.45,97.94
Q9Y6I8,PXMP4,LYS,42,144.91,97.56
Q9Y6I8,PXMP4,THR,52,12.21,93.12
Q9Y6I8,PXMP4,SER,59,59.82,94.44
Q9Y6I8,PXMP4,LYS,63,31.49,95.69
Q9Y6I8,PXMP4,THR,71,18.22,97.81
Q9Y6I8,PXMP4,TYR,72,134.21,97.44
Q9Y6I8,PXMP4,SER,75,12.0,97.75
Q9Y6I8,PXMP4,THR,84,26.88,97.5
Q9Y6I8,PXMP4,TYR,85,48.76,97.88
Q9Y6I8,PXMP4,LYS,86,70.2,97.06
Q9Y6I8,PXMP4,SER,93,27.01,92.38
Q9Y6I8,PXMP4,TYR,94,183.9,91.38
Q9Y6I8,PXMP4,LYS,98,137.93,90.12
Q9Y6I8,PXMP4,THR,99,102.95,90.62
Q9Y6I8,PXMP4,TYR,100,103.68,90.44
Q9Y6I8,PXMP4,SER,124,37.51,93.88
Q9Y6I8,PXMP4,TYR,129,121.06,95.38
Q9Y6I8,PXMP4,SER,132,64.37,95.12
Q9Y6I8,PXMP4,SER,139,60.95,94.06
Q9Y6I8,PXMP4,LYS,145,124.54,96.0
Q9Y6I8,PXMP4,TYR,147,179.68,94.62
Q9Y6I8,PXMP4,THR,160,49.13,96.31
Q9Y6I8,PXMP4,TYR,173,149.67,96.81
Q9Y6I8,PXMP4,SER,176,105.79,94.31
Q9Y6I8,PXMP4,THR,177,92.51,94.44
Q9Y6I8,PXMP4,SER,181,47.11,87.56
Q9Y6I8,PXMP4,SER,184,42.14,91.12
Q9Y6I8,PXMP4,SER,185,33.09,91.81
Q9Y6I8,PXMP4,THR,187,35.31,93.06
Q9Y6I8,PXMP4,TYR,188,107.56,90.25
Q9Y6I8,PXMP4,TYR,190,82.93,93.38
Q9Y6I8,PXMP4,SER,193,62.01,88.38
Q9Y6I8,PXMP4,SER,200,52.27,81.69
Q9Y6I8,PXMP4,TYR,205,134.01,74.62
Q9Y6I8,PXMP4,LYS,207,129.99,67.44
Q9Y6I8,PXMP4,SER,208,59.59,57.5
Q9Y6I8,PXMP4,SER,211,112.55,44.44
Q9Y6M5,SLC30A1,CYS,3,93.21,44.59
Q9Y6M5,SLC30A1,CYS,13,65.09,80.44
Q9Y6M5,SLC30A1,THR,18,16.47,84.44
Q9Y6M5,SLC30A1,SER,33,30.61,93.38
Q9Y6M5,SLC30A1,THR,64,35.39,60.69
Q9Y6M5,SLC30A1,THR,67,63.29,77.5
Q9Y6M5,SLC30A1,LYS,69,196.46,84.44
Q9Y6M5,SLC30A1,THR,71,96.43,82.94
Q9Y6M5,SLC30A1,THR,90,47.08,91.5
Q9Y6M5,SLC30A1,CYS,132,73.18,78.62
Q9Y6M5,SLC30A1,SER,138,68.05,45.66
Q9Y6M5,SLC30A1,SER,141,103.39,35.19
Q9Y6M5,SLC30A1,SER,144,118.82,33.0
Q9Y6M5,SLC30A1,SER,149,114.43,43.5
Q9Y6M5,SLC30A1,LYS,161,210.77,41.88
Q9Y6M5,SLC30A1,LYS,166,208.03,39.59
Q9Y6M5,SLC30A1,SER,167,98.07,33.88
Q9Y6M5,SLC30A1,THR,168,139.43,38.84
Q9Y6M5,SLC30A1,SER,172,117.81,34.72
Q9Y6M5,SLC30A1,SER,173,113.38,42.09
Q9Y6M5,SLC30A1,THR,189,108.01,30.67
Q9Y6M5,SLC30A1,THR,191,130.94,35.16
Q9Y6M5,SLC30A1,THR,196,138.0,28.34
Q9Y6M5,SLC30A1,SER,197,99.01,29.67
Q9Y6M5,SLC30A1,SER,199,94.47,31.55
Q9Y6M5,SLC30A1,LYS,203,194.27,28.05
Q9Y6M5,SLC30A1,SER,214,114.68,29.45
Q9Y6M5,SLC30A1,THR,217,127.42,28.03
Q9Y6M5,SLC30A1,TYR,270,107.27,93.44
Q9Y6M5,SLC30A1,SER,272,35.76,92.5
Q9Y6M5,SLC30A1,LYS,274,151.71,85.88
Q9Y6M5,SLC30A1,CYS,276,54.79,80.0
Q9Y6M5,SLC30A1,SER,277,71.91,76.75
Q9Y6M5,SLC30A1,CYS,282,20.72,76.12
Q9Y6M5,SLC30A1,CYS,286,27.83,80.75
Q9Y6M5,SLC30A1,CYS,291,94.32,57.47
Q9Y6M5,SLC30A1,LYS,292,143.85,58.81
Q9Y6M5,SLC30A1,SER,300,46.71,60.5
Q9Y6M5,SLC30A1,THR,301,122.24,58.91
Q9Y6M5,SLC30A1,SER,304,106.31,65.19
Q9Y6M5,SLC30A1,TYR,306,78.65,77.44
Q9Y6M5,SLC30A1,CYS,311,39.57,89.75
Q9Y6M5,SLC30A1,TYR,315,82.64,94.25
Q9Y6M5,SLC30A1,THR,319,59.2,96.0
Q9Y6M5,SLC30A1,CYS,326,69.53,93.69
Q9Y6M5,SLC30A1,TYR,330,179.03,92.12
Q9Y6M5,SLC30A1,THR,331,60.38,86.25
Q9Y6M5,SLC30A1,TYR,333,138.98,91.19
Q9Y6M5,SLC30A1,LYS,337,97.49,92.0
Q9Y6M5,SLC30A1,THR,346,55.54,92.38
Q9Y6M5,SLC30A1,LYS,349,147.27,88.38
Q9Y6M5,SLC30A1,LYS,358,135.45,95.25
Q9Y6M5,SLC30A1,SER,380,46.35,77.81
Q9Y6M5,SLC30A1,THR,385,41.69,96.12
Q9Y6M5,SLC30A1,LYS,389,64.54,91.88
Q9Y6M5,SLC30A1,THR,394,125.82,85.19
Q9Y6M5,SLC30A1,SER,395,30.49,84.75
Q9Y6M5,SLC30A1,TYR,396,25.02,89.94
Q9Y6M5,SLC30A1,LYS,401,145.0,93.31
Q9Y6M5,SLC30A1,THR,402,64.94,94.56
Q9Y6M5,SLC30A1,LYS,404,120.43,94.19
Q9Y6M5,SLC30A1,THR,415,34.77,94.81
Q9Y6M5,SLC30A1,THR,416,77.95,95.0
Q9Y6M5,SLC30A1,SER,423,87.38,63.66
Q9Y6M5,SLC30A1,SER,426,81.49,42.28
Q9Y6M5,SLC30A1,LYS,427,221.49,45.38
Q9Y6M5,SLC30A1,SER,428,83.21,40.72
Q9Y6M5,SLC30A1,SER,429,106.83,39.91
Q9Y6M5,SLC30A1,CYS,433,35.92,55.09
Q9Y6M5,SLC30A1,CYS,437,53.08,58.47
Q9Y6M5,SLC30A1,THR,439,132.5,62.59
Q9Y6M5,SLC30A1,CYS,441,63.49,66.75
Q9Y6M5,SLC30A1,LYS,444,181.72,60.56
Q9Y6M5,SLC30A1,CYS,446,107.56,62.44
Q9Y6M5,SLC30A1,CYS,447,54.1,63.34
Q9Y6M5,SLC30A1,THR,449,126.08,53.53
Q9Y6M5,SLC30A1,SER,455,112.96,41.34
Q9Y6M5,SLC30A1,LYS,457,200.08,35.25
Q9Y6M5,SLC30A1,LYS,461,177.07,33.22
Q9Y6M5,SLC30A1,THR,462,121.5,33.62
Q9Y6M5,SLC30A1,SER,466,103.01,37.16
Q9Y6M5,SLC30A1,SER,468,74.92,31.94
Q9Y6M5,SLC30A1,CYS,469,92.74,38.22
Q9Y6M5,SLC30A1,SER,473,99.65,40.59
Q9Y6M5,SLC30A1,LYS,478,175.52,34.94
Q9Y6M5,SLC30A1,LYS,479,202.08,26.88
Q9Y6M5,SLC30A1,THR,483,130.64,37.31
Q9Y6M5,SLC30A1,LYS,484,196.68,32.94
Q9Y6M5,SLC30A1,LYS,496,201.9,37.62
Q9Y6M5,SLC30A1,LYS,501,205.54,38.88
Q9Y6M5,SLC30A1,SER,505,108.49,34.91
Q9Y6M5,SLC30A1,SER,506,106.78,37.44
Q9Y6M9,NDUFB9,SER,6,81.73,74.81
Q9Y6M9,NDUFB9,TYR,9,149.52,91.31
Q9Y6M9,NDUFB9,THR,11,61.81,95.19
Q9Y6M9,NDUFB9,LYS,15,93.49,97.44
Q9Y6M9,NDUFB9,TYR,20,47.6,98.62
Q9Y6M9,NDUFB9,LYS,21,137.68,98.5
Q9Y6M9,NDUFB9,SER,29,14.82,97.94
Q9Y6M9,NDUFB9,CYS,31,20.49,97.12
Q9Y6M9,NDUFB9,LYS,36,113.66,97.81
Q9Y6M9,NDUFB9,TYR,37,27.47,98.44
Q9Y6M9,NDUFB9,TYR,39,133.67,98.56
Q9Y6M9,NDUFB9,CYS,42,58.14,98.62
Q9Y6M9,NDUFB9,LYS,52,155.26,96.62
Q9Y6M9,NDUFB9,LYS,55,188.71,97.06
Q9Y6M9,NDUFB9,LYS,59,99.53,98.19
Q9Y6M9,NDUFB9,THR,61,74.58,98.12
Q9Y6M9,NDUFB9,LYS,65,131.86,98.38
Q9Y6M9,NDUFB9,TYR,73,191.63,98.0
Q9Y6M9,NDUFB9,TYR,80,122.58,97.94
Q9Y6M9,NDUFB9,SER,85,38.49,97.75
Q9Y6M9,NDUFB9,THR,89,118.36,98.12
Q9Y6M9,NDUFB9,SER,90,16.27,97.81
Q9Y6M9,NDUFB9,TYR,91,88.2,97.88
Q9Y6M9,NDUFB9,TYR,94,75.88,97.0
Q9Y6M9,NDUFB9,CYS,96,101.13,96.44
Q9Y6M9,NDUFB9,TYR,97,131.73,97.25
Q9Y6M9,NDUFB9,LYS,98,69.5,97.38
Q9Y6M9,NDUFB9,CYS,103,30.77,96.94
Q9Y6M9,NDUFB9,SER,110,73.23,98.06
Q9Y6M9,NDUFB9,LYS,112,53.48,97.94
Q9Y6M9,NDUFB9,TYR,115,107.93,98.0
Q9Y6M9,NDUFB9,TYR,118,117.63,98.25
Q9Y6M9,NDUFB9,LYS,121,126.83,98.12
Q9Y6M9,NDUFB9,LYS,126,41.3,97.31
Q9Y6M9,NDUFB9,LYS,127,115.85,97.5
Q9Y6M9,NDUFB9,LYS,138,125.79,96.62
Q9Y6M9,NDUFB9,THR,144,50.26,95.62
Q9Y6M9,NDUFB9,THR,151,62.46,91.75
Q9Y6M9,NDUFB9,LYS,159,144.07,95.44
Q9Y6M9,NDUFB9,TYR,169,138.0,95.69
Q9Y6M9,NDUFB9,THR,172,34.88,97.25
