pdb_id,resolution,ligand_id,ligand_heavy_atoms,ligand_chain,family,n_chains,structure_format,has_TYR_5A,has_TYR_8A,has_TYR_10A,has_TYR_12A,has_TYR_15A,has_CYS_5A,has_CYS_8A,has_CYS_10A,has_CYS_12A,has_CYS_15A,has_SER_5A,has_SER_8A,has_SER_10A,has_SER_12A,has_SER_15A,has_THR_5A,has_THR_8A,has_THR_10A,has_THR_12A,has_THR_15A,has_LYS_5A,has_LYS_8A,has_LYS_10A,has_LYS_12A,has_LYS_15A,has_ANY_5A,has_ANY_8A,has_ANY_10A,has_ANY_12A,has_ANY_15A,count_TYR_5A,count_TYR_8A,count_TYR_10A,count_TYR_12A,count_TYR_15A,count_CYS_5A,count_CYS_8A,count_CYS_10A,count_CYS_12A,count_CYS_15A,count_SER_5A,count_SER_8A,count_SER_10A,count_SER_12A,count_SER_15A,count_THR_5A,count_THR_8A,count_THR_10A,count_THR_12A,count_THR_15A,count_LYS_5A,count_LYS_8A,count_LYS_10A,count_LYS_12A,count_LYS_15A,min_TYR_dist,min_CYS_dist,min_SER_dist,min_THR_dist,min_LYS_dist,tyr_pocket_sasa,n_tyr_pocket_10A,sasa_computed
9SE9,1.97,A1JNH,25,A,Transferase(other),4,cif,False,True,True,True,True,False,True,True,True,True,False,False,True,True,True,False,False,False,False,False,False,False,True,True,True,False,True,True,True,True,0,1,1,3,5,0,1,1,1,1,0,0,1,2,3,0,0,0,0,0,0,0,2,3,4,5.512184143066406,5.1261091232299805,9.700065612792969,17.13056755065918,8.929977416992188,24.324941113163614,1,True
13UF,1.59,BZ3,11,A,Other,2,pdb,False,False,False,False,False,False,False,False,False,False,False,True,True,True,True,False,False,True,True,True,False,False,False,True,True,False,True,True,True,True,0,0,0,0,0,0,0,0,0,0,0,2,2,2,4,0,0,1,3,3,0,0,0,2,2,17.805444717407227,,5.518502712249756,8.713508605957031,11.624468803405762,,0,False
14WB,2.44,TE8,18,A,Other,2,pdb,False,False,False,False,False,False,False,False,False,True,False,True,True,True,True,False,True,True,True,True,False,False,True,True,True,False,True,True,True,True,0,0,0,0,0,0,0,0,0,1,0,1,1,1,3,0,1,2,2,4,0,0,1,1,1,20.59900665283203,12.573554039001465,7.510841846466064,7.512804985046387,8.79370403289795,,0,False
9ZTB,1.67,SVR,86,A,Hydrolase(other),2,pdb,False,True,True,True,True,False,True,True,True,True,False,False,False,False,True,False,False,True,True,True,True,True,True,True,True,True,True,True,True,True,0,1,1,1,3,0,1,2,2,3,0,0,0,0,2,0,0,1,1,3,1,1,3,4,6,7.256112098693848,5.809748649597168,14.779239654541016,9.975190162658691,3.7326133251190186,50.168046279221606,1,True
22VH,2.5,CYC,43,A,Other,12,pdb,True,True,True,True,True,False,True,True,True,True,False,True,True,True,True,False,False,True,True,True,True,True,True,True,True,True,True,True,True,True,1,1,2,5,6,0,1,1,1,2,0,1,2,4,7,0,0,1,5,7,1,1,2,2,2,4.08976411819458,5.830070495605469,7.892405986785889,9.583032608032228,4.784508228302002,26.201778221538937,2,True
9LZS,1.83,ZQB,32,A,Protease,2,pdb,False,False,False,True,True,False,True,True,True,True,False,False,True,True,True,False,False,False,True,True,False,False,False,False,True,False,True,True,True,True,0,0,0,3,5,0,1,1,1,3,0,0,1,4,8,0,0,0,1,4,0,0,0,0,1,10.493024826049805,5.626235008239746,8.675440788269043,11.331568717956545,14.042494773864746,,0,False
26RC,2.88,ANP,31,A,Transferase(other),6,pdb,False,False,False,False,True,False,False,False,False,False,False,True,True,True,True,False,True,True,True,True,False,True,True,True,True,False,True,True,True,True,0,0,0,0,1,0,0,0,0,0,0,2,4,5,9,0,3,6,6,12,0,3,3,5,5,14.710370063781738,,7.48439359664917,5.3424177169799805,5.010689735412598,,0,False
7IMC,1.54,BP4,16,A,Other,1,pdb,False,False,True,True,True,False,False,False,False,False,False,False,False,False,False,False,False,False,False,True,False,True,True,True,True,False,True,True,True,True,0,0,1,1,1,0,0,0,0,0,0,0,0,0,0,0,0,0,0,1,0,1,3,3,5,8.769540786743164,,19.18157958984375,13.942781448364258,6.886697292327881,11.11878088720711,1,True
13UT,1.62,LVF,13,A,Other,2,pdb,False,False,False,False,False,False,False,False,False,False,False,False,True,True,True,False,True,True,True,True,False,False,True,True,True,False,True,True,True,True,0,0,0,0,0,0,0,0,0,0,0,0,1,3,3,0,1,1,2,5,0,0,2,2,4,16.928247451782227,,9.872152328491213,6.5139923095703125,9.173224449157717,,0,False
13UP,1.47,A1C1K,15,B,Other,2,cif,False,False,False,False,True,False,False,False,False,False,False,False,False,True,True,False,True,True,True,True,False,False,True,True,True,False,True,True,True,True,0,0,0,0,1,0,0,0,0,0,0,0,0,2,2,0,2,3,4,6,0,0,1,3,4,14.88306999206543,,10.410390853881836,7.755763530731201,9.403581619262695,,0,False
7IMP,1.52,A1H9V,11,A,Other,1,cif,False,False,True,True,True,False,False,False,False,False,False,True,True,True,True,True,True,True,True,True,False,False,False,False,False,True,True,True,True,True,0,0,1,1,2,0,0,0,0,0,0,1,1,1,2,1,3,5,5,5,0,0,0,0,0,8.089529037475586,,7.08930778503418,4.7390851974487305,15.73088550567627,120.0561234367443,1,True
9XS6,2.46,A1MCO,16,A,Oxidoreductase,1,cif,False,True,True,True,True,False,False,False,True,True,False,False,False,True,True,True,True,True,True,True,False,True,True,True,True,True,True,True,True,True,0,2,4,5,12,0,0,0,1,2,0,0,0,3,6,1,1,2,4,6,0,1,1,2,4,7.11152458190918,10.442201614379885,10.021587371826172,4.533867359161377,7.885038375854492,143.86851074969428,4,True
9RWX,1.6,BGC,12,A,Hydrolase(other),1,pdb,True,True,True,True,True,False,False,False,False,False,False,True,True,True,True,False,False,True,True,True,False,False,True,True,True,True,True,True,True,True,1,1,3,6,13,0,0,0,0,0,0,2,2,5,6,0,0,3,6,10,0,0,1,1,3,3.9269843101501465,16.802642822265625,7.373433113098144,8.261791229248047,9.843728065490724,30.633170678207065,3,True
13UI,1.62,2D0,11,A,Other,2,pdb,False,False,False,False,False,False,False,False,False,False,False,False,True,True,True,False,True,True,True,True,False,False,True,True,True,False,True,True,True,True,0,0,0,0,0,0,0,0,0,0,0,0,1,3,3,0,1,1,3,5,0,0,2,2,5,15.737256050109863,,9.577198028564451,6.0751261711120605,9.26742172241211,,0,False
9HVZ,2.15,ACO,51,A,Transferase(other),4,cif,False,True,True,True,True,False,False,False,False,False,False,True,True,True,True,False,True,True,True,True,False,False,True,True,True,False,True,True,True,True,0,1,2,3,4,0,0,0,0,0,0,1,2,3,4,0,2,5,5,6,0,0,1,3,4,6.321226119995117,19.854568481445312,7.36020565032959,7.553828716278076,9.83778476715088,96.79856436662858,2,True
9S2Q,1.371,A1JLG,11,A,Other,2,cif,False,True,True,True,True,False,False,True,True,True,False,True,True,True,True,False,False,True,True,True,False,False,True,True,True,False,True,True,True,True,0,1,1,1,3,0,0,2,2,4,0,1,1,1,2,0,0,1,2,2,0,0,1,1,1,7.762104511260986,8.196971893310547,7.774823188781738,8.28233528137207,9.001161575317383,40.882998246820335,1,True
9RUM,2.79,FAD,53,A,Oxidoreductase,1,pdb,False,False,True,True,True,False,False,False,False,False,False,True,True,True,True,False,True,True,True,True,False,False,False,True,True,False,True,True,True,True,0,0,2,3,5,0,0,0,0,0,0,2,2,7,9,0,3,4,8,9,0,0,0,2,5,8.245378494262695,21.680784225463867,5.966421127319336,5.840540409088135,10.188080787658691,95.85073342128028,2,True
9NTP,1.55,A1B6E,33,A,Kinase,1,cif,False,True,True,True,True,False,True,True,True,True,False,False,True,True,True,False,True,True,True,True,False,True,True,True,True,False,True,True,True,True,0,1,1,2,2,0,1,2,2,2,0,0,1,1,1,0,1,2,2,3,0,1,4,5,7,6.579140186309815,6.381706237792969,8.245732307434082,6.32900333404541,7.468312740325928,40.75693636911248,1,True
9SN7,1.4,QUE,22,A,Transferase(other),1,pdb,False,False,True,True,True,False,False,True,True,True,False,False,True,True,True,False,False,False,False,True,False,False,True,True,True,False,False,True,True,True,0,0,1,2,3,0,0,1,1,1,0,0,1,1,2,0,0,0,0,1,0,0,1,1,1,8.241345405578613,9.21651554107666,8.227965354919434,14.826631546020508,9.575628280639648,12.669343826643612,1,True
14WH,1.84,K0G,16,A,Other,2,pdb,False,False,False,False,False,False,False,False,False,False,False,True,True,True,True,False,False,True,True,True,False,False,False,False,False,False,True,True,True,True,0,0,0,0,0,0,0,0,0,0,0,1,1,2,4,0,0,1,2,5,0,0,0,0,0,32.84939193725586,20.050857543945312,7.443528175354004,8.280821800231934,16.40086555480957,,0,False
12EM,2.07,UDP,25,A,Transferase(other),2,pdb,False,False,True,True,True,False,True,True,True,True,False,False,False,True,True,False,True,True,True,True,False,True,True,True,True,False,True,True,True,True,0,0,1,1,4,0,1,2,2,5,0,0,0,1,3,0,2,4,5,7,0,4,5,5,5,9.13210391998291,5.821497440338135,10.332552909851074,6.526020050048828,6.15015172958374,2.54062096483548,1,True
9OPK,2.05,A1CDD,27,A,Transferase(other),4,cif,False,True,True,True,True,False,False,False,False,True,False,True,True,True,True,False,False,False,True,True,False,True,True,True,True,False,True,True,True,True,0,3,3,3,5,0,0,0,0,1,0,2,3,3,5,0,0,0,2,5,0,1,4,6,6,6.382842063903809,13.223721504211426,5.678621768951416,10.492095947265623,7.705540180206299,57.79938231753207,3,True
9FRY,1.35,A1IFU,25,A,Hydrolase(other),1,cif,False,False,True,True,True,False,False,False,False,False,False,False,True,True,True,False,False,False,False,True,False,False,True,True,True,False,False,True,True,True,0,0,2,5,6,0,0,0,0,0,0,0,2,5,9,0,0,0,0,1,0,0,1,2,3,8.198786735534668,26.946533203125,9.484245300292969,12.34253215789795,8.79275131225586,162.50871649563888,2,True
9RSF,1.83,AGH,60,A,Antibody/Immune,4,pdb,True,True,True,True,True,False,False,False,True,True,False,True,True,True,True,False,True,True,True,True,False,False,True,True,True,True,True,True,True,True,1,1,1,1,1,0,0,0,1,3,0,2,2,5,8,0,2,4,4,7,0,0,1,1,2,1.4735603332519531,10.77407169342041,6.245743274688721,5.488279819488525,8.66264533996582,62.45362414066682,1,True
9WD2,2.5,ANP,31,A,Kinase,4,pdb,False,False,False,True,True,False,False,False,False,False,False,True,True,True,True,True,True,True,True,True,False,True,True,True,True,True,True,True,True,True,0,0,0,1,1,0,0,0,0,0,0,1,1,2,4,1,1,1,1,2,0,1,2,4,8,11.894261360168455,21.759672164916992,5.819634437561035,3.343269109725952,5.048713207244873,,0,False
35WF,1.68,A1DNH,27,A,Other,1,cif,False,True,True,True,True,False,True,True,True,True,False,True,True,True,True,False,False,True,True,True,False,False,True,True,True,False,True,True,True,True,0,1,1,3,4,0,1,1,1,1,0,2,2,2,2,0,0,1,1,1,0,0,2,4,4,5.896215438842773,5.822657108306885,5.443417072296143,8.222864151000977,8.565496444702148,53.767993782522616,1,True
9RUN,2.26,FAD,53,A,Oxidoreductase,2,pdb,False,False,True,True,True,False,False,False,False,False,False,True,True,True,True,False,True,True,True,True,False,False,False,True,True,False,True,True,True,True,0,0,2,2,5,0,0,0,0,0,0,2,2,7,8,0,3,4,8,10,0,0,0,2,5,8.198240280151367,21.182722091674805,5.676466941833496,5.883049488067627,10.166790962219238,80.54219380860827,2,True
7IMN,1.66,JG4,10,A,Other,1,pdb,False,False,True,True,True,False,False,False,False,False,False,False,True,True,True,False,True,True,True,True,False,False,True,True,True,False,True,True,True,True,0,0,1,2,2,0,0,0,0,0,0,0,1,2,2,0,1,2,5,6,0,0,1,3,3,9.84428596496582,,8.149800300598145,6.378263473510742,9.694974899291992,124.17005500254746,1,True
9Y9O,1.44,NLE,8,B,Other,6,pdb,False,False,False,False,False,False,False,False,False,False,True,True,True,True,True,False,False,False,False,True,False,False,False,False,False,True,True,True,True,True,0,0,0,0,0,0,0,0,0,0,1,1,5,7,7,0,0,0,0,4,0,0,0,0,0,47.436065673828125,,3.5256736278533936,13.100643157958984,18.071456909179688,,0,False
7IMW,1.69,TVP,14,A,Other,1,pdb,False,False,True,True,True,False,False,False,False,False,False,True,True,True,True,True,True,True,True,True,False,False,False,False,False,True,True,True,True,True,0,0,1,1,1,0,0,0,0,0,0,1,1,1,2,1,3,4,5,5,0,0,0,0,0,8.502495765686035,,6.259080410003662,4.485277652740479,16.25564956665039,123.33806747659746,1,True
14VF,2.127,A1DOJ,12,B,Other,2,cif,False,False,False,False,False,False,False,False,False,False,True,True,True,True,True,False,False,True,True,True,True,True,True,True,True,True,True,True,True,True,0,0,0,0,0,0,0,0,0,0,1,1,1,1,2,0,0,1,1,4,1,1,2,2,2,29.73137664794922,22.933216094970703,4.656126976013184,9.19092845916748,3.7500874996185294,,0,False
9TMX,1.7,FB8,26,A,Transferase(other),1,pdb,False,False,False,False,True,False,False,False,False,False,False,False,True,True,True,False,True,True,True,True,False,True,True,True,True,False,True,True,True,True,0,0,0,0,1,0,0,0,0,0,0,0,1,2,2,0,2,2,3,6,0,1,2,3,5,14.449624061584473,,9.008338928222656,5.932874202728272,7.9834489822387695,,0,False
9X9Z,2.55,FUC,10,B,Antibody/Immune,3,pdb,True,True,True,True,True,False,False,False,False,False,False,True,True,True,True,False,False,True,True,True,False,False,False,False,True,True,True,True,True,True,1,1,1,1,1,0,0,0,0,0,0,1,1,2,3,0,0,1,2,3,0,0,0,0,1,4.444614410400391,23.621721267700195,7.524343013763428,8.758889198303223,13.070061683654783,155.09589551764813,1,True
7ILV,1.54,GUG,16,A,Other,1,pdb,False,True,True,True,True,False,False,False,False,False,False,False,True,True,True,True,True,True,True,True,False,False,False,False,False,True,True,True,True,True,0,1,1,1,1,0,0,0,0,0,0,0,1,1,2,1,4,5,5,5,0,0,0,0,0,6.208460330963135,,8.923846244812012,3.7031986713409424,16.67460823059082,121.38219000918602,1,True
28IP,1.588,NAD,44,A,Oxidoreductase,4,cif,False,False,True,True,True,False,False,False,False,False,True,True,True,True,True,False,True,True,True,True,False,True,True,True,True,True,True,True,True,True,0,0,1,2,3,0,0,0,0,0,1,4,6,7,10,0,1,2,3,5,0,1,1,2,2,8.871830940246582,16.241561889648438,3.4504220485687256,6.888608932495117,6.750289440155029,31.8905088067368,1,True
14XM,2.02,NY4,15,B,Other,2,pdb,False,False,False,False,False,False,False,False,False,False,False,False,False,False,True,False,False,False,False,True,False,True,True,True,True,False,True,True,True,True,0,0,0,0,0,0,0,0,0,0,0,0,0,0,3,0,0,0,0,2,0,1,1,3,4,16.574804306030273,22.03507232666016,12.586750984191896,12.668023109436035,7.505803108215332,,0,False
9I3B,1.6,A1IZG,24,A,Oxidoreductase,1,cif,False,True,True,True,True,False,False,True,True,True,False,True,True,True,True,False,True,True,True,True,False,False,False,True,True,False,True,True,True,True,0,1,2,5,12,0,0,1,2,2,0,3,4,6,10,0,2,2,2,4,0,0,0,1,4,7.758942604064941,8.453301429748535,7.4345784187316895,5.687972545623779,11.0845947265625,49.07050567683659,2,True
30IX,2.9,A1IBA,21,B,Transferase(other),4,cif,False,False,True,True,True,False,True,True,True,True,False,True,True,True,True,False,False,False,True,True,False,False,True,True,True,False,True,True,True,True,0,0,1,2,5,0,1,2,2,2,0,1,1,1,1,0,0,0,1,2,0,0,2,4,5,8.394255638122559,7.8353800773620605,7.401153087615967,10.795654296875,8.781336784362793,6.196713623384639,1,True
14XE,1.914,A1DOZ,14,B,Other,2,cif,False,False,False,False,False,False,False,False,False,False,False,True,True,True,True,False,True,True,True,True,False,False,False,False,True,False,True,True,True,True,0,0,0,0,0,0,0,0,0,0,0,2,3,5,6,0,1,1,1,3,0,0,0,0,1,17.586809158325195,23.122581481933597,5.325502395629883,7.423186779022217,12.237300872802734,,0,False
7ILX,1.54,WH4,10,A,Other,1,pdb,False,False,True,True,True,False,False,False,False,False,False,False,False,False,False,False,False,False,False,True,False,True,True,True,True,False,True,True,True,True,0,0,1,1,1,0,0,0,0,0,0,0,0,0,0,0,0,0,0,1,0,1,3,3,4,8.34477424621582,,20.10352325439453,14.042020797729492,6.979025363922119,11.045955013236108,1,True
9RTH,2.52,MLI,7,AAA,Other,1,cif,True,True,True,True,True,False,False,False,True,True,False,False,False,True,True,True,True,True,True,True,False,True,True,True,True,True,True,True,True,True,2,4,4,6,8,0,0,0,2,5,0,0,0,1,4,2,2,4,5,7,0,1,1,1,2,3.1895973682403564,10.550979614257812,10.4124755859375,3.988202571868897,6.95154333114624,,4,False
9LZN,2.02,ZQB,32,A,Protease,2,pdb,False,False,False,True,True,False,True,True,True,True,False,False,True,True,True,False,False,True,True,True,False,False,False,False,True,False,True,True,True,True,0,0,0,3,5,0,1,1,2,6,0,0,1,3,4,0,0,1,5,8,0,0,0,0,1,10.376978874206545,6.0274200439453125,8.00901985168457,8.059956550598145,14.002071380615234,,0,False
9PH8,2.79,SAM,27,A,Transferase(other),2,pdb,False,True,True,True,True,True,True,True,True,True,False,False,False,True,True,False,False,False,True,True,False,False,True,True,True,True,True,True,True,True,0,1,3,3,5,1,1,3,3,7,0,0,0,1,5,0,0,0,1,4,0,0,1,3,7,6.203131675720215,4.235138416290283,11.695897102355955,10.264678955078123,8.564579010009766,12.167984085520043,3,True
9PL4,1.8,HIS,11,A,Other,2,pdb,False,True,True,True,True,False,False,False,False,False,False,False,True,True,True,False,False,True,True,True,False,False,False,True,True,False,True,True,True,True,0,2,2,4,7,0,0,0,0,0,0,0,1,5,5,0,0,1,1,5,0,0,0,1,3,5.817931175231934,,8.469326972961426,9.416956901550291,10.27308750152588,74.45105858099812,2,True
9SQG,1.85,EPZ,44,C,Transferase(other),3,pdb,False,True,True,True,True,False,False,False,False,False,False,True,True,True,True,True,True,True,True,True,False,True,True,True,True,True,True,True,True,True,0,1,1,1,2,0,0,0,0,0,0,1,1,1,2,1,1,2,3,4,0,1,2,2,2,6.714822292327881,16.559051513671875,7.764569759368896,4.0574212074279785,6.989341735839844,29.838489244864643,1,True
9T55,1.75,A1JTS,41,A,Other,1,cif,False,False,True,True,True,False,True,True,True,True,False,False,True,True,True,False,False,True,True,True,False,False,False,False,False,False,True,True,True,True,0,0,1,3,5,0,1,2,2,6,0,0,2,3,4,0,0,4,4,8,0,0,0,0,0,9.026336669921877,5.035262584686279,8.071019172668457,9.008599281311035,15.511015892028809,3.6845163590846592,1,True
9TXT,2.8,OY6,40,A,Transferase(other),4,pdb,False,True,True,True,True,False,False,False,True,True,True,True,True,True,True,False,False,False,False,False,False,False,False,True,True,True,True,True,True,True,0,2,5,6,9,0,0,0,1,1,1,1,2,2,5,0,0,0,0,0,0,0,0,1,2,5.264396190643311,10.171181678771973,3.399749755859375,15.041951179504396,10.718951225280762,279.824221404209,5,True
9T8G,1.61,GDP,28,A,Other,1,pdb,False,False,False,False,True,False,False,True,True,True,False,False,True,True,True,True,True,True,True,True,True,True,True,True,True,True,True,True,True,True,0,0,0,0,1,0,0,1,2,2,0,0,1,3,4,1,2,4,5,6,1,2,3,3,5,12.371101379394531,9.807692527770996,8.521971702575684,3.5985443592071533,3.82280158996582,,0,False
14VK,2.108,A1DOE,18,A,Other,2,cif,False,False,False,False,False,False,False,False,False,False,False,True,True,True,True,False,False,True,True,True,False,True,True,True,True,False,True,True,True,True,0,0,0,0,0,0,0,0,0,0,0,1,1,1,2,0,0,1,2,3,0,1,2,2,2,31.527063369750977,24.28204345703125,6.11659574508667,9.622713088989258,5.421627044677734,,0,False
9YUV,2.04,AKG,10,A,Oxidoreductase,1,pdb,False,True,True,True,True,False,False,False,True,True,False,True,True,True,True,False,True,True,True,True,False,False,False,False,True,False,True,True,True,True,0,1,2,3,3,0,0,0,1,2,0,1,3,7,9,0,1,3,3,6,0,0,0,0,2,7.2176408767700195,10.7993745803833,6.401447772979736,5.461148262023926,14.051800727844238,18.202082255461065,2,True
9T5E,1.689,A1JTR,39,A,Other,2,cif,False,False,True,True,True,True,True,True,True,True,False,True,True,True,True,False,False,True,True,True,False,False,False,False,False,True,True,True,True,True,0,0,1,3,4,1,1,1,3,7,0,1,2,5,6,0,0,2,4,8,0,0,0,0,0,9.55312442779541,4.941929817199707,7.044159412384033,8.421148300170898,15.597366333007812,27.22498678720653,1,True
9VYO,2.73,GTP,32,A,Other,6,cif,False,True,True,True,True,False,False,False,False,True,True,True,True,True,True,False,True,True,True,True,False,False,True,True,True,True,True,True,True,True,0,1,2,2,6,0,0,0,0,1,1,2,4,5,7,0,1,2,6,9,0,0,1,2,2,5.194250106811523,14.096070289611816,3.875463724136353,5.433656215667725,8.905677795410156,46.69741441668304,2,True
9XAR,2.77,FUC,10,G,Antibody/Immune,6,cif,False,False,False,False,True,False,False,False,False,True,False,False,True,True,True,False,True,True,True,True,False,False,False,True,True,False,True,True,True,True,0,0,0,0,2,0,0,0,0,1,0,0,2,3,4,0,3,3,4,5,0,0,0,1,1,13.191787719726562,13.863638877868652,9.025341033935549,5.356518268585205,10.763440132141112,,0,False
14VQ,2.18,SFY,17,A,Other,2,pdb,False,False,False,False,False,False,False,False,False,False,False,True,True,True,True,False,True,True,True,True,False,False,False,True,True,False,True,True,True,True,0,0,0,0,0,0,0,0,0,0,0,2,3,4,6,0,1,1,1,3,0,0,0,1,1,27.830968856811523,22.59039688110352,5.21764087677002,7.760168552398682,11.708532333374023,,0,False
14ZY,2.8,WLS,14,A,Other,2,pdb,False,False,False,False,False,False,False,False,False,False,False,True,True,True,True,False,True,True,True,True,False,False,False,False,True,False,True,True,True,True,0,0,0,0,0,0,0,0,0,0,0,2,3,4,6,0,1,1,1,3,0,0,0,0,1,27.228679656982425,21.924226760864254,6.088734149932861,7.733043670654297,12.44597053527832,,0,False
9RTS,2.3,ADP,27,A,Other,4,pdb,False,False,False,False,True,True,True,True,True,True,True,True,True,True,True,False,False,False,False,False,False,True,True,True,True,True,True,True,True,True,0,0,0,0,3,1,1,1,2,2,1,2,2,4,7,0,0,0,0,0,0,1,4,4,7,13.29067325592041,4.686927795410156,4.955148220062256,16.45148468017578,6.048681259155273,,0,False
14ZG,2.34,T6J,14,B,Other,2,pdb,False,False,False,False,False,False,False,False,False,False,False,True,True,True,True,False,True,True,True,True,False,False,False,False,True,False,True,True,True,True,0,0,0,0,0,0,0,0,0,0,0,2,3,4,7,0,1,1,1,3,0,0,0,0,1,17.185497283935547,23.140554428100582,5.688797473907471,7.82951021194458,12.287955284118652,,0,False
14VM,1.82,A1DOP,16,B,Other,2,cif,False,False,False,False,False,False,False,False,False,False,False,True,True,True,True,False,False,True,True,True,False,False,False,False,True,False,True,True,True,True,0,0,0,0,0,0,0,0,0,0,0,1,2,5,6,0,0,1,1,2,0,0,0,0,2,16.68834114074707,23.97725296020508,5.680627822875977,8.168492317199707,13.07314109802246,,0,False
9TBU,1.23,GDP,28,G,Other,1,pdb,False,False,False,False,True,False,False,True,True,True,False,False,True,True,True,True,True,True,True,True,True,True,True,True,True,True,True,True,True,True,0,0,0,0,1,0,0,1,1,2,0,0,1,1,2,1,2,4,5,8,1,2,3,3,4,12.269135475158691,9.879395484924316,8.429581642150879,3.638140201568604,3.961944103240967,,0,False
9TCK,1.8,GDP,28,A,Other,1,pdb,False,False,False,False,False,False,False,True,True,True,False,False,True,True,True,True,True,True,True,True,True,True,True,True,True,True,True,True,True,True,0,0,0,0,0,0,0,1,2,2,0,0,1,2,3,1,2,4,5,6,1,2,3,3,4,16.378942489624023,9.816411018371582,8.47468376159668,3.538537979125977,3.806540012359619,,0,False
9TMR,1.9,STU,35,A,Transferase(other),1,pdb,False,False,False,False,True,False,False,False,False,False,False,False,False,True,True,True,True,True,True,True,False,False,True,True,True,True,True,True,True,True,0,0,0,0,2,0,0,0,0,0,0,0,0,2,2,1,1,2,3,5,0,0,3,3,4,13.73859691619873,,10.822114944458008,4.50111198425293,8.09865665435791,,0,False
14VG,2.161,A1DOK,17,A,Other,2,cif,False,False,False,False,False,False,False,False,False,False,False,True,True,True,True,False,True,True,True,True,False,False,False,True,True,False,True,True,True,True,0,0,0,0,0,0,0,0,0,0,0,2,3,4,6,0,1,1,1,3,0,0,0,1,1,27.60623550415039,22.29853630065918,5.6726908683776855,7.587479591369629,11.869003295898438,,0,False
9RUZ,1.65,A1JJR,29,A,Other,1,cif,False,False,True,True,True,False,False,True,True,True,False,False,False,True,True,False,True,True,True,True,False,False,False,False,True,False,True,True,True,True,0,0,1,1,3,0,0,1,1,1,0,0,0,1,3,0,1,2,2,3,0,0,0,0,3,9.264291763305664,9.808700561523438,10.18899917602539,5.186312198638916,13.224469184875488,5.976489747871575,1,True
10FV,1.8,CME,10,A,Transferase(other),1,pdb,False,True,True,True,True,False,False,False,False,False,False,False,True,True,True,False,True,True,True,True,False,False,False,True,True,False,True,True,True,True,0,1,1,2,3,0,0,0,0,0,0,0,1,2,3,0,2,4,4,5,0,0,0,1,2,7.583581447601318,27.934011459350582,8.349656105041504,6.68002462387085,10.205259323120115,3.266138444222287,1,True
14VC,2.439,A1DOG,20,B,Other,2,cif,False,False,False,False,False,False,False,False,False,False,False,True,True,True,True,False,False,True,True,True,False,False,False,False,True,False,True,True,True,True,0,0,0,0,0,0,0,0,0,0,0,2,2,5,6,0,0,1,1,3,0,0,0,0,2,16.629270553588867,23.55741310119629,6.276764392852783,8.412283897399902,13.63999366760254,,0,False
9RWC,1.8,SIA,21,A,Other,2,pdb,False,False,True,True,True,False,False,False,False,False,False,False,False,True,True,False,False,False,True,True,False,False,True,True,True,False,False,True,True,True,0,0,2,4,6,0,0,0,0,0,0,0,0,1,6,0,0,0,3,8,0,0,1,1,2,9.019359588623049,,11.011099815368652,10.78179168701172,8.495543479919434,19.977138856732445,2,True
32QR,2.1,BMV,34,A,Transferase(other),1,pdb,False,True,True,True,True,False,False,False,False,True,False,True,True,True,True,False,False,True,True,True,False,False,True,True,True,False,True,True,True,True,0,1,1,3,4,0,0,0,0,1,0,1,2,4,5,0,0,2,3,3,0,0,1,1,5,7.205099105834961,13.888118743896484,7.997812747955322,8.061762809753418,9.321422576904297,31.7713025444374,1,True
27RD,2.0,TG1,46,A,Hydrolase(other),1,cif,False,True,True,True,True,False,False,False,False,True,False,False,True,True,True,False,False,False,False,False,False,False,True,True,True,False,True,True,True,True,0,1,1,2,4,0,0,0,0,2,0,0,3,4,5,0,0,0,0,0,0,0,2,2,4,7.882918357849121,13.683037757873535,8.161471366882324,17.25918960571289,9.768027305603027,17.91094484997537,1,True
9RY6,1.74,A1JKM,12,A,Hydrolase(other),1,cif,False,False,False,True,True,False,False,False,False,True,False,False,False,True,True,False,False,False,False,True,False,False,True,True,True,False,False,True,True,True,0,0,0,3,5,0,0,0,0,2,0,0,0,1,2,0,0,0,0,1,0,0,2,2,7,10.651885986328123,13.034472465515137,10.72742748260498,14.165013313293455,9.043002128601074,,0,False
7IMK,1.54,K31,14,A,Other,1,pdb,False,True,True,True,True,False,False,False,False,False,False,True,True,True,True,True,True,True,True,True,False,False,False,False,False,True,True,True,True,True,0,1,1,1,1,0,0,0,0,0,0,1,1,1,2,1,3,5,5,5,0,0,0,0,0,7.9460954666137695,,6.874054431915283,4.447275638580322,16.380250930786133,122.50418343455944,1,True
30TL,1.2,TPO,11,B,Other,2,pdb,False,True,True,True,True,False,False,False,False,True,False,False,True,True,True,False,False,False,False,True,False,True,True,True,True,False,True,True,True,True,0,2,2,5,7,0,0,0,0,1,0,0,1,2,3,0,0,0,0,3,0,2,2,2,3,5.179755210876465,12.894493103027344,9.326794624328612,13.90000820159912,5.318024158477783,10.976148712552297,2,True
9Q5R,2.3,NAD,44,A,Oxidoreductase,2,cif,False,False,False,True,True,False,False,True,True,True,True,True,True,True,True,True,True,True,True,True,False,False,True,True,True,True,True,True,True,True,0,0,0,2,4,0,0,1,2,3,1,1,1,2,2,1,2,2,4,6,0,0,2,2,6,10.205122947692873,9.435745239257812,3.225189208984375,3.539236307144165,8.147686004638672,,0,False
9S7H,2.09,ANP,31,A,Kinase,2,pdb,False,False,True,True,True,False,False,False,False,False,False,True,True,True,True,False,False,False,True,True,False,True,True,True,True,False,True,True,True,True,0,0,1,1,2,0,0,0,0,0,0,1,1,1,2,0,0,0,2,3,0,1,3,5,9,9.383472442626951,16.9089298248291,5.952947616577148,11.368643760681152,5.465681076049805,125.0355790954643,1,True
9SBE,1.75,1AC,7,A,Other,1,pdb,False,False,True,True,True,False,False,False,False,False,False,True,True,True,True,False,False,True,True,True,False,True,True,True,True,False,True,True,True,True,0,0,2,3,4,0,0,0,0,0,0,3,3,6,8,0,0,2,3,5,0,2,2,2,6,8.473752975463867,15.683122634887695,5.514360427856445,8.055051803588867,5.873677730560303,118.99708697237868,2,True
9RUD,2.32,PG6,18,B,Other,2,pdb,False,False,False,False,False,False,False,False,False,False,False,False,False,False,False,False,False,False,False,False,False,False,True,True,True,False,False,True,True,True,0,0,0,0,0,0,0,0,0,0,0,0,0,0,0,0,0,0,0,0,0,0,3,3,3,22.945348739624023,43.29199981689453,19.00376319885254,15.01761245727539,8.794035911560059,,0,False
9Z5L,1.8,A1C04,29,A,Other,1,cif,False,True,True,True,True,False,False,True,True,True,False,True,True,True,True,False,False,True,True,True,False,True,True,True,True,False,True,True,True,True,0,1,1,3,4,0,0,1,2,2,0,1,1,1,5,0,0,1,1,2,0,2,3,5,9,6.8911004066467285,8.607046127319336,7.406371116638184,9.504045486450195,5.012648582458496,2.986897791519498,1,True
9YBS,1.49,A1CT6,15,A,Other,1,cif,True,True,True,True,True,False,False,True,True,True,False,False,False,False,False,False,False,False,True,True,False,True,True,True,True,True,True,True,True,True,1,2,3,5,5,0,0,2,2,2,0,0,0,0,0,0,0,0,1,1,0,1,3,3,3,3.9096274375915527,9.708441734313965,15.024862289428713,10.849746704101562,6.663163661956787,33.2651158218502,3,True
9VZG,1.74,A1EUO,23,A,Antibody/Immune,1,cif,True,True,True,True,True,False,False,False,False,True,False,True,True,True,True,True,True,True,True,True,False,False,False,False,False,True,True,True,True,True,2,4,5,5,6,0,0,0,0,2,0,1,1,2,3,1,1,2,2,3,0,0,0,0,0,4.132233619689941,13.235411643981934,6.143961429595947,4.456736087799072,16.163820266723633,92.62873127299945,5,True
9Y7U,1.65,NDP,48,A,Oxidoreductase,2,cif,False,True,True,True,True,False,False,False,False,False,True,True,True,True,True,True,True,True,True,True,True,True,True,True,True,True,True,True,True,True,0,1,1,1,2,0,0,0,0,0,1,1,2,4,6,1,1,2,2,2,1,1,1,1,3,6.54743242263794,,4.391550064086914,4.298593997955322,4.305848598480225,10.391791665745169,1,True
13DZ,1.72,NAP,48,A,Oxidoreductase,1,cif,False,False,False,False,True,False,False,True,True,True,False,False,False,True,True,True,True,True,True,True,False,False,False,True,True,True,True,True,True,True,0,0,0,0,1,0,0,1,1,1,0,0,0,2,4,1,3,4,9,10,0,0,0,1,1,14.728765487670898,8.074758529663086,10.970989227294922,3.7104625701904297,11.058670043945312,,0,False
13TD,1.7,36R,11,B,Other,2,cif,False,False,False,False,True,False,False,False,False,False,False,False,False,True,True,False,True,True,True,True,False,False,False,True,True,False,True,True,True,True,0,0,0,0,1,0,0,0,0,0,0,0,0,2,2,0,1,3,4,6,0,0,0,2,3,14.05193042755127,,10.322134971618652,7.291892528533935,10.68233871459961,,0,False
28IU,2.547,NAD,44,A,Oxidoreductase,1,cif,False,False,True,True,True,False,False,False,False,False,True,True,True,True,True,False,True,True,True,True,False,True,True,True,True,True,True,True,True,True,0,0,1,2,3,0,0,0,0,0,1,4,6,7,9,0,1,2,3,5,0,1,1,2,2,9.012206077575684,16.214290618896484,3.4814558029174805,6.518725872039795,6.869724750518799,24.41302426451504,1,True
9PL6,1.95,HIS,11,A,Other,2,pdb,False,True,True,True,True,False,False,False,False,False,False,False,True,True,True,False,False,True,True,True,False,False,False,True,True,False,True,True,True,True,0,2,2,3,7,0,0,0,0,0,0,0,1,5,5,0,0,1,1,6,0,0,0,1,3,5.800948143005371,,8.339509010314941,9.50538444519043,11.18454360961914,88.72984561477054,2,True
9TFB,2.0,A1JVS,42,A,Kinase,1,cif,False,False,True,True,True,False,True,True,True,True,False,True,True,True,True,False,True,True,True,True,False,True,True,True,True,False,True,True,True,True,0,0,2,2,4,0,1,2,2,2,0,1,1,1,1,0,1,1,1,2,0,2,2,4,5,8.347281455993652,6.203498363494873,6.203984260559082,7.833324909210205,6.549868583679199,109.95444531015804,2,True
14XN,1.88,WZ7,15,A,Other,2,pdb,False,False,False,False,False,False,False,False,False,False,False,True,True,True,True,False,False,True,True,True,False,False,False,False,False,False,True,True,True,True,0,0,0,0,0,0,0,0,0,0,0,1,1,2,4,0,0,1,1,5,0,0,0,0,0,34.65305709838867,22.004474639892575,7.930148124694824,9.964218139648438,16.90640640258789,,0,False
9RZ6,2.1,A1JJ3,68,A,Other,12,cif,False,True,True,True,True,False,False,False,True,True,False,False,True,True,True,False,False,False,True,True,False,False,False,False,True,False,True,True,True,True,0,1,2,2,6,0,0,0,1,1,0,0,1,2,6,0,0,0,2,3,0,0,0,0,2,5.169588088989258,10.985479354858398,9.941289901733398,10.565178871154783,12.345880508422852,66.39028069464979,2,True
9SZK,1.8,UTP,29,C,Transferase(other),3,pdb,False,False,False,True,True,False,False,False,False,False,False,False,False,True,True,False,True,True,True,True,False,True,True,True,True,False,True,True,True,True,0,0,0,1,1,0,0,0,0,0,0,0,0,1,2,0,1,2,4,6,0,1,2,2,2,10.96773624420166,18.178585052490234,11.6315336227417,5.659453392028809,5.103079319000244,,0,False
11SD,2.816,A1DAI,24,A,Nuclear receptor,4,cif,False,False,False,True,True,False,True,True,True,True,False,True,True,True,True,False,False,False,True,True,False,False,True,True,True,False,True,True,True,True,0,0,0,2,7,0,1,1,1,1,0,1,3,5,7,0,0,0,2,3,0,0,3,3,4,10.531697273254396,7.177864074707031,7.233838081359863,10.824175834655762,8.277173042297363,,0,False
14VD,1.921,A1DOH,17,A,Other,2,cif,False,False,False,False,False,False,False,False,True,True,False,True,True,True,True,False,True,True,True,True,False,False,True,True,True,False,True,True,True,True,0,0,0,0,0,0,0,0,1,1,0,1,1,1,4,0,2,2,3,4,0,0,1,1,1,21.229785919189453,11.373956680297852,6.135626792907715,6.647816181182861,8.383097648620605,,0,False
9Q3Y,2.74,A1CNW,29,A,Other,4,cif,False,True,True,True,True,False,False,False,False,True,True,True,True,True,True,False,True,True,True,True,False,True,True,True,True,True,True,True,True,True,0,2,3,5,6,0,0,0,0,3,1,2,4,4,8,0,1,3,6,9,0,1,1,2,6,5.605661869049072,12.078924179077148,4.833268165588379,7.642242431640625,6.970614910125732,132.6284626698672,3,True
12LA,1.1,A1DI5,36,A,Other,1,cif,True,True,True,True,True,False,True,True,True,True,False,False,True,True,True,False,True,True,True,True,False,False,True,True,True,True,True,True,True,True,1,3,3,3,4,0,1,1,2,2,0,0,1,2,3,0,1,1,1,3,0,0,2,2,4,2.700906753540039,7.646230220794678,8.527562141418457,6.640209197998047,8.121932029724121,149.65415704237256,3,True
9RXU,2.3,A1JKP,21,F,Other,8,cif,False,False,False,False,True,False,False,False,False,False,False,False,False,False,False,False,False,False,False,True,True,True,True,True,True,True,True,True,True,True,0,0,0,0,1,0,0,0,0,0,0,0,0,0,0,0,0,0,0,1,1,1,1,2,4,14.33992862701416,24.29546165466309,15.500420570373535,12.726633071899414,3.308241128921509,,0,False
9Q4A,2.5,NAD,44,A,Oxidoreductase,2,cif,False,False,False,True,True,False,False,True,True,True,True,True,True,True,True,True,True,True,True,True,False,False,True,True,True,True,True,True,True,True,0,0,0,2,3,0,0,1,2,3,1,1,1,2,2,1,2,2,4,6,0,0,2,2,5,10.270139694213867,9.253705024719238,3.230539083480835,3.286802291870117,8.093463897705078,,0,False
14XX,2.07,NV7,16,A,Other,2,pdb,False,False,False,False,False,False,False,False,False,False,False,True,True,True,True,False,False,True,True,True,False,False,False,False,True,False,True,True,True,True,0,0,0,0,0,0,0,0,0,0,0,2,3,3,6,0,0,1,1,2,0,0,0,0,1,28.490537643432617,23.04138565063477,5.390812873840332,8.540761947631836,12.048365592956545,,0,False
9WTA,2.2,HEC,43,A,Other,4,pdb,False,False,True,True,True,False,True,True,True,True,False,True,True,True,True,False,False,True,True,True,False,False,True,True,True,False,True,True,True,True,0,0,1,1,2,0,2,3,3,4,0,1,3,5,7,0,0,1,1,1,0,0,2,2,3,8.397886276245117,6.03974199295044,6.838118553161621,8.022491455078125,8.695104598999023,10.327688927674275,1,True
9RT5,1.4,ASC,12,A,Other,1,pdb,True,True,True,True,True,False,False,False,False,False,False,False,True,True,True,False,True,True,True,True,True,True,True,True,True,True,True,True,True,True,2,2,4,5,5,0,0,0,0,0,0,0,1,5,8,0,1,4,4,4,1,2,2,3,4,4.496364593505859,18.92565155029297,8.955222129821777,7.117242336273193,4.938501834869385,115.32767795947672,4,True
9YUX,1.57,SIN,8,A,Oxidoreductase,1,pdb,False,True,True,True,True,False,False,False,True,True,False,True,True,True,True,True,True,True,True,True,False,False,False,False,True,True,True,True,True,True,0,1,2,2,3,0,0,0,1,2,0,2,3,5,9,1,1,3,3,5,0,0,0,0,2,6.822988033294678,10.507128715515137,6.283312797546387,4.935267925262451,13.613996505737305,16.76947115916465,2,True
9W3M,1.86,FMN,31,A,Oxidoreductase,1,cif,True,True,True,True,True,False,False,False,False,False,False,True,True,True,True,True,True,True,True,True,True,True,True,True,True,True,True,True,True,True,1,1,2,2,4,0,0,0,0,0,0,1,4,5,8,1,3,4,5,9,1,2,2,2,5,4.024069786071777,,5.985872268676758,4.524292469024658,4.854643821716309,74.68579909116605,2,True
9T0U,1.07,A1JSU,21,A,Kinase,1,cif,False,False,True,True,True,False,False,False,False,False,False,True,True,True,True,False,False,False,True,True,False,True,True,True,True,False,True,True,True,True,0,0,1,2,4,0,0,0,0,0,0,1,1,1,2,0,0,0,1,2,0,1,2,5,9,9.070321083068848,16.233129501342773,7.172717571258545,11.858331680297852,6.2250590324401855,47.281711238803695,1,True
10CX,0.9,2PE,28,A,Other,1,pdb,False,False,False,False,True,False,False,False,False,False,False,False,False,True,True,False,False,True,True,True,False,False,False,False,False,False,False,True,True,True,0,0,0,0,1,0,0,0,0,0,0,0,0,1,2,0,0,2,2,2,0,0,0,0,0,13.629417419433594,,11.76687240600586,8.135619163513184,15.424880981445312,,0,False
14ZX,2.01,O1M,16,B,Other,2,pdb,False,False,False,False,False,False,False,False,False,False,False,True,True,True,True,False,False,True,True,True,False,False,False,False,True,False,True,True,True,True,0,0,0,0,0,0,0,0,0,0,0,1,2,5,6,0,0,1,1,2,0,0,0,0,1,16.50520896911621,24.130783081054688,5.110937595367432,8.58493423461914,12.607285499572754,,0,False
9HYK,2.09,FAD,53,A,Oxidoreductase,4,cif,False,False,True,True,True,True,True,True,True,True,False,True,True,True,True,True,True,True,True,True,False,False,False,True,True,True,True,True,True,True,0,0,1,2,4,1,2,2,2,2,0,2,2,3,5,1,3,3,4,6,0,0,0,1,3,9.163646697998049,4.151810646057129,5.103085517883301,2.2808308601379395,11.852867126464844,27.373405516160883,1,True
13TT,1.87,4JO,9,A,Other,2,pdb,False,False,False,False,False,False,False,False,False,False,False,False,True,True,True,False,True,True,True,True,False,False,True,True,True,False,True,True,True,True,0,0,0,0,0,0,0,0,0,0,0,0,2,3,3,0,1,1,3,5,0,0,2,3,5,15.983783721923828,,9.756776809692385,6.379294872283936,8.953455924987793,,0,False
9SVM,1.84,NDP,48,A,Oxidoreductase,1,pdb,False,True,True,True,True,False,False,False,False,True,False,False,True,True,True,True,True,True,True,True,True,True,True,True,True,True,True,True,True,True,0,1,1,1,1,0,0,0,0,1,0,0,2,3,3,1,1,2,3,5,1,1,1,1,1,6.76263952255249,13.929569244384766,8.812575340270996,4.233827114105225,4.239552974700928,8.510175123214376,1,True
9TDB,1.989,BGC,12,DDD,Oxidoreductase,1,cif,False,False,True,True,True,False,False,False,False,False,False,False,False,True,True,False,False,True,True,True,False,False,False,False,True,False,False,True,True,True,0,0,1,2,2,0,0,0,0,0,0,0,0,1,2,0,0,1,2,2,0,0,0,0,1,9.32785415649414,18.16025924682617,11.952475547790527,8.233819961547852,13.873727798461914,,1,False
14YP,2.1,O2A,13,B,Other,2,pdb,False,False,False,False,False,False,False,False,False,False,False,True,True,True,True,False,False,True,True,True,True,True,True,True,True,True,True,True,True,True,0,0,0,0,0,0,0,0,0,0,0,1,1,1,2,0,0,1,1,4,1,1,2,2,2,29.806028366088867,23.496965408325195,5.119186878204346,9.909738540649414,3.626697301864624,,0,False
9HW5,1.5,CSS,7,A,Other,1,pdb,False,False,False,False,False,False,False,False,False,True,False,False,False,True,True,True,True,True,True,True,True,True,True,True,True,True,True,True,True,True,0,0,0,0,0,0,0,0,0,1,0,0,0,1,1,1,1,1,1,2,1,1,3,5,5,20.586166381835938,12.270186424255373,10.92039680480957,4.261492729187012,3.3991904258728027,,0,False
7IM9,1.79,A1AND,14,A,Other,1,cif,False,False,True,True,True,False,False,False,False,False,False,True,True,True,True,True,True,True,True,True,False,False,False,False,False,True,True,True,True,True,0,0,1,1,1,0,0,0,0,0,0,1,1,1,2,1,3,4,5,5,0,0,0,0,0,8.267485618591309,,6.058107376098633,4.380052089691162,15.135906219482422,120.28282011555102,1,True
37AS,1.91,ADP,27,A,Kinase,2,pdb,False,True,True,True,True,False,True,True,True,True,True,True,True,True,True,True,True,True,True,True,False,True,True,True,True,True,True,True,True,True,0,1,1,1,2,0,1,1,1,1,1,2,4,5,6,1,1,1,1,2,0,1,2,3,4,6.683785438537598,6.888928890228272,4.77525806427002,3.6822781562805176,5.632514953613281,24.842813761616448,1,True
9WUQ,1.53,A1MCB,23,A,Other,4,cif,False,True,True,True,True,True,True,True,True,True,True,True,True,True,True,False,True,True,True,True,False,True,True,True,True,True,True,True,True,True,0,1,1,3,5,1,1,1,1,4,1,4,5,8,13,0,2,5,5,8,0,1,1,2,5,6.829212188720703,4.147468566894531,4.833013534545898,6.492712020874023,7.254628181457519,8.197416897864217,1,True
9Y7E,2.28,A1CSY,35,A,Nuclear receptor,4,cif,False,False,False,True,True,False,False,True,True,True,False,True,True,True,True,False,False,False,True,True,False,True,True,True,True,False,True,True,True,True,0,0,0,2,7,0,0,1,1,1,0,1,3,3,7,0,0,0,2,3,0,1,3,3,4,10.903470993041992,9.015857696533203,7.436081886291504,10.451908111572266,7.707277774810791,,0,False
23EI,2.24,BP5,17,A,Other,4,pdb,False,False,True,True,True,False,True,True,True,True,False,True,True,True,True,False,False,False,False,False,False,False,False,False,False,False,True,True,True,True,0,0,1,1,1,0,1,1,1,1,0,1,3,4,4,0,0,0,0,0,0,0,0,0,0,9.879375457763672,6.357966899871826,5.966795444488525,15.7887601852417,17.638811111450195,114.21888727744674,1,True
9TC4,2.44,ATP,31,A,Transferase(other),4,pdb,True,True,True,True,True,False,False,False,True,True,False,False,True,True,True,False,True,True,True,True,False,False,True,True,True,True,True,True,True,True,1,3,4,5,6,0,0,0,1,1,0,0,2,3,4,0,1,3,5,7,0,0,1,2,2,4.343104839324951,11.251419067382812,8.36841106414795,7.78127384185791,8.698015213012695,106.66969669072454,4,True
9S4A,1.65,GJL,25,A,Oxidoreductase,1,pdb,False,False,False,True,True,False,False,False,False,True,False,False,True,True,True,False,False,False,True,True,False,True,True,True,True,False,True,True,True,True,0,0,0,1,4,0,0,0,0,1,0,0,3,3,6,0,0,0,2,5,0,1,1,1,4,10.682723999023438,13.852860450744627,8.505122184753418,10.035816192626951,6.299325466156006,,0,False
14YY,2.14,HWH,16,B,Other,2,pdb,False,False,False,False,False,False,False,False,False,False,False,True,True,True,True,False,False,True,True,True,False,False,False,False,True,False,True,True,True,True,0,0,0,0,0,0,0,0,0,0,0,2,3,4,7,0,0,1,1,3,0,0,0,0,1,16.669504165649414,23.377832412719727,5.550618171691895,8.233668327331543,12.383808135986328,,0,False
10GA,1.6,CME,10,A,Transferase(other),1,pdb,False,True,True,True,True,False,False,False,False,False,False,False,True,True,True,False,True,True,True,True,False,False,False,True,True,False,True,True,True,True,0,1,1,2,3,0,0,0,0,0,0,0,1,2,4,0,2,4,4,5,0,0,0,1,2,7.828686714172363,27.811599731445312,8.428853988647461,6.735812664031982,10.177772521972656,2.920052812352446,1,True
9W3B,1.59,A1EYZ,47,A,Protease,1,cif,False,False,False,True,True,False,True,True,True,True,True,True,True,True,True,False,False,True,True,True,False,False,True,True,True,True,True,True,True,True,0,0,0,1,2,0,1,1,2,2,1,1,1,1,2,0,0,2,3,3,0,0,1,2,2,11.166930198669434,7.580267906188965,4.905015468597412,8.145605087280273,8.76622486114502,,0,False
9RZI,1.45,NHE,13,A,Other,1,pdb,True,True,True,True,True,False,False,False,False,False,False,False,False,True,True,False,False,True,True,True,False,True,True,True,True,True,True,True,True,True,1,2,2,3,5,0,0,0,0,0,0,0,0,3,7,0,0,3,4,4,0,2,3,3,3,4.077079772949219,22.63703346252441,10.668707847595217,8.010977745056152,7.338691234588623,120.1066710592019,2,True
9SQ3,1.21,ICS,18,A,Oxidoreductase,4,cif,False,True,True,True,True,False,True,True,True,True,False,True,True,True,True,False,False,True,True,True,False,False,False,True,True,False,True,True,True,True,0,1,3,6,9,0,1,1,4,5,0,2,4,5,8,0,0,2,5,7,0,0,0,2,3,5.972574234008789,5.679493427276611,6.565876007080078,8.497602462768555,11.889778137207031,22.59790461512392,3,True
37BV,1.3,LTV,51,A,Hydrolase(other),1,pdb,False,False,False,True,True,False,False,False,False,False,False,True,True,True,True,False,False,False,False,True,False,False,False,False,False,False,True,True,True,True,0,0,0,1,4,0,0,0,0,0,0,1,2,3,3,0,0,0,0,2,0,0,0,0,0,11.6132173538208,17.590787887573242,7.827234268188477,14.595349311828612,19.963367462158203,,0,False
13TX,1.37,NUK,11,B,Other,2,pdb,False,False,False,False,True,False,False,False,False,False,False,False,False,True,True,False,True,True,True,True,False,False,False,True,True,False,True,True,True,True,0,0,0,0,1,0,0,0,0,0,0,0,0,2,2,0,2,3,5,6,0,0,0,2,3,13.873655319213867,,10.01877498626709,7.593876838684082,10.09727954864502,,0,False
9RSZ,1.6,NHE,13,A,Oxidoreductase,1,pdb,True,True,True,True,True,False,False,False,False,False,False,False,False,True,True,False,False,True,True,True,False,True,True,True,True,True,True,True,True,True,1,2,2,3,5,0,0,0,0,0,0,0,0,3,8,0,0,3,4,4,0,2,3,3,3,4.073482036590576,22.650728225708008,10.67782211303711,8.031545639038086,7.244262218475342,121.56529738363297,2,True
12EZ,1.76,A1DB4,26,A,Transferase(other),2,cif,False,True,True,True,True,False,False,False,False,False,False,True,True,True,True,False,True,True,True,True,False,True,True,True,True,False,True,True,True,True,0,1,5,5,7,0,0,0,0,0,0,1,1,3,3,0,1,2,2,4,0,1,1,1,3,6.643824577331543,,5.910746574401856,6.137989521026611,6.358419895172119,110.69494514133744,5,True
33FE,1.74,CBU,11,A,Hydrolase(other),1,pdb,True,True,True,True,True,False,False,False,False,False,False,True,True,True,True,False,False,True,True,True,False,False,True,True,True,True,True,True,True,True,1,1,2,6,13,0,0,0,0,0,0,2,2,5,6,0,0,3,6,10,0,0,1,1,3,4.19335412979126,17.00001335144043,7.217109203338623,8.28815746307373,9.792737007141112,34.47816147906042,2,True
13US,1.5,W6A,13,B,Other,2,pdb,False,False,False,False,True,False,False,False,False,False,False,False,False,True,True,False,True,True,True,True,False,False,False,True,True,False,True,True,True,True,0,0,0,0,1,0,0,0,0,0,0,0,0,2,2,0,1,3,4,6,0,0,0,2,3,14.517827987670898,,10.120174407958984,7.294667720794678,10.800078392028809,,0,False
30TA,1.05,A1J8Z,24,A,Other,1,cif,False,False,True,True,True,False,False,False,True,True,False,True,True,True,True,True,True,True,True,True,False,False,False,False,True,True,True,True,True,True,0,0,1,1,4,0,0,0,1,1,0,1,1,2,3,1,2,2,2,3,0,0,0,0,2,8.243593215942383,10.231562614440918,7.996352195739746,3.598897218704224,13.74072551727295,4.457846866667425,1,True
9RVJ,2.3,FAD,53,A,Oxidoreductase,1,pdb,False,False,True,True,True,False,False,False,False,False,False,True,True,True,True,False,True,True,True,True,False,False,False,True,True,False,True,True,True,True,0,0,2,2,5,0,0,0,0,0,0,2,2,7,8,0,3,4,8,10,0,0,0,3,5,8.240734100341797,21.40666007995605,5.7932658195495605,5.797677040100098,10.020888328552246,102.2326866193796,2,True
14UQ,2.147,A1DN1,13,A,Other,2,cif,False,False,False,False,False,False,False,False,False,True,False,False,True,True,True,False,True,True,True,True,False,False,True,True,True,False,True,True,True,True,0,0,0,0,0,0,0,0,0,1,0,0,1,3,3,0,1,2,3,6,0,0,1,1,1,20.08233070373535,13.006120681762695,8.027504920959473,7.127895355224609,8.954587936401367,,0,False
9WA6,1.89,HEM,43,A,Oxidoreductase,2,pdb,False,False,True,True,True,True,True,True,True,True,False,True,True,True,True,False,False,True,True,True,False,False,False,False,True,True,True,True,True,True,0,0,1,1,3,1,1,1,1,1,0,1,5,7,11,0,0,1,2,5,0,0,0,0,2,8.328662872314453,2.902282238006592,7.885313510894775,9.73133373260498,14.246994972229004,9.57315449909217,1,True
23EG,2.67,BP5,17,A,Other,2,pdb,False,False,False,True,True,False,True,True,True,True,False,True,True,True,True,False,False,False,False,False,False,False,False,False,False,False,True,True,True,True,0,0,0,1,1,0,1,1,1,1,0,1,4,4,4,0,0,0,0,0,0,0,0,0,0,10.5303955078125,5.919066429138184,5.513144493103027,15.756840705871582,18.43384552001953,,0,False
32RZ,1.85,A1KEW,17,A,Other,1,cif,False,True,True,True,True,False,True,True,True,True,False,False,False,False,True,False,False,False,False,True,False,False,True,True,True,False,True,True,True,True,0,2,3,4,4,0,1,1,1,1,0,0,0,0,1,0,0,0,0,4,0,0,1,2,4,6.662623405456543,7.227035999298096,14.955314636230469,12.321240425109863,9.384339332580566,64.14894675870414,3,True
9ZRC,1.25,BTB,14,A,Other,1,pdb,False,True,True,True,True,False,False,False,False,False,False,False,False,False,True,False,False,True,True,True,False,False,True,True,True,False,True,True,True,True,0,1,1,1,2,0,0,0,0,0,0,0,0,0,2,0,0,1,3,4,0,0,1,1,1,5.513670921325684,17.20804214477539,12.193920135498049,8.039155006408691,9.457159996032717,15.902888173012158,1,True
9Q4C,2.2,NAD,44,A,Oxidoreductase,2,cif,False,False,False,True,True,False,False,True,True,True,True,True,True,True,True,True,True,True,True,True,False,False,True,True,True,True,True,True,True,True,0,0,0,2,4,0,0,1,2,3,1,1,1,2,2,1,2,2,4,6,0,0,2,2,5,10.271133422851562,9.342981338500977,3.2648918628692627,3.2992734909057617,8.013434410095215,,0,False
27RE,2.2,TG1,46,A,Hydrolase(other),1,cif,False,True,True,True,True,False,False,False,False,True,False,False,True,True,True,False,False,False,False,False,False,False,True,True,True,False,True,True,True,True,0,1,1,2,4,0,0,0,0,2,0,0,3,4,5,0,0,0,0,0,0,0,2,2,4,7.860285758972168,13.731111526489258,8.200379371643066,17.37021255493164,9.8546142578125,20.96640463405947,1,True
9HW2,1.15,CSS,7,A,Other,2,pdb,False,False,False,False,False,False,False,False,False,True,False,False,False,True,True,True,True,True,True,True,True,True,True,True,True,True,True,True,True,True,0,0,0,0,0,0,0,0,0,1,0,0,0,1,1,1,1,1,1,2,1,1,3,5,5,20.60348892211914,12.146123886108398,10.956339836120604,4.310649394989014,3.3462610244750977,,0,False
9VZF,2.58,GTP,32,A,Other,6,cif,False,True,True,True,True,False,False,False,False,True,True,True,True,True,True,False,True,True,True,True,False,False,True,True,True,True,True,True,True,True,0,1,2,2,6,0,0,0,0,1,1,2,4,5,7,0,1,2,6,9,0,0,1,2,3,5.436693668365479,13.89877700805664,3.573329448699951,5.74506950378418,9.97541618347168,47.83347334691368,2,True
9RZP,2.39,A1JJ9,22,A,Hydrolase(other),1,cif,False,True,True,True,True,False,False,False,False,True,False,True,True,True,True,False,True,True,True,True,False,False,False,False,True,False,True,True,True,True,0,1,3,5,6,0,0,0,0,1,0,2,5,5,7,0,1,3,4,4,0,0,0,0,1,6.59000825881958,14.677162170410156,6.099911689758301,6.148655414581299,13.97834587097168,58.8589094087062,3,True
14WW,1.95,RZJ,15,A,Other,2,pdb,False,False,False,False,False,False,False,True,True,True,False,True,True,True,True,False,False,True,True,True,False,True,True,True,True,False,True,True,True,True,0,0,0,0,0,0,0,1,1,1,0,2,3,3,3,0,0,1,2,2,0,1,1,2,3,21.35651397705078,8.352959632873535,7.098112106323242,8.760889053344727,5.36847448348999,,0,False
14XC,1.76,YX2,17,A,Other,2,pdb,False,False,False,False,False,False,False,False,False,True,False,True,True,True,True,False,True,True,True,True,False,False,True,True,True,False,True,True,True,True,0,0,0,0,0,0,0,0,0,1,0,1,1,3,3,0,1,2,3,5,0,0,1,1,1,20.684234619140625,12.421649932861328,7.5848917961120605,6.79702091217041,8.614545822143555,,0,False
9WDH,2.8,A1EVY,37,A,Transferase(other),2,cif,False,True,True,True,True,False,False,True,True,True,False,False,True,True,True,False,True,True,True,True,False,True,True,True,True,False,True,True,True,True,0,1,2,2,5,0,0,3,3,3,0,0,4,5,7,0,1,3,6,7,0,1,1,2,3,6.981777667999268,9.134173393249512,8.425241470336914,6.429010391235352,6.653647422790527,47.66991371727865,2,True
29AI,2.618,A1J1S,31,A,Other,4,cif,False,False,False,True,True,True,True,True,True,True,False,True,True,True,True,False,True,True,True,True,False,False,False,False,True,True,True,True,True,True,0,0,0,1,2,1,2,3,3,4,0,1,1,3,4,0,1,2,4,5,0,0,0,0,2,10.1083402633667,4.517924785614014,6.165553569793701,5.088086128234863,12.29628562927246,,0,False
37ET,2.09,GSU,32,A,Epigenetic/reader,1,pdb,False,False,False,False,True,False,True,True,True,True,False,True,True,True,True,False,False,False,True,True,False,False,True,True,True,False,True,True,True,True,0,0,0,0,2,0,1,1,1,2,0,2,2,3,4,0,0,0,2,2,0,0,1,2,2,13.430549621582031,6.855350971221924,6.535231590270996,10.539852142333984,8.510016441345215,,0,False
9S5O,1.48,HEM,43,A,Oxidoreductase,2,pdb,False,False,False,True,True,False,False,False,False,False,False,False,True,True,True,False,True,True,True,True,False,True,True,True,True,False,True,True,True,True,0,0,0,1,2,0,0,0,0,0,0,0,1,2,4,0,1,2,4,7,0,1,1,1,4,11.505566596984863,18.278249740600582,9.51479148864746,7.891548633575439,7.354650497436523,,0,False
7IMS,1.66,W0Y,14,A,Other,1,pdb,False,True,True,True,True,False,False,False,False,False,False,True,True,True,True,True,True,True,True,True,False,False,False,False,True,True,True,True,True,True,0,1,1,1,2,0,0,0,0,0,0,1,1,1,2,1,3,4,5,6,0,0,0,0,1,7.902205467224121,,7.435243606567383,3.935336351394653,14.617796897888184,122.43013617242926,1,True
9ZHM,1.07,NAP,48,A,Oxidoreductase,1,pdb,False,True,True,True,True,False,False,False,False,False,False,False,True,True,True,True,True,True,True,True,False,False,False,False,True,True,True,True,True,True,0,1,1,1,1,0,0,0,0,0,0,0,2,3,5,1,2,2,2,4,0,0,0,0,1,6.798061847686768,15.835339546203612,8.556772232055664,4.211943626403809,12.518488883972168,10.28923173162284,1,True
30TO,1.8,SIT,45,A,Other,2,pdb,False,False,False,True,True,False,False,True,True,True,False,True,True,True,True,False,False,True,True,True,False,False,True,True,True,False,True,True,True,True,0,0,0,2,6,0,0,1,1,1,0,2,4,5,7,0,0,1,3,3,0,0,3,3,4,10.958401679992676,8.331937789916992,7.086750030517578,9.530426025390623,8.6812105178833,,0,False
26AP,1.5,PF5,16,A,Antibody/Immune,2,pdb,False,False,True,True,True,False,False,False,False,False,False,False,True,True,True,False,False,False,False,False,True,True,True,True,True,True,True,True,True,True,0,0,2,3,4,0,0,0,0,0,0,0,3,4,5,0,0,0,0,0,1,2,4,5,7,8.858417510986328,28.145511627197266,9.366453170776367,20.53252220153809,3.447307586669922,36.760909243969394,2,True
9WY0,1.8,A1MCC,13,A,Oxidoreductase,1,cif,True,True,True,True,True,False,False,True,True,True,False,True,True,True,True,False,True,True,True,True,False,False,False,True,True,True,True,True,True,True,1,2,3,5,6,0,0,1,2,3,0,1,2,2,2,0,2,2,5,6,0,0,0,2,3,3.779057741165161,9.802864074707031,7.120851516723633,6.309286594390869,10.526294708251951,44.25566415791598,3,True
9Y1P,1.8,PMP,16,A,Other,2,pdb,True,True,True,True,True,False,False,False,True,True,False,True,True,True,True,False,True,True,True,True,True,True,True,True,True,True,True,True,True,True,1,2,2,3,4,0,0,0,2,5,0,1,3,4,8,0,2,2,5,8,1,1,2,3,5,4.483369827270508,10.300609588623049,6.302223205566406,6.392008304595947,4.176387310028076,46.0058401428698,2,True
9S0K,2.36,ADP,27,B,Transferase(other),2,pdb,False,False,True,True,True,False,False,False,False,False,False,False,False,False,True,False,True,True,True,True,False,True,True,True,True,False,True,True,True,True,0,0,3,3,5,0,0,0,0,0,0,0,0,0,1,0,1,1,1,2,0,2,4,5,5,8.000751495361328,18.029762268066406,14.270562171936035,5.358883857727051,6.075892925262451,195.094708981207,3,True
9RZ0,2.3,A1JJX,69,A,Other,12,cif,False,True,True,True,True,False,False,False,True,True,False,False,False,True,True,False,False,False,True,True,False,False,False,True,True,False,True,True,True,True,0,1,2,2,5,0,0,0,1,1,0,0,0,1,4,0,0,0,1,2,0,0,0,1,2,5.560472011566162,10.665907859802246,10.308594703674316,10.949780464172363,11.531906127929688,67.13309373594421,2,True
13UJ,1.39,3AE,13,B,Other,2,pdb,False,False,False,False,True,False,False,False,False,False,False,False,False,True,True,False,True,True,True,True,False,False,False,True,True,False,True,True,True,True,0,0,0,0,1,0,0,0,0,0,0,0,0,2,2,0,2,3,5,6,0,0,0,2,3,13.947577476501465,,10.119769096374512,7.770989418029785,10.022366523742676,,0,False
23KS,2.3,SAO,26,A,Other,4,pdb,False,False,True,True,True,False,True,True,True,True,False,False,True,True,True,False,True,True,True,True,False,False,False,False,False,False,True,True,True,True,0,0,2,3,5,0,1,1,1,1,0,0,1,1,2,0,1,1,2,2,0,0,0,0,0,9.223587989807127,6.02238655090332,8.641087532043457,7.184245586395264,,91.33044869091704,2,True
14ZV,2.44,B0A,17,A,Other,2,pdb,False,False,False,False,False,False,False,False,False,False,False,True,True,True,True,False,False,True,True,True,False,False,False,False,True,False,True,True,True,True,0,0,0,0,0,0,0,0,0,0,0,2,3,4,6,0,0,1,1,3,0,0,0,0,1,27.86351585388184,22.431442260742188,6.355193614959717,8.138375282287598,12.546887397766112,,0,False
30TP,1.6,SEP,10,P,Other,2,pdb,False,True,True,True,True,False,False,False,False,True,False,True,True,True,True,False,False,False,False,True,True,True,True,True,True,True,True,True,True,True,0,2,2,5,7,0,0,0,0,1,0,1,2,3,4,0,0,0,0,3,1,2,3,3,4,5.3145270347595215,13.097960472106934,5.148306846618652,14.14395809173584,4.544822216033936,1.039112367218437,2,True
13UQ,2.0,A1C1L,14,B,Other,2,cif,False,False,False,False,True,False,False,False,False,False,False,False,False,True,True,False,True,True,True,True,False,False,False,True,True,False,True,True,True,True,0,0,0,0,1,0,0,0,0,0,0,0,0,2,2,0,1,3,4,6,0,0,0,2,3,14.723669052124023,,10.093904495239258,7.234207630157471,11.169858932495115,,0,False
9S4B,1.8,FAD,53,A,Oxidoreductase,1,pdb,False,True,True,True,True,False,False,True,True,True,True,True,True,True,True,False,False,True,True,True,False,False,True,True,True,True,True,True,True,True,0,3,6,7,11,0,0,1,1,1,1,5,5,5,9,0,0,1,3,5,0,0,1,1,2,6.84683895111084,9.316607475280762,4.644676208496094,9.198899269104004,8.693557739257812,157.67849774830557,6,True
9TDD,1.749,BGC,12,DDD,Oxidoreductase,1,cif,False,False,True,True,True,False,False,False,False,False,False,False,False,False,True,False,False,True,True,True,False,False,False,False,True,False,False,True,True,True,0,0,1,2,2,0,0,0,0,0,0,0,0,0,2,0,0,1,2,2,0,0,0,0,1,9.368962287902832,18.26914596557617,12.04074001312256,8.272165298461914,14.032808303833008,,1,False
9RYY,2.0,A1JJV,67,A,Other,12,cif,False,True,True,True,True,False,False,False,True,True,False,False,True,True,True,False,False,False,True,True,False,False,False,True,True,False,True,True,True,True,0,1,2,2,6,0,0,0,1,1,0,0,1,1,6,0,0,0,2,2,0,0,0,1,2,5.129476547241211,10.894367218017578,9.83598804473877,10.40279769897461,11.340068817138672,59.22784742671957,2,True
31DG,2.04,FMN,31,A,Oxidoreductase,1,cif,False,False,False,True,True,False,False,True,True,True,False,True,True,True,True,False,True,True,True,True,True,True,True,True,True,True,True,True,True,True,0,0,0,2,2,0,0,1,1,2,0,1,2,4,9,0,1,1,2,2,1,1,1,2,3,11.228009223937988,9.041183471679688,7.993253231048584,6.007612228393555,4.951545715332031,,0,False
9WGC,1.8,A1EWI,31,A,Oxidoreductase,1,cif,False,False,False,True,True,False,False,False,False,True,False,False,True,True,True,False,False,True,True,True,False,True,True,True,True,False,True,True,True,True,0,0,0,1,3,0,0,0,0,1,0,0,3,4,6,0,0,1,2,4,0,1,1,2,4,10.08377456665039,14.225287437438965,8.604635238647461,9.320287704467772,6.353163242340088,,0,False
7IMU,1.71,A1CNE,16,A,Other,1,cif,False,False,True,True,True,False,False,False,False,False,False,False,False,False,False,False,False,False,False,True,False,True,True,True,True,False,True,True,True,True,0,0,1,1,1,0,0,0,0,0,0,0,0,0,0,0,0,0,0,1,0,1,2,3,5,9.350142478942873,,18.971437454223636,13.949241638183594,7.289239883422852,9.473993399527997,1,True
9N2P,2.26,A1C8Z,31,B,Other,1,cif,False,False,True,True,True,False,False,True,True,True,False,False,False,False,False,False,False,False,False,True,True,True,True,True,True,True,True,True,True,True,0,0,1,1,1,0,0,1,1,1,0,0,0,0,0,0,0,0,0,2,1,2,2,2,2,9.50655746459961,9.489287376403809,17.528629302978516,12.300116539001465,2.450183868408203,58.90694676290897,1,True
14VN,2.21,W0D,18,A,Other,2,pdb,False,False,False,False,False,False,False,False,False,False,False,True,True,True,True,False,True,True,True,True,False,False,False,True,True,False,True,True,True,True,0,0,0,0,0,0,0,0,0,0,0,1,3,4,6,0,1,1,1,3,0,0,0,1,1,27.87493133544922,22.94825935363769,5.529973983764648,7.71344518661499,11.498112678527832,,0,False
26RV,1.89,HEM,43,A,Other,1,pdb,False,True,True,True,True,False,False,False,False,False,False,True,True,True,True,False,False,False,False,False,False,True,True,True,True,False,True,True,True,True,0,1,1,2,3,0,0,0,0,0,0,1,1,1,1,0,0,0,0,0,0,1,1,2,3,6.81721305847168,,6.410012245178223,25.39195442199707,6.923314571380615,60.76582730432071,1,True
7IML,1.55,HWH,16,A,Other,1,pdb,False,True,True,True,True,False,False,False,False,False,False,True,True,True,True,True,True,True,True,True,False,False,False,True,True,True,True,True,True,True,0,1,1,1,2,0,0,0,0,0,0,1,1,1,2,1,1,4,4,7,0,0,0,2,3,7.598701000213623,,7.948596954345703,4.691163063049316,10.989581108093262,122.48261135576402,1,True
9HW8,1.5,U5P,21,A,Other,2,pdb,False,True,True,True,True,False,False,True,True,True,False,True,True,True,True,False,True,True,True,True,True,True,True,True,True,True,True,True,True,True,0,1,1,1,4,0,0,1,1,1,0,2,3,5,11,0,2,3,4,4,1,2,2,3,5,7.071725368499756,9.1655912399292,5.006140232086182,5.143819332122803,4.730604648590088,14.75597575208679,1,True
9RZB,1.53,A1JKG,22,A,Hydrolase(other),1,cif,False,False,True,True,True,False,False,False,False,True,False,False,True,True,True,False,False,False,False,False,False,False,True,True,True,False,False,True,True,True,0,0,1,3,5,0,0,0,0,2,0,0,1,2,2,0,0,0,0,0,0,0,2,2,6,9.202810287475586,13.831719398498535,9.63843059539795,16.16051483154297,8.720407485961914,33.767692625086326,1,True
9VYN,2.76,GTP,32,A,Other,6,cif,False,True,True,True,True,False,False,False,False,True,True,True,True,True,True,False,True,True,True,True,False,False,True,True,True,True,True,True,True,True,0,1,2,2,6,0,0,0,0,1,1,2,4,5,7,0,1,2,6,9,0,0,1,2,2,5.320147514343262,14.345762252807615,3.757402658462525,5.434255123138428,9.638545989990234,47.5435376934103,2,True
37EU,2.1,SAH,26,A,Epigenetic/reader,4,pdb,False,False,False,True,True,True,True,True,True,True,False,True,True,True,True,False,False,False,True,True,False,True,True,True,True,True,True,True,True,True,0,0,0,1,2,1,2,2,2,4,0,2,3,4,6,0,0,0,2,2,0,1,1,1,4,10.511366844177246,4.3658833503723145,5.289039134979248,10.691523551940918,7.305691719055176,,0,False
28SZ,2.52,DXC,28,A,Other,1,pdb,False,False,True,True,True,False,False,False,False,False,False,True,True,True,True,False,True,True,True,True,False,True,True,True,True,False,True,True,True,True,0,0,1,1,1,0,0,0,0,0,0,2,3,3,6,0,1,4,7,9,0,1,1,1,1,9.949200630187988,16.300331115722656,5.462189197540283,7.941783428192139,6.631826400756836,121.08543269707286,1,True
9RU4,1.6,SIA,21,A,Other,2,pdb,False,False,True,True,True,False,False,False,False,False,False,False,False,True,True,False,False,False,True,True,False,False,True,True,True,False,False,True,True,True,0,0,1,3,6,0,0,0,0,0,0,0,0,1,6,0,0,0,3,7,0,0,1,1,2,9.104310035705566,,11.03690242767334,10.96133518218994,8.477067947387695,4.94718997676806,1,True
9TF9,2.2,9JI,37,A,Kinase,1,pdb,False,False,True,True,True,False,True,True,True,True,False,True,True,True,True,False,True,True,True,True,False,True,True,True,True,False,True,True,True,True,0,0,1,2,4,0,1,2,2,2,0,1,1,1,1,0,1,1,1,2,0,2,2,4,5,8.616446495056152,6.313136100769043,6.020151615142822,7.5330491065979,6.017455577850342,28.837562578853607,1,True
30TW,1.7,HEM,43,A,Other,3,pdb,True,True,True,True,True,False,False,False,False,False,False,False,True,True,True,False,True,True,True,True,False,False,False,False,False,True,True,True,True,True,1,1,1,2,4,0,0,0,0,0,0,0,1,1,2,0,1,3,3,7,0,0,0,0,0,4.091642379760742,20.228240966796875,9.75227165222168,6.139601230621338,24.035768508911133,36.66385074781497,1,True
9TFA,2.2,A1JVO,36,A,Kinase,1,cif,False,False,True,True,True,False,True,True,True,True,False,True,True,True,True,False,True,True,True,True,False,True,True,True,True,False,True,True,True,True,0,0,1,2,4,0,1,2,2,2,0,1,1,1,1,0,1,1,1,2,0,2,2,4,5,9.495078086853027,6.098808288574219,5.91623592376709,7.416395664215088,5.850307464599609,19.94323442499736,1,True
14VR,2.008,A1DOQ,15,A,Other,2,cif,False,False,False,False,False,False,False,False,False,False,False,True,True,True,True,False,True,True,True,True,False,False,False,False,True,False,True,True,True,True,0,0,0,0,0,0,0,0,0,0,0,2,3,4,6,0,1,1,1,3,0,0,0,0,1,27.84564781188965,22.266366958618164,6.005394458770752,7.9538373947143555,12.20303440093994,,0,False
30TJ,2.15,SIT,45,A,Other,2,pdb,False,False,False,True,True,False,False,True,True,True,False,True,True,True,True,False,False,False,True,True,False,False,True,True,True,False,True,True,True,True,0,0,0,2,6,0,0,1,1,1,0,1,3,4,6,0,0,0,2,2,0,0,3,3,4,10.463768005371094,8.145488739013672,6.389492034912109,11.035890579223633,8.626973152160645,,0,False
9VZ1,2.38,GTP,32,A,Other,6,cif,False,True,True,True,True,False,False,False,False,True,True,True,True,True,True,False,True,True,True,True,False,False,True,True,True,True,True,True,True,True,0,1,2,2,6,0,0,0,0,1,1,2,4,5,7,0,1,2,6,9,0,0,1,2,2,5.193833827972412,13.899077415466309,3.7659153938293457,5.796255111694336,9.507488250732422,48.74440060754932,2,True
9X2H,1.9,A1EYX,10,A,Transferase(other),1,cif,True,True,True,True,True,True,True,True,True,True,False,False,True,True,True,False,False,False,True,True,False,True,True,True,True,True,True,True,True,True,1,1,1,2,2,1,2,2,2,3,0,0,1,2,2,0,0,0,1,3,0,1,3,4,7,4.488429069519043,4.99661922454834,9.984004020690918,11.422821044921877,7.249118804931641,59.45875223168301,1,True
7IM4,1.61,K24,10,A,Other,1,pdb,False,False,False,False,False,False,False,False,False,False,False,False,False,True,True,False,False,False,True,True,True,True,True,True,True,True,True,True,True,True,0,0,0,0,0,0,0,0,0,0,0,0,0,1,3,0,0,0,1,1,1,1,1,2,2,15.247831344604492,,10.05011749267578,11.843441009521484,3.8551299571990967,,0,False
9NYJ,2.49,A1C8Z,31,B,Other,1,cif,False,False,True,True,True,False,False,True,True,True,False,False,False,False,False,False,False,False,False,True,True,True,True,True,True,True,True,True,True,True,0,0,1,1,1,0,0,1,1,1,0,0,0,0,0,0,0,0,0,3,1,2,2,2,2,9.182910919189451,9.332125663757324,17.427431106567383,12.039684295654297,2.6262636184692383,59.28661011930743,1,True
9Q4B,2.194,NAD,44,A,Oxidoreductase,2,cif,False,False,False,True,True,False,False,True,True,True,True,True,True,True,True,True,True,True,True,True,False,False,True,True,True,True,True,True,True,True,0,0,0,2,4,0,0,1,2,3,1,1,1,2,2,1,2,2,4,6,0,0,2,2,6,10.115142822265623,9.247880935668944,3.233175039291382,3.299931049346924,8.17370891571045,,0,False
9RZ1,2.3,A1JJY,68,A,Other,12,cif,False,True,True,True,True,False,False,False,True,True,False,False,True,True,True,False,False,False,True,True,False,False,False,True,True,False,True,True,True,True,0,1,2,2,6,0,0,0,1,1,0,0,1,1,4,0,0,0,2,2,0,0,0,1,2,5.302315711975098,10.538636207580566,9.7077054977417,10.80747127532959,11.404339790344238,58.47458009477196,2,True
9S40,1.47,A1JLM,22,A,Other,1,cif,False,False,False,False,True,False,False,False,False,False,False,False,False,False,True,False,False,False,True,True,False,True,True,True,True,False,True,True,True,True,0,0,0,0,1,0,0,0,0,0,0,0,0,0,2,0,0,0,1,3,0,1,1,2,3,12.760473251342772,,12.97124195098877,11.83211612701416,6.826443672180176,,0,False
9WOZ,2.49,FAD,53,A,Oxidoreductase,2,pdb,False,False,False,True,True,False,False,True,True,True,False,True,True,True,True,True,True,True,True,True,False,False,False,True,True,True,True,True,True,True,0,0,0,1,5,0,0,1,1,2,0,2,4,5,7,2,2,3,4,7,0,0,0,1,4,10.012800216674805,8.859890937805176,6.101898193359375,2.741219043731689,11.40487575531006,,0,False
13UO,1.74,4ZA,11,B,Other,2,cif,False,False,False,False,True,False,False,False,False,False,False,False,False,True,True,False,True,True,True,True,False,False,False,True,True,False,True,True,True,True,0,0,0,0,1,0,0,0,0,0,0,0,0,2,2,0,1,3,4,6,0,0,0,2,3,14.216309547424316,,10.175073623657228,7.464505672454834,10.389444351196287,,0,False
7IM2,1.62,RXS,15,A,Other,1,pdb,False,False,True,True,True,False,False,False,False,False,False,True,True,True,True,True,True,True,True,True,False,False,False,False,False,True,True,True,True,True,0,0,1,1,1,0,0,0,0,0,0,1,1,1,2,1,3,4,5,5,0,0,0,0,0,8.560004234313965,,5.7798285484313965,4.130398750305176,15.173135757446287,119.69608110391027,1,True
32TC,1.56,60P,9,A,Other,1,pdb,False,False,True,True,True,False,False,False,False,False,False,True,True,True,True,False,True,True,True,True,False,False,False,False,False,False,True,True,True,True,0,0,1,1,1,0,0,0,0,0,0,2,3,3,4,0,1,1,2,2,0,0,0,0,0,9.928853034973145,16.799531936645508,5.892839431762695,7.790400981903076,18.20281410217285,68.56285403198038,1,True
9Z69,1.98,DGD,66,A,Other,40,cif,False,False,False,False,True,False,False,False,True,True,False,False,True,True,True,False,False,False,False,True,False,False,False,True,True,False,False,True,True,True,0,0,0,0,2,0,0,0,1,1,0,0,1,4,4,0,0,0,0,3,0,0,0,1,2,14.245152473449709,10.41128921508789,8.369873046875,12.486527442932127,11.188587188720703,,0,False
29AH,2.2,A1J1T,36,A,Other,1,cif,False,False,False,True,True,False,False,False,False,False,False,True,True,True,True,False,True,True,True,True,False,False,False,True,True,False,True,True,True,True,0,0,0,1,1,0,0,0,0,0,0,1,1,5,6,0,1,1,2,5,0,0,0,1,2,10.672237396240234,,6.23965311050415,5.394361972808838,11.681591033935549,,0,False
23EO,1.73,BP5,17,A,Other,3,cif,False,False,False,False,False,False,False,False,False,False,False,False,False,False,False,False,False,True,True,True,False,True,True,True,True,False,True,True,True,True,0,0,0,0,0,0,0,0,0,0,0,0,0,0,0,0,0,1,1,3,0,1,2,2,3,20.73692321777344,,23.912670135498047,8.943719863891602,7.560978889465332,,0,False
9TM5,1.45,35R,28,A,Transferase(other),1,pdb,False,True,True,True,True,False,False,False,True,True,False,True,True,True,True,False,False,False,True,True,False,True,True,True,True,False,True,True,True,True,0,2,2,3,4,0,0,0,1,1,0,1,2,2,2,0,0,0,1,1,0,1,3,5,8,5.2859649658203125,10.07631015777588,5.484825134277344,10.434026718139648,7.022585391998291,105.24752438328557,2,True
36MB,2.0,PRO,8,A,Other,4,pdb,False,False,False,True,True,False,False,False,False,True,False,True,True,True,True,False,False,False,False,False,False,True,True,True,True,False,True,True,True,True,0,0,0,1,2,0,0,0,0,1,0,1,1,1,1,0,0,0,0,0,0,2,3,5,8,11.765674591064451,12.979850769042969,7.565882682800293,16.77773666381836,6.388669490814209,,0,False
30XX,1.15,A1J8Y,25,A,Other,1,cif,False,True,True,True,True,False,False,True,True,True,False,False,True,True,True,True,True,True,True,True,False,False,False,False,True,True,True,True,True,True,0,1,1,1,4,0,0,1,1,1,0,0,1,2,3,1,2,2,2,3,0,0,0,0,2,7.9968342781066895,8.793240547180176,8.214138984680176,3.680793285369873,13.564865112304688,4.458946019004562,1,True
9LWE,2.9,HEM,43,A,Oxidoreductase,1,cif,False,True,True,True,True,True,True,True,True,True,False,True,True,True,True,False,True,True,True,True,False,False,True,True,True,True,True,True,True,True,0,1,1,1,1,1,1,1,1,1,0,1,1,2,7,0,1,5,7,8,0,0,1,1,1,5.691565990447998,2.74975061416626,7.691694736480713,5.762617588043213,9.419445037841797,81.37795219855681,1,True
9ZRD,1.69,APR,36,A,Other,1,pdb,False,True,True,True,True,False,True,True,True,True,False,True,True,True,True,False,True,True,True,True,False,False,False,True,True,False,True,True,True,True,0,1,2,4,4,0,1,2,2,2,0,1,1,3,5,0,1,1,2,4,0,0,0,1,6,6.86722993850708,5.108438491821289,6.704545497894287,6.267207622528076,11.915238380432127,69.17985266505819,2,True
7ILS,1.67,WNM,15,A,Other,1,pdb,False,True,True,True,True,False,False,False,False,False,False,False,False,False,False,False,False,False,False,True,False,True,True,True,True,False,True,True,True,True,0,1,1,1,1,0,0,0,0,0,0,0,0,0,0,0,0,0,0,1,0,2,3,3,4,7.984042167663574,,21.426029205322266,14.117411613464355,7.660573482513428,10.84580572763608,1,True
28JK,2.44,A1JZ1,60,A,Oxidoreductase,2,cif,False,True,True,True,True,False,True,True,True,True,False,False,False,True,True,False,False,False,True,True,False,True,True,True,True,False,True,True,True,True,0,1,1,1,2,0,1,1,1,2,0,0,0,1,4,0,0,0,1,2,0,1,1,1,4,7.157243251800537,7.34647798538208,11.217485427856444,10.251315116882324,7.26577091217041,72.22098014781594,1,True
9I87,2.0,A1I0J,20,G,Transferase(other),4,cif,False,False,False,False,True,False,False,False,False,False,False,False,False,True,True,False,False,False,False,True,False,False,False,True,True,False,False,False,True,True,0,0,0,0,1,0,0,0,0,0,0,0,0,1,3,0,0,0,0,1,0,0,0,5,6,13.569181442260742,20.88026428222656,11.704214096069336,14.63245677947998,10.434386253356934,,0,False
9Q5P,1.33,RPI,16,A,Other,1,pdb,False,True,True,True,True,False,False,False,False,False,False,False,False,False,True,True,True,True,True,True,False,False,False,True,True,True,True,True,True,True,0,2,2,2,2,0,0,0,0,0,0,0,0,0,3,1,2,2,2,3,0,0,0,1,1,5.604269027709961,,12.045475959777832,3.597852945327759,10.875873565673828,152.99738565198064,2,True
13UN,1.42,2SX,14,A,Other,2,pdb,False,False,False,False,False,False,False,False,False,False,False,False,False,True,True,False,True,True,True,True,False,False,True,True,True,False,True,True,True,True,0,0,0,0,0,0,0,0,0,0,0,0,0,3,3,0,1,1,2,5,0,0,2,2,5,17.28245735168457,,10.40542697906494,6.93358850479126,9.19558811187744,,0,False
14XF,1.84,TEH,17,A,Other,2,pdb,False,False,False,False,False,False,False,False,False,True,False,True,True,True,True,False,True,True,True,True,False,True,True,True,True,False,True,True,True,True,0,0,0,0,0,0,0,0,0,1,0,1,1,1,3,0,1,2,2,4,0,1,1,1,1,20.52265167236328,12.419529914855955,6.749735355377197,7.221876621246338,7.84674072265625,,0,False
14VT,2.08,TEK,15,B,Other,2,pdb,False,False,False,False,False,False,False,False,False,False,True,True,True,True,True,False,False,True,True,True,True,True,True,True,True,True,True,True,True,True,0,0,0,0,0,0,0,0,0,0,1,1,1,1,2,0,0,1,1,4,1,1,2,2,2,29.89583396911621,23.3833122253418,4.887324333190918,9.7036771774292,4.030013084411621,,0,False
9S95,1.55,3MI,20,A,Other,2,pdb,False,False,False,True,True,False,False,False,False,False,False,False,True,True,True,False,True,True,True,True,False,True,True,True,True,False,True,True,True,True,0,0,0,4,5,0,0,0,0,0,0,0,4,5,9,0,2,3,3,7,0,1,1,1,1,10.814109802246094,15.95091438293457,8.104259490966797,5.58452033996582,5.425928115844727,,0,False
13UM,1.79,4BL,13,B,Other,2,pdb,False,False,False,False,True,False,False,False,False,False,False,False,False,True,True,False,True,True,True,True,False,False,False,True,True,False,True,True,True,True,0,0,0,0,1,0,0,0,0,0,0,0,0,2,2,0,1,3,4,6,0,0,0,2,3,14.145709991455078,,10.319201469421388,7.471140384674072,10.464192390441896,,0,False
14XK,1.82,A1DO0,14,B,Other,2,cif,False,False,False,False,False,False,False,False,False,False,True,True,True,True,True,False,False,True,True,True,True,True,True,True,True,True,True,True,True,True,0,0,0,0,0,0,0,0,0,0,1,1,1,1,2,0,0,1,1,4,1,1,2,2,2,29.60557556152344,22.613862991333008,4.6217803955078125,8.988524436950684,3.5463123321533203,,0,False
14VH,1.977,A1DOL,16,B,Other,2,cif,False,False,False,False,False,False,False,False,False,False,False,True,True,True,True,False,False,True,True,True,False,False,False,True,True,False,True,True,True,True,0,0,0,0,0,0,0,0,0,0,0,2,3,4,7,0,0,1,1,2,0,0,0,1,1,16.78692626953125,23.681018829345703,5.067355632781982,8.590407371520996,11.62937355041504,,0,False
9R2D,1.69,A1JCN,19,A,Transferase(other),2,cif,False,True,True,True,True,False,False,False,False,False,False,False,True,True,True,False,False,False,False,True,False,True,True,True,True,False,True,True,True,True,0,1,2,2,5,0,0,0,0,0,0,0,2,3,4,0,0,0,0,3,0,2,2,3,4,5.233700752258301,,8.152623176574707,12.382546424865724,6.491647720336914,153.3742504657564,2,True
9TJU,1.78,DCL,8,A,Transferase(other),1,pdb,False,True,True,True,True,False,False,False,False,True,False,True,True,True,True,False,True,True,True,True,False,False,False,False,True,False,True,True,True,True,0,4,5,8,10,0,0,0,0,3,0,2,3,4,4,0,1,2,2,3,0,0,0,0,1,5.629283905029297,12.597081184387209,5.175198554992676,7.767014503479004,14.751066207885742,53.56909661278873,5,True
9SI2,2.12,A1JN1,35,A,Transferase(other),1,cif,False,False,True,True,True,False,False,True,True,True,False,False,False,True,True,True,True,True,True,True,False,True,True,True,True,True,True,True,True,True,0,0,1,2,4,0,0,1,2,4,0,0,0,1,2,1,1,1,2,3,0,2,2,2,6,8.803925514221191,8.007431983947754,10.505072593688965,4.941551208496094,6.85174560546875,35.29873467538384,1,True
14UK,2.041,A1DNU,11,B,Other,2,cif,False,False,False,False,False,False,False,False,False,False,False,True,True,True,True,False,True,True,True,True,False,False,False,False,True,False,True,True,True,True,0,0,0,0,0,0,0,0,0,0,0,2,3,4,6,0,1,1,1,3,0,0,0,0,1,18.176916122436523,22.15106010437012,5.754775524139404,6.908607006072998,12.07470417022705,,0,False
14XV,1.97,WGY,15,B,Other,2,pdb,False,False,False,False,False,False,False,False,False,False,False,False,False,True,True,False,True,True,True,True,False,True,True,True,True,False,True,True,True,True,0,0,0,0,0,0,0,0,0,0,0,0,0,2,2,0,2,3,4,5,0,1,1,1,3,28.812536239624023,15.498737335205078,10.10832405090332,5.323814392089844,7.717292785644531,,0,False
7IMO,1.72,B1A,17,A,Other,1,pdb,False,False,True,True,True,False,False,False,False,False,False,False,False,False,False,False,False,False,False,True,False,True,True,True,True,False,True,True,True,True,0,0,1,1,1,0,0,0,0,0,0,0,0,0,0,0,0,0,0,1,0,1,3,3,5,8.956774711608887,,19.318567276000977,13.959952354431152,7.108750343322754,10.018410902221351,1,True
9W0A,2.48,HEM,43,A,Oxidoreductase,1,cif,False,False,True,True,True,True,True,True,True,True,False,True,True,True,True,False,False,True,True,True,False,False,False,False,False,True,True,True,True,True,0,0,2,2,3,1,1,1,1,1,0,1,1,1,3,0,0,1,1,4,0,0,0,0,0,8.591854095458984,2.8968374729156494,5.682777404785156,8.443432807922363,20.223756790161133,41.41615290729165,2,True
13UX,1.59,A1C1N,13,A,Other,2,cif,False,False,False,False,False,False,False,False,False,False,False,True,True,True,True,False,False,True,True,True,False,False,False,False,True,False,True,True,True,True,0,0,0,0,0,0,0,0,0,0,0,2,2,2,3,0,0,1,2,4,0,0,0,0,2,18.01325225830078,,6.364264488220215,8.5038480758667,12.138386726379396,,0,False
9W19,2.63,A1EUM,34,A,Transferase(other),2,cif,False,True,True,True,True,False,False,False,True,True,False,False,True,True,True,False,False,True,True,True,False,True,True,True,True,False,True,True,True,True,0,1,1,2,3,0,0,0,1,2,0,0,1,1,1,0,0,1,2,2,0,1,3,4,6,7.130669593811035,10.499810218811035,8.356035232543945,9.915375709533691,7.1064982414245605,36.131496010485264,1,True
9VZL,2.81,GTP,32,A,Other,6,cif,False,True,True,True,True,False,False,False,False,True,True,True,True,True,True,False,True,True,True,True,False,False,True,True,True,True,True,True,True,True,0,1,2,2,6,0,0,0,0,1,1,1,4,5,7,0,1,2,6,9,0,0,1,2,2,5.6771674156188965,13.779311180114746,3.7134740352630615,5.813817501068115,8.906678199768066,45.17038609770867,2,True
14WV,1.93,WJ7,13,B,Other,2,pdb,False,False,False,False,False,False,False,False,False,False,False,True,True,True,True,False,True,True,True,True,False,False,False,True,True,False,True,True,True,True,0,0,0,0,0,0,0,0,0,0,0,1,4,5,6,0,1,1,1,4,0,0,0,1,1,18.048776626586918,23.024507522583008,5.162773609161377,6.9235615730285645,11.76658535003662,,0,False
14XU,1.91,VWD,13,B,Other,2,pdb,False,False,False,False,False,False,False,False,False,False,False,False,False,True,True,False,False,False,False,True,False,True,True,True,True,False,True,True,True,True,0,0,0,0,0,0,0,0,0,0,0,0,0,1,3,0,0,0,0,1,0,1,2,2,3,17.18115234375,22.133697509765625,11.06333351135254,14.308247566223145,7.619369029998779,,0,False
9YMO,1.25,A1AG3,44,A,Other,1,cif,True,True,True,True,True,False,False,False,True,True,False,False,False,True,True,False,True,True,True,True,False,False,True,True,True,True,True,True,True,True,2,2,2,2,4,0,0,0,1,1,0,0,0,2,3,0,1,1,1,3,0,0,1,3,4,3.385633945465088,10.798335075378418,10.006531715393066,7.630945682525635,9.006355285644531,140.16492770906748,2,True
9HVU,1.15,A1IXU,24,A,Other,2,cif,False,True,True,True,True,False,False,True,True,True,False,True,True,True,True,False,True,True,True,True,True,True,True,True,True,True,True,True,True,True,0,1,1,1,4,0,0,1,1,2,0,2,4,5,10,0,2,3,4,4,1,2,2,4,5,7.50623607635498,9.234466552734377,5.374655246734619,5.252692222595215,4.8443098068237305,15.491278596507188,1,True
14YU,2.25,A9E,18,B,Other,2,pdb,True,True,True,True,True,False,False,False,False,False,False,False,False,False,False,False,False,False,False,True,False,False,False,True,True,True,True,True,True,True,1,1,1,1,1,0,0,0,0,0,0,0,0,0,0,0,0,0,0,1,0,0,0,1,1,4.387200355529785,22.95204162597656,16.446624755859375,14.082374572753906,11.469755172729492,195.6970991350817,1,True
9VS8,2.08,MTA,20,A,Transferase(other),1,pdb,False,True,True,True,True,False,False,True,True,True,False,True,True,True,True,False,True,True,True,True,False,False,False,False,False,False,True,True,True,True,0,1,2,4,6,0,0,1,1,1,0,2,4,4,7,0,3,3,4,7,0,0,0,0,0,7.296875953674316,9.66092014312744,6.035076141357422,5.766767978668213,15.048157691955566,52.15279475919088,2,True
25QC,2.2,5HU,21,B,Transferase(other),1,pdb,False,True,True,True,True,True,True,True,True,True,False,True,True,True,True,False,True,True,True,True,False,True,True,True,True,True,True,True,True,True,0,1,2,4,7,1,1,1,1,2,0,1,1,1,1,0,1,1,1,1,0,2,5,5,5,7.431865692138672,4.791837692260742,7.280053615570068,7.853182792663574,6.740478992462158,30.84244991398793,2,True
14UZ,2.456,A1DOC,16,B,Other,2,cif,False,False,False,False,False,False,False,False,False,False,True,True,True,True,True,False,False,True,True,True,False,False,False,True,True,True,True,True,True,True,0,0,0,0,0,0,0,0,0,0,1,1,2,5,6,0,0,1,1,2,0,0,0,1,1,16.55976104736328,24.53650665283203,4.058835983276367,8.568405151367188,11.564132690429688,,0,False
26SK,2.85,URC,12,A,Antibody/Immune,8,pdb,True,True,True,True,True,False,False,True,True,True,True,True,True,True,True,False,True,True,True,True,True,True,True,True,True,True,True,True,True,True,1,3,6,7,10,0,0,1,2,2,1,1,2,2,6,0,1,3,4,5,1,1,1,1,4,3.411843776702881,9.819116592407228,4.595119953155518,6.148988723754883,4.171092033386231,88.53924157124546,6,True
14XJ,1.857,A1AM1,15,A,Other,2,cif,False,False,False,False,False,False,False,False,False,True,True,True,True,True,True,False,False,False,False,True,False,True,True,True,True,True,True,True,True,True,0,0,0,0,0,0,0,0,0,1,1,2,2,2,2,0,0,0,0,3,0,1,2,3,3,29.55376434326172,12.130290985107422,4.4999823570251465,12.996424674987791,6.119139194488525,,0,False
26SJ,2.6,XAN,11,A,Antibody/Immune,8,pdb,True,True,True,True,True,False,False,False,True,True,True,True,True,True,True,False,True,True,True,True,True,True,True,True,True,True,True,True,True,True,1,4,5,7,10,0,0,0,2,2,1,1,2,2,6,0,1,3,4,5,1,1,1,1,4,3.3662896156311035,10.146380424499512,4.414142608642578,5.870412349700928,4.167448997497559,80.98675517679011,5,True
13UY,1.53,A1C1O,14,B,Other,2,cif,False,False,False,False,True,False,False,False,False,False,False,False,False,True,True,False,True,True,True,True,False,False,False,True,True,False,True,True,True,True,0,0,0,0,1,0,0,0,0,0,0,0,0,2,2,0,1,3,4,6,0,0,0,2,3,13.71672248840332,,10.288178443908691,6.99414587020874,10.40327262878418,,0,False
35YM,2.28,A2G,14,I,Protease,2,pdb,False,True,True,True,True,False,False,False,False,False,False,False,True,True,True,False,False,False,True,True,False,False,False,True,True,False,True,True,True,True,0,1,1,4,10,0,0,0,0,0,0,0,1,4,5,0,0,0,2,4,0,0,0,1,2,7.72051477432251,16.38802146911621,9.693161964416504,11.036996841430664,11.45255184173584,36.32380266812102,1,True
9S56,1.668,CPS,42,A,Other,2,cif,False,False,True,True,True,False,False,True,True,True,False,True,True,True,True,False,True,True,True,True,False,False,True,True,True,False,True,True,True,True,0,0,1,1,1,0,0,1,3,4,0,1,1,3,4,0,1,2,3,5,0,0,1,1,1,9.10086441040039,9.97105312347412,7.135827541351318,7.266053676605225,8.149521827697754,24.18573671887833,1,True
9Y7Q,2.42,NDP,48,A,Oxidoreductase,2,cif,False,True,True,True,True,False,False,False,False,False,True,True,True,True,True,True,True,True,True,True,True,True,True,True,True,True,True,True,True,True,0,1,1,1,2,0,0,0,0,0,1,1,2,4,6,1,2,2,2,2,1,1,1,3,3,6.611561298370361,,4.257692337036133,4.312617301940918,4.341224193572998,8.64271535590703,1,True
9WAM,2.23,SAH,26,A,Epigenetic/reader,2,pdb,False,False,False,False,True,False,False,False,False,True,False,False,True,True,True,False,False,False,True,True,False,True,True,True,True,False,True,True,True,True,0,0,0,0,1,0,0,0,0,2,0,0,1,3,6,0,0,0,2,4,0,1,1,2,5,12.153550148010254,12.025665283203123,9.795336723327637,10.839910507202148,6.385997772216797,,0,False
9WFK,1.89,A1MBJ,31,A,Kinase,2,cif,False,True,True,True,True,False,False,False,False,False,False,False,True,True,True,False,False,False,True,True,False,True,True,True,True,False,True,True,True,True,0,1,1,1,3,0,0,0,0,0,0,0,1,1,1,0,0,0,1,2,0,1,2,5,7,7.619198322296143,15.442243576049805,9.321130752563477,10.75168228149414,6.977910995483398,29.3719865159442,1,True
9PKK,2.8,MDO,13,A,Other,1,pdb,False,False,True,True,True,False,False,False,False,False,False,True,True,True,True,True,True,True,True,True,False,False,False,False,True,True,True,True,True,True,0,0,1,1,2,0,0,0,0,0,0,1,1,3,9,1,3,4,4,7,0,0,0,0,1,9.320958137512209,17.816356658935547,6.963201522827148,3.676001787185669,12.706619262695312,43.291321041925954,1,True
9W48,1.64,APR,36,A,Hydrolase(other),2,pdb,False,True,True,True,True,False,False,False,False,False,False,True,True,True,True,False,True,True,True,True,False,False,False,False,True,False,True,True,True,True,0,2,4,4,4,0,0,0,0,0,0,2,2,2,3,0,2,2,2,4,0,0,0,0,1,7.003929138183594,20.476322174072266,5.313916206359863,5.996084690093994,12.849245071411133,217.97495686843703,4,True
13TU,1.83,A1C1I,20,B,Other,2,cif,False,False,False,False,False,False,False,False,False,False,False,False,True,True,True,False,True,True,True,True,False,False,False,True,True,False,True,True,True,True,0,0,0,0,0,0,0,0,0,0,0,0,1,2,2,0,1,3,3,6,0,0,0,1,3,15.01926326751709,,9.40663719177246,6.606038093566895,11.95234489440918,,0,False
28IV,1.958,NAD,44,A,Oxidoreductase,4,cif,False,False,True,True,True,False,False,False,False,False,True,True,True,True,True,False,True,True,True,True,False,True,True,True,True,True,True,True,True,True,0,0,1,2,3,0,0,0,0,0,1,4,6,7,10,0,1,2,3,5,0,1,1,2,2,9.03165340423584,16.238473892211914,3.502397298812866,6.563304424285889,6.901114940643311,22.339801103096026,1,True
27RA,2.5,TG1,46,A,Hydrolase(other),1,cif,False,True,True,True,True,False,False,False,False,True,False,False,True,True,True,False,False,False,False,False,False,False,True,True,True,False,True,True,True,True,0,1,1,2,4,0,0,0,0,2,0,0,4,4,5,0,0,0,0,0,0,0,2,2,4,7.927676677703857,13.787588119506836,8.136598587036133,17.396167755126953,9.79636573791504,20.60827033080184,1,True
14WQ,1.87,WKV,14,A,Other,2,pdb,False,False,False,False,False,False,False,False,False,True,False,True,True,True,True,False,True,True,True,True,False,False,True,True,True,False,True,True,True,True,0,0,0,0,0,0,0,0,0,1,0,1,1,2,3,0,1,2,2,5,0,0,1,1,1,20.91361427307129,12.798235893249512,7.644206523895264,7.416121959686279,8.581859588623047,,0,False
30TR,1.3,SEP,10,P,Other,2,pdb,False,True,True,True,True,False,False,False,False,True,False,False,True,True,True,False,False,False,False,True,True,True,True,True,True,True,True,True,True,True,0,2,2,5,7,0,0,0,0,1,0,0,1,2,3,0,0,0,0,3,1,2,2,2,3,5.3558502197265625,13.067340850830078,9.287851333618164,14.123668670654297,4.6695942878723145,1.7294654072795477,2,True
28IO,1.719,NAD,44,A,Oxidoreductase,4,cif,False,False,True,True,True,False,False,False,False,False,True,True,True,True,True,False,True,True,True,True,False,True,True,True,True,True,True,True,True,True,0,0,1,2,3,0,0,0,0,0,1,4,6,6,9,0,1,2,3,5,0,1,1,2,2,8.955976486206055,16.169166564941406,3.473408460617065,6.687096118927002,6.77886438369751,33.88973674804877,1,True
9WF5,2.95,A1EVX,37,A,Other,4,cif,False,True,True,True,True,False,False,False,False,True,True,True,True,True,True,False,True,True,True,True,False,False,False,False,True,True,True,True,True,True,0,1,1,1,4,0,0,0,0,1,1,1,1,4,5,0,2,2,3,5,0,0,0,0,3,5.981345653533936,13.57762050628662,4.247685432434082,7.431713581085205,12.92922592163086,11.027948044944328,1,True
9Q4F,1.95,NLE,8,D,Other,12,pdb,False,False,False,True,True,False,False,False,False,False,True,True,True,True,True,False,False,False,False,True,False,False,False,False,False,True,True,True,True,True,0,0,0,1,1,0,0,0,0,0,1,1,4,6,7,0,0,0,0,3,0,0,0,0,0,11.669352531433104,,3.806848526000977,13.144586563110352,18.05805778503418,,0,False
11SF,2.24,A1DAF,20,A,Nuclear receptor,4,cif,False,False,True,True,True,False,True,True,True,True,False,True,True,True,True,False,False,False,True,True,False,False,True,True,True,False,True,True,True,True,0,0,1,2,6,0,1,1,1,1,0,1,5,5,7,0,0,0,2,3,0,0,2,3,5,9.827019691467283,5.630560398101807,6.810281276702881,10.59816074371338,8.021456718444824,12.986240896964166,1,True
14WF,2.09,W0A,16,B,Other,2,pdb,False,False,False,False,False,False,False,False,False,False,False,True,True,True,True,False,False,False,True,True,True,True,True,True,True,True,True,True,True,True,0,0,0,0,0,0,0,0,0,0,0,1,1,1,2,0,0,0,1,3,1,1,2,2,2,30.968923568725582,24.446733474731445,5.292796611785889,10.15606689453125,4.841254234313965,,0,False
30XL,1.25,ATP,31,A,Transferase(other),1,cif,False,False,True,True,True,False,False,True,True,True,False,True,True,True,True,False,False,True,True,True,False,False,False,True,True,False,True,True,True,True,0,0,1,1,1,0,0,2,2,2,0,2,2,4,5,0,0,1,2,2,0,0,0,3,6,9.64322566986084,8.626128196716309,6.790370941162109,8.349932670593262,10.211567878723145,32.92656062065305,1,True
9VUR,2.66,A1ETO,22,A,Other,2,cif,False,True,True,True,True,False,True,True,True,True,False,True,True,True,True,False,True,True,True,True,False,False,True,True,True,False,True,True,True,True,0,1,3,4,4,0,1,2,2,4,0,2,5,6,9,0,1,1,2,2,0,0,2,2,7,7.251781940460205,7.550398349761963,7.1766462326049805,7.910599231719971,8.542546272277832,83.44135722426657,3,True
14WE,2.09,K2S,13,A,Other,2,pdb,False,False,False,False,False,False,True,True,True,True,False,True,True,True,True,False,False,True,True,True,False,True,True,True,True,False,True,True,True,True,0,0,0,0,0,0,1,1,1,1,0,2,2,3,3,0,0,1,2,3,0,1,1,1,3,23.05516624450684,7.747859477996826,6.335114002227783,9.078007698059082,5.610994815826416,,0,False
30GJ,1.93,MGD,47,A,Oxidoreductase,2,pdb,False,True,True,True,True,False,False,False,True,True,False,True,True,True,True,False,True,True,True,True,True,True,True,True,True,True,True,True,True,True,0,2,2,2,5,0,0,0,1,3,0,1,1,2,6,0,1,6,7,11,1,1,1,2,2,5.538181781768799,10.806499481201172,5.189787864685059,6.425182342529297,4.296396732330322,16.923561445050886,2,True
14UH,2.293,A1DM1,15,B,Other,2,cif,False,False,False,False,False,False,False,False,False,False,False,True,True,True,True,False,False,True,True,True,False,False,False,False,True,False,True,True,True,True,0,0,0,0,0,0,0,0,0,0,0,2,2,5,6,0,0,1,1,2,0,0,0,0,1,16.780624389648438,23.993547439575195,5.162286281585693,8.581025123596191,12.460124015808104,,0,False
13UG,1.77,3R6,12,B,Other,2,pdb,False,False,False,False,True,False,False,False,False,False,False,False,False,True,True,False,True,True,True,True,False,False,False,True,True,False,True,True,True,True,0,0,0,0,1,0,0,0,0,0,0,0,0,2,2,0,1,3,4,6,0,0,0,2,3,14.358416557312012,,10.317948341369627,7.418199062347412,10.62405014038086,,0,False
9T1Z,2.2,RXT,23,A,Transferase(other),1,pdb,False,False,True,True,True,False,False,False,True,True,False,True,True,True,True,False,False,True,True,True,False,True,True,True,True,False,True,True,True,True,0,0,2,2,4,0,0,0,1,1,0,2,2,2,2,0,0,1,1,2,0,2,4,5,9,8.093862533569336,11.669588088989258,6.864938735961914,9.184619903564451,6.570470333099365,115.47606647220474,2,True
7ILZ,1.75,WL7,15,A,Other,1,pdb,False,False,True,True,True,False,False,False,False,False,False,True,True,True,True,True,True,True,True,True,False,False,False,False,False,True,True,True,True,True,0,0,1,1,2,0,0,0,0,0,0,1,1,1,2,1,3,5,5,5,0,0,0,0,0,8.341581344604492,,6.690944671630859,4.476123809814453,15.831607818603516,121.72647778090048,1,True
14WC,1.97,GVV,13,B,Other,2,pdb,False,False,False,False,False,False,False,False,False,False,True,True,True,True,True,False,True,True,True,True,False,False,False,True,True,True,True,True,True,True,0,0,0,0,0,0,0,0,0,0,1,1,2,5,6,0,1,1,1,2,0,0,0,1,1,17.20693588256836,23.79908561706543,4.742025375366211,7.926459789276123,11.775102615356444,,0,False
14WM,2.3,LUY,18,A,Other,2,pdb,False,False,False,False,False,False,False,False,False,False,False,True,True,True,True,False,False,True,True,True,False,False,False,False,True,False,True,True,True,True,0,0,0,0,0,0,0,0,0,0,0,2,3,4,6,0,0,1,1,3,0,0,0,0,1,28.21293258666992,22.504581451416016,6.489129066467285,8.162141799926758,12.504499435424805,,0,False
14VW,2.29,LL0,14,A,Other,2,pdb,False,False,False,False,False,False,False,False,False,True,False,True,True,True,True,False,True,True,True,True,False,False,True,True,True,False,True,True,True,True,0,0,0,0,0,0,0,0,0,1,0,1,1,3,3,0,2,2,3,5,0,0,1,1,1,20.88745880126953,12.278035163879396,7.92489767074585,6.45473575592041,9.22730827331543,,0,False
14XI,2.1,AYV,16,A,Other,2,pdb,False,False,False,False,False,False,False,False,True,True,False,True,True,True,True,False,True,True,True,True,False,False,True,True,True,False,True,True,True,True,0,0,0,0,0,0,0,0,1,1,0,1,1,2,3,0,2,2,2,4,0,0,1,1,1,21.50250244140625,11.729544639587402,6.668514728546143,6.760863304138184,8.962169647216797,,0,False
12LB,1.26,A1DI6,37,A,Other,1,cif,True,True,True,True,True,False,True,True,True,True,False,False,True,True,True,False,True,True,True,True,False,False,True,True,True,True,True,True,True,True,1,3,3,3,4,0,1,1,2,2,0,0,1,2,3,0,1,1,1,3,0,0,2,2,4,2.8775293827056885,7.703649997711182,8.38503360748291,6.835724353790283,8.287901878356934,158.48165766269454,3,True
9PXR,2.3,NAP,48,A,Oxidoreductase,4,cif,False,False,False,False,False,False,False,False,False,True,False,True,True,True,True,False,False,True,True,True,False,False,True,True,True,False,True,True,True,True,0,0,0,0,0,0,0,0,0,1,0,1,2,2,6,0,0,1,1,4,0,0,2,3,4,15.745738983154297,13.049675941467283,5.445174694061279,9.290740966796877,8.767431259155273,,0,False
9WDF,2.2,A1MBG,37,A,Other,12,cif,False,False,False,False,True,False,True,True,True,True,False,False,False,False,True,False,False,False,True,True,False,False,True,True,True,False,True,True,True,True,0,0,0,0,1,0,1,1,1,2,0,0,0,0,1,0,0,0,2,4,0,0,1,3,6,12.588735580444336,7.560915946960449,13.41943645477295,10.19620132446289,8.512523651123047,,0,False
14ZU,1.79,S07,18,A,Other,2,pdb,False,False,False,False,False,False,False,False,False,True,False,True,True,True,True,False,False,True,True,True,False,False,True,True,True,False,True,True,True,True,0,0,0,0,0,0,0,0,0,1,0,1,1,1,3,0,0,1,2,4,0,0,1,1,1,21.180879592895508,13.588643074035645,7.480294704437256,8.749759674072266,8.770069122314453,,0,False
9RYH,1.82,A1JKH,12,A,Hydrolase(other),1,cif,False,False,False,True,True,False,False,False,False,True,False,False,False,True,True,False,False,False,False,True,False,False,True,True,True,False,False,True,True,True,0,0,0,4,5,0,0,0,0,2,0,0,0,1,2,0,0,0,0,1,0,0,2,2,7,10.61822509765625,13.026206016540527,10.649888038635254,14.142256736755373,9.000723838806152,,0,False
11SG,2.6,A1DAG,28,A,Nuclear receptor,4,cif,False,False,False,True,True,False,True,True,True,True,False,True,True,True,True,False,False,False,True,True,False,False,True,True,True,False,True,True,True,True,0,0,0,1,7,0,1,1,1,1,0,2,3,4,6,0,0,0,2,3,0,0,3,3,3,10.293185234069824,7.992130279541016,7.410060882568359,10.162271499633787,8.025806427001953,,0,False
14WO,2.06,WNA,15,B,Other,2,pdb,False,False,False,False,False,False,False,False,False,False,True,True,True,True,True,False,False,True,True,True,False,False,False,True,True,True,True,True,True,True,0,0,0,0,0,0,0,0,0,0,1,2,3,4,7,0,0,1,1,3,0,0,0,1,1,17.46845245361328,23.301876068115234,4.818569660186768,8.091509819030762,11.129393577575684,,0,False
14VO,2.168,A1AND,14,B,Other,2,cif,False,False,False,False,False,False,False,False,False,False,True,True,True,True,True,False,True,True,True,True,False,False,False,True,True,True,True,True,True,True,0,0,0,0,0,0,0,0,0,0,1,1,3,4,6,0,1,1,1,2,0,0,0,1,1,17.584684371948242,23.768604278564453,4.497768402099609,7.673309326171875,10.666954040527344,,0,False
9S0L,1.7,SIA,21,A,Other,2,pdb,False,False,True,True,True,False,False,False,False,False,False,False,False,True,True,False,False,False,True,True,False,False,True,True,True,False,False,True,True,True,0,0,2,3,6,0,0,0,0,0,0,0,0,1,6,0,0,0,3,8,0,0,1,1,2,9.088180541992188,,10.870665550231934,10.86978816986084,8.397811889648438,20.86126331437953,2,True
14VU,2.44,X0S,12,B,Other,2,pdb,False,False,False,False,False,False,False,False,False,False,False,True,True,True,True,False,True,True,True,True,False,False,False,False,True,False,True,True,True,True,0,0,0,0,0,0,0,0,0,0,0,1,4,4,6,0,1,1,1,4,0,0,0,0,1,17.991971969604492,22.66390991210937,5.480329036712647,6.8852643966674805,12.12271785736084,,0,False
14YM,1.7,VVY,15,A,Other,2,pdb,False,False,False,False,False,False,False,False,True,True,False,True,True,True,True,False,True,True,True,True,False,False,True,True,True,False,True,True,True,True,0,0,0,0,0,0,0,0,1,1,0,1,1,2,3,0,2,2,2,4,0,0,1,1,1,21.753231048583984,11.847296714782717,7.310152530670166,6.792026042938232,9.210855484008787,,0,False
9IA1,1.82,HEM,43,B,Oxidoreductase,2,cif,False,False,True,True,True,True,True,True,True,True,False,False,False,True,True,False,True,True,True,True,False,False,True,True,True,True,True,True,True,True,0,0,2,3,5,1,1,1,1,2,0,0,0,2,7,0,2,2,2,4,0,0,1,2,3,8.433884620666504,2.8799192905426025,11.650280952453612,6.161005973815918,9.782430648803713,103.11469453858648,2,True
9N57,1.64,NEN,7,A,Oxidoreductase,1,pdb,False,False,False,False,True,False,True,True,True,True,False,True,True,True,True,False,False,True,True,True,False,False,False,False,False,False,True,True,True,True,0,0,0,0,1,0,1,1,1,1,0,1,1,2,4,0,0,1,1,1,0,0,0,0,0,13.98585319519043,5.367745876312256,6.607948303222656,9.81839370727539,21.723556518554688,,0,False
31WA,1.42,A1KCT,35,A,Kinase,1,cif,False,True,True,True,True,False,True,True,True,True,False,True,True,True,True,False,False,False,True,True,False,False,True,True,True,False,True,True,True,True,0,1,1,1,3,0,1,1,2,2,0,1,1,1,1,0,0,0,1,1,0,0,2,3,3,5.838850975036621,5.873179912567139,5.460369110107422,11.80482578277588,8.498878479003906,65.59848687544331,1,True
9Z68,1.97,DGD,66,A,Other,40,cif,False,False,False,False,True,False,False,False,True,True,False,False,True,True,True,False,False,False,False,True,False,False,False,True,True,False,False,True,True,True,0,0,0,0,2,0,0,0,1,1,0,0,1,4,4,0,0,0,0,3,0,0,0,1,2,14.377154350280762,10.423969268798828,8.436513900756836,12.348068237304688,11.61251735687256,,0,False
9TXV,2.9,A1JX7,35,A,Transferase(other),4,cif,False,True,True,True,True,False,False,True,True,True,True,True,True,True,True,False,False,False,False,True,False,False,False,True,True,True,True,True,True,True,0,2,4,6,9,0,0,1,1,1,1,1,2,2,5,0,0,0,0,1,0,0,0,1,2,5.059565544128418,9.65088176727295,3.595163583755493,14.654742240905762,11.19417667388916,287.722878287069,4,True
10RY,1.902,A1C8O,38,A,Hydrolase(other),1,cif,False,False,True,True,True,False,False,False,False,False,False,True,True,True,True,False,True,True,True,True,False,False,False,True,True,False,True,True,True,True,0,0,1,1,1,0,0,0,0,0,0,1,1,5,5,0,1,2,2,6,0,0,0,1,1,9.64585304260254,23.60768318176269,6.866786003112793,5.2850728034973145,11.522734642028809,141.5524081616667,1,True
9Q3O,2.5,ANP,31,B,Other,2,pdb,False,False,True,True,True,False,False,True,True,True,False,False,False,False,True,False,False,True,True,True,False,True,True,True,True,False,True,True,True,True,0,0,1,2,3,0,0,1,1,1,0,0,0,0,1,0,0,2,2,4,0,2,6,7,7,9.955599784851074,9.058457374572754,14.853894233703612,8.386284828186035,5.871286869049072,88.06175769727494,1,True
9LZR,2.14,ZQB,32,A,Protease,2,pdb,False,False,False,True,True,False,True,True,True,True,False,True,True,True,True,False,False,True,True,True,False,False,True,True,True,False,True,True,True,True,0,0,0,3,5,0,2,2,3,5,0,1,1,3,6,0,0,2,3,5,0,0,1,1,2,10.57422161102295,5.953207492828369,7.445394039154053,8.350702285766602,8.056534767150879,,0,False
9I0C,2.123,A1IZE,28,A,Transferase(other),1,cif,False,True,True,True,True,False,True,True,True,True,False,True,True,True,True,False,True,True,True,True,False,True,True,True,True,False,True,True,True,True,0,2,2,3,5,0,1,2,3,3,0,2,2,5,7,0,2,2,5,7,0,1,1,2,3,5.886810302734375,7.382598876953125,6.450379848480225,7.895431041717529,6.548058032989502,46.677125763017365,2,True
9SNB,1.75,A1JOU,27,AAA,Other,1,cif,False,False,False,True,True,False,True,True,True,True,False,False,True,True,True,False,True,True,True,True,False,False,False,True,True,False,True,True,True,True,0,0,0,1,4,0,1,1,1,1,0,0,1,1,2,0,2,2,2,3,0,0,0,1,1,10.953781127929688,6.781961441040039,8.57073974609375,5.606101036071777,10.027382850646973,,0,False
32QP,2.1,A1KEH,27,A,Transferase(other),1,cif,False,True,True,True,True,False,False,False,False,True,False,True,True,True,True,False,False,True,True,True,False,False,False,True,True,False,True,True,True,True,0,1,2,3,4,0,0,0,0,1,0,1,1,5,5,0,0,2,3,3,0,0,0,1,4,6.111266136169434,14.029492378234863,7.814652919769287,8.235674858093262,10.029635429382324,171.9348340675279,2,True
13TZ,1.71,FIC,13,B,Other,2,pdb,False,False,False,False,True,False,False,False,False,False,False,False,False,True,True,False,True,True,True,True,False,False,False,True,True,False,True,True,True,True,0,0,0,0,1,0,0,0,0,0,0,0,0,2,2,0,1,3,4,6,0,0,0,2,3,14.224331855773926,,10.205307006835938,7.35528564453125,10.518987655639648,,0,False
9Z5M,1.9,A1C03,26,A,Other,1,cif,False,True,True,True,True,False,False,True,True,True,False,False,True,True,True,False,False,True,True,True,True,True,True,True,True,True,True,True,True,True,0,1,1,3,4,0,0,1,2,2,0,0,1,1,5,0,0,1,1,1,1,2,3,4,8,6.447261333465576,8.109501838684082,8.005365371704102,9.937616348266602,4.595736503601074,2.0478276955728987,1,True
9Z36,2.16,DGD,66,A,Other,40,pdb,False,False,False,False,True,False,False,False,True,True,False,False,True,True,True,False,False,False,False,True,False,False,False,True,True,False,False,True,True,True,0,0,0,0,2,0,0,0,1,1,0,0,1,4,4,0,0,0,0,3,0,0,0,1,2,14.328941345214844,10.65415859222412,8.493775367736816,12.377167701721191,11.41828727722168,,0,False
9Z35,1.93,DGD,66,A,Other,40,cif,False,False,False,False,True,False,False,False,True,True,False,False,True,True,True,False,False,False,True,True,False,False,False,True,True,False,False,True,True,True,0,0,0,0,2,0,0,0,1,1,0,0,1,4,4,0,0,0,1,3,0,0,0,1,2,14.450531959533691,10.611783027648926,8.449430465698242,11.999815940856934,11.295639991760254,,0,False
9TDQ,1.65,A1JVJ,23,C,Other,4,cif,False,True,True,True,True,False,True,True,True,True,False,False,False,False,True,False,False,True,True,True,False,False,True,True,True,False,True,True,True,True,0,1,1,2,6,0,2,2,2,3,0,0,0,0,3,0,0,1,1,2,0,0,3,6,7,6.487142562866211,5.080003261566162,12.157796859741213,8.960602760314941,8.053099632263184,3.1383355160296738,1,True
9T7I,2.35,AGS,31,A,Other,3,cif,False,True,True,True,True,False,False,True,True,True,False,True,True,True,True,False,True,True,True,True,False,True,True,True,True,False,True,True,True,True,0,1,1,3,3,0,0,1,1,1,0,1,3,4,5,0,1,2,4,4,0,2,5,6,7,5.880615234375,8.088323593139648,7.360982894897461,5.520481109619141,5.009872913360596,28.96587321714192,1,True
27RB,2.6,TG1,46,A,Hydrolase(other),1,cif,False,True,True,True,True,False,False,False,False,True,False,False,True,True,True,False,False,False,False,False,False,False,True,True,True,False,True,True,True,True,0,1,1,2,4,0,0,0,0,2,0,0,3,4,5,0,0,0,0,0,0,0,2,2,4,7.901353359222412,13.764850616455078,8.265436172485352,17.305593490600586,9.951652526855469,19.047240153730392,1,True
7ILM,1.6,S6V,18,A,Other,1,pdb,False,True,True,True,True,False,False,False,False,False,False,False,True,True,True,True,True,True,True,True,False,False,False,False,False,True,True,True,True,True,0,1,1,1,1,0,0,0,0,0,0,0,1,1,2,1,3,5,5,5,0,0,0,0,0,7.211076259613037,,8.182790756225586,4.088199615478516,17.406328201293945,122.99458895619712,1,True
9TM7,1.88,HEM,43,A,Oxidoreductase,2,pdb,False,False,True,True,True,True,True,True,True,True,False,True,True,True,True,False,False,False,True,True,False,False,False,False,False,True,True,True,True,True,0,0,1,1,3,1,1,1,1,1,0,1,5,8,11,0,0,0,2,5,0,0,0,0,0,8.165409088134766,2.8598320484161377,7.720146656036377,11.602996826171877,15.007930755615234,7.773114748660944,1,True
32SC,1.25,A1IGX,19,A,Other,1,cif,False,True,True,True,True,False,True,True,True,True,False,False,False,False,False,False,False,False,False,True,False,False,True,True,True,False,True,True,True,True,0,2,2,4,4,0,1,1,1,1,0,0,0,0,0,0,0,0,0,3,0,0,1,2,3,7.300249099731445,6.76507568359375,16.001935958862305,12.529403686523438,9.780707359313965,38.64429051415114,2,True
9N8D,1.84,A1BWE,10,D,Oxidoreductase,1,cif,False,False,False,False,False,True,True,True,True,True,False,False,False,False,True,False,False,True,True,True,False,False,False,False,True,True,True,True,True,True,0,0,0,0,0,1,1,1,1,1,0,0,0,0,2,0,0,1,1,1,0,0,0,0,1,22.732393264770508,3.8175883293151855,13.206680297851562,8.12130069732666,13.33877944946289,,0,False
9RVF,1.6,OCS,9,A,Hydrolase(other),1,pdb,True,True,True,True,True,False,False,False,False,False,False,False,False,True,True,True,True,True,True,True,True,True,True,True,True,True,True,True,True,True,1,1,1,4,6,0,0,0,0,0,0,0,0,1,2,1,1,1,1,3,1,1,3,3,4,3.577692747116089,40.5234260559082,10.867105484008787,3.743699789047241,3.938024520874024,58.03531009575019,1,True
37ZR,2.39,A1DRM,42,AAA,Other,2,cif,False,False,True,True,True,False,True,True,True,True,False,True,True,True,True,True,True,True,True,True,False,False,False,False,False,True,True,True,True,True,0,0,1,1,1,0,1,2,2,2,0,1,2,2,4,1,2,3,4,5,0,0,0,0,0,8.753236770629883,5.941532135009766,6.582925319671631,3.0245068073272705,21.49001693725586,,1,False
13TW,1.49,OHB,10,A,Other,2,pdb,False,False,False,False,False,False,False,False,False,False,False,True,True,True,True,False,False,True,True,True,False,False,False,True,True,False,True,True,True,True,0,0,0,0,0,0,0,0,0,0,0,2,2,2,4,0,0,1,2,3,0,0,0,2,2,18.454021453857425,,5.600876808166504,8.856908798217773,11.553241729736328,,0,False
14YW,2.02,O3G,16,A,Other,2,pdb,False,False,False,False,False,False,False,False,False,False,False,True,True,True,True,False,True,True,True,True,False,False,False,False,True,False,True,True,True,True,0,0,0,0,0,0,0,0,0,0,0,2,3,4,6,0,1,1,1,3,0,0,0,0,1,27.95230865478516,22.37873649597168,6.195457458496094,7.978166103363037,12.24410629272461,,0,False
14UI,2.48,W1P,13,B,Other,2,pdb,False,False,False,False,False,False,False,False,False,False,True,True,True,True,True,False,False,True,True,True,True,True,True,True,True,True,True,True,True,True,0,0,0,0,0,0,0,0,0,0,1,1,1,1,2,0,0,1,1,3,1,1,2,2,2,30.199445724487305,23.63853073120117,4.922777652740479,9.560015678405762,3.727405786514282,,0,False
9RZ4,2.2,A1JJ1,70,A,Other,12,cif,False,True,True,True,True,False,False,False,True,True,False,False,False,True,True,False,False,False,True,True,False,False,False,True,True,False,True,True,True,True,0,1,2,2,5,0,0,0,1,1,0,0,0,1,4,0,0,0,2,2,0,0,0,1,2,5.49757719039917,10.53427791595459,11.719483375549316,10.95810317993164,10.671185493469238,67.60600907523745,2,True
9XB3,1.32,A1EZK,45,A,Other,1,cif,True,True,True,True,True,False,False,False,True,True,False,False,True,True,True,False,True,True,True,True,False,False,True,True,True,True,True,True,True,True,2,2,2,2,4,0,0,0,1,1,0,0,1,2,3,0,1,1,1,3,0,0,1,3,4,3.35190486907959,10.858768463134766,9.92290496826172,7.467831134796143,8.931687355041504,140.37453225185692,2,True
9XS7,2.51,RHN,21,A,Oxidoreductase,1,pdb,False,True,True,True,True,False,False,False,True,True,False,False,False,True,True,True,True,True,True,True,False,True,True,True,True,True,True,True,True,True,0,2,5,5,10,0,0,0,1,2,0,0,0,4,6,1,1,2,4,6,0,1,1,2,4,6.787254810333252,10.802889823913574,10.821253776550291,4.334609031677246,7.709219455718994,190.75214871999205,5,True
9S5P,1.53,HEM,43,A,Oxidoreductase,2,pdb,False,False,False,True,True,False,False,False,False,False,False,False,True,True,True,False,True,True,True,True,False,True,True,True,True,False,True,True,True,True,0,0,0,1,2,0,0,0,0,0,0,0,1,2,4,0,1,2,4,7,0,1,1,1,4,11.478851318359377,18.223276138305664,9.525824546813965,7.886401653289795,7.423007011413574,,0,False
31LC,2.52,FAD,53,A,Oxidoreductase,1,pdb,False,False,True,True,True,False,False,False,True,True,False,True,True,True,True,False,True,True,True,True,False,False,True,True,True,False,True,True,True,True,0,0,1,4,4,0,0,0,2,3,0,3,3,3,4,0,2,4,7,11,0,0,1,1,1,9.62456512451172,10.525907516479492,6.451843738555908,6.566144943237305,9.048367500305176,0.9505018565280828,1,True
9N46,1.55,F43,62,A,Oxidoreductase,6,pdb,False,True,True,True,True,False,False,False,False,False,False,False,True,True,True,False,False,False,True,True,False,False,False,True,True,False,True,True,True,True,0,2,3,4,5,0,0,0,0,0,0,0,3,6,9,0,0,0,2,7,0,0,0,1,3,5.110903263092041,20.06190490722656,8.948676109313965,10.104945182800291,11.360858917236328,148.47490385715332,3,True
30VQ,2.9,ANP,31,A,Transferase(other),2,pdb,False,True,True,True,True,False,False,False,True,True,False,False,True,True,True,False,True,True,True,True,True,True,True,True,True,True,True,True,True,True,0,1,2,2,6,0,0,0,2,2,0,0,2,2,6,0,1,2,4,6,1,2,3,3,3,7.907606601715088,10.234646797180176,8.681471824645996,7.994876861572266,4.092949390411377,91.99441884155976,2,True
32RX,1.81,A1KEV,12,A,Other,1,cif,False,True,True,True,True,False,True,True,True,True,False,False,False,False,True,False,False,False,True,True,False,False,True,True,True,False,True,True,True,True,0,2,4,4,4,0,1,1,1,1,0,0,0,0,1,0,0,0,2,4,0,0,2,2,4,5.658689498901367,5.818935871124268,13.391207695007324,10.984533309936523,9.670439720153809,113.59239797998193,4,True
9PKI,2.75,MDO,13,A,Other,1,pdb,False,False,True,True,True,False,False,False,False,False,False,True,True,True,True,True,True,True,True,True,False,False,False,False,True,True,True,True,True,True,0,0,1,1,2,0,0,0,0,0,0,1,1,3,8,1,3,4,4,6,0,0,0,0,1,9.2501859664917,17.65585708618164,6.59586763381958,3.8983309268951416,12.512226104736328,53.625470327293016,1,True
9VZ4,2.75,GTP,32,A,Other,6,cif,False,True,True,True,True,False,False,False,False,True,True,True,True,True,True,False,True,True,True,True,False,False,True,True,True,True,True,True,True,True,0,1,2,2,6,0,0,0,0,1,1,2,4,5,7,0,1,2,6,9,0,0,1,2,2,5.356100559234619,14.010729789733888,3.742921113967896,5.516352653503418,9.405101776123049,44.29748218649066,2,True
31DE,2.2,FMN,31,A,Oxidoreductase,1,pdb,False,False,False,True,True,False,False,True,True,True,False,True,True,True,True,False,True,True,True,True,False,True,True,True,True,False,True,True,True,True,0,0,0,1,2,0,0,1,1,2,0,1,2,4,9,0,1,1,2,2,0,1,1,2,3,11.234325408935549,9.08762550354004,7.958720684051514,6.0837578773498535,5.057100296020508,,0,False
7ILT,1.72,LWA,17,A,Other,1,pdb,False,False,True,True,True,False,False,False,False,False,False,False,False,False,False,False,False,False,False,True,False,True,True,True,True,False,True,True,True,True,0,0,1,1,1,0,0,0,0,0,0,0,0,0,0,0,0,0,0,1,0,1,3,3,5,8.812103271484375,,19.4935245513916,14.173696517944336,6.550307273864746,11.001233719451758,1,True
14YF,2.39,O0P,14,A,Other,2,pdb,False,False,False,False,False,False,False,False,False,True,False,True,True,True,True,False,True,True,True,True,False,False,True,True,True,False,True,True,True,True,0,0,0,0,0,0,0,0,0,1,0,1,1,2,3,0,2,2,2,5,0,0,1,1,1,21.2980899810791,12.056114196777344,7.03260612487793,6.853353977203369,9.146307945251465,,0,False
9VZ7,2.57,GTP,32,A,Other,6,cif,False,True,True,True,True,False,False,False,False,True,True,True,True,True,True,False,True,True,True,True,False,False,True,True,True,True,True,True,True,True,0,1,2,2,6,0,0,0,0,1,1,2,4,5,7,0,1,2,6,9,0,0,1,2,2,5.307370185852051,13.98369312286377,3.820762634277344,5.769110202789307,8.157938957214355,48.251274278018485,2,True
9S6O,2.089,A1JL3,36,A,Other,1,cif,False,True,True,True,True,False,False,False,False,False,False,False,False,True,True,False,True,True,True,True,True,True,True,True,True,True,True,True,True,True,0,1,1,1,2,0,0,0,0,0,0,0,0,1,2,0,1,3,5,6,1,1,1,1,2,6.882728099822998,48.2741813659668,11.254599571228027,7.234984874725342,2.38696026802063,7.095282938454284,1,True
14ZJ,1.865,A1AKC,19,A,Other,2,cif,False,False,False,False,False,False,False,False,False,True,False,True,True,True,True,False,False,False,False,True,False,True,True,True,True,False,True,True,True,True,0,0,0,0,0,0,0,0,0,1,0,1,2,2,2,0,0,0,0,3,0,2,2,3,3,29.514013290405277,12.033629417419434,5.010040283203125,12.91024112701416,5.140834808349609,,0,False
9ZRF,1.49,APR,36,A,Other,2,pdb,False,False,True,True,True,False,True,True,True,True,False,True,True,True,True,False,True,True,True,True,False,False,False,True,True,False,True,True,True,True,0,0,1,3,3,0,1,2,2,2,0,1,3,3,4,0,1,1,1,3,0,0,0,1,6,8.647212982177734,5.26613187789917,6.618747711181641,6.211732387542725,11.65293312072754,18.90137629282311,1,True
30TI,1.5,TPO,11,B,Other,2,pdb,False,True,True,True,True,False,False,False,False,True,False,True,True,True,True,False,False,False,False,True,False,True,True,True,True,False,True,True,True,True,0,2,2,5,7,0,0,0,0,1,0,1,2,3,4,0,0,0,0,3,0,2,2,2,3,5.16348934173584,12.977643013000488,5.052851676940918,14.029295921325684,5.279560565948486,13.320373134114782,2,True
9TJV,2.28,LSS,31,A,Transferase(other),2,pdb,False,True,True,True,True,False,False,False,True,True,False,False,True,True,True,False,False,False,True,True,False,True,True,True,True,False,True,True,True,True,0,2,4,5,8,0,0,0,1,2,0,0,3,5,7,0,0,0,2,4,0,1,1,2,4,5.515090465545654,10.444035530090332,8.247450828552246,11.58430004119873,7.513123035430908,18.21969050667237,4,True
10MN,2.1,A1C6R,23,A,Hydrolase(other),1,cif,False,False,False,False,True,True,True,True,True,True,False,True,True,True,True,False,False,True,True,True,False,True,True,True,True,True,True,True,True,True,0,0,0,0,2,1,1,1,4,4,0,2,3,6,6,0,0,1,1,2,0,1,1,1,3,12.506659507751465,4.40623140335083,7.241189479827881,9.993932723999023,6.98904275894165,,0,False
31DF,1.89,FMN,31,A,Oxidoreductase,1,cif,False,False,False,True,True,False,False,True,True,True,False,False,True,True,True,False,True,True,True,True,True,True,True,True,True,True,True,True,True,True,0,0,0,2,2,0,0,1,1,2,0,0,2,4,9,0,1,1,2,2,1,1,1,2,3,11.355402946472168,9.058716773986816,8.065917015075684,5.960590839385986,4.999687671661377,,0,False
14ZM,2.04,LFO,14,B,Other,2,pdb,False,False,False,False,False,False,False,False,False,False,True,True,True,True,True,False,True,True,True,True,False,False,False,True,True,True,True,True,True,True,0,0,0,0,0,0,0,0,0,0,1,2,3,4,6,0,1,1,1,3,0,0,0,1,1,17.719709396362305,23.298646926879883,4.7665300369262695,7.499556064605713,11.101422309875488,,0,False
9TXU,2.35,A1JXX,36,A,Transferase(other),4,cif,False,True,True,True,True,False,False,True,True,True,True,True,True,True,True,False,False,False,False,True,False,False,False,True,True,True,True,True,True,True,0,3,4,6,9,0,0,1,1,1,1,1,2,2,5,0,0,0,0,1,0,0,0,1,2,5.064805507659912,9.640483856201172,3.832397699356079,14.72116470336914,11.01218605041504,128.68258303877704,4,True
9T72,1.7,A1JT7,41,A,Other,1,cif,False,False,False,True,True,False,True,True,True,True,False,True,True,True,True,False,True,True,True,True,False,False,False,False,False,False,True,True,True,True,0,0,0,2,4,0,1,2,3,6,0,2,2,2,4,0,2,3,5,8,0,0,0,0,0,10.063581466674805,5.989022731781006,6.314886093139648,7.778432846069336,16.04363250732422,,0,False
14UL,1.972,A1DNW,21,A,Other,2,cif,False,False,False,False,False,False,False,False,False,False,False,True,True,True,True,False,False,True,True,True,False,False,False,False,True,False,True,True,True,True,0,0,0,0,0,0,0,0,0,0,0,2,3,4,6,0,0,1,1,3,0,0,0,0,1,28.172119140625,22.37992286682129,6.130911827087402,8.106388092041016,12.374763488769531,,0,False
13TQ,1.69,5GT,15,B,Other,2,pdb,False,False,False,False,False,False,False,False,False,False,False,False,True,True,True,False,True,True,True,True,False,False,False,True,True,False,True,True,True,True,0,0,0,0,0,0,0,0,0,0,0,0,1,2,2,0,1,3,4,6,0,0,0,2,3,15.21273708343506,,9.789756774902344,7.697879314422607,11.350308418273926,,0,False
14WD,1.926,A1DOT,17,A,Other,2,cif,False,False,False,False,False,False,False,False,False,True,False,True,True,True,True,False,True,True,True,True,False,False,True,True,True,False,True,True,True,True,0,0,0,0,0,0,0,0,0,1,0,1,1,2,3,0,1,2,2,4,0,0,1,1,1,20.966907501220703,13.045928955078123,7.589488983154297,7.650439739227295,8.866798400878906,,0,False
28JJ,2.3,A1JZ1,60,B,Oxidoreductase,2,cif,False,True,True,True,True,False,True,True,True,True,False,False,False,True,True,False,False,True,True,True,False,True,True,True,True,False,True,True,True,True,0,1,1,1,2,0,1,1,1,2,0,0,0,1,4,0,0,1,1,1,0,1,1,2,5,7.114435195922852,7.453786849975586,11.269497871398926,9.512420654296877,6.683858394622803,79.00322757920601,1,True
9YUU,1.45,R7R,15,A,Oxidoreductase,1,pdb,False,True,True,True,True,False,False,False,False,False,False,True,True,True,True,False,False,True,True,True,False,False,False,False,True,False,True,True,True,True,0,1,2,3,4,0,0,0,0,0,0,2,3,3,10,0,0,1,4,11,0,0,0,0,1,7.826108455657959,16.60914421081543,6.0757737159729,8.270051002502441,14.083868980407717,19.885417755198237,2,True
9I0B,1.661,A1IZF,28,A,Transferase(other),1,cif,False,True,True,True,True,False,True,True,True,True,False,True,True,True,True,False,True,True,True,True,False,True,True,True,True,False,True,True,True,True,0,2,2,3,5,0,1,3,3,3,0,2,2,5,7,0,2,2,5,7,0,1,1,2,3,5.930402755737305,7.5724196434021,6.47770881652832,7.947659969329834,6.819574356079102,44.53388698222433,2,True
14XG,1.9,WGS,15,B,Other,2,pdb,False,False,False,False,False,False,False,False,False,False,False,True,True,True,True,False,True,True,True,True,False,False,False,False,True,False,True,True,True,True,0,0,0,0,0,0,0,0,0,0,0,2,3,4,7,0,1,1,1,3,0,0,0,0,1,16.84206771850586,23.05109596252441,5.729663372039795,7.885193824768066,12.356191635131836,,0,False
24UW,1.76,SAH,26,A,Epigenetic/reader,6,pdb,False,True,True,True,True,True,True,True,True,True,False,True,True,True,True,False,False,True,True,True,False,False,False,True,True,True,True,True,True,True,0,1,2,4,8,1,1,3,4,4,0,2,3,4,4,0,0,2,3,4,0,0,0,2,3,5.30906343460083,4.7260260581970215,7.064676284790039,8.907249450683594,10.467472076416016,28.799731743243004,2,True
28SX,2.59,OLC,18,A,Other,1,pdb,True,True,True,True,True,False,False,False,False,False,False,True,True,True,True,False,True,True,True,True,False,True,True,True,True,True,True,True,True,True,1,3,4,5,7,0,0,0,0,0,0,2,3,4,8,0,1,2,4,5,0,1,1,1,4,4.498144149780273,21.398656845092773,5.142671585083008,7.831002712249756,7.501702308654785,316.08607534087486,4,True
27GZ,2.4,A1MHI,21,A,Other,1,cif,False,True,True,True,True,False,False,True,True,True,True,True,True,True,True,True,True,True,True,True,False,False,True,True,True,True,True,True,True,True,0,1,2,2,4,0,0,2,2,2,1,2,4,5,8,1,1,1,3,5,0,0,1,3,7,6.048153400421143,8.457515716552734,4.792669773101807,4.256683349609375,9.077315330505373,22.510699967465296,2,True
32PP,1.44,A1KEP,20,A,Other,1,cif,False,True,True,True,True,False,True,True,True,True,False,False,False,False,False,False,False,False,False,True,False,False,True,True,True,False,True,True,True,True,0,2,3,4,4,0,1,1,1,1,0,0,0,0,0,0,0,0,0,3,0,0,1,2,3,6.955780982971191,6.492446422576904,18.54789352416992,12.166038513183594,9.891451835632324,94.3141777124912,3,True
9WAV,2.25,A1EYZ,47,A,Protease,2,cif,False,False,False,True,True,False,True,True,True,True,False,True,True,True,True,False,False,True,True,True,False,False,True,True,True,False,True,True,True,True,0,0,0,3,7,0,1,1,1,3,0,1,1,1,3,0,0,1,2,3,0,0,2,2,2,10.366022109985352,7.1678547859191895,7.992754936218262,8.048723220825195,8.134598731994629,,0,False
14YG,1.79,VVG,13,A,Other,2,pdb,False,False,False,False,False,False,True,True,True,True,False,True,True,True,True,False,False,True,True,True,False,True,True,True,True,False,True,True,True,True,0,0,0,0,0,0,1,1,1,1,0,2,2,3,3,0,0,1,2,3,0,1,1,1,3,23.07650184631348,7.998085975646973,6.401705265045166,8.982148170471191,5.649571418762207,,0,False
9I3C,1.7,A1IZG,24,A,Oxidoreductase,1,cif,False,True,True,True,True,False,False,True,True,True,False,True,True,True,True,False,True,True,True,True,False,False,False,True,True,False,True,True,True,True,0,1,2,5,12,0,0,1,2,2,0,3,4,6,10,0,2,2,2,4,0,0,0,1,4,7.809772968292236,8.411417007446289,7.4109320640563965,5.735644340515137,11.085331916809082,48.69920923816434,2,True
14WL,1.9,K0S,17,A,Other,2,pdb,False,False,False,False,False,False,False,False,False,False,False,False,False,False,True,False,False,False,False,True,False,True,True,True,True,False,True,True,True,True,0,0,0,0,0,0,0,0,0,0,0,0,0,0,3,0,0,0,0,2,0,1,1,3,3,16.482038497924805,21.90376853942871,12.762173652648926,12.646284103393556,6.978894710540772,,0,False
9VYK,2.65,GTP,32,A,Other,6,cif,False,True,True,True,True,False,False,False,False,True,True,True,True,True,True,False,True,True,True,True,False,False,True,True,True,True,True,True,True,True,0,1,2,2,6,0,0,0,0,1,1,2,4,5,7,0,1,2,6,9,0,0,1,2,2,5.35728120803833,13.998785972595217,3.697486400604248,5.662124156951904,9.601784706115724,47.40534664124252,2,True
7IMF,1.56,GWG,13,A,Other,1,pdb,False,False,True,True,True,False,False,False,False,False,False,False,True,True,True,False,True,True,True,True,False,False,True,True,True,False,True,True,True,True,0,0,1,2,2,0,0,0,0,0,0,0,1,2,2,0,1,2,5,6,0,0,2,2,3,9.4075345993042,,8.608983039855957,6.278622150421143,9.607389450073242,123.0851323722982,1,True
7IMH,1.69,JFM,13,A,Other,1,pdb,False,False,True,True,True,False,False,False,False,False,False,False,False,False,False,False,False,False,False,True,False,True,True,True,True,False,True,True,True,True,0,0,1,1,1,0,0,0,0,0,0,0,0,0,0,0,0,0,0,1,0,1,3,3,4,8.24471664428711,,20.372085571289062,14.220977783203123,7.143881797790527,9.967790114024282,1,True
9IBM,2.78,HEM,43,A,Oxidoreductase,6,pdb,False,False,False,False,False,True,True,True,True,True,False,True,True,True,True,False,True,True,True,True,False,False,False,False,True,True,True,True,True,True,0,0,0,0,0,1,1,1,1,1,0,1,2,3,5,0,1,1,1,4,0,0,0,0,1,15.71281909942627,2.661282777786255,7.6528120040893555,5.371817111968994,14.852580070495604,,0,False
9S7A,2.03,ANP,31,A,Kinase,2,pdb,False,False,True,True,True,False,False,False,False,False,False,True,True,True,True,False,False,False,True,True,False,True,True,True,True,False,True,True,True,True,0,0,1,1,2,0,0,0,0,0,0,1,1,1,2,0,0,0,2,2,0,1,3,5,8,9.948145866394045,16.026662826538086,6.1837077140808105,11.686570167541504,5.536607265472412,105.2857347494336,1,True
13TE,1.7,8P7,10,B,Other,2,pdb,False,False,False,False,False,False,False,False,False,False,False,True,True,True,True,False,True,True,True,True,False,False,True,True,True,False,True,True,True,True,0,0,0,0,0,0,0,0,0,0,0,2,2,2,4,0,1,2,3,4,0,0,1,2,2,15.661300659179688,,5.119436264038086,7.606565475463867,9.131524085998535,,0,False
9S2W,1.7,A1JCV,15,A,Other,2,cif,False,False,True,True,True,False,False,False,False,False,False,True,True,True,True,True,True,True,True,True,False,True,True,True,True,True,True,True,True,True,0,0,1,1,2,0,0,0,0,0,0,3,4,8,11,1,3,5,6,8,0,2,2,2,4,9.518239974975586,,5.744941234588623,4.996594905853272,6.034430027008057,3.178295377183014,1,True
13UZ,1.62,A1C1P,23,B,Other,2,cif,False,False,False,False,False,False,False,False,False,False,False,False,False,True,True,False,True,True,True,True,False,False,False,False,True,False,True,True,True,True,0,0,0,0,0,0,0,0,0,0,0,0,0,2,2,0,1,3,3,6,0,0,0,0,3,15.76893138885498,,10.238597869873049,7.294309139251709,12.09913158416748,,0,False
9HXT,1.6,HEM,43,H,Oxidoreductase,8,cif,True,True,True,True,True,False,False,False,False,False,False,True,True,True,True,False,False,True,True,True,False,False,False,True,True,True,True,True,True,True,1,1,2,2,3,0,0,0,0,0,0,2,4,5,5,0,0,1,2,6,0,0,0,1,3,2.151509523391724,18.39358711242676,6.921659469604492,8.651144981384277,10.820623397827148,,2,False
14YV,2.03,89W,15,A,Other,2,pdb,False,False,False,False,False,False,False,False,True,True,False,True,True,True,True,False,True,True,True,True,False,True,True,True,True,False,True,True,True,True,0,0,0,0,0,0,0,0,1,1,0,1,1,1,3,0,1,2,2,4,0,1,1,1,1,20.45698928833008,11.858861923217772,5.605104923248291,7.295754909515381,7.731743812561035,,0,False
7IM0,1.59,K1S,15,A,Other,1,pdb,False,True,True,True,True,False,False,False,False,False,False,True,True,True,True,True,True,True,True,True,False,False,False,False,False,True,True,True,True,True,0,1,1,1,1,0,0,0,0,0,0,1,1,1,2,1,3,5,5,5,0,0,0,0,0,7.577245235443115,,7.579653739929199,4.798227787017822,16.5919132232666,121.4012532292888,1,True
13TF,1.72,ICO,12,A,Other,2,pdb,False,False,False,False,False,False,False,False,False,False,False,False,False,True,True,False,True,True,True,True,False,False,True,True,True,False,True,True,True,True,0,0,0,0,0,0,0,0,0,0,0,0,0,3,3,0,1,1,2,5,0,0,2,2,4,17.238426208496094,,10.132248878479004,6.798929691314697,8.801596641540527,,0,False
14ZQ,1.96,B1A,17,A,Other,2,pdb,False,False,False,False,False,False,False,False,False,True,False,True,True,True,True,False,True,True,True,True,False,False,True,True,True,False,True,True,True,True,0,0,0,0,0,0,0,0,0,1,0,1,1,2,3,0,2,2,2,4,0,0,1,1,1,21.81635093688965,12.162879943847656,7.297493457794189,7.155983924865723,9.201774597167969,,0,False
9TJT,2.87,EYT,45,B,Transferase(other),1,pdb,False,True,True,True,True,False,False,False,False,True,False,True,True,True,True,True,True,True,True,True,False,False,False,True,True,True,True,True,True,True,0,2,2,4,5,0,0,0,0,1,0,1,1,1,1,1,2,3,5,7,0,0,0,2,3,6.0755696296691895,13.058201789855955,6.948122024536133,3.998064994812012,10.468162536621094,29.03912337728212,2,True
13TI,1.62,LSA,12,B,Other,2,pdb,False,False,False,False,True,False,False,False,False,False,False,False,False,True,True,False,True,True,True,True,False,False,False,True,True,False,True,True,True,True,0,0,0,0,1,0,0,0,0,0,0,0,0,2,2,0,1,3,4,6,0,0,0,2,3,14.544442176818848,,10.174320220947266,7.463137626647949,10.911606788635254,,0,False
9HVT,1.3,A1IXW,24,A,Other,1,cif,False,True,True,True,True,False,False,True,True,True,False,True,True,True,True,False,True,True,True,True,True,True,True,True,True,True,True,True,True,True,0,1,1,1,3,0,0,1,1,1,0,2,4,5,10,0,1,2,3,3,1,2,2,2,2,7.513770580291748,9.338940620422363,5.230045318603516,7.322896480560303,4.949309825897217,19.061074425204914,1,True
9SE8,2.0,A1JNH,25,A,Transferase(other),2,cif,False,True,True,True,True,False,True,True,True,True,False,False,True,True,True,False,False,False,False,True,False,True,True,True,True,False,True,True,True,True,0,1,1,3,5,0,1,1,2,2,0,0,1,1,2,0,0,0,0,1,0,1,3,4,5,5.604215621948242,5.145502090454102,9.648584365844728,14.627376556396484,7.986355304718018,12.742753065408236,1,True
7IMG,1.68,A1BFL,13,A,Other,1,cif,False,True,True,True,True,False,False,False,False,False,False,False,False,False,False,False,False,False,False,True,False,True,True,True,True,False,True,True,True,True,0,1,1,1,1,0,0,0,0,0,0,0,0,0,0,0,0,0,0,1,0,1,3,3,4,7.998490333557129,,20.471027374267575,14.145172119140623,6.723068714141846,10.405926920872588,1,True
9XB7,1.36,A1EZH,45,A,Other,1,cif,True,True,True,True,True,False,False,False,True,True,False,False,True,True,True,False,True,True,True,True,False,False,True,True,True,True,True,True,True,True,2,2,2,3,4,0,0,0,1,1,0,0,1,2,3,0,1,1,1,4,0,0,1,3,4,3.350574254989624,10.83283805847168,9.969066619873049,7.018737316131592,8.524991035461426,140.59353570913578,2,True
9Y7T,1.98,NDP,48,A,Oxidoreductase,2,pdb,False,True,True,True,True,False,False,False,False,False,True,True,True,True,True,True,True,True,True,True,True,True,True,True,True,True,True,True,True,True,0,1,1,1,2,0,0,0,0,0,1,1,2,4,6,1,2,2,2,2,1,1,1,3,3,6.631772518157959,,4.395167350769043,4.151660919189453,4.344980239868164,8.299812773674905,1,True
7IMV,1.6,ONQ,15,A,Other,1,pdb,False,True,True,True,True,False,False,False,False,False,False,True,True,True,True,True,True,True,True,True,False,False,False,False,True,True,True,True,True,True,0,1,1,1,2,0,0,0,0,0,0,1,1,1,1,1,2,4,5,6,0,0,0,0,2,7.973440647125244,,7.045665740966797,3.684859752655029,13.33985710144043,122.27744854803689,1,True
28LM,1.96,NAD,44,A,Oxidoreductase,8,cif,False,False,True,True,True,False,False,False,False,False,True,True,True,True,True,False,True,True,True,True,False,True,True,True,True,True,True,True,True,True,0,0,1,2,3,0,0,0,0,0,1,4,6,7,8,0,1,2,3,5,0,1,1,1,2,8.794611930847168,16.22736358642578,3.528992891311645,6.616323947906494,6.787570953369141,18.38924473886833,1,True
9Z6D,1.94,A1C13,29,A,Other,2,cif,False,True,True,True,True,False,False,True,True,True,False,False,True,True,True,False,True,True,True,True,False,True,True,True,True,False,True,True,True,True,0,1,1,1,1,0,0,1,1,2,0,0,1,1,1,0,1,2,2,3,0,1,4,4,7,7.03636360168457,8.31346321105957,9.671521186828612,5.243089199066162,7.891202449798584,42.59710395701032,1,True
9XBZ,1.34,A1EZK,45,A,Other,1,cif,True,True,True,True,True,False,False,False,True,True,False,False,False,True,True,False,True,True,True,True,False,False,True,True,True,True,True,True,True,True,2,2,2,2,4,0,0,0,1,1,0,0,0,2,3,0,1,1,1,3,0,0,1,3,4,3.380729913711548,11.017614364624023,10.03105354309082,7.27370548248291,8.701288223266602,138.12157734866258,2,True
9S30,2.65,ACO,51,A,Epigenetic/reader,1,pdb,False,True,True,True,True,False,False,False,True,True,False,True,True,True,True,False,False,False,False,False,False,False,True,True,True,False,True,True,True,True,0,2,5,5,5,0,0,0,2,2,0,1,1,2,3,0,0,0,0,0,0,0,1,1,1,6.802760124206543,10.89678192138672,5.697390556335449,16.020206451416016,9.40594482421875,186.22615087342535,5,True
9XS3,2.6,A1MCQ,21,A,Oxidoreductase,1,cif,False,True,True,True,True,False,False,False,True,True,False,False,False,True,True,True,True,True,True,True,False,False,True,True,True,True,True,True,True,True,0,2,5,5,9,0,0,0,2,2,0,0,0,2,6,1,1,1,4,5,0,0,1,2,5,5.979852676391602,10.740164756774902,10.065531730651855,4.559464454650879,8.895588874816895,,5,False
9XS5,2.33,MRI,22,A,Oxidoreductase,1,pdb,False,True,True,True,True,False,False,False,True,True,False,False,True,True,True,True,True,True,True,True,False,True,True,True,True,True,True,True,True,True,0,2,4,5,10,0,0,0,1,2,0,0,1,3,6,1,1,2,5,6,0,1,1,2,3,6.981130599975586,10.675369262695312,9.211353302001951,4.61550760269165,7.608925819396973,,4,False
14XW,2.05,J4Q,15,A,Other,2,pdb,False,False,False,False,False,False,False,False,False,True,False,True,True,True,True,False,True,True,True,True,False,False,True,True,True,False,True,True,True,True,0,0,0,0,0,0,0,0,0,1,0,1,1,2,3,0,1,2,2,4,0,0,1,1,1,21.36907196044922,12.803611755371094,7.389350891113281,7.521742343902588,9.231281280517578,,0,False
22TZ,2.96,FPP,24,A,Other,2,pdb,True,True,True,True,True,False,False,False,True,True,False,True,True,True,True,False,True,True,True,True,False,True,True,True,True,True,True,True,True,True,1,3,4,4,4,0,0,0,1,3,0,1,2,3,4,0,2,3,6,15,0,1,2,3,3,4.829491138458252,10.478328704833984,7.009434700012207,6.833258628845215,6.267188549041748,,4,False
9RSL,1.7,SIA,21,A,Other,2,pdb,False,False,True,True,True,False,False,False,False,False,False,False,False,True,True,False,False,False,True,True,False,False,True,True,True,False,False,True,True,True,0,0,1,4,6,0,0,0,0,0,0,0,0,1,6,0,0,0,3,8,0,0,1,1,4,9.152535438537598,,10.970816612243652,10.838406562805176,8.496432304382324,5.031088545727153,1,True
14UN,1.928,A1DNX,10,B,Other,2,cif,False,False,False,False,False,False,False,False,False,False,False,True,True,True,True,False,False,False,True,True,True,True,True,True,True,True,True,True,True,True,0,0,0,0,0,0,0,0,0,0,0,1,1,2,2,0,0,0,1,2,1,1,2,2,2,30.399030685424805,25.104331970214844,5.504332065582275,11.351868629455566,3.690207004547119,,0,False
9SPZ,1.37,ICS,18,A,Oxidoreductase,4,pdb,False,True,True,True,True,False,True,True,True,True,False,True,True,True,True,False,False,True,True,True,False,False,False,True,True,False,True,True,True,True,0,1,3,6,9,0,1,1,4,5,0,2,4,5,8,0,0,2,5,7,0,0,0,2,3,5.940904140472412,5.747794628143311,6.622676372528076,8.428348541259766,11.764063835144045,,3,False
9PV8,1.95,PG0,8,A,Other,1,pdb,False,False,False,False,True,False,False,False,False,False,False,False,True,True,True,False,False,False,True,True,False,True,True,True,True,False,True,True,True,True,0,0,0,0,3,0,0,0,0,0,0,0,1,2,2,0,0,0,1,2,0,2,3,4,6,12.748918533325195,,9.78370475769043,10.427879333496094,5.36553955078125,,0,False
14VP,2.22,K3P,14,A,Other,2,pdb,False,False,False,False,False,False,False,False,True,True,False,True,True,True,True,False,True,True,True,True,False,False,True,True,True,False,True,True,True,True,0,0,0,0,0,0,0,0,1,1,0,1,1,2,3,0,2,2,3,4,0,0,1,1,1,21.52516365051269,11.46778678894043,6.626691818237305,6.592576503753662,9.06206512451172,,0,False
24TF,1.7,GAL,12,A,Hydrolase(other),1,pdb,False,True,True,True,True,False,False,False,False,False,False,True,True,True,True,False,True,True,True,True,False,True,True,True,True,False,True,True,True,True,0,1,3,3,3,0,0,0,0,0,0,2,3,4,11,0,1,2,3,8,0,1,2,2,2,6.636347770690918,15.322447776794434,5.452732086181641,7.456381320953369,5.8607048988342285,,3,False
31WB,1.31,A1KCQ,35,A,Kinase,1,cif,False,True,True,True,True,False,True,True,True,True,False,True,True,True,True,False,False,False,False,True,False,False,True,True,True,False,True,True,True,True,0,1,1,1,3,0,1,1,2,2,0,1,1,1,1,0,0,0,0,1,0,0,2,3,3,6.558203220367432,5.305678844451904,5.144782066345215,12.30866527557373,8.272391319274902,,1,False
9PVN,1.82,NAP,48,A,Oxidoreductase,2,cif,False,False,False,False,False,False,False,False,False,True,False,True,True,True,True,False,False,True,True,True,False,False,True,True,True,False,True,True,True,True,0,0,0,0,0,0,0,0,0,1,0,1,2,2,6,0,0,1,1,3,0,0,2,3,3,15.76175308227539,13.175857543945312,5.689974784851074,9.246209144592283,9.059114456176758,,0,False
29VY,2.33,FAD,53,A,Oxidoreductase,3,pdb,False,True,True,True,True,False,False,True,True,True,False,True,True,True,True,False,True,True,True,True,False,False,False,False,True,False,True,True,True,True,0,1,3,5,9,0,0,1,1,1,0,3,3,3,5,0,1,4,4,6,0,0,0,0,3,7.658449649810791,9.147048950195312,6.790001392364502,7.730517864227295,13.420363426208496,92.6771174574966,3,True
14UW,1.804,A1DN9,15,A,Other,2,cif,False,False,False,False,False,False,False,False,False,True,False,True,True,True,True,False,True,True,True,True,False,False,True,True,True,False,True,True,True,True,0,0,0,0,0,0,0,0,0,1,0,1,1,2,3,0,1,2,3,6,0,0,1,1,1,19.999610900878903,12.877921104431152,7.690245151519775,7.127541542053223,8.663969993591309,,0,False
7IMZ,1.72,ZQA,12,A,Other,1,pdb,False,False,True,True,True,False,False,False,False,False,False,False,True,True,True,False,True,True,True,True,False,False,False,True,True,False,True,True,True,True,0,0,1,2,2,0,0,0,0,0,0,0,1,2,2,0,1,2,5,6,0,0,0,2,3,9.99548625946045,,8.070161819458008,6.124808311462402,10.047898292541504,122.93800841090616,1,True
9VZA,2.61,GTP,32,A,Other,6,cif,False,True,True,True,True,False,False,False,False,True,True,True,True,True,True,False,True,True,True,True,False,False,False,True,True,True,True,True,True,True,0,1,2,2,6,0,0,0,0,1,1,2,4,5,7,0,1,2,6,10,0,0,0,2,2,5.39050817489624,14.117154121398926,3.611264705657959,5.654578685760498,10.050217628479004,,2,False
30IZ,2.02,MLI,7,A,Oxidoreductase,4,pdb,False,False,False,True,True,False,False,False,False,False,False,False,True,True,True,False,False,False,True,True,False,False,False,False,True,False,False,True,True,True,0,0,0,2,4,0,0,0,0,0,0,0,2,2,4,0,0,0,2,4,0,0,0,0,6,11.323304176330566,,8.367446899414062,10.644678115844728,13.785943031311035,,0,False
13VA,1.7,A1C1Q,18,B,Other,2,cif,False,False,False,False,True,False,False,False,False,False,False,False,True,True,True,False,True,True,True,True,False,False,False,True,True,False,True,True,True,True,0,0,0,0,1,0,0,0,0,0,0,0,1,2,2,0,1,3,3,6,0,0,0,1,3,14.547042846679688,,9.38238525390625,6.401207447052002,11.592970848083496,,0,False
9N53,1.65,NEN,7,A,Oxidoreductase,2,pdb,False,False,False,False,True,True,True,True,True,True,False,True,True,True,True,True,True,True,True,True,False,False,False,False,False,True,True,True,True,True,0,0,0,0,1,1,1,1,1,1,0,1,1,2,3,1,1,1,1,1,0,0,0,0,0,14.791081428527832,2.5823564529418945,5.060833930969238,4.728284358978272,23.46574592590332,,0,False
32QS,2.7,A1KEC,62,A,Transferase(other),2,cif,False,True,True,True,True,False,False,False,True,True,False,False,True,True,True,False,False,True,True,True,False,False,False,True,True,False,True,True,True,True,0,1,3,4,6,0,0,0,1,1,0,0,1,3,5,0,0,1,3,3,0,0,0,3,5,7.290765762329102,10.109030723571776,9.222633361816406,8.782997131347656,10.173148155212402,,3,False
9T75,2.83,FAD,53,D,Oxidoreductase,4,pdb,False,False,True,True,True,False,False,False,False,False,False,True,True,True,True,False,True,True,True,True,False,False,True,True,True,False,True,True,True,True,0,0,2,2,5,0,0,0,0,0,0,2,2,7,8,0,3,4,8,9,0,0,1,3,5,8.109034538269043,21.051362991333008,5.751476764678955,5.714535236358643,9.930482864379885,105.41335836031064,2,True
9YMN,1.25,A1CZE,44,A,Other,1,cif,True,True,True,True,True,False,False,False,True,True,False,False,False,True,True,False,True,True,True,True,False,False,True,True,True,True,True,True,True,True,2,2,2,2,4,0,0,0,1,1,0,0,0,2,3,0,1,1,1,4,0,0,1,3,4,3.406491041183472,10.836273193359377,10.090231895446776,7.272510051727295,8.831785202026367,,2,False
27QY,2.12,TG1,46,A,Hydrolase(other),1,cif,False,True,True,True,True,False,False,False,False,True,False,False,True,True,True,False,False,False,False,False,False,False,True,True,True,False,True,True,True,True,0,1,1,2,4,0,0,0,0,2,0,0,4,4,5,0,0,0,0,0,0,0,2,2,4,7.85261058807373,13.73381233215332,8.167319297790527,17.373889923095703,9.755952835083008,,1,False
9S7M,2.601,A1JMD,44,A,Other,1,cif,False,True,True,True,True,False,False,False,False,False,False,False,False,True,True,False,True,True,True,True,True,True,True,True,True,True,True,True,True,True,0,1,1,1,1,0,0,0,0,0,0,0,0,1,2,0,1,3,5,7,1,1,1,1,2,6.548556327819824,49.46087646484375,10.78485870361328,7.035116672515869,3.57758903503418,5.987552909402024,1,True
9S81,1.63,CXS,14,B,Other,3,pdb,True,True,True,True,True,False,False,False,False,False,False,False,False,False,False,True,True,True,True,True,True,True,True,True,True,True,True,True,True,True,1,1,1,1,2,0,0,0,0,0,0,0,0,0,0,1,1,2,2,2,1,2,4,4,5,2.9683783054351807,,20.35625648498535,4.88057804107666,4.987976551055908,,1,False
7IN0,1.68,W1Y,14,A,Other,1,pdb,False,True,True,True,True,False,False,False,False,False,False,False,True,True,True,True,True,True,True,True,False,False,False,False,False,True,True,True,True,True,0,1,1,1,1,0,0,0,0,0,0,0,1,2,2,1,3,5,5,5,0,0,0,0,0,5.968707084655762,,9.150256156921388,4.48166036605835,16.190141677856445,,1,False
29CT,1.91,A1JTS,41,A,Other,1,cif,False,False,False,True,True,True,True,True,True,True,False,False,False,True,True,False,True,True,True,True,False,False,True,True,True,True,True,True,True,True,0,0,0,1,2,1,1,1,1,1,0,0,0,1,2,0,1,1,4,8,0,0,1,1,2,10.577607154846191,4.213900089263916,11.44686794281006,7.797163963317871,9.603490829467772,,0,False
9HW4,1.5,CSS,7,A,Other,1,pdb,False,False,False,False,False,False,False,False,False,True,False,False,False,True,True,True,True,True,True,True,True,True,True,True,True,True,True,True,True,True,0,0,0,0,0,0,0,0,0,1,0,0,0,1,1,1,1,1,1,2,1,1,3,5,5,20.543336868286133,12.23971462249756,10.863643646240234,4.309664249420166,3.355830192565918,,0,False
35WG,1.97,A1DNI,30,A,Other,1,cif,False,True,True,True,True,False,True,True,True,True,False,True,True,True,True,False,False,True,True,True,False,False,True,True,True,False,True,True,True,True,0,1,1,2,4,0,1,1,1,1,0,1,2,2,2,0,0,1,1,1,0,0,2,4,4,6.218990802764893,5.953984260559082,6.193634510040283,8.202383995056152,8.686037063598633,,1,False
9RY5,1.24,A1JKR,46,A,Other,2,cif,False,True,True,True,True,False,False,False,False,False,True,True,True,True,True,False,True,True,True,True,False,False,False,False,True,True,True,True,True,True,0,2,2,4,4,0,0,0,0,0,2,4,6,6,8,0,3,4,4,8,0,0,0,0,2,6.260719299316406,23.682680130004883,3.046405076980591,6.7436933517456055,12.908129692077637,,2,False
9PH9,2.26,G3A,50,A,Transferase(other),2,pdb,False,False,True,True,True,False,True,True,True,True,False,False,False,False,True,False,False,False,False,True,False,True,True,True,True,False,True,True,True,True,0,0,1,1,3,0,1,3,5,5,0,0,0,0,1,0,0,0,0,2,0,2,3,5,6,9.327016830444336,6.984528064727783,13.97286605834961,12.65479850769043,5.517129898071289,,1,False
9S1G,2.36,ADP,27,B,Transferase(other),2,pdb,False,True,True,True,True,False,False,False,False,False,False,False,False,False,True,False,True,True,True,True,False,True,True,True,True,False,True,True,True,True,0,1,2,3,5,0,0,0,0,0,0,0,0,0,1,0,1,1,1,2,0,2,3,5,5,7.807793617248535,17.71699333190918,14.810379028320312,5.835454940795898,5.5695390701293945,93.7591551126252,2,True
10JV,2.81,A1C9M,36,A,Hydrolase(other),4,cif,False,True,True,True,True,False,False,False,False,True,False,False,True,True,True,False,True,True,True,True,False,False,False,True,True,False,True,True,True,True,0,2,2,4,9,0,0,0,0,1,0,0,1,5,9,0,2,2,5,6,0,0,0,1,1,6.634024620056152,13.735844612121582,9.620527267456056,7.1981282234191895,11.491506576538086,,2,False
7IMR,1.53,NZ1,12,A,Other,1,pdb,False,False,True,True,True,False,False,False,False,False,False,False,True,True,True,False,True,True,True,True,False,False,True,True,True,False,True,True,True,True,0,0,1,2,2,0,0,0,0,0,0,0,1,2,2,0,1,2,5,7,0,0,2,3,3,8.427553176879883,,9.034618377685549,7.26476240158081,8.371247291564941,,1,False
7IM8,1.65,T9Q,13,A,Other,1,pdb,False,False,True,True,True,False,False,False,False,False,False,False,False,False,False,False,False,False,False,True,False,True,True,True,True,False,True,True,True,True,0,0,1,1,1,0,0,0,0,0,0,0,0,0,0,0,0,0,0,1,0,1,3,3,4,8.291373252868652,,20.34365463256836,14.163366317749023,7.067392349243164,,1,False
14XT,1.84,GOV,15,A,Other,2,pdb,False,False,False,False,False,False,False,False,False,False,False,False,True,True,True,False,False,False,False,True,True,True,True,True,True,True,True,True,True,True,0,0,0,0,0,0,0,0,0,0,0,0,2,2,4,0,0,0,0,3,1,1,3,3,4,22.1790771484375,17.40021514892578,9.005804061889648,12.393916130065918,3.50674819946289,,0,False
9NVB,2.76,SAH,26,A,Other,7,pdb,True,True,True,True,True,False,True,True,True,True,False,False,False,True,True,False,False,True,True,True,True,True,True,True,True,True,True,True,True,True,1,3,3,3,4,0,1,2,4,6,0,0,0,1,2,0,0,1,3,3,1,2,2,3,6,4.440765380859375,7.059756755828857,11.260777473449709,9.621150970458984,3.752901792526245,,3,False
14WZ,1.92,Q4L,17,A,Other,2,pdb,False,False,False,False,False,False,False,False,False,True,False,True,True,True,True,False,True,True,True,True,False,False,True,True,True,False,True,True,True,True,0,0,0,0,0,0,0,0,0,1,0,1,1,2,3,0,1,2,3,6,0,0,1,1,1,20.045305252075195,13.315130233764648,7.980460166931152,7.526191234588623,8.867362022399902,,0,False
14VB,2.061,A1DOF,14,A,Other,2,cif,False,False,False,False,False,False,False,False,False,True,False,True,True,True,True,False,True,True,True,True,False,False,True,True,True,False,True,True,True,True,0,0,0,0,0,0,0,0,0,1,0,1,1,3,3,0,1,2,3,6,0,0,1,1,1,20.1864070892334,12.390621185302734,7.405810356140137,6.582330226898193,8.560391426086426,,0,False
9TXW,2.3,DQV,44,A,Transferase(other),4,pdb,True,True,True,True,True,False,False,False,True,True,False,True,True,True,True,False,False,False,False,True,False,False,False,True,True,True,True,True,True,True,1,3,4,6,9,0,0,0,1,1,0,1,2,2,5,0,0,0,0,2,0,0,0,1,2,4.5393967628479,11.01511573791504,5.29044246673584,14.522522926330566,10.23731803894043,,4,False
9TAB,1.9,SIA,21,C,Other,3,pdb,False,True,True,True,True,False,False,False,False,False,False,True,True,True,True,False,False,False,True,True,False,False,True,True,True,False,True,True,True,True,0,1,2,2,4,0,0,0,0,0,0,1,1,1,3,0,0,0,4,7,0,0,1,1,2,7.321197986602783,18.714740753173828,7.375330448150635,10.297699928283691,8.229349136352539,,2,False
9RWY,1.95,HEM,43,A,Oxidoreductase,8,pdb,True,True,True,True,True,False,False,False,False,False,False,True,True,True,True,False,False,True,True,True,False,False,False,True,True,True,True,True,True,True,1,1,2,2,3,0,0,0,0,0,0,2,4,5,5,0,0,1,2,6,0,0,0,1,3,2.112462282180786,18.37279891967773,7.329306125640869,8.7053804397583,10.749038696289062,,2,False
13UW,1.85,A1C1M,13,B,Other,2,cif,False,False,False,False,True,False,False,False,False,False,False,False,True,True,True,False,True,True,True,True,False,False,True,True,True,False,True,True,True,True,0,0,0,0,1,0,0,0,0,0,0,0,1,2,3,0,1,2,3,6,0,0,1,2,4,14.38658618927002,,8.74721622467041,5.90088415145874,9.590005874633787,,0,False
7IMY,1.77,Q7L,14,A,Other,1,pdb,False,True,True,True,True,False,False,False,False,False,False,False,True,True,True,True,True,True,True,True,False,False,False,False,True,True,True,True,True,True,0,1,1,1,2,0,0,0,0,0,0,0,1,1,2,1,2,5,5,5,0,0,0,0,1,7.050009250640869,,8.37620735168457,4.6477155685424805,14.80752182006836,,1,False
13TK,1.56,SQ7,13,B,Other,2,pdb,False,False,False,False,False,False,False,False,False,False,False,True,True,True,True,False,False,True,True,True,False,False,False,True,True,False,True,True,True,True,0,0,0,0,0,0,0,0,0,0,0,2,2,2,4,0,0,2,2,3,0,0,0,1,2,17.673917770385742,,6.302890300750732,9.101558685302734,11.183977127075195,,0,False
9VZB,2.76,GTP,32,A,Other,6,cif,False,True,True,True,True,False,False,False,False,True,True,True,True,True,True,False,True,True,True,True,False,False,True,True,True,True,True,True,True,True,0,1,2,2,6,0,0,0,0,1,1,2,4,5,7,0,1,2,6,10,0,0,1,2,2,5.460698127746582,13.761499404907228,3.676681280136109,5.670116424560547,8.829985618591309,,2,False
37EO,1.8,AMP,23,A,Epigenetic/reader,1,pdb,False,False,False,False,True,False,True,True,True,True,False,True,True,True,True,False,False,False,True,True,False,False,True,True,True,False,True,True,True,True,0,0,0,0,2,0,1,1,1,2,0,2,2,3,5,0,0,0,2,2,0,0,1,2,2,12.539830207824709,6.127779483795166,6.503085613250732,10.35288143157959,9.34804916381836,,0,False
7ILW,1.56,A1CNC,15,A,Other,1,cif,False,False,True,True,True,False,False,False,False,False,False,True,True,True,True,True,True,True,True,True,False,False,False,False,True,True,True,True,True,True,0,0,1,1,2,0,0,0,0,0,0,1,1,1,2,1,3,4,5,6,0,0,0,0,1,8.143210411071777,,6.714759826660156,4.0165863037109375,14.348784446716309,,1,False
27WS,2.8,NAD,44,A,Other,4,pdb,False,True,True,True,True,False,False,True,True,True,False,True,True,True,True,False,True,True,True,True,False,False,True,True,True,False,True,True,True,True,0,1,2,3,4,0,0,1,1,1,0,1,3,4,6,0,1,3,4,5,0,0,1,1,1,6.874169826507568,8.171293258666992,6.489569187164307,7.857946395874023,9.306214332580566,,2,False
14XQ,1.98,LWD,19,A,Other,2,pdb,False,False,False,False,False,False,False,False,False,True,False,True,True,True,True,False,False,True,True,True,False,True,True,True,True,False,True,True,True,True,0,0,0,0,0,0,0,0,0,1,0,1,1,1,3,0,0,1,2,4,0,1,1,1,1,20.12418556213379,12.72642993927002,6.50131893157959,8.08288288116455,7.726174831390381,,0,False
29UY,1.37,A1J4Y,31,B,Other,2,cif,False,False,False,False,False,False,False,False,False,False,True,True,True,True,True,True,True,True,True,True,False,True,True,True,True,True,True,True,True,True,0,0,0,0,0,0,0,0,0,0,1,2,3,4,8,1,1,1,1,1,0,1,3,3,8,17.751991271972656,16.388858795166016,3.884376525878906,2.71098256111145,5.873922824859619,,0,False
9SSN,1.5,A1JQX,31,A,Other,1,cif,False,False,False,True,True,False,True,True,True,True,False,True,True,True,True,False,False,True,True,True,False,False,False,False,True,False,True,True,True,True,0,0,0,3,5,0,1,1,2,6,0,1,1,4,4,0,0,1,5,8,0,0,0,0,1,10.10992431640625,5.209199905395508,7.106661796569824,9.8959379196167,13.99370002746582,,0,False
9S6X,2.496,A1JL6,46,A,Other,1,cif,False,True,True,True,True,False,False,False,False,False,False,False,False,True,True,False,True,True,True,True,True,True,True,True,True,True,True,True,True,True,0,1,1,1,1,0,0,0,0,0,0,0,0,1,2,0,1,3,5,7,1,1,1,1,2,6.715429306030273,49.59366989135742,10.683113098144531,6.839365482330322,3.5917534828186035,,1,False
14YQ,1.83,U1V,13,A,Other,2,pdb,False,False,False,False,False,False,False,False,False,False,False,False,True,True,True,False,False,False,False,True,False,False,False,False,False,False,False,True,True,True,0,0,0,0,0,0,0,0,0,0,0,0,1,3,4,0,0,0,0,2,0,0,0,0,0,30.23301124572754,21.75506401062012,8.148634910583496,12.655242919921877,15.623735427856444,,0,False
9PQP,1.07,4FW,15,A,Other,1,pdb,True,True,True,True,True,False,False,False,False,False,False,True,True,True,True,False,False,True,True,True,False,False,False,True,True,True,True,True,True,True,1,2,2,3,5,0,0,0,0,0,0,1,1,1,1,0,0,2,2,4,0,0,0,1,3,4.708357810974121,,5.167850494384766,9.556382179260254,11.429729461669922,,2,False
9Z4R,2.08,A1C0R,23,A,Antibody/Immune,8,cif,True,True,True,True,True,False,False,True,True,True,False,True,True,True,True,False,True,True,True,True,False,True,True,True,True,True,True,True,True,True,2,4,6,7,10,0,0,1,2,2,0,1,2,2,8,0,1,3,4,6,0,1,1,1,5,4.093373775482178,9.098198890686035,5.941995620727539,7.329650402069092,6.175243854522705,,6,False
31AO,1.42,YLL,12,A,Hydrolase(other),1,pdb,True,True,True,True,True,False,False,False,False,False,False,True,True,True,True,False,False,False,True,True,False,False,False,False,False,True,True,True,True,True,1,2,4,6,9,0,0,0,0,0,0,1,1,2,5,0,0,0,4,6,0,0,0,0,0,4.379024028778076,15.466423988342283,7.73649787902832,10.009779930114746,17.334341049194336,,4,False
13TS,1.43,BZX,10,B,Other,2,pdb,False,False,False,False,True,False,False,False,False,False,False,False,False,True,True,False,True,True,True,True,False,False,True,True,True,False,True,True,True,True,0,0,0,0,1,0,0,0,0,0,0,0,0,2,2,0,1,3,5,6,0,0,1,2,3,13.764410018920898,,10.065596580505373,7.4451584815979,9.671874046325684,,0,False
9RZY,2.3,FUC,11,A,Hydrolase(other),4,pdb,True,True,True,True,True,False,True,True,True,True,False,False,True,True,True,False,True,True,True,True,False,False,True,True,True,True,True,True,True,True,1,1,3,4,11,0,1,1,2,2,0,0,4,6,8,0,2,3,3,3,0,0,1,2,4,4.879677772521973,7.116239070892334,8.46123218536377,5.642412662506104,9.871711730957031,,3,False
9T8B,1.81,COH,43,A,Oxidoreductase,2,pdb,False,False,False,True,True,True,True,True,True,True,False,True,True,True,True,False,False,True,True,True,False,False,True,True,True,True,True,True,True,True,0,0,0,1,3,1,1,1,1,1,0,1,2,3,4,0,0,5,6,7,0,0,2,2,9,10.123412132263184,2.609792232513428,7.857428550720215,8.465316772460938,8.84412670135498,,0,False
9XW0,2.4,TPO,11,A,Other,4,cif,False,False,False,True,True,False,False,False,False,False,False,False,False,False,True,False,False,False,False,True,True,True,True,True,True,True,True,True,True,True,0,0,0,2,2,0,0,0,0,0,0,0,0,0,2,0,0,0,0,2,1,1,1,1,3,11.920805931091309,18.76118469238281,12.093292236328123,12.687600135803224,3.515352249145508,,0,False
32SB,1.81,A1KEX,19,A,Other,1,cif,False,True,True,True,True,False,True,True,True,True,False,False,False,False,False,False,False,False,True,True,False,False,True,True,True,False,True,True,True,True,0,2,4,4,4,0,1,1,1,1,0,0,0,0,0,0,0,0,1,4,0,0,2,2,4,6.248504638671875,6.776873588562012,15.15373706817627,11.80867862701416,9.64271068572998,122.4276044252342,4,True
9HXY,1.6,CSS,7,A,Other,1,pdb,False,False,False,False,False,False,False,False,False,True,False,False,False,True,True,True,True,True,True,True,True,True,True,True,True,True,True,True,True,True,0,0,0,0,0,0,0,0,0,1,0,0,0,1,1,1,1,1,1,2,1,1,3,5,5,20.580171585083008,12.217000007629396,10.887784957885742,4.372951507568359,3.375639677047729,,0,False
14UJ,2.103,A1DNT,15,A,Other,2,cif,False,False,False,False,False,False,False,False,False,True,False,True,True,True,True,False,True,True,True,True,False,False,True,True,True,False,True,True,True,True,0,0,0,0,0,0,0,0,0,1,0,1,1,3,3,0,1,2,3,6,0,0,1,1,1,20.435089111328125,12.5467529296875,6.967877388000488,6.85144567489624,8.561315536499023,,0,False
9S5S,1.9,HEM,43,A,Oxidoreductase,2,pdb,False,False,False,True,True,False,False,False,False,False,False,False,True,True,True,False,True,True,True,True,False,True,True,True,True,False,True,True,True,True,0,0,0,1,2,0,0,0,0,0,0,0,1,2,4,0,1,2,4,7,0,1,1,1,4,11.40701675415039,18.1107120513916,9.456588745117188,7.771125316619873,7.55224084854126,,0,False
9I85,1.9,A1I07,40,A,Other,1,cif,False,False,False,False,False,False,False,False,False,False,False,False,False,True,True,False,True,True,True,True,False,False,False,True,True,False,True,True,True,True,0,0,0,0,0,0,0,0,0,0,0,0,0,2,5,0,1,1,2,4,0,0,0,1,2,15.142485618591309,19.35662269592285,10.174541473388672,5.03338098526001,10.139107704162598,,0,False
22YX,1.59,HEM,43,A,Oxidoreductase,2,cif,True,True,True,True,True,True,True,True,True,True,False,True,True,True,True,False,False,False,True,True,False,False,False,False,False,True,True,True,True,True,1,1,1,1,1,1,1,1,1,2,0,1,2,6,9,0,0,0,2,4,0,0,0,0,0,4.127827167510986,2.754019260406494,5.43201208114624,11.467613220214844,19.151338577270508,,1,False
14WP,2.063,A1DOX,15,A,Other,2,cif,False,False,False,False,False,False,False,False,False,True,False,True,True,True,True,False,True,True,True,True,False,False,True,True,True,False,True,True,True,True,0,0,0,0,0,0,0,0,0,1,0,1,1,1,3,0,1,1,2,5,0,0,1,1,1,19.988588333129883,13.221443176269531,7.336371898651123,7.90533971786499,8.258703231811523,,0,False
9SME,2.55,A1JOZ,34,A,Hydrolase(other),2,cif,False,False,False,True,True,False,False,False,False,True,False,True,True,True,True,False,False,True,True,True,False,False,False,False,True,False,True,True,True,True,0,0,0,1,1,0,0,0,0,1,0,1,1,6,10,0,0,2,2,6,0,0,0,0,1,10.2555570602417,12.817946434020996,6.431952476501465,8.663166046142578,12.844634056091309,,0,False
9VYP,2.52,GTP,32,A,Other,6,cif,False,True,True,True,True,False,False,False,False,True,True,True,True,True,True,False,True,True,True,True,False,False,True,True,True,True,True,True,True,True,0,1,2,2,6,0,0,0,0,1,1,1,4,5,7,0,1,2,6,9,0,0,1,2,2,5.614075183868408,13.807599067687988,3.594099760055542,5.656990051269531,9.986680030822754,,2,False
9N7C,2.023,A1BVO,7,A,Oxidoreductase,2,cif,False,False,False,False,False,True,True,True,True,True,False,False,False,False,True,True,True,True,True,True,False,False,False,False,False,True,True,True,True,True,0,0,0,0,0,1,1,1,1,1,0,0,0,0,1,1,1,1,1,1,0,0,0,0,0,19.266759872436523,3.406200885772705,13.55885410308838,4.162351131439209,15.924592971801758,,0,False
14XH,1.992,A1A4A,15,B,Other,2,cif,False,False,False,False,False,False,False,False,False,False,True,True,True,True,True,False,False,True,True,True,False,False,True,True,True,True,True,True,True,True,0,0,0,0,0,0,0,0,0,0,1,3,3,4,7,0,0,1,1,1,0,0,1,1,1,17.059755325317383,24.666336059570312,3.8038928508758554,8.84115982055664,9.78981876373291,,0,False
9TCH,2.1,ATP,31,A,Transferase(other),4,pdb,False,True,True,True,True,False,False,False,True,True,False,False,True,True,True,False,False,True,True,True,False,False,True,True,True,False,True,True,True,True,0,3,4,5,6,0,0,0,1,1,0,0,2,3,4,0,0,3,5,7,0,0,1,2,2,5.483732223510742,11.396971702575684,8.995112419128418,8.035086631774902,9.270731925964355,,4,False
9RTB,1.93,A1JJT,8,AAA,Other,1,cif,True,True,True,True,True,False,False,False,True,True,True,True,True,True,True,False,True,True,True,True,True,True,True,True,True,True,True,True,True,True,1,2,4,4,7,0,0,0,3,4,1,1,2,4,6,0,1,2,2,5,1,1,2,2,3,2.881920099258423,10.840024948120115,3.8873469829559326,5.210320472717285,4.509793758392334,,4,False
13EB,1.82,NAP,48,A,Oxidoreductase,1,cif,False,False,False,False,True,False,False,True,True,True,False,False,False,True,True,True,True,True,True,True,False,False,False,True,True,True,True,True,True,True,0,0,0,0,1,0,0,1,1,1,0,0,0,3,4,1,3,4,9,10,0,0,0,1,1,14.68301773071289,8.018722534179688,11.01314640045166,3.69199275970459,10.84857940673828,,0,False
7IMB,1.66,NY7,14,A,Other,1,pdb,False,False,False,True,True,False,False,False,False,False,False,False,False,False,False,False,False,False,False,True,False,True,True,True,True,False,True,True,True,True,0,0,0,1,1,0,0,0,0,0,0,0,0,0,0,0,0,0,0,1,0,1,2,3,5,11.5729341506958,,17.439376831054688,14.818666458129885,7.970594882965088,,0,False
13TM,1.71,A1C1H,18,B,Other,2,cif,False,False,False,False,False,False,False,False,False,False,False,False,False,True,True,False,True,True,True,True,False,False,False,True,True,False,True,True,True,True,0,0,0,0,0,0,0,0,0,0,0,0,0,2,2,0,1,3,3,6,0,0,0,1,3,15.678380012512209,,10.515317916870115,7.482924461364746,11.839900016784668,,0,False
11SI,2.5,A1DAJ,30,A,Nuclear receptor,4,cif,False,False,False,True,True,False,True,True,True,True,False,True,True,True,True,False,False,False,True,True,False,False,True,True,True,False,True,True,True,True,0,0,0,1,7,0,1,1,1,1,0,1,3,4,7,0,0,0,2,3,0,0,2,3,3,10.7438325881958,7.642507553100586,7.881289482116699,10.00083065032959,8.52927017211914,,0,False
9SVZ,2.4,R06,15,C,Other,4,pdb,False,True,True,True,True,True,True,True,True,True,False,False,True,True,True,False,True,True,True,True,False,False,False,False,True,True,True,True,True,True,0,2,2,3,4,2,5,5,6,6,0,0,1,1,5,0,1,2,2,2,0,0,0,0,3,6.797476291656494,4.610590934753418,8.968603134155273,6.259469509124756,12.149526596069336,,2,False
9RXJ,1.88,A1JF4,10,A,Other,1,cif,False,False,False,True,True,False,False,False,False,True,False,False,False,True,True,False,False,False,False,True,False,False,True,True,True,False,False,True,True,True,0,0,0,3,5,0,0,0,0,2,0,0,0,1,2,0,0,0,0,1,0,0,2,3,6,10.822511672973633,13.01622200012207,11.306304931640623,13.810760498046877,8.97816276550293,,0,False
11GM,1.84,A1AEP,42,A,Antibody/Immune,4,cif,False,True,True,True,True,False,False,False,False,False,False,True,True,True,True,False,True,True,True,True,False,False,False,False,True,False,True,True,True,True,0,5,8,10,10,0,0,0,0,0,0,2,2,4,5,0,2,4,4,4,0,0,0,0,2,6.431085586547852,16.109189987182617,6.583995819091797,6.760317802429199,13.776923179626465,157.91083481598469,8,True
9Z37,2.11,DGD,66,A,Other,40,pdb,False,False,False,False,True,False,False,False,True,True,False,False,True,True,True,False,False,False,False,True,False,False,False,True,True,False,False,True,True,True,0,0,0,0,1,0,0,0,1,1,0,0,1,4,4,0,0,0,0,3,0,0,0,1,2,14.45887279510498,10.546278953552246,8.297274589538574,12.512136459350586,11.735960960388184,,0,False
36JF,2.3,A1DLQ,24,A,Kinase,1,cif,False,True,True,True,True,False,False,False,False,False,False,False,True,True,True,False,False,False,False,True,False,True,True,True,True,False,True,True,True,True,0,1,2,2,6,0,0,0,0,0,0,0,1,2,2,0,0,0,0,3,0,1,1,5,7,6.165553569793701,15.169229507446287,8.663277626037598,13.43971824645996,6.41737699508667,4.071627092991671,2,True
9TAC,2.1,SIA,21,S,Other,3,pdb,False,False,False,False,False,False,False,False,False,False,False,False,False,False,True,False,False,False,False,True,False,False,False,False,False,False,False,False,False,True,0,0,0,0,0,0,0,0,0,0,0,0,0,0,1,0,0,0,0,1,0,0,0,0,0,16.39314079284668,24.639877319335938,14.410636901855469,12.881073951721191,18.62824821472168,,0,False
9S03,1.37,OSE,10,A,Hydrolase(other),1,pdb,False,False,True,True,True,False,False,True,True,True,False,True,True,True,True,False,False,True,True,True,True,True,True,True,True,True,True,True,True,True,0,0,1,5,11,0,0,1,1,1,0,2,2,5,5,0,0,1,3,8,1,2,3,3,5,9.35665798187256,9.397276878356934,5.847616672515869,8.452166557312012,4.916896820068359,,1,False
24MR,2.47,NDG,15,C,Hydrolase(other),2,pdb,False,True,True,True,True,True,True,True,True,True,True,True,True,True,True,False,False,True,True,True,True,True,True,True,True,True,True,True,True,True,0,1,1,10,10,1,1,1,1,2,1,1,1,2,7,0,0,1,1,4,1,1,1,1,2,7.044177532196045,4.589733123779297,4.360332012176514,8.267302513122559,4.93771505355835,,1,False
9T5F,1.68,A1JTV,45,A,Other,2,cif,False,False,True,True,True,False,True,True,True,True,False,False,True,True,True,False,False,True,True,True,False,False,False,False,False,False,True,True,True,True,0,0,1,3,5,0,1,2,2,6,0,0,2,4,5,0,0,3,4,8,0,0,0,0,0,9.518016815185549,5.044492244720459,8.03449821472168,9.14088535308838,15.184706687927246,,1,False
9PT7,1.9,A1CK8,28,A,Phosphatase,2,cif,False,True,True,True,True,False,False,False,False,False,False,True,True,True,True,False,False,True,True,True,True,True,True,True,True,True,True,True,True,True,0,1,3,5,5,0,0,0,0,0,0,1,2,3,5,0,0,3,5,5,1,3,4,4,8,5.5376296043396,,7.37111234664917,8.644330024719238,4.426484107971191,,3,False
9I7R,2.37,SFS,8,A,Transferase(other),1,cif,False,True,True,True,True,True,True,True,True,True,False,False,True,True,True,False,False,False,True,True,True,True,True,True,True,True,True,True,True,True,0,1,1,2,8,3,3,3,3,4,0,0,2,2,4,0,0,0,2,5,1,1,2,3,10,5.048370838165283,4.119776248931885,8.797375679016113,10.044692993164062,4.89616584777832,,1,False
9S7T,2.28,ADP,27,A,Transferase(other),4,pdb,False,False,True,True,True,False,False,False,False,False,False,False,False,False,True,False,True,True,True,True,False,True,True,True,True,False,True,True,True,True,0,0,3,3,5,0,0,0,0,0,0,0,0,0,1,0,1,1,1,2,0,2,3,5,5,8.073805809020996,17.974863052368164,14.811668395996094,5.5392279624938965,5.606570243835449,,3,False
37EP,1.96,ATP,31,A,Epigenetic/reader,1,pdb,False,False,False,False,True,False,True,True,True,True,False,True,True,True,True,False,False,False,True,True,False,False,True,True,True,False,True,True,True,True,0,0,0,0,2,0,1,1,1,2,0,2,2,3,4,0,0,0,2,2,0,0,1,1,3,13.287440299987791,6.6574296951293945,6.594793319702148,11.046719551086426,8.287717819213867,,0,False
9VYM,2.58,GTP,32,A,Other,6,cif,False,True,True,True,True,False,False,False,False,True,True,True,True,True,True,False,True,True,True,True,False,False,True,True,True,True,True,True,True,True,0,1,2,2,6,0,0,0,0,1,1,2,4,5,7,0,1,2,5,9,0,0,1,2,2,5.089582443237305,13.628580093383787,4.136516094207764,5.9476823806762695,8.72803783416748,,2,False
9TAA,1.91,SIA,21,C,Other,3,pdb,False,True,True,True,True,False,False,False,False,False,False,True,True,True,True,False,False,False,True,True,False,True,True,True,True,False,True,True,True,True,0,1,2,2,4,0,0,0,0,0,0,1,1,1,3,0,0,0,4,7,0,1,1,2,2,7.274997234344482,18.704425811767575,7.242058277130127,10.4486722946167,7.900755882263184,,2,False
36UI,2.2,NAP,48,A,Oxidoreductase,2,cif,False,False,True,True,True,False,False,False,True,True,False,False,True,True,True,True,True,True,True,True,False,False,False,True,True,True,True,True,True,True,0,0,1,1,1,0,0,0,1,2,0,0,1,3,5,1,3,5,6,10,0,0,0,1,3,9.047884941101074,10.956672668457031,9.758306503295898,4.220917701721191,11.800148010253906,,1,False
9RZ5,2.3,A1JJ2,65,A,Other,12,cif,True,True,True,True,True,False,False,False,True,True,False,False,False,True,True,False,False,False,True,True,False,False,False,True,True,True,True,True,True,True,1,1,2,2,6,0,0,0,1,1,0,0,0,2,4,0,0,0,2,2,0,0,0,1,2,4.964270114898682,10.644307136535645,10.582420349121094,10.4385404586792,11.95537281036377,,2,False
24GF,1.958,A1AZH,9,A,Other,1,cif,False,True,True,True,True,False,False,False,False,True,True,True,True,True,True,False,True,True,True,True,False,False,False,False,True,True,True,True,True,True,0,2,2,4,6,0,0,0,0,1,1,4,5,5,8,0,1,1,2,5,0,0,0,0,3,5.493453025817871,14.536415100097656,4.151808738708496,7.815375328063965,12.531970977783203,,2,False
7ILP,1.64,JHP,15,A,Other,1,pdb,False,False,False,True,True,False,False,False,False,False,False,False,False,False,False,False,False,False,False,True,False,False,True,True,True,False,False,True,True,True,0,0,0,1,1,0,0,0,0,0,0,0,0,0,0,0,0,0,0,1,0,0,2,3,5,11.56932258605957,,16.86573600769043,14.07678508758545,9.275213241577148,,0,False
7ILU,1.62,VZS,18,A,Other,1,pdb,False,True,True,True,True,False,False,False,False,False,False,True,True,True,True,True,True,True,True,True,False,False,False,False,True,True,True,True,True,True,0,1,1,1,2,0,0,0,0,0,0,1,1,1,1,1,1,4,5,6,0,0,0,0,2,7.983844757080078,,7.872343063354492,3.3931589126586914,13.361903190612791,,1,False
14WA,1.94,VXD,13,A,Other,2,pdb,False,False,False,False,False,False,False,False,False,False,False,False,False,True,True,False,False,True,True,True,False,True,True,True,True,False,True,True,True,True,0,0,0,0,0,0,0,0,0,0,0,0,0,1,4,0,0,1,3,4,0,2,3,3,4,24.46088218688965,20.01065826416016,10.08740234375,9.80015468597412,6.44741678237915,,0,False
9ZS8,2.7,CDL,82,M,Other,3,pdb,False,True,True,True,True,False,False,False,False,False,False,False,True,True,True,False,False,False,True,True,False,False,True,True,True,False,True,True,True,True,0,1,1,1,3,0,0,0,0,0,0,0,1,1,3,0,0,0,1,5,0,0,1,1,3,7.865938186645508,33.5704460144043,9.697500228881836,11.460793495178224,9.741944313049316,,1,False
9HW3,1.31,CSS,7,A,Other,2,pdb,False,False,False,False,False,False,False,False,False,True,False,False,False,True,True,True,True,True,True,True,True,True,True,True,True,True,True,True,True,True,0,0,0,0,0,0,0,0,0,1,0,0,0,1,1,1,1,1,1,2,1,1,3,5,5,20.241172790527344,12.030474662780762,10.54166030883789,4.080601215362549,3.489537239074707,,0,False
14YE,1.867,Q49,15,A,Other,2,cif,False,False,False,False,False,False,False,False,False,True,False,True,True,True,True,False,True,True,True,True,False,False,True,True,True,False,True,True,True,True,0,0,0,0,0,0,0,0,0,1,0,1,1,2,3,0,2,2,2,5,0,0,1,1,1,21.10963630676269,12.178518295288086,7.309812545776367,6.703504085540772,8.802718162536621,,0,False
9RT1,1.79,A1JJF,9,A,Other,1,cif,False,True,True,True,True,False,False,False,False,False,False,True,True,True,True,False,True,True,True,True,False,True,True,True,True,False,True,True,True,True,0,1,3,4,5,0,0,0,0,0,0,3,4,6,8,0,1,3,3,5,0,1,1,2,6,5.984745502471924,15.725439071655272,5.765596389770508,7.7587199211120605,5.2443060874938965,,3,False
14YJ,1.929,A1AP4,14,B,Other,2,cif,False,False,False,False,False,False,False,False,False,True,False,True,True,True,True,False,False,True,True,True,False,False,False,True,True,False,True,True,True,True,0,0,0,0,0,0,0,0,0,1,0,1,1,2,2,0,0,2,2,3,0,0,0,1,1,25.62798500061035,12.2918062210083,6.988490104675293,8.266730308532715,10.565502166748049,,0,False
13UL,1.46,KNL,13,B,Other,2,pdb,False,False,False,False,True,False,False,False,False,False,False,False,True,True,True,False,True,True,True,True,False,False,True,True,True,False,True,True,True,True,0,0,0,0,1,0,0,0,0,0,0,0,1,1,3,0,1,3,5,6,0,0,1,3,3,14.45574951171875,,9.456286430358888,7.093706130981445,9.897625923156738,,0,False
9TD0,2.07,BGC,12,EEE,Oxidoreductase,1,cif,False,False,True,True,True,False,False,False,False,False,False,False,False,False,True,False,False,True,True,True,False,False,False,False,True,False,False,True,True,True,0,0,1,2,2,0,0,0,0,0,0,0,0,0,2,0,0,1,2,2,0,0,0,0,1,9.591975212097168,18.447656631469727,12.040572166442873,8.407196044921875,14.352020263671877,,1,False
9WTB,2.2,HEC,43,A,Other,4,pdb,False,False,True,True,True,False,True,True,True,True,False,True,True,True,True,False,False,True,True,True,False,False,True,True,True,False,True,True,True,True,0,0,1,1,2,0,2,3,4,4,0,1,3,5,7,0,0,1,1,1,0,0,2,2,3,8.388083457946777,6.032059192657471,6.8560967445373535,8.003997802734375,8.616886138916016,,1,False
14VJ,1.979,A1DON,18,A,Other,2,cif,False,False,False,False,False,False,False,False,False,False,False,True,True,True,True,False,False,True,True,True,False,False,False,False,True,False,True,True,True,True,0,0,0,0,0,0,0,0,0,0,0,2,3,3,6,0,0,1,1,2,0,0,0,0,1,28.670150756835938,22.98604202270508,5.765533924102783,8.698546409606934,12.164416313171388,,0,False
37EQ,2.07,G5A,27,A,Epigenetic/reader,1,pdb,False,False,False,False,True,False,True,True,True,True,False,True,True,True,True,False,False,True,True,True,False,False,True,True,True,False,True,True,True,True,0,0,0,0,1,0,1,1,1,2,0,2,2,3,5,0,0,1,2,2,0,0,1,2,2,13.117535591125488,7.039032936096191,6.051025867462158,9.946523666381836,9.233488082885742,,0,False
9HVV,1.12,U6M,22,A,Other,1,pdb,False,True,True,True,True,False,False,True,True,True,False,True,True,True,True,False,True,True,True,True,True,True,True,True,True,True,True,True,True,True,0,1,1,1,2,0,0,1,1,1,0,2,3,5,10,0,1,2,3,3,1,2,2,2,2,7.187493324279785,9.20945644378662,5.136700630187988,7.445587158203125,4.92918872833252,,1,False
9Q01,1.36,A1CRN,28,A,Other,2,cif,False,False,True,True,True,False,False,True,True,True,False,False,True,True,True,True,True,True,True,True,True,True,True,True,True,True,True,True,True,True,0,0,1,4,8,0,0,1,1,1,0,0,3,3,5,1,3,4,7,9,1,1,1,3,7,9.810476303100586,9.372241020202637,8.14545726776123,3.742053985595703,4.384605407714844,,1,False
9I3D,1.68,IP1,24,A,Oxidoreductase,1,cif,False,True,True,True,True,False,False,True,True,True,False,True,True,True,True,False,True,True,True,True,False,False,False,True,True,False,True,True,True,True,0,1,2,5,13,0,0,1,1,2,0,3,4,6,10,0,2,2,2,4,0,0,0,1,4,7.647806167602539,8.356195449829102,7.332786560058594,5.8519392013549805,10.905887603759766,,2,False
9PVT,1.55,NAP,48,A,Oxidoreductase,2,cif,False,True,True,True,True,False,False,False,False,False,False,True,True,True,True,False,True,True,True,True,False,True,True,True,True,False,True,True,True,True,0,1,1,1,1,0,0,0,0,0,0,2,2,4,8,0,3,4,4,5,0,1,1,1,1,7.867979049682617,17.61522674560547,5.415301322937012,6.541083335876465,7.863783359527588,,1,False
11SJ,2.4,A1DAJ,30,A,Nuclear receptor,4,cif,False,False,False,True,True,False,True,True,True,True,False,True,True,True,True,False,False,False,True,True,False,True,True,True,True,False,True,True,True,True,0,0,0,1,7,0,1,1,1,1,0,1,2,5,6,0,0,0,2,3,0,1,3,3,4,11.536989212036133,7.587262153625488,7.213190078735352,11.072916030883787,7.739227771759033,,0,False
28IS,2.121,NAD,44,A,Oxidoreductase,4,cif,False,False,True,True,True,False,False,False,False,False,True,True,True,True,True,False,True,True,True,True,False,True,True,True,True,True,True,True,True,True,0,0,1,2,3,0,0,0,0,0,1,4,6,7,10,0,1,2,3,5,0,1,1,2,2,8.954798698425293,16.223968505859375,3.421436309814453,6.761720657348633,6.847885608673096,,1,False
28IQ,1.513,NAD,44,A,Oxidoreductase,4,cif,False,False,True,True,True,False,False,False,False,False,True,True,True,True,True,False,True,True,True,True,False,True,True,True,True,True,True,True,True,True,0,0,1,2,3,0,0,0,0,0,1,4,6,7,9,0,1,2,3,5,0,1,1,1,2,8.965328216552734,16.240449905395508,3.5516152381896973,6.661859512329102,6.788069725036621,,1,False
13TH,2.2,4HC,12,B,Other,2,pdb,False,False,False,False,True,False,False,False,False,False,False,False,True,True,True,False,True,True,True,True,False,False,False,True,True,False,True,True,True,True,0,0,0,0,1,0,0,0,0,0,0,0,1,2,2,0,1,3,4,6,0,0,0,1,3,14.68882656097412,,9.682918548583984,6.814099788665772,11.45311450958252,,0,False
9Q4E,2.1,NAD,44,A,Oxidoreductase,2,cif,False,False,False,True,True,False,False,True,True,True,True,True,True,True,True,True,True,True,True,True,False,True,True,True,True,True,True,True,True,True,0,0,0,2,4,0,0,1,2,3,1,1,1,2,2,1,2,2,4,6,0,1,2,2,5,10.152081489562988,9.21174430847168,3.267951011657715,3.320137023925781,7.810789585113525,,0,False
9W6B,2.42,HEM,43,A,Oxidoreductase,1,pdb,False,True,True,True,True,True,True,True,True,True,False,False,False,True,True,False,True,True,True,True,False,False,False,False,True,True,True,True,True,True,0,1,2,2,4,1,1,1,1,1,0,0,0,1,4,0,1,2,2,4,0,0,0,0,1,5.709813594818115,2.52167010307312,11.40780258178711,5.678883075714111,14.50059700012207,,2,False
13TP,1.55,3BZ,10,B,Other,2,pdb,False,False,False,False,True,False,False,False,False,False,False,False,False,True,True,False,True,True,True,True,False,False,False,True,True,False,True,True,True,True,0,0,0,0,1,0,0,0,0,0,0,0,0,2,2,0,2,3,5,6,0,0,0,2,3,14.201186180114746,,10.04267120361328,7.712072849273682,10.257418632507324,,0,False
9TB0,2.76,GDP,28,C,Transferase(other),4,pdb,False,False,False,False,True,False,False,True,True,True,False,False,True,True,True,True,True,True,True,True,True,True,True,True,True,True,True,True,True,True,0,0,0,0,1,0,0,1,2,2,0,0,1,1,1,1,2,4,5,8,1,2,3,3,3,12.35841464996338,9.769383430480955,8.468413352966309,3.1957015991210938,4.04802942276001,,0,False
9X7Q,1.6,FAD,53,A,Oxidoreductase,1,pdb,False,False,False,True,True,False,False,False,True,True,False,True,True,True,True,False,True,True,True,True,True,True,True,True,True,True,True,True,True,True,0,0,0,3,4,0,0,0,1,2,0,1,2,3,5,0,1,3,5,7,1,1,1,2,4,10.144224166870115,10.475075721740724,6.6335930824279785,6.278517723083496,2.6968252658843994,,0,False
9SAX,2.83,LQ1,53,A,Other,4,pdb,False,False,False,False,True,False,False,False,False,False,False,True,True,True,True,False,False,False,False,True,False,False,True,True,True,False,True,True,True,True,0,0,0,0,2,0,0,0,0,0,0,1,1,1,4,0,0,0,0,5,0,0,3,5,10,13.905912399291992,16.75284767150879,5.240947246551514,12.481945991516112,8.064045906066895,,0,False
14ZB,2.049,A1DO9,17,B,Other,2,cif,False,False,False,False,False,False,False,False,False,False,True,True,True,True,True,False,False,True,True,True,False,False,False,True,True,True,True,True,True,True,0,0,0,0,0,0,0,0,0,0,1,2,3,4,7,0,0,1,1,1,0,0,0,1,1,17.201671600341797,24.11461639404297,4.6098809242248535,8.341545104980469,10.758615493774414,,0,False
36JE,2.1,A1DLP,27,A,Kinase,1,cif,False,True,True,True,True,False,False,False,False,False,False,False,True,True,True,False,False,False,False,True,False,True,True,True,True,False,True,True,True,True,0,1,2,2,6,0,0,0,0,0,0,0,1,2,2,0,0,0,0,2,0,1,2,4,6,7.161766052246094,15.603108406066896,8.18687629699707,13.620572090148926,6.770137310028076,,2,False
14ZT,1.96,UR7,13,A,Other,2,pdb,False,False,False,False,False,False,False,False,False,True,False,True,True,True,True,False,True,True,True,True,False,False,True,True,True,False,True,True,True,True,0,0,0,0,0,0,0,0,0,1,0,1,1,1,3,0,1,2,2,5,0,0,1,1,1,20.521270751953125,12.697412490844728,7.388488292694092,7.306359767913818,8.494290351867676,,0,False
9Y7R,2.13,NDP,48,B,Oxidoreductase,2,cif,False,True,True,True,True,False,False,False,False,False,True,True,True,True,True,True,True,True,True,True,True,True,True,True,True,True,True,True,True,True,0,1,1,1,2,0,0,0,0,0,1,1,2,4,6,1,2,2,2,2,1,1,1,2,3,6.6261372566223145,,4.3652191162109375,4.168588161468506,4.427206993103027,,1,False
13EA,1.74,NAP,48,A,Oxidoreductase,1,cif,False,False,False,False,True,False,True,True,True,True,False,False,False,True,True,True,True,True,True,True,False,False,False,True,True,True,True,True,True,True,0,0,0,0,1,0,1,1,1,1,0,0,0,3,4,1,3,4,9,10,0,0,0,1,1,14.658323287963867,7.9808030128479,10.882189750671388,3.677119493484497,10.881705284118652,,0,False
12VD,1.22,CIZ,9,A,Antibody/Immune,2,pdb,True,True,True,True,True,False,False,False,False,False,False,True,True,True,True,False,True,True,True,True,True,True,True,True,True,True,True,True,True,True,1,1,1,1,2,0,0,0,0,0,0,1,1,6,7,0,2,3,4,7,1,2,2,3,5,3.864768266677856,15.972524642944336,6.94992733001709,5.7808942794799805,3.796717643737793,,1,False
9Y3M,1.73,A1CR8,25,B,Transferase(other),3,cif,False,True,True,True,True,False,False,False,False,True,False,True,True,True,True,True,True,True,True,True,True,True,True,True,True,True,True,True,True,True,0,3,3,3,6,0,0,0,0,1,0,1,5,7,12,1,2,4,5,14,1,1,1,2,3,6.54905891418457,14.367630004882812,6.085961818695068,3.829583168029785,3.647353172302246,,3,False
